hotel_id,hotel_source,hotel_name,room_name,bed_type,bed_category,room_category,available_rooms,base_price_usd,tax_price_usd,total_price_usd,room_facilities,checkin,checkout,hotel_url
AGODA_1,agoda,Econo Lodge Mount Laurel - Philadelphia East,"1 King Bed, Nonsmoking",king bed,King,Normal,5,6201,0,6201,"['Wi-Fi [free]', 'Room size: 26 m²/280 ft²', '1 king bed', 'Private bathroom', 'Air conditioning', 'Refrigerator', 'Hair dryer', 'Shower']",2025-11-13,2025-11-14,https://www.agoda.com/econo-lodge_2/hotel/mount-laurel-nj-us.html?countryId=181&finalPriceView=1&isShowMobileAppPrice=false&cid=-1&numberOfBedrooms=&familyMode=false&adults=2&children=0&rooms=1&maxRooms=0&checkIn=2025-11-1&isCalendarCallout=false&childAges=&numberOfGuest=0&missingChildAges=false&travellerType=1&showReviewSubmissionEntry=false&currencyCode=INR&isFreeOccSearch=false&los=4&searchrequestid=054e8861-9dbe-4d30-a873-69fffa1fe3d6&ds=CH3TEme3dqOaFa9f
AGODA_1,agoda,Econo Lodge Mount Laurel - Philadelphia East,"2 Queen Beds, Nonsmoking",queen beds,Queen,Normal,5,7029,0,7029,"['Wi-Fi [free]', 'Room size: 26 m²/280 ft²', '2 queen beds', 'Exterior corridor', 'Private bathroom', 'Air conditioning', 'Refrigerator', 'Hair dryer', 'Shower']",2025-11-13,2025-11-14,https://www.agoda.com/econo-lodge_2/hotel/mount-laurel-nj-us.html?countryId=181&finalPriceView=1&isShowMobileAppPrice=false&cid=-1&numberOfBedrooms=&familyMode=false&adults=2&children=0&rooms=1&maxRooms=0&checkIn=2025-11-1&isCalendarCallout=false&childAges=&numberOfGuest=0&missingChildAges=false&travellerType=1&showReviewSubmissionEntry=false&currencyCode=INR&isFreeOccSearch=false&los=4&searchrequestid=054e8861-9dbe-4d30-a873-69fffa1fe3d6&ds=CH3TEme3dqOaFa9f
AGODA_1,agoda,Econo Lodge Mount Laurel - Philadelphia East,"1 King Bed, Nonsmoking",king bed,King,Normal,5,6637,0,6637,"['Wi-Fi [free]', 'Room size: 26 m²/280 ft²', '1 king bed', 'Private bathroom', 'Air conditioning', 'Refrigerator', 'Hair dryer', 'Shower']",2025-11-16,2025-11-17,https://www.agoda.com/econo-lodge_2/hotel/mount-laurel-nj-us.html?countryId=181&finalPriceView=1&isShowMobileAppPrice=false&cid=-1&numberOfBedrooms=&familyMode=false&adults=2&children=0&rooms=1&maxRooms=0&checkIn=2025-11-1&isCalendarCallout=false&childAges=&numberOfGuest=0&missingChildAges=false&travellerType=1&showReviewSubmissionEntry=false&currencyCode=INR&isFreeOccSearch=false&los=4&searchrequestid=054e8861-9dbe-4d30-a873-69fffa1fe3d6&ds=CH3TEme3dqOaFa9f
AGODA_1,agoda,Econo Lodge Mount Laurel - Philadelphia East,"2 Queen Beds, Nonsmoking",queen beds,Queen,Normal,5,7357,0,7357,"['Wi-Fi [free]', 'Room size: 26 m²/280 ft²', '2 queen beds', 'Exterior corridor', 'Private bathroom', 'Air conditioning', 'Refrigerator', 'Hair dryer', 'Shower']",2025-11-16,2025-11-17,https://www.agoda.com/econo-lodge_2/hotel/mount-laurel-nj-us.html?countryId=181&finalPriceView=1&isShowMobileAppPrice=false&cid=-1&numberOfBedrooms=&familyMode=false&adults=2&children=0&rooms=1&maxRooms=0&checkIn=2025-11-1&isCalendarCallout=false&childAges=&numberOfGuest=0&missingChildAges=false&travellerType=1&showReviewSubmissionEntry=false&currencyCode=INR&isFreeOccSearch=false&los=4&searchrequestid=054e8861-9dbe-4d30-a873-69fffa1fe3d6&ds=CH3TEme3dqOaFa9f
AGODA_1,agoda,Econo Lodge Mount Laurel - Philadelphia East,"1 King Bed, Nonsmoking",king bed,King,Normal,5,6637,0,6637,"['Wi-Fi [free]', 'Room size: 26 m²/280 ft²', '1 king bed', 'Private bathroom', 'Air conditioning', 'Refrigerator', 'Hair dryer', 'Shower']",2025-11-20,2025-11-21,https://www.agoda.com/econo-lodge_2/hotel/mount-laurel-nj-us.html?countryId=181&finalPriceView=1&isShowMobileAppPrice=false&cid=-1&numberOfBedrooms=&familyMode=false&adults=2&children=0&rooms=1&maxRooms=0&checkIn=2025-11-1&isCalendarCallout=false&childAges=&numberOfGuest=0&missingChildAges=false&travellerType=1&showReviewSubmissionEntry=false&currencyCode=INR&isFreeOccSearch=false&los=4&searchrequestid=054e8861-9dbe-4d30-a873-69fffa1fe3d6&ds=CH3TEme3dqOaFa9f
AGODA_1,agoda,Econo Lodge Mount Laurel - Philadelphia East,"2 Queen Beds, Nonsmoking",queen beds,Queen,Normal,5,7357,0,7357,"['Wi-Fi [free]', 'Room size: 26 m²/280 ft²', '2 queen beds', 'Exterior corridor', 'Private bathroom', 'Air conditioning', 'Refrigerator', 'Hair dryer', 'Shower']",2025-11-20,2025-11-21,https://www.agoda.com/econo-lodge_2/hotel/mount-laurel-nj-us.html?countryId=181&finalPriceView=1&isShowMobileAppPrice=false&cid=-1&numberOfBedrooms=&familyMode=false&adults=2&children=0&rooms=1&maxRooms=0&checkIn=2025-11-1&isCalendarCallout=false&childAges=&numberOfGuest=0&missingChildAges=false&travellerType=1&showReviewSubmissionEntry=false&currencyCode=INR&isFreeOccSearch=false&los=4&searchrequestid=054e8861-9dbe-4d30-a873-69fffa1fe3d6&ds=CH3TEme3dqOaFa9f
AGODA_1,agoda,Econo Lodge Mount Laurel - Philadelphia East,"1 King Bed, Nonsmoking",king bed,King,Normal,5,7229,0,7229,"['Wi-Fi [free]', 'Room size: 26 m²/280 ft²', '1 king bed', 'Private bathroom', 'Air conditioning', 'Refrigerator', 'Hair dryer', 'Shower']",2025-11-21,2025-11-22,https://www.agoda.com/econo-lodge_2/hotel/mount-laurel-nj-us.html?countryId=181&finalPriceView=1&isShowMobileAppPrice=false&cid=-1&numberOfBedrooms=&familyMode=false&adults=2&children=0&rooms=1&maxRooms=0&checkIn=2025-11-1&isCalendarCallout=false&childAges=&numberOfGuest=0&missingChildAges=false&travellerType=1&showReviewSubmissionEntry=false&currencyCode=INR&isFreeOccSearch=false&los=4&searchrequestid=054e8861-9dbe-4d30-a873-69fffa1fe3d6&ds=CH3TEme3dqOaFa9f
AGODA_1,agoda,Econo Lodge Mount Laurel - Philadelphia East,"2 Queen Beds, Nonsmoking",queen beds,Queen,Normal,5,8167,0,8167,"['Wi-Fi [free]', 'Room size: 26 m²/280 ft²', '2 queen beds', 'Exterior corridor', 'Private bathroom', 'Air conditioning', 'Refrigerator', 'Hair dryer', 'Shower']",2025-11-21,2025-11-22,https://www.agoda.com/econo-lodge_2/hotel/mount-laurel-nj-us.html?countryId=181&finalPriceView=1&isShowMobileAppPrice=false&cid=-1&numberOfBedrooms=&familyMode=false&adults=2&children=0&rooms=1&maxRooms=0&checkIn=2025-11-1&isCalendarCallout=false&childAges=&numberOfGuest=0&missingChildAges=false&travellerType=1&showReviewSubmissionEntry=false&currencyCode=INR&isFreeOccSearch=false&los=4&searchrequestid=054e8861-9dbe-4d30-a873-69fffa1fe3d6&ds=CH3TEme3dqOaFa9f
AGODA_1,agoda,Econo Lodge Mount Laurel - Philadelphia East,"1 King Bed, Nonsmoking",king bed,King,Normal,5,7516,0,7516,"['Wi-Fi [free]', 'Room size: 26 m²/280 ft²', '1 king bed', 'Private bathroom', 'Air conditioning', 'Refrigerator', 'Hair dryer', 'Shower']",2025-11-22,2025-11-23,https://www.agoda.com/econo-lodge_2/hotel/mount-laurel-nj-us.html?countryId=181&finalPriceView=1&isShowMobileAppPrice=false&cid=-1&numberOfBedrooms=&familyMode=false&adults=2&children=0&rooms=1&maxRooms=0&checkIn=2025-11-1&isCalendarCallout=false&childAges=&numberOfGuest=0&missingChildAges=false&travellerType=1&showReviewSubmissionEntry=false&currencyCode=INR&isFreeOccSearch=false&los=4&searchrequestid=054e8861-9dbe-4d30-a873-69fffa1fe3d6&ds=CH3TEme3dqOaFa9f
AGODA_1,agoda,Econo Lodge Mount Laurel - Philadelphia East,"2 Queen Beds, Nonsmoking",queen beds,Queen,Normal,5,8177,0,8177,"['Wi-Fi [free]', 'Room size: 26 m²/280 ft²', '2 queen beds', 'Exterior corridor', 'Private bathroom', 'Air conditioning', 'Refrigerator', 'Hair dryer', 'Shower']",2025-11-22,2025-11-23,https://www.agoda.com/econo-lodge_2/hotel/mount-laurel-nj-us.html?countryId=181&finalPriceView=1&isShowMobileAppPrice=false&cid=-1&numberOfBedrooms=&familyMode=false&adults=2&children=0&rooms=1&maxRooms=0&checkIn=2025-11-1&isCalendarCallout=false&childAges=&numberOfGuest=0&missingChildAges=false&travellerType=1&showReviewSubmissionEntry=false&currencyCode=INR&isFreeOccSearch=false&los=4&searchrequestid=054e8861-9dbe-4d30-a873-69fffa1fe3d6&ds=CH3TEme3dqOaFa9f
AGODA_2,agoda,Quality Inn New London,"1 King Bed, Nonsmoking",king bed,King,Normal,5,4563,0,4563,"['Wi-Fi [free]', 'Room size: 28 m²/301 ft²', 'Street view', '1 king bed', 'Bathtub', 'Window', 'Sleep comfort items', 'Ground floor available', 'Non-smoking', 'Shared bathroom']",2025-11-12,2025-11-13,https://www.agoda.com/americas-best-value-inn-new-london_4/hotel/new-london-wi-us.html?countryId=181&finalPriceView=1&isShowMobileAppPrice=false&cid=-1&numberOfBedrooms=&familyMode=false&adults=2&children=0&rooms=1&maxRooms=0&checkIn=2025-11-1&isCalendarCallout=false&childAges=&numberOfGuest=0&missingChildAges=false&travellerType=1&showReviewSubmissionEntry=false&currencyCode=INR&isFreeOccSearch=false&tspTypes=8&los=4&searchrequestid=88693a4b-7fef-4a69-9b08-650154e6aa7b&ds=CH3TEme3dqOaFa9f
AGODA_2,agoda,Quality Inn New London,"2 Queen Beds, Nonsmoking",queen beds,Queen,Normal,5,4859,0,4859,"['Wi-Fi [free]', 'Room size: 42 m²/452 ft²', 'Street view', '2 queen beds', 'Bathtub', 'Window', 'Sleep comfort items', 'Ground floor available', 'Non-smoking', 'Shared bathroom']",2025-11-12,2025-11-13,https://www.agoda.com/americas-best-value-inn-new-london_4/hotel/new-london-wi-us.html?countryId=181&finalPriceView=1&isShowMobileAppPrice=false&cid=-1&numberOfBedrooms=&familyMode=false&adults=2&children=0&rooms=1&maxRooms=0&checkIn=2025-11-1&isCalendarCallout=false&childAges=&numberOfGuest=0&missingChildAges=false&travellerType=1&showReviewSubmissionEntry=false&currencyCode=INR&isFreeOccSearch=false&tspTypes=8&los=4&searchrequestid=88693a4b-7fef-4a69-9b08-650154e6aa7b&ds=CH3TEme3dqOaFa9f
AGODA_2,agoda,Quality Inn New London,"1 King Bed, Nonsmoking",king bed,King,Normal,5,4859,0,4859,"['Wi-Fi [free]', 'Room size: 28 m²/301 ft²', 'Street view', '1 king bed', 'Bathtub', 'Window', 'Sleep comfort items', 'Non-smoking', 'Shared bathroom', 'Closet']",2025-11-12,2025-11-13,https://www.agoda.com/americas-best-value-inn-new-london_4/hotel/new-london-wi-us.html?countryId=181&finalPriceView=1&isShowMobileAppPrice=false&cid=-1&numberOfBedrooms=&familyMode=false&adults=2&children=0&rooms=1&maxRooms=0&checkIn=2025-11-1&isCalendarCallout=false&childAges=&numberOfGuest=0&missingChildAges=false&travellerType=1&showReviewSubmissionEntry=false&currencyCode=INR&isFreeOccSearch=false&tspTypes=8&los=4&searchrequestid=88693a4b-7fef-4a69-9b08-650154e6aa7b&ds=CH3TEme3dqOaFa9f
AGODA_2,agoda,Quality Inn New London,"2 Queen Beds, Nonsmoking",queen beds,Queen,Normal,5,4859,0,4859,"['Wi-Fi [free]', 'Room size: 28 m²/301 ft²', 'Street view', '2 queen beds', 'Bathtub', 'Window', 'Sleep comfort items', 'Ground floor available', 'Non-smoking', 'Shared bathroom']",2025-11-12,2025-11-13,https://www.agoda.com/americas-best-value-inn-new-london_4/hotel/new-london-wi-us.html?countryId=181&finalPriceView=1&isShowMobileAppPrice=false&cid=-1&numberOfBedrooms=&familyMode=false&adults=2&children=0&rooms=1&maxRooms=0&checkIn=2025-11-1&isCalendarCallout=false&childAges=&numberOfGuest=0&missingChildAges=false&travellerType=1&showReviewSubmissionEntry=false&currencyCode=INR&isFreeOccSearch=false&tspTypes=8&los=4&searchrequestid=88693a4b-7fef-4a69-9b08-650154e6aa7b&ds=CH3TEme3dqOaFa9f
AGODA_2,agoda,Quality Inn New London,"2 Queen Beds, Nonsmoking",queen beds,Queen,Normal,5,5149,0,5149,"['Wi-Fi [free]', 'Room size: 42 m²/452 ft²', 'Street view', '2 queen beds', 'Bathtub', 'Window', 'Sleep comfort items', 'Ground floor available', 'Non-smoking', 'Shared bathroom']",2025-11-12,2025-11-13,https://www.agoda.com/americas-best-value-inn-new-london_4/hotel/new-london-wi-us.html?countryId=181&finalPriceView=1&isShowMobileAppPrice=false&cid=-1&numberOfBedrooms=&familyMode=false&adults=2&children=0&rooms=1&maxRooms=0&checkIn=2025-11-1&isCalendarCallout=false&childAges=&numberOfGuest=0&missingChildAges=false&travellerType=1&showReviewSubmissionEntry=false&currencyCode=INR&isFreeOccSearch=false&tspTypes=8&los=4&searchrequestid=88693a4b-7fef-4a69-9b08-650154e6aa7b&ds=CH3TEme3dqOaFa9f
AGODA_2,agoda,Quality Inn New London,"1 Queen Bed, Suite, Nonsmoking",queen bed,Queen,Suite,5,7467,0,7467,"['Wi-Fi [free]', 'Room size: 42 m²/452 ft²', 'Street view', '1 queen bed', 'Whirlpool bathtub', 'Window', 'Sleep comfort items', 'Non-smoking', 'Shared bathroom', 'Closet']",2025-11-12,2025-11-13,https://www.agoda.com/americas-best-value-inn-new-london_4/hotel/new-london-wi-us.html?countryId=181&finalPriceView=1&isShowMobileAppPrice=false&cid=-1&numberOfBedrooms=&familyMode=false&adults=2&children=0&rooms=1&maxRooms=0&checkIn=2025-11-1&isCalendarCallout=false&childAges=&numberOfGuest=0&missingChildAges=false&travellerType=1&showReviewSubmissionEntry=false&currencyCode=INR&isFreeOccSearch=false&tspTypes=8&los=4&searchrequestid=88693a4b-7fef-4a69-9b08-650154e6aa7b&ds=CH3TEme3dqOaFa9f
AGODA_2,agoda,Quality Inn New London,"1 King Bed, Suite, Nonsmoking",king bedS,King,Suite,0,10110,0,10110,"['Wi-Fi [free]', 'Room size: 42 m²/452 ft²', 'Street view', '1 king bed', 'Separate shower/bathtub', 'Window', 'Blackout curtains', 'Top floor available', 'Non-smoking', 'Shared bathroom']",2025-11-12,2025-11-13,https://www.agoda.com/americas-best-value-inn-new-london_4/hotel/new-london-wi-us.html?countryId=181&finalPriceView=1&isShowMobileAppPrice=false&cid=-1&numberOfBedrooms=&familyMode=false&adults=2&children=0&rooms=1&maxRooms=0&checkIn=2025-11-1&isCalendarCallout=false&childAges=&numberOfGuest=0&missingChildAges=false&travellerType=1&showReviewSubmissionEntry=false&currencyCode=INR&isFreeOccSearch=false&tspTypes=8&los=4&searchrequestid=88693a4b-7fef-4a69-9b08-650154e6aa7b&ds=CH3TEme3dqOaFa9f
AGODA_2,agoda,Quality Inn New London,"1 King Bed, Nonsmoking",king bed,King,Normal,5,4626,0,4626,"['Wi-Fi [free]', 'Room size: 28 m²/301 ft²', 'Street view', '1 king bed', 'Bathtub', 'Window', 'Sleep comfort items', 'Ground floor available', 'Non-smoking', 'Shared bathroom']",2025-11-13,2025-11-14,https://www.agoda.com/americas-best-value-inn-new-london_4/hotel/new-london-wi-us.html?countryId=181&finalPriceView=1&isShowMobileAppPrice=false&cid=-1&numberOfBedrooms=&familyMode=false&adults=2&children=0&rooms=1&maxRooms=0&checkIn=2025-11-1&isCalendarCallout=false&childAges=&numberOfGuest=0&missingChildAges=false&travellerType=1&showReviewSubmissionEntry=false&currencyCode=INR&isFreeOccSearch=false&tspTypes=8&los=4&searchrequestid=88693a4b-7fef-4a69-9b08-650154e6aa7b&ds=CH3TEme3dqOaFa9f
AGODA_2,agoda,Quality Inn New London,"2 Queen Beds, Nonsmoking",queen beds,Queen,Normal,5,4913,0,4913,"['Wi-Fi [free]', 'Room size: 42 m²/452 ft²', 'Street view', '2 queen beds', 'Bathtub', 'Window', 'Sleep comfort items', 'Ground floor available', 'Non-smoking', 'Shared bathroom']",2025-11-13,2025-11-14,https://www.agoda.com/americas-best-value-inn-new-london_4/hotel/new-london-wi-us.html?countryId=181&finalPriceView=1&isShowMobileAppPrice=false&cid=-1&numberOfBedrooms=&familyMode=false&adults=2&children=0&rooms=1&maxRooms=0&checkIn=2025-11-1&isCalendarCallout=false&childAges=&numberOfGuest=0&missingChildAges=false&travellerType=1&showReviewSubmissionEntry=false&currencyCode=INR&isFreeOccSearch=false&tspTypes=8&los=4&searchrequestid=88693a4b-7fef-4a69-9b08-650154e6aa7b&ds=CH3TEme3dqOaFa9f
AGODA_2,agoda,Quality Inn New London,"1 King Bed, Nonsmoking",king bed,King,Normal,5,4913,0,4913,"['Wi-Fi [free]', 'Room size: 28 m²/301 ft²', 'Street view', '1 king bed', 'Bathtub', 'Window', 'Sleep comfort items', 'Non-smoking', 'Shared bathroom', 'Closet']",2025-11-13,2025-11-14,https://www.agoda.com/americas-best-value-inn-new-london_4/hotel/new-london-wi-us.html?countryId=181&finalPriceView=1&isShowMobileAppPrice=false&cid=-1&numberOfBedrooms=&familyMode=false&adults=2&children=0&rooms=1&maxRooms=0&checkIn=2025-11-1&isCalendarCallout=false&childAges=&numberOfGuest=0&missingChildAges=false&travellerType=1&showReviewSubmissionEntry=false&currencyCode=INR&isFreeOccSearch=false&tspTypes=8&los=4&searchrequestid=88693a4b-7fef-4a69-9b08-650154e6aa7b&ds=CH3TEme3dqOaFa9f
AGODA_2,agoda,Quality Inn New London,"2 Queen Beds, Nonsmoking",queen beds,Queen,Normal,5,4913,0,4913,"['Wi-Fi [free]', 'Room size: 28 m²/301 ft²', 'Street view', '2 queen beds', 'Bathtub', 'Window', 'Sleep comfort items', 'Ground floor available', 'Non-smoking', 'Shared bathroom']",2025-11-13,2025-11-14,https://www.agoda.com/americas-best-value-inn-new-london_4/hotel/new-london-wi-us.html?countryId=181&finalPriceView=1&isShowMobileAppPrice=false&cid=-1&numberOfBedrooms=&familyMode=false&adults=2&children=0&rooms=1&maxRooms=0&checkIn=2025-11-1&isCalendarCallout=false&childAges=&numberOfGuest=0&missingChildAges=false&travellerType=1&showReviewSubmissionEntry=false&currencyCode=INR&isFreeOccSearch=false&tspTypes=8&los=4&searchrequestid=88693a4b-7fef-4a69-9b08-650154e6aa7b&ds=CH3TEme3dqOaFa9f
AGODA_2,agoda,Quality Inn New London,"2 Queen Beds, Nonsmoking",queen beds,Queen,Normal,5,5201,0,5201,"['Wi-Fi [free]', 'Room size: 42 m²/452 ft²', 'Street view', '2 queen beds', 'Bathtub', 'Window', 'Sleep comfort items', 'Ground floor available', 'Non-smoking', 'Shared bathroom']",2025-11-13,2025-11-14,https://www.agoda.com/americas-best-value-inn-new-london_4/hotel/new-london-wi-us.html?countryId=181&finalPriceView=1&isShowMobileAppPrice=false&cid=-1&numberOfBedrooms=&familyMode=false&adults=2&children=0&rooms=1&maxRooms=0&checkIn=2025-11-1&isCalendarCallout=false&childAges=&numberOfGuest=0&missingChildAges=false&travellerType=1&showReviewSubmissionEntry=false&currencyCode=INR&isFreeOccSearch=false&tspTypes=8&los=4&searchrequestid=88693a4b-7fef-4a69-9b08-650154e6aa7b&ds=CH3TEme3dqOaFa9f
AGODA_2,agoda,Quality Inn New London,"1 Queen Bed, Suite, Nonsmoking",queen bed,Queen,Suite,5,7517,0,7517,"['Wi-Fi [free]', 'Room size: 42 m²/452 ft²', 'Street view', '1 queen bed', 'Whirlpool bathtub', 'Window', 'Sleep comfort items', 'Non-smoking', 'Shared bathroom', 'Closet']",2025-11-13,2025-11-14,https://www.agoda.com/americas-best-value-inn-new-london_4/hotel/new-london-wi-us.html?countryId=181&finalPriceView=1&isShowMobileAppPrice=false&cid=-1&numberOfBedrooms=&familyMode=false&adults=2&children=0&rooms=1&maxRooms=0&checkIn=2025-11-1&isCalendarCallout=false&childAges=&numberOfGuest=0&missingChildAges=false&travellerType=1&showReviewSubmissionEntry=false&currencyCode=INR&isFreeOccSearch=false&tspTypes=8&los=4&searchrequestid=88693a4b-7fef-4a69-9b08-650154e6aa7b&ds=CH3TEme3dqOaFa9f
AGODA_2,agoda,Quality Inn New London,"1 King Bed, Suite, Nonsmoking",king bedS,King,Suite,0,10186,0,10186,"['Wi-Fi [free]', 'Room size: 42 m²/452 ft²', 'Street view', '1 king bed', 'Separate shower/bathtub', 'Window', 'Blackout curtains', 'Top floor available', 'Non-smoking', 'Shared bathroom']",2025-11-13,2025-11-14,https://www.agoda.com/americas-best-value-inn-new-london_4/hotel/new-london-wi-us.html?countryId=181&finalPriceView=1&isShowMobileAppPrice=false&cid=-1&numberOfBedrooms=&familyMode=false&adults=2&children=0&rooms=1&maxRooms=0&checkIn=2025-11-1&isCalendarCallout=false&childAges=&numberOfGuest=0&missingChildAges=false&travellerType=1&showReviewSubmissionEntry=false&currencyCode=INR&isFreeOccSearch=false&tspTypes=8&los=4&searchrequestid=88693a4b-7fef-4a69-9b08-650154e6aa7b&ds=CH3TEme3dqOaFa9f
AGODA_2,agoda,Quality Inn New London,"1 King Bed, Nonsmoking",king bed,King,Normal,5,5725,0,5725,"['Wi-Fi [free]', 'Room size: 28 m²/301 ft²', 'Street view', '1 king bed', 'Bathtub', 'Window', 'Sleep comfort items', 'Ground floor available', 'Non-smoking', 'Shared bathroom']",2025-11-15,2025-11-16,https://www.agoda.com/americas-best-value-inn-new-london_4/hotel/new-london-wi-us.html?countryId=181&finalPriceView=1&isShowMobileAppPrice=false&cid=-1&numberOfBedrooms=&familyMode=false&adults=2&children=0&rooms=1&maxRooms=0&checkIn=2025-11-1&isCalendarCallout=false&childAges=&numberOfGuest=0&missingChildAges=false&travellerType=1&showReviewSubmissionEntry=false&currencyCode=INR&isFreeOccSearch=false&tspTypes=8&los=4&searchrequestid=88693a4b-7fef-4a69-9b08-650154e6aa7b&ds=CH3TEme3dqOaFa9f
AGODA_2,agoda,Quality Inn New London,"2 Queen Beds, Nonsmoking",queen beds,Queen,Normal,5,6303,0,6303,"['Wi-Fi [free]', 'Room size: 42 m²/452 ft²', 'Street view', '2 queen beds', 'Bathtub', 'Window', 'Sleep comfort items', 'Ground floor available', 'Non-smoking', 'Shared bathroom']",2025-11-15,2025-11-16,https://www.agoda.com/americas-best-value-inn-new-london_4/hotel/new-london-wi-us.html?countryId=181&finalPriceView=1&isShowMobileAppPrice=false&cid=-1&numberOfBedrooms=&familyMode=false&adults=2&children=0&rooms=1&maxRooms=0&checkIn=2025-11-1&isCalendarCallout=false&childAges=&numberOfGuest=0&missingChildAges=false&travellerType=1&showReviewSubmissionEntry=false&currencyCode=INR&isFreeOccSearch=false&tspTypes=8&los=4&searchrequestid=88693a4b-7fef-4a69-9b08-650154e6aa7b&ds=CH3TEme3dqOaFa9f
AGODA_2,agoda,Quality Inn New London,"1 King Bed, Nonsmoking",king bed,King,Normal,5,6303,0,6303,"['Wi-Fi [free]', 'Room size: 28 m²/301 ft²', 'Street view', '1 king bed', 'Bathtub', 'Window', 'Sleep comfort items', 'Non-smoking', 'Shared bathroom', 'Closet']",2025-11-15,2025-11-16,https://www.agoda.com/americas-best-value-inn-new-london_4/hotel/new-london-wi-us.html?countryId=181&finalPriceView=1&isShowMobileAppPrice=false&cid=-1&numberOfBedrooms=&familyMode=false&adults=2&children=0&rooms=1&maxRooms=0&checkIn=2025-11-1&isCalendarCallout=false&childAges=&numberOfGuest=0&missingChildAges=false&travellerType=1&showReviewSubmissionEntry=false&currencyCode=INR&isFreeOccSearch=false&tspTypes=8&los=4&searchrequestid=88693a4b-7fef-4a69-9b08-650154e6aa7b&ds=CH3TEme3dqOaFa9f
AGODA_2,agoda,Quality Inn New London,"2 Queen Beds, Nonsmoking",queen beds,Queen,Normal,5,6303,0,6303,"['Wi-Fi [free]', 'Room size: 28 m²/301 ft²', 'Street view', '2 queen beds', 'Bathtub', 'Window', 'Sleep comfort items', 'Ground floor available', 'Non-smoking', 'Shared bathroom']",2025-11-15,2025-11-16,https://www.agoda.com/americas-best-value-inn-new-london_4/hotel/new-london-wi-us.html?countryId=181&finalPriceView=1&isShowMobileAppPrice=false&cid=-1&numberOfBedrooms=&familyMode=false&adults=2&children=0&rooms=1&maxRooms=0&checkIn=2025-11-1&isCalendarCallout=false&childAges=&numberOfGuest=0&missingChildAges=false&travellerType=1&showReviewSubmissionEntry=false&currencyCode=INR&isFreeOccSearch=false&tspTypes=8&los=4&searchrequestid=88693a4b-7fef-4a69-9b08-650154e6aa7b&ds=CH3TEme3dqOaFa9f
AGODA_2,agoda,Quality Inn New London,"2 Queen Beds, Nonsmoking",queen beds,Queen,Normal,5,6591,0,6591,"['Wi-Fi [free]', 'Room size: 42 m²/452 ft²', 'Street view', '2 queen beds', 'Bathtub', 'Window', 'Sleep comfort items', 'Ground floor available', 'Non-smoking', 'Shared bathroom']",2025-11-15,2025-11-16,https://www.agoda.com/americas-best-value-inn-new-london_4/hotel/new-london-wi-us.html?countryId=181&finalPriceView=1&isShowMobileAppPrice=false&cid=-1&numberOfBedrooms=&familyMode=false&adults=2&children=0&rooms=1&maxRooms=0&checkIn=2025-11-1&isCalendarCallout=false&childAges=&numberOfGuest=0&missingChildAges=false&travellerType=1&showReviewSubmissionEntry=false&currencyCode=INR&isFreeOccSearch=false&tspTypes=8&los=4&searchrequestid=88693a4b-7fef-4a69-9b08-650154e6aa7b&ds=CH3TEme3dqOaFa9f
AGODA_2,agoda,Quality Inn New London,"1 Queen Bed, Suite, Nonsmoking",queen bed,Queen,Suite,5,9204,0,9204,"['Wi-Fi [free]', 'Room size: 42 m²/452 ft²', 'Street view', '1 queen bed', 'Whirlpool bathtub', 'Window', 'Sleep comfort items', 'Non-smoking', 'Shared bathroom', 'Closet']",2025-11-15,2025-11-16,https://www.agoda.com/americas-best-value-inn-new-london_4/hotel/new-london-wi-us.html?countryId=181&finalPriceView=1&isShowMobileAppPrice=false&cid=-1&numberOfBedrooms=&familyMode=false&adults=2&children=0&rooms=1&maxRooms=0&checkIn=2025-11-1&isCalendarCallout=false&childAges=&numberOfGuest=0&missingChildAges=false&travellerType=1&showReviewSubmissionEntry=false&currencyCode=INR&isFreeOccSearch=false&tspTypes=8&los=4&searchrequestid=88693a4b-7fef-4a69-9b08-650154e6aa7b&ds=CH3TEme3dqOaFa9f
AGODA_2,agoda,Quality Inn New London,"1 King Bed, Suite, Nonsmoking",king bedS,King,Suite,0,12374,0,12374,"['Wi-Fi [free]', 'Room size: 42 m²/452 ft²', 'Street view', '1 king bed', 'Separate shower/bathtub', 'Window', 'Blackout curtains', 'Top floor available', 'Non-smoking', 'Shared bathroom']",2025-11-15,2025-11-16,https://www.agoda.com/americas-best-value-inn-new-london_4/hotel/new-london-wi-us.html?countryId=181&finalPriceView=1&isShowMobileAppPrice=false&cid=-1&numberOfBedrooms=&familyMode=false&adults=2&children=0&rooms=1&maxRooms=0&checkIn=2025-11-1&isCalendarCallout=false&childAges=&numberOfGuest=0&missingChildAges=false&travellerType=1&showReviewSubmissionEntry=false&currencyCode=INR&isFreeOccSearch=false&tspTypes=8&los=4&searchrequestid=88693a4b-7fef-4a69-9b08-650154e6aa7b&ds=CH3TEme3dqOaFa9f
AGODA_2,agoda,Quality Inn New London,"1 King Bed, Nonsmoking",king bed,King,Normal,5,4563,0,4563,"['Wi-Fi [free]', 'Room size: 28 m²/301 ft²', 'Street view', '1 king bed', 'Bathtub', 'Window', 'Sleep comfort items', 'Ground floor available', 'Non-smoking', 'Shared bathroom']",2025-11-16,2025-11-17,https://www.agoda.com/americas-best-value-inn-new-london_4/hotel/new-london-wi-us.html?countryId=181&finalPriceView=1&isShowMobileAppPrice=false&cid=-1&numberOfBedrooms=&familyMode=false&adults=2&children=0&rooms=1&maxRooms=0&checkIn=2025-11-1&isCalendarCallout=false&childAges=&numberOfGuest=0&missingChildAges=false&travellerType=1&showReviewSubmissionEntry=false&currencyCode=INR&isFreeOccSearch=false&tspTypes=8&los=4&searchrequestid=88693a4b-7fef-4a69-9b08-650154e6aa7b&ds=CH3TEme3dqOaFa9f
AGODA_2,agoda,Quality Inn New London,"2 Queen Beds, Nonsmoking",queen beds,Queen,Normal,5,4859,0,4859,"['Wi-Fi [free]', 'Room size: 42 m²/452 ft²', 'Street view', '2 queen beds', 'Bathtub', 'Window', 'Sleep comfort items', 'Ground floor available', 'Non-smoking', 'Shared bathroom']",2025-11-16,2025-11-17,https://www.agoda.com/americas-best-value-inn-new-london_4/hotel/new-london-wi-us.html?countryId=181&finalPriceView=1&isShowMobileAppPrice=false&cid=-1&numberOfBedrooms=&familyMode=false&adults=2&children=0&rooms=1&maxRooms=0&checkIn=2025-11-1&isCalendarCallout=false&childAges=&numberOfGuest=0&missingChildAges=false&travellerType=1&showReviewSubmissionEntry=false&currencyCode=INR&isFreeOccSearch=false&tspTypes=8&los=4&searchrequestid=88693a4b-7fef-4a69-9b08-650154e6aa7b&ds=CH3TEme3dqOaFa9f
AGODA_2,agoda,Quality Inn New London,"1 King Bed, Nonsmoking",king bed,King,Normal,5,4859,0,4859,"['Wi-Fi [free]', 'Room size: 28 m²/301 ft²', 'Street view', '1 king bed', 'Bathtub', 'Window', 'Sleep comfort items', 'Non-smoking', 'Shared bathroom', 'Closet']",2025-11-16,2025-11-17,https://www.agoda.com/americas-best-value-inn-new-london_4/hotel/new-london-wi-us.html?countryId=181&finalPriceView=1&isShowMobileAppPrice=false&cid=-1&numberOfBedrooms=&familyMode=false&adults=2&children=0&rooms=1&maxRooms=0&checkIn=2025-11-1&isCalendarCallout=false&childAges=&numberOfGuest=0&missingChildAges=false&travellerType=1&showReviewSubmissionEntry=false&currencyCode=INR&isFreeOccSearch=false&tspTypes=8&los=4&searchrequestid=88693a4b-7fef-4a69-9b08-650154e6aa7b&ds=CH3TEme3dqOaFa9f
AGODA_2,agoda,Quality Inn New London,"2 Queen Beds, Nonsmoking",queen beds,Queen,Normal,5,4859,0,4859,"['Wi-Fi [free]', 'Room size: 28 m²/301 ft²', 'Street view', '2 queen beds', 'Bathtub', 'Window', 'Sleep comfort items', 'Ground floor available', 'Non-smoking', 'Shared bathroom']",2025-11-16,2025-11-17,https://www.agoda.com/americas-best-value-inn-new-london_4/hotel/new-london-wi-us.html?countryId=181&finalPriceView=1&isShowMobileAppPrice=false&cid=-1&numberOfBedrooms=&familyMode=false&adults=2&children=0&rooms=1&maxRooms=0&checkIn=2025-11-1&isCalendarCallout=false&childAges=&numberOfGuest=0&missingChildAges=false&travellerType=1&showReviewSubmissionEntry=false&currencyCode=INR&isFreeOccSearch=false&tspTypes=8&los=4&searchrequestid=88693a4b-7fef-4a69-9b08-650154e6aa7b&ds=CH3TEme3dqOaFa9f
AGODA_2,agoda,Quality Inn New London,"2 Queen Beds, Nonsmoking",queen beds,Queen,Normal,5,5149,0,5149,"['Wi-Fi [free]', 'Room size: 42 m²/452 ft²', 'Street view', '2 queen beds', 'Bathtub', 'Window', 'Sleep comfort items', 'Ground floor available', 'Non-smoking', 'Shared bathroom']",2025-11-16,2025-11-17,https://www.agoda.com/americas-best-value-inn-new-london_4/hotel/new-london-wi-us.html?countryId=181&finalPriceView=1&isShowMobileAppPrice=false&cid=-1&numberOfBedrooms=&familyMode=false&adults=2&children=0&rooms=1&maxRooms=0&checkIn=2025-11-1&isCalendarCallout=false&childAges=&numberOfGuest=0&missingChildAges=false&travellerType=1&showReviewSubmissionEntry=false&currencyCode=INR&isFreeOccSearch=false&tspTypes=8&los=4&searchrequestid=88693a4b-7fef-4a69-9b08-650154e6aa7b&ds=CH3TEme3dqOaFa9f
AGODA_2,agoda,Quality Inn New London,"1 Queen Bed, Suite, Nonsmoking",queen bed,Queen,Suite,5,7467,0,7467,"['Wi-Fi [free]', 'Room size: 42 m²/452 ft²', 'Street view', '1 queen bed', 'Whirlpool bathtub', 'Window', 'Sleep comfort items', 'Non-smoking', 'Shared bathroom', 'Closet']",2025-11-16,2025-11-17,https://www.agoda.com/americas-best-value-inn-new-london_4/hotel/new-london-wi-us.html?countryId=181&finalPriceView=1&isShowMobileAppPrice=false&cid=-1&numberOfBedrooms=&familyMode=false&adults=2&children=0&rooms=1&maxRooms=0&checkIn=2025-11-1&isCalendarCallout=false&childAges=&numberOfGuest=0&missingChildAges=false&travellerType=1&showReviewSubmissionEntry=false&currencyCode=INR&isFreeOccSearch=false&tspTypes=8&los=4&searchrequestid=88693a4b-7fef-4a69-9b08-650154e6aa7b&ds=CH3TEme3dqOaFa9f
AGODA_2,agoda,Quality Inn New London,"1 King Bed, Suite, Nonsmoking",king bedS,King,Suite,0,10110,0,10110,"['Wi-Fi [free]', 'Room size: 42 m²/452 ft²', 'Street view', '1 king bed', 'Separate shower/bathtub', 'Window', 'Blackout curtains', 'Top floor available', 'Non-smoking', 'Shared bathroom']",2025-11-16,2025-11-17,https://www.agoda.com/americas-best-value-inn-new-london_4/hotel/new-london-wi-us.html?countryId=181&finalPriceView=1&isShowMobileAppPrice=false&cid=-1&numberOfBedrooms=&familyMode=false&adults=2&children=0&rooms=1&maxRooms=0&checkIn=2025-11-1&isCalendarCallout=false&childAges=&numberOfGuest=0&missingChildAges=false&travellerType=1&showReviewSubmissionEntry=false&currencyCode=INR&isFreeOccSearch=false&tspTypes=8&los=4&searchrequestid=88693a4b-7fef-4a69-9b08-650154e6aa7b&ds=CH3TEme3dqOaFa9f
AGODA_2,agoda,Quality Inn New London,"1 King Bed, Nonsmoking",king bed,King,Normal,5,4565,0,4565,"['Wi-Fi [free]', 'Room size: 28 m²/301 ft²', 'Street view', '1 king bed', 'Bathtub', 'Window', 'Sleep comfort items', 'Ground floor available', 'Non-smoking', 'Shared bathroom']",2025-11-19,2025-11-20,https://www.agoda.com/americas-best-value-inn-new-london_4/hotel/new-london-wi-us.html?countryId=181&finalPriceView=1&isShowMobileAppPrice=false&cid=-1&numberOfBedrooms=&familyMode=false&adults=2&children=0&rooms=1&maxRooms=0&checkIn=2025-11-1&isCalendarCallout=false&childAges=&numberOfGuest=0&missingChildAges=false&travellerType=1&showReviewSubmissionEntry=false&currencyCode=INR&isFreeOccSearch=false&tspTypes=8&los=4&searchrequestid=88693a4b-7fef-4a69-9b08-650154e6aa7b&ds=CH3TEme3dqOaFa9f
AGODA_2,agoda,Quality Inn New London,"2 Queen Beds, Nonsmoking",queen beds,Queen,Normal,5,4851,0,4851,"['Wi-Fi [free]', 'Room size: 42 m²/452 ft²', 'Street view', '2 queen beds', 'Bathtub', 'Window', 'Sleep comfort items', 'Ground floor available', 'Non-smoking', 'Shared bathroom']",2025-11-19,2025-11-20,https://www.agoda.com/americas-best-value-inn-new-london_4/hotel/new-london-wi-us.html?countryId=181&finalPriceView=1&isShowMobileAppPrice=false&cid=-1&numberOfBedrooms=&familyMode=false&adults=2&children=0&rooms=1&maxRooms=0&checkIn=2025-11-1&isCalendarCallout=false&childAges=&numberOfGuest=0&missingChildAges=false&travellerType=1&showReviewSubmissionEntry=false&currencyCode=INR&isFreeOccSearch=false&tspTypes=8&los=4&searchrequestid=88693a4b-7fef-4a69-9b08-650154e6aa7b&ds=CH3TEme3dqOaFa9f
AGODA_2,agoda,Quality Inn New London,"1 King Bed, Nonsmoking",king bed,King,Normal,5,4851,0,4851,"['Wi-Fi [free]', 'Room size: 28 m²/301 ft²', 'Street view', '1 king bed', 'Bathtub', 'Window', 'Sleep comfort items', 'Non-smoking', 'Shared bathroom', 'Closet']",2025-11-19,2025-11-20,https://www.agoda.com/americas-best-value-inn-new-london_4/hotel/new-london-wi-us.html?countryId=181&finalPriceView=1&isShowMobileAppPrice=false&cid=-1&numberOfBedrooms=&familyMode=false&adults=2&children=0&rooms=1&maxRooms=0&checkIn=2025-11-1&isCalendarCallout=false&childAges=&numberOfGuest=0&missingChildAges=false&travellerType=1&showReviewSubmissionEntry=false&currencyCode=INR&isFreeOccSearch=false&tspTypes=8&los=4&searchrequestid=88693a4b-7fef-4a69-9b08-650154e6aa7b&ds=CH3TEme3dqOaFa9f
AGODA_2,agoda,Quality Inn New London,"2 Queen Beds, Nonsmoking",queen beds,Queen,Normal,5,4851,0,4851,"['Wi-Fi [free]', 'Room size: 28 m²/301 ft²', 'Street view', '2 queen beds', 'Bathtub', 'Window', 'Sleep comfort items', 'Ground floor available', 'Non-smoking', 'Shared bathroom']",2025-11-19,2025-11-20,https://www.agoda.com/americas-best-value-inn-new-london_4/hotel/new-london-wi-us.html?countryId=181&finalPriceView=1&isShowMobileAppPrice=false&cid=-1&numberOfBedrooms=&familyMode=false&adults=2&children=0&rooms=1&maxRooms=0&checkIn=2025-11-1&isCalendarCallout=false&childAges=&numberOfGuest=0&missingChildAges=false&travellerType=1&showReviewSubmissionEntry=false&currencyCode=INR&isFreeOccSearch=false&tspTypes=8&los=4&searchrequestid=88693a4b-7fef-4a69-9b08-650154e6aa7b&ds=CH3TEme3dqOaFa9f
AGODA_2,agoda,Quality Inn New London,"2 Queen Beds, Nonsmoking",queen beds,Queen,Normal,5,5140,0,5140,"['Wi-Fi [free]', 'Room size: 42 m²/452 ft²', 'Street view', '2 queen beds', 'Bathtub', 'Window', 'Sleep comfort items', 'Ground floor available', 'Non-smoking', 'Shared bathroom']",2025-11-19,2025-11-20,https://www.agoda.com/americas-best-value-inn-new-london_4/hotel/new-london-wi-us.html?countryId=181&finalPriceView=1&isShowMobileAppPrice=false&cid=-1&numberOfBedrooms=&familyMode=false&adults=2&children=0&rooms=1&maxRooms=0&checkIn=2025-11-1&isCalendarCallout=false&childAges=&numberOfGuest=0&missingChildAges=false&travellerType=1&showReviewSubmissionEntry=false&currencyCode=INR&isFreeOccSearch=false&tspTypes=8&los=4&searchrequestid=88693a4b-7fef-4a69-9b08-650154e6aa7b&ds=CH3TEme3dqOaFa9f
AGODA_2,agoda,Quality Inn New London,"1 Queen Bed, Suite, Nonsmoking",queen bed,Queen,Suite,5,7454,0,7454,"['Wi-Fi [free]', 'Room size: 42 m²/452 ft²', 'Street view', '1 queen bed', 'Whirlpool bathtub', 'Window', 'Sleep comfort items', 'Non-smoking', 'Shared bathroom', 'Closet']",2025-11-19,2025-11-20,https://www.agoda.com/americas-best-value-inn-new-london_4/hotel/new-london-wi-us.html?countryId=181&finalPriceView=1&isShowMobileAppPrice=false&cid=-1&numberOfBedrooms=&familyMode=false&adults=2&children=0&rooms=1&maxRooms=0&checkIn=2025-11-1&isCalendarCallout=false&childAges=&numberOfGuest=0&missingChildAges=false&travellerType=1&showReviewSubmissionEntry=false&currencyCode=INR&isFreeOccSearch=false&tspTypes=8&los=4&searchrequestid=88693a4b-7fef-4a69-9b08-650154e6aa7b&ds=CH3TEme3dqOaFa9f
AGODA_2,agoda,Quality Inn New London,"1 King Bed, Suite, Nonsmoking",king bedS,King,Suite,0,10110,0,10110,"['Wi-Fi [free]', 'Room size: 42 m²/452 ft²', 'Street view', '1 king bed', 'Separate shower/bathtub', 'Window', 'Blackout curtains', 'Top floor available', 'Non-smoking', 'Shared bathroom']",2025-11-19,2025-11-20,https://www.agoda.com/americas-best-value-inn-new-london_4/hotel/new-london-wi-us.html?countryId=181&finalPriceView=1&isShowMobileAppPrice=false&cid=-1&numberOfBedrooms=&familyMode=false&adults=2&children=0&rooms=1&maxRooms=0&checkIn=2025-11-1&isCalendarCallout=false&childAges=&numberOfGuest=0&missingChildAges=false&travellerType=1&showReviewSubmissionEntry=false&currencyCode=INR&isFreeOccSearch=false&tspTypes=8&los=4&searchrequestid=88693a4b-7fef-4a69-9b08-650154e6aa7b&ds=CH3TEme3dqOaFa9f
AGODA_2,agoda,Quality Inn New London,"2 Queen Beds, Nonsmoking",queen beds,Queen,Normal,5,11585,0,11585,"['Wi-Fi [free]', 'Room size: 42 m²/452 ft²', 'Street view', '2 queen beds', 'Bathtub', 'Window', 'Sleep comfort items', 'Ground floor available', 'Non-smoking', 'Shared bathroom']",2025-11-22,2025-11-23,https://www.agoda.com/americas-best-value-inn-new-london_4/hotel/new-london-wi-us.html?countryId=181&finalPriceView=1&isShowMobileAppPrice=false&cid=-1&numberOfBedrooms=&familyMode=false&adults=2&children=0&rooms=1&maxRooms=0&checkIn=2025-11-1&isCalendarCallout=false&childAges=&numberOfGuest=0&missingChildAges=false&travellerType=1&showReviewSubmissionEntry=false&currencyCode=INR&isFreeOccSearch=false&tspTypes=8&los=4&searchrequestid=88693a4b-7fef-4a69-9b08-650154e6aa7b&ds=CH3TEme3dqOaFa9f
AGODA_2,agoda,Quality Inn New London,"1 King Bed, Nonsmoking",king bed,King,Normal,5,11585,0,11585,"['Wi-Fi [free]', 'Room size: 28 m²/301 ft²', 'Street view', '1 king bed', 'Bathtub', 'Window', 'Sleep comfort items', 'Non-smoking', 'Shared bathroom', 'Closet']",2025-11-22,2025-11-23,https://www.agoda.com/americas-best-value-inn-new-london_4/hotel/new-london-wi-us.html?countryId=181&finalPriceView=1&isShowMobileAppPrice=false&cid=-1&numberOfBedrooms=&familyMode=false&adults=2&children=0&rooms=1&maxRooms=0&checkIn=2025-11-1&isCalendarCallout=false&childAges=&numberOfGuest=0&missingChildAges=false&travellerType=1&showReviewSubmissionEntry=false&currencyCode=INR&isFreeOccSearch=false&tspTypes=8&los=4&searchrequestid=88693a4b-7fef-4a69-9b08-650154e6aa7b&ds=CH3TEme3dqOaFa9f
AGODA_2,agoda,Quality Inn New London,"2 Queen Beds, Nonsmoking",queen beds,Queen,Normal,5,11585,0,11585,"['Wi-Fi [free]', 'Room size: 28 m²/301 ft²', 'Street view', '2 queen beds', 'Bathtub', 'Window', 'Sleep comfort items', 'Ground floor available', 'Non-smoking', 'Shared bathroom']",2025-11-22,2025-11-23,https://www.agoda.com/americas-best-value-inn-new-london_4/hotel/new-london-wi-us.html?countryId=181&finalPriceView=1&isShowMobileAppPrice=false&cid=-1&numberOfBedrooms=&familyMode=false&adults=2&children=0&rooms=1&maxRooms=0&checkIn=2025-11-1&isCalendarCallout=false&childAges=&numberOfGuest=0&missingChildAges=false&travellerType=1&showReviewSubmissionEntry=false&currencyCode=INR&isFreeOccSearch=false&tspTypes=8&los=4&searchrequestid=88693a4b-7fef-4a69-9b08-650154e6aa7b&ds=CH3TEme3dqOaFa9f
AGODA_2,agoda,Quality Inn New London,"2 Queen Beds, Nonsmoking",queen beds,Queen,Normal,5,11928,0,11928,"['Wi-Fi [free]', 'Room size: 42 m²/452 ft²', 'Street view', '2 queen beds', 'Bathtub', 'Window', 'Sleep comfort items', 'Ground floor available', 'Non-smoking', 'Shared bathroom']",2025-11-22,2025-11-23,https://www.agoda.com/americas-best-value-inn-new-london_4/hotel/new-london-wi-us.html?countryId=181&finalPriceView=1&isShowMobileAppPrice=false&cid=-1&numberOfBedrooms=&familyMode=false&adults=2&children=0&rooms=1&maxRooms=0&checkIn=2025-11-1&isCalendarCallout=false&childAges=&numberOfGuest=0&missingChildAges=false&travellerType=1&showReviewSubmissionEntry=false&currencyCode=INR&isFreeOccSearch=false&tspTypes=8&los=4&searchrequestid=88693a4b-7fef-4a69-9b08-650154e6aa7b&ds=CH3TEme3dqOaFa9f
AGODA_2,agoda,Quality Inn New London,"1 King Bed, Nonsmoking",king bed,King,Normal,5,14114,0,14114,"['Wi-Fi [free]', 'Room size: 28 m²/301 ft²', 'Street view', '1 king bed', 'Bathtub', 'Window', 'Sleep comfort items', 'Ground floor available', 'Non-smoking', 'Shared bathroom']",2025-11-22,2025-11-23,https://www.agoda.com/americas-best-value-inn-new-london_4/hotel/new-london-wi-us.html?countryId=181&finalPriceView=1&isShowMobileAppPrice=false&cid=-1&numberOfBedrooms=&familyMode=false&adults=2&children=0&rooms=1&maxRooms=0&checkIn=2025-11-1&isCalendarCallout=false&childAges=&numberOfGuest=0&missingChildAges=false&travellerType=1&showReviewSubmissionEntry=false&currencyCode=INR&isFreeOccSearch=false&tspTypes=8&los=4&searchrequestid=88693a4b-7fef-4a69-9b08-650154e6aa7b&ds=CH3TEme3dqOaFa9f
AGODA_2,agoda,Quality Inn New London,"1 Queen Bed, Suite, Nonsmoking",queen bed,Queen,Suite,5,15013,0,15013,"['Wi-Fi [free]', 'Room size: 42 m²/452 ft²', 'Street view', '1 queen bed', 'Whirlpool bathtub', 'Window', 'Sleep comfort items', 'Non-smoking', 'Shared bathroom', 'Closet']",2025-11-22,2025-11-23,https://www.agoda.com/americas-best-value-inn-new-london_4/hotel/new-london-wi-us.html?countryId=181&finalPriceView=1&isShowMobileAppPrice=false&cid=-1&numberOfBedrooms=&familyMode=false&adults=2&children=0&rooms=1&maxRooms=0&checkIn=2025-11-1&isCalendarCallout=false&childAges=&numberOfGuest=0&missingChildAges=false&travellerType=1&showReviewSubmissionEntry=false&currencyCode=INR&isFreeOccSearch=false&tspTypes=8&los=4&searchrequestid=88693a4b-7fef-4a69-9b08-650154e6aa7b&ds=CH3TEme3dqOaFa9f
AGODA_2,agoda,Quality Inn New London,"1 King Bed, Suite, Nonsmoking",king bedS,King,Suite,0,19884,0,19884,"['Wi-Fi [free]', 'Room size: 42 m²/452 ft²', 'Street view', '1 king bed', 'Separate shower/bathtub', 'Window', 'Blackout curtains', 'Top floor available', 'Non-smoking', 'Shared bathroom']",2025-11-22,2025-11-23,https://www.agoda.com/americas-best-value-inn-new-london_4/hotel/new-london-wi-us.html?countryId=181&finalPriceView=1&isShowMobileAppPrice=false&cid=-1&numberOfBedrooms=&familyMode=false&adults=2&children=0&rooms=1&maxRooms=0&checkIn=2025-11-1&isCalendarCallout=false&childAges=&numberOfGuest=0&missingChildAges=false&travellerType=1&showReviewSubmissionEntry=false&currencyCode=INR&isFreeOccSearch=false&tspTypes=8&los=4&searchrequestid=88693a4b-7fef-4a69-9b08-650154e6aa7b&ds=CH3TEme3dqOaFa9f
AGODA_3,agoda,Comfort Suites at Par 4 Resort,"2 Queen Beds, Suite, Nonsmoking",queen beds,Queen,Suite,5,9591,0,9591,"['Wi-Fi [free]', 'Room size: 39 m²/420 ft²', '2 queen beds', 'Mini bar', 'Non-smoking', 'Shared bathroom', 'Closet', 'Air conditioning', 'Coffee/tea maker', 'Refrigerator']",2025-11-10,2025-11-11,https://www.agoda.com/en-in/comfort-suites-foxfire_5/hotel/waupaca-wi-us.html?asq=oSBZUdCJkTqIcAJrG1AX8Jufa9Vwpz6XltTHq4n+9gNpSLc+T+pB%2F8FnmmA8sOyABZMHJNyhPX8Prg%2FH1te1+vz5QyyV4UEqRQ9lzfdTBTxxn3WZkWNFTjlVRW+RlD7cD8zS52LqyqgGzSr4Q1yOV9fXfA8oGge%2Fyp6S5mpJBbOMmQnp4l%2FqxXHScg6%2FIMuw+IlKoH2RRzVED37Mh9Acgg2FjZQhPusmJYf5Wx3Xjom2O005JJr4tzCeQoVcD0pL1BrustHV7sjEhRQROgMYvvtksTw8xHnPyufhKXPrHNNQdwO4DN1hJ7DMFEBjA1tlsOuDhLfZOw1q2rQOnoj14WkhX+Rs50g0fdI7vUoNdFzciZtp1rX4kwueALQiVTpra8Q6YIY31VZ7ikracSjcaStovsPbQgCFuB4p9HKsGMuaiWpH3WUmUhYvwqBgss8OmYaYLY4mpvBQRFZ9DXnGL3Ab7LBfPPeV+xRKkQH%2FZbgm4pJ7H7mRjRxbsMXt2MhO4Waan8nej3fD86snlFzhLkuMmTTH5l9zLcYrLnjeW8QSqYQPBv+WKInhgy0w1c1tNvoKVnqZacA1np0vT683+qJ7vN1f5BqlEQqEAvmbOz7SfkPUnDmorqc9A57NEcuDP1S+AKBERrC%2FMG7qCA47RbfQ3Q3DeNYL8Fxddl6dcJ4c96xaz7wUkXZ4kU0h2nVNlZWZdwncM8i9lIIBkv7NjeRiEG3%2FHEwKwlkdRmn7a0F5nLRnaQbnusi0gbXykZ1nm0FFd++GSO81bPWsXT59pA8oVuEv166puW+LtIBENw0NMrQUqbkI%2FwyytdEKh7axbX90OXicJBjSGrd0%2Fn6OMvEjQybIYbot%2FTwTRAl1aunCMX9snHpla2HignvgSQ6O61oqP%2FsQl%2F5FT6%2FYHOkeZSxDri5N76BASZfIlUTsb%2FUyP%2FDP2PIYc7JCsfLcJiVKj7pGTnjzCTWVz1r2cxbbR1nXBijIPwuA6NzoWPOT+MZRi2C8ObEV3BMBzhh4CflX1f4tMtCkUOcG6AQSFmkuYiMsSy4QJH53bMsCXS2l9OQF+dC5xeJjQ%2F9f4m8IC7o5vJ62KCoAEKZybiY2V65fmulUkzStF1L1fv73voEZZxJ6OrJWWoC+5gLvjwA72fPMjlBDyy8N9snQ0B4PJWHB4g%3D%3D&hotel=203683&ds=qqYuwCdeeyGgIaeA
AGODA_3,agoda,Comfort Suites at Par 4 Resort,"1 King Bed, Suite, Nonsmoking, Accessible",king bed,King,Suite,5,10846,0,10846,"['Wi-Fi [free]', 'Room size: 40 m²/431 ft²', '1 king bed', 'Bathtub', 'Non-smoking', 'Shared bathroom', 'Closet', 'Air conditioning', 'Coffee/tea maker', 'Refrigerator']",2025-11-10,2025-11-11,https://www.agoda.com/en-in/comfort-suites-foxfire_5/hotel/waupaca-wi-us.html?asq=oSBZUdCJkTqIcAJrG1AX8Jufa9Vwpz6XltTHq4n+9gNpSLc+T+pB%2F8FnmmA8sOyABZMHJNyhPX8Prg%2FH1te1+vz5QyyV4UEqRQ9lzfdTBTxxn3WZkWNFTjlVRW+RlD7cD8zS52LqyqgGzSr4Q1yOV9fXfA8oGge%2Fyp6S5mpJBbOMmQnp4l%2FqxXHScg6%2FIMuw+IlKoH2RRzVED37Mh9Acgg2FjZQhPusmJYf5Wx3Xjom2O005JJr4tzCeQoVcD0pL1BrustHV7sjEhRQROgMYvvtksTw8xHnPyufhKXPrHNNQdwO4DN1hJ7DMFEBjA1tlsOuDhLfZOw1q2rQOnoj14WkhX+Rs50g0fdI7vUoNdFzciZtp1rX4kwueALQiVTpra8Q6YIY31VZ7ikracSjcaStovsPbQgCFuB4p9HKsGMuaiWpH3WUmUhYvwqBgss8OmYaYLY4mpvBQRFZ9DXnGL3Ab7LBfPPeV+xRKkQH%2FZbgm4pJ7H7mRjRxbsMXt2MhO4Waan8nej3fD86snlFzhLkuMmTTH5l9zLcYrLnjeW8QSqYQPBv+WKInhgy0w1c1tNvoKVnqZacA1np0vT683+qJ7vN1f5BqlEQqEAvmbOz7SfkPUnDmorqc9A57NEcuDP1S+AKBERrC%2FMG7qCA47RbfQ3Q3DeNYL8Fxddl6dcJ4c96xaz7wUkXZ4kU0h2nVNlZWZdwncM8i9lIIBkv7NjeRiEG3%2FHEwKwlkdRmn7a0F5nLRnaQbnusi0gbXykZ1nm0FFd++GSO81bPWsXT59pA8oVuEv166puW+LtIBENw0NMrQUqbkI%2FwyytdEKh7axbX90OXicJBjSGrd0%2Fn6OMvEjQybIYbot%2FTwTRAl1aunCMX9snHpla2HignvgSQ6O61oqP%2FsQl%2F5FT6%2FYHOkeZSxDri5N76BASZfIlUTsb%2FUyP%2FDP2PIYc7JCsfLcJiVKj7pGTnjzCTWVz1r2cxbbR1nXBijIPwuA6NzoWPOT+MZRi2C8ObEV3BMBzhh4CflX1f4tMtCkUOcG6AQSFmkuYiMsSy4QJH53bMsCXS2l9OQF+dC5xeJjQ%2F9f4m8IC7o5vJ62KCoAEKZybiY2V65fmulUkzStF1L1fv73voEZZxJ6OrJWWoC+5gLvjwA72fPMjlBDyy8N9snQ0B4PJWHB4g%3D%3D&hotel=203683&ds=qqYuwCdeeyGgIaeA
AGODA_3,agoda,Comfort Suites at Par 4 Resort,"1 King Bed, Suite, No Smoking",king bed,King,Suite,5,10846,0,10846,"['Wi-Fi [free]', 'Room size: 39 m²/420 ft²', '1 king bed', 'Mini bar', 'Non-smoking', 'Shared bathroom', 'Closet', 'Air conditioning', 'Coffee/tea maker', 'Refrigerator']",2025-11-10,2025-11-11,https://www.agoda.com/en-in/comfort-suites-foxfire_5/hotel/waupaca-wi-us.html?asq=oSBZUdCJkTqIcAJrG1AX8Jufa9Vwpz6XltTHq4n+9gNpSLc+T+pB%2F8FnmmA8sOyABZMHJNyhPX8Prg%2FH1te1+vz5QyyV4UEqRQ9lzfdTBTxxn3WZkWNFTjlVRW+RlD7cD8zS52LqyqgGzSr4Q1yOV9fXfA8oGge%2Fyp6S5mpJBbOMmQnp4l%2FqxXHScg6%2FIMuw+IlKoH2RRzVED37Mh9Acgg2FjZQhPusmJYf5Wx3Xjom2O005JJr4tzCeQoVcD0pL1BrustHV7sjEhRQROgMYvvtksTw8xHnPyufhKXPrHNNQdwO4DN1hJ7DMFEBjA1tlsOuDhLfZOw1q2rQOnoj14WkhX+Rs50g0fdI7vUoNdFzciZtp1rX4kwueALQiVTpra8Q6YIY31VZ7ikracSjcaStovsPbQgCFuB4p9HKsGMuaiWpH3WUmUhYvwqBgss8OmYaYLY4mpvBQRFZ9DXnGL3Ab7LBfPPeV+xRKkQH%2FZbgm4pJ7H7mRjRxbsMXt2MhO4Waan8nej3fD86snlFzhLkuMmTTH5l9zLcYrLnjeW8QSqYQPBv+WKInhgy0w1c1tNvoKVnqZacA1np0vT683+qJ7vN1f5BqlEQqEAvmbOz7SfkPUnDmorqc9A57NEcuDP1S+AKBERrC%2FMG7qCA47RbfQ3Q3DeNYL8Fxddl6dcJ4c96xaz7wUkXZ4kU0h2nVNlZWZdwncM8i9lIIBkv7NjeRiEG3%2FHEwKwlkdRmn7a0F5nLRnaQbnusi0gbXykZ1nm0FFd++GSO81bPWsXT59pA8oVuEv166puW+LtIBENw0NMrQUqbkI%2FwyytdEKh7axbX90OXicJBjSGrd0%2Fn6OMvEjQybIYbot%2FTwTRAl1aunCMX9snHpla2HignvgSQ6O61oqP%2FsQl%2F5FT6%2FYHOkeZSxDri5N76BASZfIlUTsb%2FUyP%2FDP2PIYc7JCsfLcJiVKj7pGTnjzCTWVz1r2cxbbR1nXBijIPwuA6NzoWPOT+MZRi2C8ObEV3BMBzhh4CflX1f4tMtCkUOcG6AQSFmkuYiMsSy4QJH53bMsCXS2l9OQF+dC5xeJjQ%2F9f4m8IC7o5vJ62KCoAEKZybiY2V65fmulUkzStF1L1fv73voEZZxJ6OrJWWoC+5gLvjwA72fPMjlBDyy8N9snQ0B4PJWHB4g%3D%3D&hotel=203683&ds=qqYuwCdeeyGgIaeA
AGODA_3,agoda,Comfort Suites at Par 4 Resort,"1 King Bed, Suite, No smoking,Upgrade",king bedS,King,Suite,5,11466,0,11466,"['Wi-Fi [free]', 'Room size: 40 m²/431 ft²', '1 king bed', 'Separate shower/bathtub', 'Balcony/terrace', 'Mini bar', 'Non-smoking', 'Shared bathroom', 'Closet', 'Air conditioning']",2025-11-10,2025-11-11,https://www.agoda.com/en-in/comfort-suites-foxfire_5/hotel/waupaca-wi-us.html?asq=oSBZUdCJkTqIcAJrG1AX8Jufa9Vwpz6XltTHq4n+9gNpSLc+T+pB%2F8FnmmA8sOyABZMHJNyhPX8Prg%2FH1te1+vz5QyyV4UEqRQ9lzfdTBTxxn3WZkWNFTjlVRW+RlD7cD8zS52LqyqgGzSr4Q1yOV9fXfA8oGge%2Fyp6S5mpJBbOMmQnp4l%2FqxXHScg6%2FIMuw+IlKoH2RRzVED37Mh9Acgg2FjZQhPusmJYf5Wx3Xjom2O005JJr4tzCeQoVcD0pL1BrustHV7sjEhRQROgMYvvtksTw8xHnPyufhKXPrHNNQdwO4DN1hJ7DMFEBjA1tlsOuDhLfZOw1q2rQOnoj14WkhX+Rs50g0fdI7vUoNdFzciZtp1rX4kwueALQiVTpra8Q6YIY31VZ7ikracSjcaStovsPbQgCFuB4p9HKsGMuaiWpH3WUmUhYvwqBgss8OmYaYLY4mpvBQRFZ9DXnGL3Ab7LBfPPeV+xRKkQH%2FZbgm4pJ7H7mRjRxbsMXt2MhO4Waan8nej3fD86snlFzhLkuMmTTH5l9zLcYrLnjeW8QSqYQPBv+WKInhgy0w1c1tNvoKVnqZacA1np0vT683+qJ7vN1f5BqlEQqEAvmbOz7SfkPUnDmorqc9A57NEcuDP1S+AKBERrC%2FMG7qCA47RbfQ3Q3DeNYL8Fxddl6dcJ4c96xaz7wUkXZ4kU0h2nVNlZWZdwncM8i9lIIBkv7NjeRiEG3%2FHEwKwlkdRmn7a0F5nLRnaQbnusi0gbXykZ1nm0FFd++GSO81bPWsXT59pA8oVuEv166puW+LtIBENw0NMrQUqbkI%2FwyytdEKh7axbX90OXicJBjSGrd0%2Fn6OMvEjQybIYbot%2FTwTRAl1aunCMX9snHpla2HignvgSQ6O61oqP%2FsQl%2F5FT6%2FYHOkeZSxDri5N76BASZfIlUTsb%2FUyP%2FDP2PIYc7JCsfLcJiVKj7pGTnjzCTWVz1r2cxbbR1nXBijIPwuA6NzoWPOT+MZRi2C8ObEV3BMBzhh4CflX1f4tMtCkUOcG6AQSFmkuYiMsSy4QJH53bMsCXS2l9OQF+dC5xeJjQ%2F9f4m8IC7o5vJ62KCoAEKZybiY2V65fmulUkzStF1L1fv73voEZZxJ6OrJWWoC+5gLvjwA72fPMjlBDyy8N9snQ0B4PJWHB4g%3D%3D&hotel=203683&ds=qqYuwCdeeyGgIaeA
AGODA_3,agoda,Comfort Suites at Par 4 Resort,"1 King Bed, Suite, No Smoking, Upgrade",king bed,King,Suite,5,11466,0,11466,"['Wi-Fi [free]', 'Room size: 40 m²/431 ft²', '1 king bed', 'Whirlpool bathtub', 'Non-smoking', 'Shared bathroom', 'Closet', 'Air conditioning', 'Coffee/tea maker', 'Refrigerator']",2025-11-10,2025-11-11,https://www.agoda.com/en-in/comfort-suites-foxfire_5/hotel/waupaca-wi-us.html?asq=oSBZUdCJkTqIcAJrG1AX8Jufa9Vwpz6XltTHq4n+9gNpSLc+T+pB%2F8FnmmA8sOyABZMHJNyhPX8Prg%2FH1te1+vz5QyyV4UEqRQ9lzfdTBTxxn3WZkWNFTjlVRW+RlD7cD8zS52LqyqgGzSr4Q1yOV9fXfA8oGge%2Fyp6S5mpJBbOMmQnp4l%2FqxXHScg6%2FIMuw+IlKoH2RRzVED37Mh9Acgg2FjZQhPusmJYf5Wx3Xjom2O005JJr4tzCeQoVcD0pL1BrustHV7sjEhRQROgMYvvtksTw8xHnPyufhKXPrHNNQdwO4DN1hJ7DMFEBjA1tlsOuDhLfZOw1q2rQOnoj14WkhX+Rs50g0fdI7vUoNdFzciZtp1rX4kwueALQiVTpra8Q6YIY31VZ7ikracSjcaStovsPbQgCFuB4p9HKsGMuaiWpH3WUmUhYvwqBgss8OmYaYLY4mpvBQRFZ9DXnGL3Ab7LBfPPeV+xRKkQH%2FZbgm4pJ7H7mRjRxbsMXt2MhO4Waan8nej3fD86snlFzhLkuMmTTH5l9zLcYrLnjeW8QSqYQPBv+WKInhgy0w1c1tNvoKVnqZacA1np0vT683+qJ7vN1f5BqlEQqEAvmbOz7SfkPUnDmorqc9A57NEcuDP1S+AKBERrC%2FMG7qCA47RbfQ3Q3DeNYL8Fxddl6dcJ4c96xaz7wUkXZ4kU0h2nVNlZWZdwncM8i9lIIBkv7NjeRiEG3%2FHEwKwlkdRmn7a0F5nLRnaQbnusi0gbXykZ1nm0FFd++GSO81bPWsXT59pA8oVuEv166puW+LtIBENw0NMrQUqbkI%2FwyytdEKh7axbX90OXicJBjSGrd0%2Fn6OMvEjQybIYbot%2FTwTRAl1aunCMX9snHpla2HignvgSQ6O61oqP%2FsQl%2F5FT6%2FYHOkeZSxDri5N76BASZfIlUTsb%2FUyP%2FDP2PIYc7JCsfLcJiVKj7pGTnjzCTWVz1r2cxbbR1nXBijIPwuA6NzoWPOT+MZRi2C8ObEV3BMBzhh4CflX1f4tMtCkUOcG6AQSFmkuYiMsSy4QJH53bMsCXS2l9OQF+dC5xeJjQ%2F9f4m8IC7o5vJ62KCoAEKZybiY2V65fmulUkzStF1L1fv73voEZZxJ6OrJWWoC+5gLvjwA72fPMjlBDyy8N9snQ0B4PJWHB4g%3D%3D&hotel=203683&ds=qqYuwCdeeyGgIaeA
AGODA_3,agoda,Comfort Suites at Par 4 Resort,"2 Queen Beds, Suite, Nonsmoking",queen beds,Queen,Suite,5,10286,0,10286,"['Wi-Fi [free]', 'Room size: 39 m²/420 ft²', '2 queen beds', 'Mini bar', 'Non-smoking', 'Shared bathroom', 'Closet', 'Air conditioning', 'Coffee/tea maker', 'Refrigerator']",2025-11-14,2025-11-15,https://www.agoda.com/en-in/comfort-suites-foxfire_5/hotel/waupaca-wi-us.html?asq=oSBZUdCJkTqIcAJrG1AX8Jufa9Vwpz6XltTHq4n+9gNpSLc+T+pB%2F8FnmmA8sOyABZMHJNyhPX8Prg%2FH1te1+vz5QyyV4UEqRQ9lzfdTBTxxn3WZkWNFTjlVRW+RlD7cD8zS52LqyqgGzSr4Q1yOV9fXfA8oGge%2Fyp6S5mpJBbOMmQnp4l%2FqxXHScg6%2FIMuw+IlKoH2RRzVED37Mh9Acgg2FjZQhPusmJYf5Wx3Xjom2O005JJr4tzCeQoVcD0pL1BrustHV7sjEhRQROgMYvvtksTw8xHnPyufhKXPrHNNQdwO4DN1hJ7DMFEBjA1tlsOuDhLfZOw1q2rQOnoj14WkhX+Rs50g0fdI7vUoNdFzciZtp1rX4kwueALQiVTpra8Q6YIY31VZ7ikracSjcaStovsPbQgCFuB4p9HKsGMuaiWpH3WUmUhYvwqBgss8OmYaYLY4mpvBQRFZ9DXnGL3Ab7LBfPPeV+xRKkQH%2FZbgm4pJ7H7mRjRxbsMXt2MhO4Waan8nej3fD86snlFzhLkuMmTTH5l9zLcYrLnjeW8QSqYQPBv+WKInhgy0w1c1tNvoKVnqZacA1np0vT683+qJ7vN1f5BqlEQqEAvmbOz7SfkPUnDmorqc9A57NEcuDP1S+AKBERrC%2FMG7qCA47RbfQ3Q3DeNYL8Fxddl6dcJ4c96xaz7wUkXZ4kU0h2nVNlZWZdwncM8i9lIIBkv7NjeRiEG3%2FHEwKwlkdRmn7a0F5nLRnaQbnusi0gbXykZ1nm0FFd++GSO81bPWsXT59pA8oVuEv166puW+LtIBENw0NMrQUqbkI%2FwyytdEKh7axbX90OXicJBjSGrd0%2Fn6OMvEjQybIYbot%2FTwTRAl1aunCMX9snHpla2HignvgSQ6O61oqP%2FsQl%2F5FT6%2FYHOkeZSxDri5N76BASZfIlUTsb%2FUyP%2FDP2PIYc7JCsfLcJiVKj7pGTnjzCTWVz1r2cxbbR1nXBijIPwuA6NzoWPOT+MZRi2C8ObEV3BMBzhh4CflX1f4tMtCkUOcG6AQSFmkuYiMsSy4QJH53bMsCXS2l9OQF+dC5xeJjQ%2F9f4m8IC7o5vJ62KCoAEKZybiY2V65fmulUkzStF1L1fv73voEZZxJ6OrJWWoC+5gLvjwA72fPMjlBDyy8N9snQ0B4PJWHB4g%3D%3D&hotel=203683&ds=qqYuwCdeeyGgIaeA
AGODA_3,agoda,Comfort Suites at Par 4 Resort,"1 King Bed, Suite, Nonsmoking",king bed,King,Suite,5,10426,0,10426,"['1 king bed', 'Non-smoking', 'Coffee/tea maker', 'Refrigerator', 'Hair dryer', 'Shower']",2025-11-14,2025-11-15,https://www.agoda.com/en-in/comfort-suites-foxfire_5/hotel/waupaca-wi-us.html?asq=oSBZUdCJkTqIcAJrG1AX8Jufa9Vwpz6XltTHq4n+9gNpSLc+T+pB%2F8FnmmA8sOyABZMHJNyhPX8Prg%2FH1te1+vz5QyyV4UEqRQ9lzfdTBTxxn3WZkWNFTjlVRW+RlD7cD8zS52LqyqgGzSr4Q1yOV9fXfA8oGge%2Fyp6S5mpJBbOMmQnp4l%2FqxXHScg6%2FIMuw+IlKoH2RRzVED37Mh9Acgg2FjZQhPusmJYf5Wx3Xjom2O005JJr4tzCeQoVcD0pL1BrustHV7sjEhRQROgMYvvtksTw8xHnPyufhKXPrHNNQdwO4DN1hJ7DMFEBjA1tlsOuDhLfZOw1q2rQOnoj14WkhX+Rs50g0fdI7vUoNdFzciZtp1rX4kwueALQiVTpra8Q6YIY31VZ7ikracSjcaStovsPbQgCFuB4p9HKsGMuaiWpH3WUmUhYvwqBgss8OmYaYLY4mpvBQRFZ9DXnGL3Ab7LBfPPeV+xRKkQH%2FZbgm4pJ7H7mRjRxbsMXt2MhO4Waan8nej3fD86snlFzhLkuMmTTH5l9zLcYrLnjeW8QSqYQPBv+WKInhgy0w1c1tNvoKVnqZacA1np0vT683+qJ7vN1f5BqlEQqEAvmbOz7SfkPUnDmorqc9A57NEcuDP1S+AKBERrC%2FMG7qCA47RbfQ3Q3DeNYL8Fxddl6dcJ4c96xaz7wUkXZ4kU0h2nVNlZWZdwncM8i9lIIBkv7NjeRiEG3%2FHEwKwlkdRmn7a0F5nLRnaQbnusi0gbXykZ1nm0FFd++GSO81bPWsXT59pA8oVuEv166puW+LtIBENw0NMrQUqbkI%2FwyytdEKh7axbX90OXicJBjSGrd0%2Fn6OMvEjQybIYbot%2FTwTRAl1aunCMX9snHpla2HignvgSQ6O61oqP%2FsQl%2F5FT6%2FYHOkeZSxDri5N76BASZfIlUTsb%2FUyP%2FDP2PIYc7JCsfLcJiVKj7pGTnjzCTWVz1r2cxbbR1nXBijIPwuA6NzoWPOT+MZRi2C8ObEV3BMBzhh4CflX1f4tMtCkUOcG6AQSFmkuYiMsSy4QJH53bMsCXS2l9OQF+dC5xeJjQ%2F9f4m8IC7o5vJ62KCoAEKZybiY2V65fmulUkzStF1L1fv73voEZZxJ6OrJWWoC+5gLvjwA72fPMjlBDyy8N9snQ0B4PJWHB4g%3D%3D&hotel=203683&ds=qqYuwCdeeyGgIaeA
AGODA_3,agoda,Comfort Suites at Par 4 Resort,"1 King Bed, Suite, Nonsmoking, Accessible",king bed,King,Suite,5,10426,0,10426,"['Wi-Fi [free]', 'Room size: 40 m²/431 ft²', '1 king bed', 'Bathtub', 'Non-smoking', 'Shared bathroom', 'Closet', 'Air conditioning', 'Coffee/tea maker', 'Refrigerator']",2025-11-14,2025-11-15,https://www.agoda.com/en-in/comfort-suites-foxfire_5/hotel/waupaca-wi-us.html?asq=oSBZUdCJkTqIcAJrG1AX8Jufa9Vwpz6XltTHq4n+9gNpSLc+T+pB%2F8FnmmA8sOyABZMHJNyhPX8Prg%2FH1te1+vz5QyyV4UEqRQ9lzfdTBTxxn3WZkWNFTjlVRW+RlD7cD8zS52LqyqgGzSr4Q1yOV9fXfA8oGge%2Fyp6S5mpJBbOMmQnp4l%2FqxXHScg6%2FIMuw+IlKoH2RRzVED37Mh9Acgg2FjZQhPusmJYf5Wx3Xjom2O005JJr4tzCeQoVcD0pL1BrustHV7sjEhRQROgMYvvtksTw8xHnPyufhKXPrHNNQdwO4DN1hJ7DMFEBjA1tlsOuDhLfZOw1q2rQOnoj14WkhX+Rs50g0fdI7vUoNdFzciZtp1rX4kwueALQiVTpra8Q6YIY31VZ7ikracSjcaStovsPbQgCFuB4p9HKsGMuaiWpH3WUmUhYvwqBgss8OmYaYLY4mpvBQRFZ9DXnGL3Ab7LBfPPeV+xRKkQH%2FZbgm4pJ7H7mRjRxbsMXt2MhO4Waan8nej3fD86snlFzhLkuMmTTH5l9zLcYrLnjeW8QSqYQPBv+WKInhgy0w1c1tNvoKVnqZacA1np0vT683+qJ7vN1f5BqlEQqEAvmbOz7SfkPUnDmorqc9A57NEcuDP1S+AKBERrC%2FMG7qCA47RbfQ3Q3DeNYL8Fxddl6dcJ4c96xaz7wUkXZ4kU0h2nVNlZWZdwncM8i9lIIBkv7NjeRiEG3%2FHEwKwlkdRmn7a0F5nLRnaQbnusi0gbXykZ1nm0FFd++GSO81bPWsXT59pA8oVuEv166puW+LtIBENw0NMrQUqbkI%2FwyytdEKh7axbX90OXicJBjSGrd0%2Fn6OMvEjQybIYbot%2FTwTRAl1aunCMX9snHpla2HignvgSQ6O61oqP%2FsQl%2F5FT6%2FYHOkeZSxDri5N76BASZfIlUTsb%2FUyP%2FDP2PIYc7JCsfLcJiVKj7pGTnjzCTWVz1r2cxbbR1nXBijIPwuA6NzoWPOT+MZRi2C8ObEV3BMBzhh4CflX1f4tMtCkUOcG6AQSFmkuYiMsSy4QJH53bMsCXS2l9OQF+dC5xeJjQ%2F9f4m8IC7o5vJ62KCoAEKZybiY2V65fmulUkzStF1L1fv73voEZZxJ6OrJWWoC+5gLvjwA72fPMjlBDyy8N9snQ0B4PJWHB4g%3D%3D&hotel=203683&ds=qqYuwCdeeyGgIaeA
AGODA_3,agoda,Comfort Suites at Par 4 Resort,"1 King Bed, Suite, No Smoking",king bed,King,Suite,5,10426,0,10426,"['Wi-Fi [free]', 'Room size: 39 m²/420 ft²', '1 king bed', 'Mini bar', 'Non-smoking', 'Shared bathroom', 'Closet', 'Air conditioning', 'Coffee/tea maker', 'Refrigerator']",2025-11-14,2025-11-15,https://www.agoda.com/en-in/comfort-suites-foxfire_5/hotel/waupaca-wi-us.html?asq=oSBZUdCJkTqIcAJrG1AX8Jufa9Vwpz6XltTHq4n+9gNpSLc+T+pB%2F8FnmmA8sOyABZMHJNyhPX8Prg%2FH1te1+vz5QyyV4UEqRQ9lzfdTBTxxn3WZkWNFTjlVRW+RlD7cD8zS52LqyqgGzSr4Q1yOV9fXfA8oGge%2Fyp6S5mpJBbOMmQnp4l%2FqxXHScg6%2FIMuw+IlKoH2RRzVED37Mh9Acgg2FjZQhPusmJYf5Wx3Xjom2O005JJr4tzCeQoVcD0pL1BrustHV7sjEhRQROgMYvvtksTw8xHnPyufhKXPrHNNQdwO4DN1hJ7DMFEBjA1tlsOuDhLfZOw1q2rQOnoj14WkhX+Rs50g0fdI7vUoNdFzciZtp1rX4kwueALQiVTpra8Q6YIY31VZ7ikracSjcaStovsPbQgCFuB4p9HKsGMuaiWpH3WUmUhYvwqBgss8OmYaYLY4mpvBQRFZ9DXnGL3Ab7LBfPPeV+xRKkQH%2FZbgm4pJ7H7mRjRxbsMXt2MhO4Waan8nej3fD86snlFzhLkuMmTTH5l9zLcYrLnjeW8QSqYQPBv+WKInhgy0w1c1tNvoKVnqZacA1np0vT683+qJ7vN1f5BqlEQqEAvmbOz7SfkPUnDmorqc9A57NEcuDP1S+AKBERrC%2FMG7qCA47RbfQ3Q3DeNYL8Fxddl6dcJ4c96xaz7wUkXZ4kU0h2nVNlZWZdwncM8i9lIIBkv7NjeRiEG3%2FHEwKwlkdRmn7a0F5nLRnaQbnusi0gbXykZ1nm0FFd++GSO81bPWsXT59pA8oVuEv166puW+LtIBENw0NMrQUqbkI%2FwyytdEKh7axbX90OXicJBjSGrd0%2Fn6OMvEjQybIYbot%2FTwTRAl1aunCMX9snHpla2HignvgSQ6O61oqP%2FsQl%2F5FT6%2FYHOkeZSxDri5N76BASZfIlUTsb%2FUyP%2FDP2PIYc7JCsfLcJiVKj7pGTnjzCTWVz1r2cxbbR1nXBijIPwuA6NzoWPOT+MZRi2C8ObEV3BMBzhh4CflX1f4tMtCkUOcG6AQSFmkuYiMsSy4QJH53bMsCXS2l9OQF+dC5xeJjQ%2F9f4m8IC7o5vJ62KCoAEKZybiY2V65fmulUkzStF1L1fv73voEZZxJ6OrJWWoC+5gLvjwA72fPMjlBDyy8N9snQ0B4PJWHB4g%3D%3D&hotel=203683&ds=qqYuwCdeeyGgIaeA
AGODA_3,agoda,Comfort Suites at Par 4 Resort,"1 King Bed, Suite, No smoking,Upgrade",king bedS,King,Suite,5,10921,0,10921,"['Wi-Fi [free]', 'Room size: 40 m²/431 ft²', '1 king bed', 'Separate shower/bathtub', 'Balcony/terrace', 'Mini bar', 'Non-smoking', 'Shared bathroom', 'Closet', 'Air conditioning']",2025-11-14,2025-11-15,https://www.agoda.com/en-in/comfort-suites-foxfire_5/hotel/waupaca-wi-us.html?asq=oSBZUdCJkTqIcAJrG1AX8Jufa9Vwpz6XltTHq4n+9gNpSLc+T+pB%2F8FnmmA8sOyABZMHJNyhPX8Prg%2FH1te1+vz5QyyV4UEqRQ9lzfdTBTxxn3WZkWNFTjlVRW+RlD7cD8zS52LqyqgGzSr4Q1yOV9fXfA8oGge%2Fyp6S5mpJBbOMmQnp4l%2FqxXHScg6%2FIMuw+IlKoH2RRzVED37Mh9Acgg2FjZQhPusmJYf5Wx3Xjom2O005JJr4tzCeQoVcD0pL1BrustHV7sjEhRQROgMYvvtksTw8xHnPyufhKXPrHNNQdwO4DN1hJ7DMFEBjA1tlsOuDhLfZOw1q2rQOnoj14WkhX+Rs50g0fdI7vUoNdFzciZtp1rX4kwueALQiVTpra8Q6YIY31VZ7ikracSjcaStovsPbQgCFuB4p9HKsGMuaiWpH3WUmUhYvwqBgss8OmYaYLY4mpvBQRFZ9DXnGL3Ab7LBfPPeV+xRKkQH%2FZbgm4pJ7H7mRjRxbsMXt2MhO4Waan8nej3fD86snlFzhLkuMmTTH5l9zLcYrLnjeW8QSqYQPBv+WKInhgy0w1c1tNvoKVnqZacA1np0vT683+qJ7vN1f5BqlEQqEAvmbOz7SfkPUnDmorqc9A57NEcuDP1S+AKBERrC%2FMG7qCA47RbfQ3Q3DeNYL8Fxddl6dcJ4c96xaz7wUkXZ4kU0h2nVNlZWZdwncM8i9lIIBkv7NjeRiEG3%2FHEwKwlkdRmn7a0F5nLRnaQbnusi0gbXykZ1nm0FFd++GSO81bPWsXT59pA8oVuEv166puW+LtIBENw0NMrQUqbkI%2FwyytdEKh7axbX90OXicJBjSGrd0%2Fn6OMvEjQybIYbot%2FTwTRAl1aunCMX9snHpla2HignvgSQ6O61oqP%2FsQl%2F5FT6%2FYHOkeZSxDri5N76BASZfIlUTsb%2FUyP%2FDP2PIYc7JCsfLcJiVKj7pGTnjzCTWVz1r2cxbbR1nXBijIPwuA6NzoWPOT+MZRi2C8ObEV3BMBzhh4CflX1f4tMtCkUOcG6AQSFmkuYiMsSy4QJH53bMsCXS2l9OQF+dC5xeJjQ%2F9f4m8IC7o5vJ62KCoAEKZybiY2V65fmulUkzStF1L1fv73voEZZxJ6OrJWWoC+5gLvjwA72fPMjlBDyy8N9snQ0B4PJWHB4g%3D%3D&hotel=203683&ds=qqYuwCdeeyGgIaeA
AGODA_3,agoda,Comfort Suites at Par 4 Resort,"1 King Bed, Suite, No Smoking, Upgrade",king bed,King,Suite,5,10921,0,10921,"['Wi-Fi [free]', 'Room size: 40 m²/431 ft²', '1 king bed', 'Whirlpool bathtub', 'Non-smoking', 'Shared bathroom', 'Closet', 'Air conditioning', 'Coffee/tea maker', 'Refrigerator']",2025-11-14,2025-11-15,https://www.agoda.com/en-in/comfort-suites-foxfire_5/hotel/waupaca-wi-us.html?asq=oSBZUdCJkTqIcAJrG1AX8Jufa9Vwpz6XltTHq4n+9gNpSLc+T+pB%2F8FnmmA8sOyABZMHJNyhPX8Prg%2FH1te1+vz5QyyV4UEqRQ9lzfdTBTxxn3WZkWNFTjlVRW+RlD7cD8zS52LqyqgGzSr4Q1yOV9fXfA8oGge%2Fyp6S5mpJBbOMmQnp4l%2FqxXHScg6%2FIMuw+IlKoH2RRzVED37Mh9Acgg2FjZQhPusmJYf5Wx3Xjom2O005JJr4tzCeQoVcD0pL1BrustHV7sjEhRQROgMYvvtksTw8xHnPyufhKXPrHNNQdwO4DN1hJ7DMFEBjA1tlsOuDhLfZOw1q2rQOnoj14WkhX+Rs50g0fdI7vUoNdFzciZtp1rX4kwueALQiVTpra8Q6YIY31VZ7ikracSjcaStovsPbQgCFuB4p9HKsGMuaiWpH3WUmUhYvwqBgss8OmYaYLY4mpvBQRFZ9DXnGL3Ab7LBfPPeV+xRKkQH%2FZbgm4pJ7H7mRjRxbsMXt2MhO4Waan8nej3fD86snlFzhLkuMmTTH5l9zLcYrLnjeW8QSqYQPBv+WKInhgy0w1c1tNvoKVnqZacA1np0vT683+qJ7vN1f5BqlEQqEAvmbOz7SfkPUnDmorqc9A57NEcuDP1S+AKBERrC%2FMG7qCA47RbfQ3Q3DeNYL8Fxddl6dcJ4c96xaz7wUkXZ4kU0h2nVNlZWZdwncM8i9lIIBkv7NjeRiEG3%2FHEwKwlkdRmn7a0F5nLRnaQbnusi0gbXykZ1nm0FFd++GSO81bPWsXT59pA8oVuEv166puW+LtIBENw0NMrQUqbkI%2FwyytdEKh7axbX90OXicJBjSGrd0%2Fn6OMvEjQybIYbot%2FTwTRAl1aunCMX9snHpla2HignvgSQ6O61oqP%2FsQl%2F5FT6%2FYHOkeZSxDri5N76BASZfIlUTsb%2FUyP%2FDP2PIYc7JCsfLcJiVKj7pGTnjzCTWVz1r2cxbbR1nXBijIPwuA6NzoWPOT+MZRi2C8ObEV3BMBzhh4CflX1f4tMtCkUOcG6AQSFmkuYiMsSy4QJH53bMsCXS2l9OQF+dC5xeJjQ%2F9f4m8IC7o5vJ62KCoAEKZybiY2V65fmulUkzStF1L1fv73voEZZxJ6OrJWWoC+5gLvjwA72fPMjlBDyy8N9snQ0B4PJWHB4g%3D%3D&hotel=203683&ds=qqYuwCdeeyGgIaeA
AGODA_3,agoda,Comfort Suites at Par 4 Resort,"2 Queen Beds, Suite, Nonsmoking",queen beds,Queen,Suite,5,9369,0,9369,"['Wi-Fi [free]', 'Room size: 39 m²/420 ft²', '2 queen beds', 'Mini bar', 'Non-smoking', 'Shared bathroom', 'Closet', 'Air conditioning', 'Coffee/tea maker', 'Refrigerator']",2025-11-15,2025-11-16,https://www.agoda.com/en-in/comfort-suites-foxfire_5/hotel/waupaca-wi-us.html?asq=oSBZUdCJkTqIcAJrG1AX8Jufa9Vwpz6XltTHq4n+9gNpSLc+T+pB%2F8FnmmA8sOyABZMHJNyhPX8Prg%2FH1te1+vz5QyyV4UEqRQ9lzfdTBTxxn3WZkWNFTjlVRW+RlD7cD8zS52LqyqgGzSr4Q1yOV9fXfA8oGge%2Fyp6S5mpJBbOMmQnp4l%2FqxXHScg6%2FIMuw+IlKoH2RRzVED37Mh9Acgg2FjZQhPusmJYf5Wx3Xjom2O005JJr4tzCeQoVcD0pL1BrustHV7sjEhRQROgMYvvtksTw8xHnPyufhKXPrHNNQdwO4DN1hJ7DMFEBjA1tlsOuDhLfZOw1q2rQOnoj14WkhX+Rs50g0fdI7vUoNdFzciZtp1rX4kwueALQiVTpra8Q6YIY31VZ7ikracSjcaStovsPbQgCFuB4p9HKsGMuaiWpH3WUmUhYvwqBgss8OmYaYLY4mpvBQRFZ9DXnGL3Ab7LBfPPeV+xRKkQH%2FZbgm4pJ7H7mRjRxbsMXt2MhO4Waan8nej3fD86snlFzhLkuMmTTH5l9zLcYrLnjeW8QSqYQPBv+WKInhgy0w1c1tNvoKVnqZacA1np0vT683+qJ7vN1f5BqlEQqEAvmbOz7SfkPUnDmorqc9A57NEcuDP1S+AKBERrC%2FMG7qCA47RbfQ3Q3DeNYL8Fxddl6dcJ4c96xaz7wUkXZ4kU0h2nVNlZWZdwncM8i9lIIBkv7NjeRiEG3%2FHEwKwlkdRmn7a0F5nLRnaQbnusi0gbXykZ1nm0FFd++GSO81bPWsXT59pA8oVuEv166puW+LtIBENw0NMrQUqbkI%2FwyytdEKh7axbX90OXicJBjSGrd0%2Fn6OMvEjQybIYbot%2FTwTRAl1aunCMX9snHpla2HignvgSQ6O61oqP%2FsQl%2F5FT6%2FYHOkeZSxDri5N76BASZfIlUTsb%2FUyP%2FDP2PIYc7JCsfLcJiVKj7pGTnjzCTWVz1r2cxbbR1nXBijIPwuA6NzoWPOT+MZRi2C8ObEV3BMBzhh4CflX1f4tMtCkUOcG6AQSFmkuYiMsSy4QJH53bMsCXS2l9OQF+dC5xeJjQ%2F9f4m8IC7o5vJ62KCoAEKZybiY2V65fmulUkzStF1L1fv73voEZZxJ6OrJWWoC+5gLvjwA72fPMjlBDyy8N9snQ0B4PJWHB4g%3D%3D&hotel=203683&ds=qqYuwCdeeyGgIaeA
AGODA_3,agoda,Comfort Suites at Par 4 Resort,"1 King Bed, Suite, Nonsmoking",king bed,King,Suite,5,10085,0,10085,"['1 king bed', 'Non-smoking', 'Coffee/tea maker', 'Refrigerator', 'Hair dryer', 'Shower']",2025-11-15,2025-11-16,https://www.agoda.com/en-in/comfort-suites-foxfire_5/hotel/waupaca-wi-us.html?asq=oSBZUdCJkTqIcAJrG1AX8Jufa9Vwpz6XltTHq4n+9gNpSLc+T+pB%2F8FnmmA8sOyABZMHJNyhPX8Prg%2FH1te1+vz5QyyV4UEqRQ9lzfdTBTxxn3WZkWNFTjlVRW+RlD7cD8zS52LqyqgGzSr4Q1yOV9fXfA8oGge%2Fyp6S5mpJBbOMmQnp4l%2FqxXHScg6%2FIMuw+IlKoH2RRzVED37Mh9Acgg2FjZQhPusmJYf5Wx3Xjom2O005JJr4tzCeQoVcD0pL1BrustHV7sjEhRQROgMYvvtksTw8xHnPyufhKXPrHNNQdwO4DN1hJ7DMFEBjA1tlsOuDhLfZOw1q2rQOnoj14WkhX+Rs50g0fdI7vUoNdFzciZtp1rX4kwueALQiVTpra8Q6YIY31VZ7ikracSjcaStovsPbQgCFuB4p9HKsGMuaiWpH3WUmUhYvwqBgss8OmYaYLY4mpvBQRFZ9DXnGL3Ab7LBfPPeV+xRKkQH%2FZbgm4pJ7H7mRjRxbsMXt2MhO4Waan8nej3fD86snlFzhLkuMmTTH5l9zLcYrLnjeW8QSqYQPBv+WKInhgy0w1c1tNvoKVnqZacA1np0vT683+qJ7vN1f5BqlEQqEAvmbOz7SfkPUnDmorqc9A57NEcuDP1S+AKBERrC%2FMG7qCA47RbfQ3Q3DeNYL8Fxddl6dcJ4c96xaz7wUkXZ4kU0h2nVNlZWZdwncM8i9lIIBkv7NjeRiEG3%2FHEwKwlkdRmn7a0F5nLRnaQbnusi0gbXykZ1nm0FFd++GSO81bPWsXT59pA8oVuEv166puW+LtIBENw0NMrQUqbkI%2FwyytdEKh7axbX90OXicJBjSGrd0%2Fn6OMvEjQybIYbot%2FTwTRAl1aunCMX9snHpla2HignvgSQ6O61oqP%2FsQl%2F5FT6%2FYHOkeZSxDri5N76BASZfIlUTsb%2FUyP%2FDP2PIYc7JCsfLcJiVKj7pGTnjzCTWVz1r2cxbbR1nXBijIPwuA6NzoWPOT+MZRi2C8ObEV3BMBzhh4CflX1f4tMtCkUOcG6AQSFmkuYiMsSy4QJH53bMsCXS2l9OQF+dC5xeJjQ%2F9f4m8IC7o5vJ62KCoAEKZybiY2V65fmulUkzStF1L1fv73voEZZxJ6OrJWWoC+5gLvjwA72fPMjlBDyy8N9snQ0B4PJWHB4g%3D%3D&hotel=203683&ds=qqYuwCdeeyGgIaeA
AGODA_3,agoda,Comfort Suites at Par 4 Resort,"1 King Bed, Suite, Nonsmoking, Accessible",king bed,King,Suite,5,10085,0,10085,"['Wi-Fi [free]', 'Room size: 40 m²/431 ft²', '1 king bed', 'Bathtub', 'Non-smoking', 'Shared bathroom', 'Closet', 'Air conditioning', 'Coffee/tea maker', 'Refrigerator']",2025-11-15,2025-11-16,https://www.agoda.com/en-in/comfort-suites-foxfire_5/hotel/waupaca-wi-us.html?asq=oSBZUdCJkTqIcAJrG1AX8Jufa9Vwpz6XltTHq4n+9gNpSLc+T+pB%2F8FnmmA8sOyABZMHJNyhPX8Prg%2FH1te1+vz5QyyV4UEqRQ9lzfdTBTxxn3WZkWNFTjlVRW+RlD7cD8zS52LqyqgGzSr4Q1yOV9fXfA8oGge%2Fyp6S5mpJBbOMmQnp4l%2FqxXHScg6%2FIMuw+IlKoH2RRzVED37Mh9Acgg2FjZQhPusmJYf5Wx3Xjom2O005JJr4tzCeQoVcD0pL1BrustHV7sjEhRQROgMYvvtksTw8xHnPyufhKXPrHNNQdwO4DN1hJ7DMFEBjA1tlsOuDhLfZOw1q2rQOnoj14WkhX+Rs50g0fdI7vUoNdFzciZtp1rX4kwueALQiVTpra8Q6YIY31VZ7ikracSjcaStovsPbQgCFuB4p9HKsGMuaiWpH3WUmUhYvwqBgss8OmYaYLY4mpvBQRFZ9DXnGL3Ab7LBfPPeV+xRKkQH%2FZbgm4pJ7H7mRjRxbsMXt2MhO4Waan8nej3fD86snlFzhLkuMmTTH5l9zLcYrLnjeW8QSqYQPBv+WKInhgy0w1c1tNvoKVnqZacA1np0vT683+qJ7vN1f5BqlEQqEAvmbOz7SfkPUnDmorqc9A57NEcuDP1S+AKBERrC%2FMG7qCA47RbfQ3Q3DeNYL8Fxddl6dcJ4c96xaz7wUkXZ4kU0h2nVNlZWZdwncM8i9lIIBkv7NjeRiEG3%2FHEwKwlkdRmn7a0F5nLRnaQbnusi0gbXykZ1nm0FFd++GSO81bPWsXT59pA8oVuEv166puW+LtIBENw0NMrQUqbkI%2FwyytdEKh7axbX90OXicJBjSGrd0%2Fn6OMvEjQybIYbot%2FTwTRAl1aunCMX9snHpla2HignvgSQ6O61oqP%2FsQl%2F5FT6%2FYHOkeZSxDri5N76BASZfIlUTsb%2FUyP%2FDP2PIYc7JCsfLcJiVKj7pGTnjzCTWVz1r2cxbbR1nXBijIPwuA6NzoWPOT+MZRi2C8ObEV3BMBzhh4CflX1f4tMtCkUOcG6AQSFmkuYiMsSy4QJH53bMsCXS2l9OQF+dC5xeJjQ%2F9f4m8IC7o5vJ62KCoAEKZybiY2V65fmulUkzStF1L1fv73voEZZxJ6OrJWWoC+5gLvjwA72fPMjlBDyy8N9snQ0B4PJWHB4g%3D%3D&hotel=203683&ds=qqYuwCdeeyGgIaeA
AGODA_3,agoda,Comfort Suites at Par 4 Resort,"1 King Bed, Suite, No Smoking",king bed,King,Suite,5,10085,0,10085,"['Wi-Fi [free]', 'Room size: 39 m²/420 ft²', '1 king bed', 'Mini bar', 'Non-smoking', 'Shared bathroom', 'Closet', 'Air conditioning', 'Coffee/tea maker', 'Refrigerator']",2025-11-15,2025-11-16,https://www.agoda.com/en-in/comfort-suites-foxfire_5/hotel/waupaca-wi-us.html?asq=oSBZUdCJkTqIcAJrG1AX8Jufa9Vwpz6XltTHq4n+9gNpSLc+T+pB%2F8FnmmA8sOyABZMHJNyhPX8Prg%2FH1te1+vz5QyyV4UEqRQ9lzfdTBTxxn3WZkWNFTjlVRW+RlD7cD8zS52LqyqgGzSr4Q1yOV9fXfA8oGge%2Fyp6S5mpJBbOMmQnp4l%2FqxXHScg6%2FIMuw+IlKoH2RRzVED37Mh9Acgg2FjZQhPusmJYf5Wx3Xjom2O005JJr4tzCeQoVcD0pL1BrustHV7sjEhRQROgMYvvtksTw8xHnPyufhKXPrHNNQdwO4DN1hJ7DMFEBjA1tlsOuDhLfZOw1q2rQOnoj14WkhX+Rs50g0fdI7vUoNdFzciZtp1rX4kwueALQiVTpra8Q6YIY31VZ7ikracSjcaStovsPbQgCFuB4p9HKsGMuaiWpH3WUmUhYvwqBgss8OmYaYLY4mpvBQRFZ9DXnGL3Ab7LBfPPeV+xRKkQH%2FZbgm4pJ7H7mRjRxbsMXt2MhO4Waan8nej3fD86snlFzhLkuMmTTH5l9zLcYrLnjeW8QSqYQPBv+WKInhgy0w1c1tNvoKVnqZacA1np0vT683+qJ7vN1f5BqlEQqEAvmbOz7SfkPUnDmorqc9A57NEcuDP1S+AKBERrC%2FMG7qCA47RbfQ3Q3DeNYL8Fxddl6dcJ4c96xaz7wUkXZ4kU0h2nVNlZWZdwncM8i9lIIBkv7NjeRiEG3%2FHEwKwlkdRmn7a0F5nLRnaQbnusi0gbXykZ1nm0FFd++GSO81bPWsXT59pA8oVuEv166puW+LtIBENw0NMrQUqbkI%2FwyytdEKh7axbX90OXicJBjSGrd0%2Fn6OMvEjQybIYbot%2FTwTRAl1aunCMX9snHpla2HignvgSQ6O61oqP%2FsQl%2F5FT6%2FYHOkeZSxDri5N76BASZfIlUTsb%2FUyP%2FDP2PIYc7JCsfLcJiVKj7pGTnjzCTWVz1r2cxbbR1nXBijIPwuA6NzoWPOT+MZRi2C8ObEV3BMBzhh4CflX1f4tMtCkUOcG6AQSFmkuYiMsSy4QJH53bMsCXS2l9OQF+dC5xeJjQ%2F9f4m8IC7o5vJ62KCoAEKZybiY2V65fmulUkzStF1L1fv73voEZZxJ6OrJWWoC+5gLvjwA72fPMjlBDyy8N9snQ0B4PJWHB4g%3D%3D&hotel=203683&ds=qqYuwCdeeyGgIaeA
AGODA_3,agoda,Comfort Suites at Par 4 Resort,"1 King Bed, Suite, No smoking,Upgrade",king bedS,King,Suite,5,10716,0,10716,"['Wi-Fi [free]', 'Room size: 40 m²/431 ft²', '1 king bed', 'Separate shower/bathtub', 'Balcony/terrace', 'Mini bar', 'Non-smoking', 'Shared bathroom', 'Closet', 'Air conditioning']",2025-11-15,2025-11-16,https://www.agoda.com/en-in/comfort-suites-foxfire_5/hotel/waupaca-wi-us.html?asq=oSBZUdCJkTqIcAJrG1AX8Jufa9Vwpz6XltTHq4n+9gNpSLc+T+pB%2F8FnmmA8sOyABZMHJNyhPX8Prg%2FH1te1+vz5QyyV4UEqRQ9lzfdTBTxxn3WZkWNFTjlVRW+RlD7cD8zS52LqyqgGzSr4Q1yOV9fXfA8oGge%2Fyp6S5mpJBbOMmQnp4l%2FqxXHScg6%2FIMuw+IlKoH2RRzVED37Mh9Acgg2FjZQhPusmJYf5Wx3Xjom2O005JJr4tzCeQoVcD0pL1BrustHV7sjEhRQROgMYvvtksTw8xHnPyufhKXPrHNNQdwO4DN1hJ7DMFEBjA1tlsOuDhLfZOw1q2rQOnoj14WkhX+Rs50g0fdI7vUoNdFzciZtp1rX4kwueALQiVTpra8Q6YIY31VZ7ikracSjcaStovsPbQgCFuB4p9HKsGMuaiWpH3WUmUhYvwqBgss8OmYaYLY4mpvBQRFZ9DXnGL3Ab7LBfPPeV+xRKkQH%2FZbgm4pJ7H7mRjRxbsMXt2MhO4Waan8nej3fD86snlFzhLkuMmTTH5l9zLcYrLnjeW8QSqYQPBv+WKInhgy0w1c1tNvoKVnqZacA1np0vT683+qJ7vN1f5BqlEQqEAvmbOz7SfkPUnDmorqc9A57NEcuDP1S+AKBERrC%2FMG7qCA47RbfQ3Q3DeNYL8Fxddl6dcJ4c96xaz7wUkXZ4kU0h2nVNlZWZdwncM8i9lIIBkv7NjeRiEG3%2FHEwKwlkdRmn7a0F5nLRnaQbnusi0gbXykZ1nm0FFd++GSO81bPWsXT59pA8oVuEv166puW+LtIBENw0NMrQUqbkI%2FwyytdEKh7axbX90OXicJBjSGrd0%2Fn6OMvEjQybIYbot%2FTwTRAl1aunCMX9snHpla2HignvgSQ6O61oqP%2FsQl%2F5FT6%2FYHOkeZSxDri5N76BASZfIlUTsb%2FUyP%2FDP2PIYc7JCsfLcJiVKj7pGTnjzCTWVz1r2cxbbR1nXBijIPwuA6NzoWPOT+MZRi2C8ObEV3BMBzhh4CflX1f4tMtCkUOcG6AQSFmkuYiMsSy4QJH53bMsCXS2l9OQF+dC5xeJjQ%2F9f4m8IC7o5vJ62KCoAEKZybiY2V65fmulUkzStF1L1fv73voEZZxJ6OrJWWoC+5gLvjwA72fPMjlBDyy8N9snQ0B4PJWHB4g%3D%3D&hotel=203683&ds=qqYuwCdeeyGgIaeA
AGODA_3,agoda,Comfort Suites at Par 4 Resort,"1 King Bed, Suite, No Smoking, Upgrade",king bed,King,Suite,5,10716,0,10716,"['Wi-Fi [free]', 'Room size: 40 m²/431 ft²', '1 king bed', 'Whirlpool bathtub', 'Non-smoking', 'Shared bathroom', 'Closet', 'Air conditioning', 'Coffee/tea maker', 'Refrigerator']",2025-11-15,2025-11-16,https://www.agoda.com/en-in/comfort-suites-foxfire_5/hotel/waupaca-wi-us.html?asq=oSBZUdCJkTqIcAJrG1AX8Jufa9Vwpz6XltTHq4n+9gNpSLc+T+pB%2F8FnmmA8sOyABZMHJNyhPX8Prg%2FH1te1+vz5QyyV4UEqRQ9lzfdTBTxxn3WZkWNFTjlVRW+RlD7cD8zS52LqyqgGzSr4Q1yOV9fXfA8oGge%2Fyp6S5mpJBbOMmQnp4l%2FqxXHScg6%2FIMuw+IlKoH2RRzVED37Mh9Acgg2FjZQhPusmJYf5Wx3Xjom2O005JJr4tzCeQoVcD0pL1BrustHV7sjEhRQROgMYvvtksTw8xHnPyufhKXPrHNNQdwO4DN1hJ7DMFEBjA1tlsOuDhLfZOw1q2rQOnoj14WkhX+Rs50g0fdI7vUoNdFzciZtp1rX4kwueALQiVTpra8Q6YIY31VZ7ikracSjcaStovsPbQgCFuB4p9HKsGMuaiWpH3WUmUhYvwqBgss8OmYaYLY4mpvBQRFZ9DXnGL3Ab7LBfPPeV+xRKkQH%2FZbgm4pJ7H7mRjRxbsMXt2MhO4Waan8nej3fD86snlFzhLkuMmTTH5l9zLcYrLnjeW8QSqYQPBv+WKInhgy0w1c1tNvoKVnqZacA1np0vT683+qJ7vN1f5BqlEQqEAvmbOz7SfkPUnDmorqc9A57NEcuDP1S+AKBERrC%2FMG7qCA47RbfQ3Q3DeNYL8Fxddl6dcJ4c96xaz7wUkXZ4kU0h2nVNlZWZdwncM8i9lIIBkv7NjeRiEG3%2FHEwKwlkdRmn7a0F5nLRnaQbnusi0gbXykZ1nm0FFd++GSO81bPWsXT59pA8oVuEv166puW+LtIBENw0NMrQUqbkI%2FwyytdEKh7axbX90OXicJBjSGrd0%2Fn6OMvEjQybIYbot%2FTwTRAl1aunCMX9snHpla2HignvgSQ6O61oqP%2FsQl%2F5FT6%2FYHOkeZSxDri5N76BASZfIlUTsb%2FUyP%2FDP2PIYc7JCsfLcJiVKj7pGTnjzCTWVz1r2cxbbR1nXBijIPwuA6NzoWPOT+MZRi2C8ObEV3BMBzhh4CflX1f4tMtCkUOcG6AQSFmkuYiMsSy4QJH53bMsCXS2l9OQF+dC5xeJjQ%2F9f4m8IC7o5vJ62KCoAEKZybiY2V65fmulUkzStF1L1fv73voEZZxJ6OrJWWoC+5gLvjwA72fPMjlBDyy8N9snQ0B4PJWHB4g%3D%3D&hotel=203683&ds=qqYuwCdeeyGgIaeA
AGODA_3,agoda,Comfort Suites at Par 4 Resort,"2 Queen Beds, Suite, Nonsmoking",queen beds,Queen,Suite,5,9058,0,9058,"['Wi-Fi [free]', 'Room size: 39 m²/420 ft²', '2 queen beds', 'Mini bar', 'Non-smoking', 'Shared bathroom', 'Closet', 'Air conditioning', 'Coffee/tea maker', 'Refrigerator']",2025-11-17,2025-11-18,https://www.agoda.com/en-in/comfort-suites-foxfire_5/hotel/waupaca-wi-us.html?asq=oSBZUdCJkTqIcAJrG1AX8Jufa9Vwpz6XltTHq4n+9gNpSLc+T+pB%2F8FnmmA8sOyABZMHJNyhPX8Prg%2FH1te1+vz5QyyV4UEqRQ9lzfdTBTxxn3WZkWNFTjlVRW+RlD7cD8zS52LqyqgGzSr4Q1yOV9fXfA8oGge%2Fyp6S5mpJBbOMmQnp4l%2FqxXHScg6%2FIMuw+IlKoH2RRzVED37Mh9Acgg2FjZQhPusmJYf5Wx3Xjom2O005JJr4tzCeQoVcD0pL1BrustHV7sjEhRQROgMYvvtksTw8xHnPyufhKXPrHNNQdwO4DN1hJ7DMFEBjA1tlsOuDhLfZOw1q2rQOnoj14WkhX+Rs50g0fdI7vUoNdFzciZtp1rX4kwueALQiVTpra8Q6YIY31VZ7ikracSjcaStovsPbQgCFuB4p9HKsGMuaiWpH3WUmUhYvwqBgss8OmYaYLY4mpvBQRFZ9DXnGL3Ab7LBfPPeV+xRKkQH%2FZbgm4pJ7H7mRjRxbsMXt2MhO4Waan8nej3fD86snlFzhLkuMmTTH5l9zLcYrLnjeW8QSqYQPBv+WKInhgy0w1c1tNvoKVnqZacA1np0vT683+qJ7vN1f5BqlEQqEAvmbOz7SfkPUnDmorqc9A57NEcuDP1S+AKBERrC%2FMG7qCA47RbfQ3Q3DeNYL8Fxddl6dcJ4c96xaz7wUkXZ4kU0h2nVNlZWZdwncM8i9lIIBkv7NjeRiEG3%2FHEwKwlkdRmn7a0F5nLRnaQbnusi0gbXykZ1nm0FFd++GSO81bPWsXT59pA8oVuEv166puW+LtIBENw0NMrQUqbkI%2FwyytdEKh7axbX90OXicJBjSGrd0%2Fn6OMvEjQybIYbot%2FTwTRAl1aunCMX9snHpla2HignvgSQ6O61oqP%2FsQl%2F5FT6%2FYHOkeZSxDri5N76BASZfIlUTsb%2FUyP%2FDP2PIYc7JCsfLcJiVKj7pGTnjzCTWVz1r2cxbbR1nXBijIPwuA6NzoWPOT+MZRi2C8ObEV3BMBzhh4CflX1f4tMtCkUOcG6AQSFmkuYiMsSy4QJH53bMsCXS2l9OQF+dC5xeJjQ%2F9f4m8IC7o5vJ62KCoAEKZybiY2V65fmulUkzStF1L1fv73voEZZxJ6OrJWWoC+5gLvjwA72fPMjlBDyy8N9snQ0B4PJWHB4g%3D%3D&hotel=203683&ds=qqYuwCdeeyGgIaeA
AGODA_3,agoda,Comfort Suites at Par 4 Resort,"1 King Bed, Suite, Nonsmoking, Accessible",king bed,King,Suite,5,10377,0,10377,"['Wi-Fi [free]', 'Room size: 40 m²/431 ft²', '1 king bed', 'Bathtub', 'Non-smoking', 'Shared bathroom', 'Closet', 'Air conditioning', 'Coffee/tea maker', 'Refrigerator']",2025-11-17,2025-11-18,https://www.agoda.com/en-in/comfort-suites-foxfire_5/hotel/waupaca-wi-us.html?asq=oSBZUdCJkTqIcAJrG1AX8Jufa9Vwpz6XltTHq4n+9gNpSLc+T+pB%2F8FnmmA8sOyABZMHJNyhPX8Prg%2FH1te1+vz5QyyV4UEqRQ9lzfdTBTxxn3WZkWNFTjlVRW+RlD7cD8zS52LqyqgGzSr4Q1yOV9fXfA8oGge%2Fyp6S5mpJBbOMmQnp4l%2FqxXHScg6%2FIMuw+IlKoH2RRzVED37Mh9Acgg2FjZQhPusmJYf5Wx3Xjom2O005JJr4tzCeQoVcD0pL1BrustHV7sjEhRQROgMYvvtksTw8xHnPyufhKXPrHNNQdwO4DN1hJ7DMFEBjA1tlsOuDhLfZOw1q2rQOnoj14WkhX+Rs50g0fdI7vUoNdFzciZtp1rX4kwueALQiVTpra8Q6YIY31VZ7ikracSjcaStovsPbQgCFuB4p9HKsGMuaiWpH3WUmUhYvwqBgss8OmYaYLY4mpvBQRFZ9DXnGL3Ab7LBfPPeV+xRKkQH%2FZbgm4pJ7H7mRjRxbsMXt2MhO4Waan8nej3fD86snlFzhLkuMmTTH5l9zLcYrLnjeW8QSqYQPBv+WKInhgy0w1c1tNvoKVnqZacA1np0vT683+qJ7vN1f5BqlEQqEAvmbOz7SfkPUnDmorqc9A57NEcuDP1S+AKBERrC%2FMG7qCA47RbfQ3Q3DeNYL8Fxddl6dcJ4c96xaz7wUkXZ4kU0h2nVNlZWZdwncM8i9lIIBkv7NjeRiEG3%2FHEwKwlkdRmn7a0F5nLRnaQbnusi0gbXykZ1nm0FFd++GSO81bPWsXT59pA8oVuEv166puW+LtIBENw0NMrQUqbkI%2FwyytdEKh7axbX90OXicJBjSGrd0%2Fn6OMvEjQybIYbot%2FTwTRAl1aunCMX9snHpla2HignvgSQ6O61oqP%2FsQl%2F5FT6%2FYHOkeZSxDri5N76BASZfIlUTsb%2FUyP%2FDP2PIYc7JCsfLcJiVKj7pGTnjzCTWVz1r2cxbbR1nXBijIPwuA6NzoWPOT+MZRi2C8ObEV3BMBzhh4CflX1f4tMtCkUOcG6AQSFmkuYiMsSy4QJH53bMsCXS2l9OQF+dC5xeJjQ%2F9f4m8IC7o5vJ62KCoAEKZybiY2V65fmulUkzStF1L1fv73voEZZxJ6OrJWWoC+5gLvjwA72fPMjlBDyy8N9snQ0B4PJWHB4g%3D%3D&hotel=203683&ds=qqYuwCdeeyGgIaeA
AGODA_3,agoda,Comfort Suites at Par 4 Resort,"1 King Bed, Suite, No Smoking",king bed,King,Suite,5,10377,0,10377,"['Wi-Fi [free]', 'Room size: 39 m²/420 ft²', '1 king bed', 'Mini bar', 'Non-smoking', 'Shared bathroom', 'Closet', 'Air conditioning', 'Coffee/tea maker', 'Refrigerator']",2025-11-17,2025-11-18,https://www.agoda.com/en-in/comfort-suites-foxfire_5/hotel/waupaca-wi-us.html?asq=oSBZUdCJkTqIcAJrG1AX8Jufa9Vwpz6XltTHq4n+9gNpSLc+T+pB%2F8FnmmA8sOyABZMHJNyhPX8Prg%2FH1te1+vz5QyyV4UEqRQ9lzfdTBTxxn3WZkWNFTjlVRW+RlD7cD8zS52LqyqgGzSr4Q1yOV9fXfA8oGge%2Fyp6S5mpJBbOMmQnp4l%2FqxXHScg6%2FIMuw+IlKoH2RRzVED37Mh9Acgg2FjZQhPusmJYf5Wx3Xjom2O005JJr4tzCeQoVcD0pL1BrustHV7sjEhRQROgMYvvtksTw8xHnPyufhKXPrHNNQdwO4DN1hJ7DMFEBjA1tlsOuDhLfZOw1q2rQOnoj14WkhX+Rs50g0fdI7vUoNdFzciZtp1rX4kwueALQiVTpra8Q6YIY31VZ7ikracSjcaStovsPbQgCFuB4p9HKsGMuaiWpH3WUmUhYvwqBgss8OmYaYLY4mpvBQRFZ9DXnGL3Ab7LBfPPeV+xRKkQH%2FZbgm4pJ7H7mRjRxbsMXt2MhO4Waan8nej3fD86snlFzhLkuMmTTH5l9zLcYrLnjeW8QSqYQPBv+WKInhgy0w1c1tNvoKVnqZacA1np0vT683+qJ7vN1f5BqlEQqEAvmbOz7SfkPUnDmorqc9A57NEcuDP1S+AKBERrC%2FMG7qCA47RbfQ3Q3DeNYL8Fxddl6dcJ4c96xaz7wUkXZ4kU0h2nVNlZWZdwncM8i9lIIBkv7NjeRiEG3%2FHEwKwlkdRmn7a0F5nLRnaQbnusi0gbXykZ1nm0FFd++GSO81bPWsXT59pA8oVuEv166puW+LtIBENw0NMrQUqbkI%2FwyytdEKh7axbX90OXicJBjSGrd0%2Fn6OMvEjQybIYbot%2FTwTRAl1aunCMX9snHpla2HignvgSQ6O61oqP%2FsQl%2F5FT6%2FYHOkeZSxDri5N76BASZfIlUTsb%2FUyP%2FDP2PIYc7JCsfLcJiVKj7pGTnjzCTWVz1r2cxbbR1nXBijIPwuA6NzoWPOT+MZRi2C8ObEV3BMBzhh4CflX1f4tMtCkUOcG6AQSFmkuYiMsSy4QJH53bMsCXS2l9OQF+dC5xeJjQ%2F9f4m8IC7o5vJ62KCoAEKZybiY2V65fmulUkzStF1L1fv73voEZZxJ6OrJWWoC+5gLvjwA72fPMjlBDyy8N9snQ0B4PJWHB4g%3D%3D&hotel=203683&ds=qqYuwCdeeyGgIaeA
AGODA_3,agoda,Comfort Suites at Par 4 Resort,"1 King Bed, Suite, No smoking,Upgrade",king bedS,King,Suite,5,11024,0,11024,"['Wi-Fi [free]', 'Room size: 40 m²/431 ft²', '1 king bed', 'Separate shower/bathtub', 'Balcony/terrace', 'Mini bar', 'Non-smoking', 'Shared bathroom', 'Closet', 'Air conditioning']",2025-11-17,2025-11-18,https://www.agoda.com/en-in/comfort-suites-foxfire_5/hotel/waupaca-wi-us.html?asq=oSBZUdCJkTqIcAJrG1AX8Jufa9Vwpz6XltTHq4n+9gNpSLc+T+pB%2F8FnmmA8sOyABZMHJNyhPX8Prg%2FH1te1+vz5QyyV4UEqRQ9lzfdTBTxxn3WZkWNFTjlVRW+RlD7cD8zS52LqyqgGzSr4Q1yOV9fXfA8oGge%2Fyp6S5mpJBbOMmQnp4l%2FqxXHScg6%2FIMuw+IlKoH2RRzVED37Mh9Acgg2FjZQhPusmJYf5Wx3Xjom2O005JJr4tzCeQoVcD0pL1BrustHV7sjEhRQROgMYvvtksTw8xHnPyufhKXPrHNNQdwO4DN1hJ7DMFEBjA1tlsOuDhLfZOw1q2rQOnoj14WkhX+Rs50g0fdI7vUoNdFzciZtp1rX4kwueALQiVTpra8Q6YIY31VZ7ikracSjcaStovsPbQgCFuB4p9HKsGMuaiWpH3WUmUhYvwqBgss8OmYaYLY4mpvBQRFZ9DXnGL3Ab7LBfPPeV+xRKkQH%2FZbgm4pJ7H7mRjRxbsMXt2MhO4Waan8nej3fD86snlFzhLkuMmTTH5l9zLcYrLnjeW8QSqYQPBv+WKInhgy0w1c1tNvoKVnqZacA1np0vT683+qJ7vN1f5BqlEQqEAvmbOz7SfkPUnDmorqc9A57NEcuDP1S+AKBERrC%2FMG7qCA47RbfQ3Q3DeNYL8Fxddl6dcJ4c96xaz7wUkXZ4kU0h2nVNlZWZdwncM8i9lIIBkv7NjeRiEG3%2FHEwKwlkdRmn7a0F5nLRnaQbnusi0gbXykZ1nm0FFd++GSO81bPWsXT59pA8oVuEv166puW+LtIBENw0NMrQUqbkI%2FwyytdEKh7axbX90OXicJBjSGrd0%2Fn6OMvEjQybIYbot%2FTwTRAl1aunCMX9snHpla2HignvgSQ6O61oqP%2FsQl%2F5FT6%2FYHOkeZSxDri5N76BASZfIlUTsb%2FUyP%2FDP2PIYc7JCsfLcJiVKj7pGTnjzCTWVz1r2cxbbR1nXBijIPwuA6NzoWPOT+MZRi2C8ObEV3BMBzhh4CflX1f4tMtCkUOcG6AQSFmkuYiMsSy4QJH53bMsCXS2l9OQF+dC5xeJjQ%2F9f4m8IC7o5vJ62KCoAEKZybiY2V65fmulUkzStF1L1fv73voEZZxJ6OrJWWoC+5gLvjwA72fPMjlBDyy8N9snQ0B4PJWHB4g%3D%3D&hotel=203683&ds=qqYuwCdeeyGgIaeA
AGODA_3,agoda,Comfort Suites at Par 4 Resort,"1 King Bed, Suite, No Smoking, Upgrade",king bed,King,Suite,5,11024,0,11024,"['Wi-Fi [free]', 'Room size: 40 m²/431 ft²', '1 king bed', 'Whirlpool bathtub', 'Non-smoking', 'Shared bathroom', 'Closet', 'Air conditioning', 'Coffee/tea maker', 'Refrigerator']",2025-11-17,2025-11-18,https://www.agoda.com/en-in/comfort-suites-foxfire_5/hotel/waupaca-wi-us.html?asq=oSBZUdCJkTqIcAJrG1AX8Jufa9Vwpz6XltTHq4n+9gNpSLc+T+pB%2F8FnmmA8sOyABZMHJNyhPX8Prg%2FH1te1+vz5QyyV4UEqRQ9lzfdTBTxxn3WZkWNFTjlVRW+RlD7cD8zS52LqyqgGzSr4Q1yOV9fXfA8oGge%2Fyp6S5mpJBbOMmQnp4l%2FqxXHScg6%2FIMuw+IlKoH2RRzVED37Mh9Acgg2FjZQhPusmJYf5Wx3Xjom2O005JJr4tzCeQoVcD0pL1BrustHV7sjEhRQROgMYvvtksTw8xHnPyufhKXPrHNNQdwO4DN1hJ7DMFEBjA1tlsOuDhLfZOw1q2rQOnoj14WkhX+Rs50g0fdI7vUoNdFzciZtp1rX4kwueALQiVTpra8Q6YIY31VZ7ikracSjcaStovsPbQgCFuB4p9HKsGMuaiWpH3WUmUhYvwqBgss8OmYaYLY4mpvBQRFZ9DXnGL3Ab7LBfPPeV+xRKkQH%2FZbgm4pJ7H7mRjRxbsMXt2MhO4Waan8nej3fD86snlFzhLkuMmTTH5l9zLcYrLnjeW8QSqYQPBv+WKInhgy0w1c1tNvoKVnqZacA1np0vT683+qJ7vN1f5BqlEQqEAvmbOz7SfkPUnDmorqc9A57NEcuDP1S+AKBERrC%2FMG7qCA47RbfQ3Q3DeNYL8Fxddl6dcJ4c96xaz7wUkXZ4kU0h2nVNlZWZdwncM8i9lIIBkv7NjeRiEG3%2FHEwKwlkdRmn7a0F5nLRnaQbnusi0gbXykZ1nm0FFd++GSO81bPWsXT59pA8oVuEv166puW+LtIBENw0NMrQUqbkI%2FwyytdEKh7axbX90OXicJBjSGrd0%2Fn6OMvEjQybIYbot%2FTwTRAl1aunCMX9snHpla2HignvgSQ6O61oqP%2FsQl%2F5FT6%2FYHOkeZSxDri5N76BASZfIlUTsb%2FUyP%2FDP2PIYc7JCsfLcJiVKj7pGTnjzCTWVz1r2cxbbR1nXBijIPwuA6NzoWPOT+MZRi2C8ObEV3BMBzhh4CflX1f4tMtCkUOcG6AQSFmkuYiMsSy4QJH53bMsCXS2l9OQF+dC5xeJjQ%2F9f4m8IC7o5vJ62KCoAEKZybiY2V65fmulUkzStF1L1fv73voEZZxJ6OrJWWoC+5gLvjwA72fPMjlBDyy8N9snQ0B4PJWHB4g%3D%3D&hotel=203683&ds=qqYuwCdeeyGgIaeA
AGODA_3,agoda,Comfort Suites at Par 4 Resort,"2 Queen Beds, Suite, Nonsmoking",queen beds,Queen,Suite,5,9209,0,9209,"['Wi-Fi [free]', 'Room size: 39 m²/420 ft²', '2 queen beds', 'Mini bar', 'Non-smoking', 'Shared bathroom', 'Closet', 'Air conditioning', 'Coffee/tea maker', 'Refrigerator']",2025-11-20,2025-11-21,https://www.agoda.com/en-in/comfort-suites-foxfire_5/hotel/waupaca-wi-us.html?asq=oSBZUdCJkTqIcAJrG1AX8Jufa9Vwpz6XltTHq4n+9gNpSLc+T+pB%2F8FnmmA8sOyABZMHJNyhPX8Prg%2FH1te1+vz5QyyV4UEqRQ9lzfdTBTxxn3WZkWNFTjlVRW+RlD7cD8zS52LqyqgGzSr4Q1yOV9fXfA8oGge%2Fyp6S5mpJBbOMmQnp4l%2FqxXHScg6%2FIMuw+IlKoH2RRzVED37Mh9Acgg2FjZQhPusmJYf5Wx3Xjom2O005JJr4tzCeQoVcD0pL1BrustHV7sjEhRQROgMYvvtksTw8xHnPyufhKXPrHNNQdwO4DN1hJ7DMFEBjA1tlsOuDhLfZOw1q2rQOnoj14WkhX+Rs50g0fdI7vUoNdFzciZtp1rX4kwueALQiVTpra8Q6YIY31VZ7ikracSjcaStovsPbQgCFuB4p9HKsGMuaiWpH3WUmUhYvwqBgss8OmYaYLY4mpvBQRFZ9DXnGL3Ab7LBfPPeV+xRKkQH%2FZbgm4pJ7H7mRjRxbsMXt2MhO4Waan8nej3fD86snlFzhLkuMmTTH5l9zLcYrLnjeW8QSqYQPBv+WKInhgy0w1c1tNvoKVnqZacA1np0vT683+qJ7vN1f5BqlEQqEAvmbOz7SfkPUnDmorqc9A57NEcuDP1S+AKBERrC%2FMG7qCA47RbfQ3Q3DeNYL8Fxddl6dcJ4c96xaz7wUkXZ4kU0h2nVNlZWZdwncM8i9lIIBkv7NjeRiEG3%2FHEwKwlkdRmn7a0F5nLRnaQbnusi0gbXykZ1nm0FFd++GSO81bPWsXT59pA8oVuEv166puW+LtIBENw0NMrQUqbkI%2FwyytdEKh7axbX90OXicJBjSGrd0%2Fn6OMvEjQybIYbot%2FTwTRAl1aunCMX9snHpla2HignvgSQ6O61oqP%2FsQl%2F5FT6%2FYHOkeZSxDri5N76BASZfIlUTsb%2FUyP%2FDP2PIYc7JCsfLcJiVKj7pGTnjzCTWVz1r2cxbbR1nXBijIPwuA6NzoWPOT+MZRi2C8ObEV3BMBzhh4CflX1f4tMtCkUOcG6AQSFmkuYiMsSy4QJH53bMsCXS2l9OQF+dC5xeJjQ%2F9f4m8IC7o5vJ62KCoAEKZybiY2V65fmulUkzStF1L1fv73voEZZxJ6OrJWWoC+5gLvjwA72fPMjlBDyy8N9snQ0B4PJWHB4g%3D%3D&hotel=203683&ds=qqYuwCdeeyGgIaeA
AGODA_3,agoda,Comfort Suites at Par 4 Resort,"1 King Bed, Suite, Nonsmoking, Accessible",king bed,King,Suite,5,9907,0,9907,"['Wi-Fi [free]', 'Room size: 40 m²/431 ft²', '1 king bed', 'Bathtub', 'Non-smoking', 'Shared bathroom', 'Closet', 'Air conditioning', 'Coffee/tea maker', 'Refrigerator']",2025-11-20,2025-11-21,https://www.agoda.com/en-in/comfort-suites-foxfire_5/hotel/waupaca-wi-us.html?asq=oSBZUdCJkTqIcAJrG1AX8Jufa9Vwpz6XltTHq4n+9gNpSLc+T+pB%2F8FnmmA8sOyABZMHJNyhPX8Prg%2FH1te1+vz5QyyV4UEqRQ9lzfdTBTxxn3WZkWNFTjlVRW+RlD7cD8zS52LqyqgGzSr4Q1yOV9fXfA8oGge%2Fyp6S5mpJBbOMmQnp4l%2FqxXHScg6%2FIMuw+IlKoH2RRzVED37Mh9Acgg2FjZQhPusmJYf5Wx3Xjom2O005JJr4tzCeQoVcD0pL1BrustHV7sjEhRQROgMYvvtksTw8xHnPyufhKXPrHNNQdwO4DN1hJ7DMFEBjA1tlsOuDhLfZOw1q2rQOnoj14WkhX+Rs50g0fdI7vUoNdFzciZtp1rX4kwueALQiVTpra8Q6YIY31VZ7ikracSjcaStovsPbQgCFuB4p9HKsGMuaiWpH3WUmUhYvwqBgss8OmYaYLY4mpvBQRFZ9DXnGL3Ab7LBfPPeV+xRKkQH%2FZbgm4pJ7H7mRjRxbsMXt2MhO4Waan8nej3fD86snlFzhLkuMmTTH5l9zLcYrLnjeW8QSqYQPBv+WKInhgy0w1c1tNvoKVnqZacA1np0vT683+qJ7vN1f5BqlEQqEAvmbOz7SfkPUnDmorqc9A57NEcuDP1S+AKBERrC%2FMG7qCA47RbfQ3Q3DeNYL8Fxddl6dcJ4c96xaz7wUkXZ4kU0h2nVNlZWZdwncM8i9lIIBkv7NjeRiEG3%2FHEwKwlkdRmn7a0F5nLRnaQbnusi0gbXykZ1nm0FFd++GSO81bPWsXT59pA8oVuEv166puW+LtIBENw0NMrQUqbkI%2FwyytdEKh7axbX90OXicJBjSGrd0%2Fn6OMvEjQybIYbot%2FTwTRAl1aunCMX9snHpla2HignvgSQ6O61oqP%2FsQl%2F5FT6%2FYHOkeZSxDri5N76BASZfIlUTsb%2FUyP%2FDP2PIYc7JCsfLcJiVKj7pGTnjzCTWVz1r2cxbbR1nXBijIPwuA6NzoWPOT+MZRi2C8ObEV3BMBzhh4CflX1f4tMtCkUOcG6AQSFmkuYiMsSy4QJH53bMsCXS2l9OQF+dC5xeJjQ%2F9f4m8IC7o5vJ62KCoAEKZybiY2V65fmulUkzStF1L1fv73voEZZxJ6OrJWWoC+5gLvjwA72fPMjlBDyy8N9snQ0B4PJWHB4g%3D%3D&hotel=203683&ds=qqYuwCdeeyGgIaeA
AGODA_3,agoda,Comfort Suites at Par 4 Resort,"1 King Bed, Suite, No Smoking",king bed,King,Suite,5,9907,0,9907,"['Wi-Fi [free]', 'Room size: 39 m²/420 ft²', '1 king bed', 'Mini bar', 'Non-smoking', 'Shared bathroom', 'Closet', 'Air conditioning', 'Coffee/tea maker', 'Refrigerator']",2025-11-20,2025-11-21,https://www.agoda.com/en-in/comfort-suites-foxfire_5/hotel/waupaca-wi-us.html?asq=oSBZUdCJkTqIcAJrG1AX8Jufa9Vwpz6XltTHq4n+9gNpSLc+T+pB%2F8FnmmA8sOyABZMHJNyhPX8Prg%2FH1te1+vz5QyyV4UEqRQ9lzfdTBTxxn3WZkWNFTjlVRW+RlD7cD8zS52LqyqgGzSr4Q1yOV9fXfA8oGge%2Fyp6S5mpJBbOMmQnp4l%2FqxXHScg6%2FIMuw+IlKoH2RRzVED37Mh9Acgg2FjZQhPusmJYf5Wx3Xjom2O005JJr4tzCeQoVcD0pL1BrustHV7sjEhRQROgMYvvtksTw8xHnPyufhKXPrHNNQdwO4DN1hJ7DMFEBjA1tlsOuDhLfZOw1q2rQOnoj14WkhX+Rs50g0fdI7vUoNdFzciZtp1rX4kwueALQiVTpra8Q6YIY31VZ7ikracSjcaStovsPbQgCFuB4p9HKsGMuaiWpH3WUmUhYvwqBgss8OmYaYLY4mpvBQRFZ9DXnGL3Ab7LBfPPeV+xRKkQH%2FZbgm4pJ7H7mRjRxbsMXt2MhO4Waan8nej3fD86snlFzhLkuMmTTH5l9zLcYrLnjeW8QSqYQPBv+WKInhgy0w1c1tNvoKVnqZacA1np0vT683+qJ7vN1f5BqlEQqEAvmbOz7SfkPUnDmorqc9A57NEcuDP1S+AKBERrC%2FMG7qCA47RbfQ3Q3DeNYL8Fxddl6dcJ4c96xaz7wUkXZ4kU0h2nVNlZWZdwncM8i9lIIBkv7NjeRiEG3%2FHEwKwlkdRmn7a0F5nLRnaQbnusi0gbXykZ1nm0FFd++GSO81bPWsXT59pA8oVuEv166puW+LtIBENw0NMrQUqbkI%2FwyytdEKh7axbX90OXicJBjSGrd0%2Fn6OMvEjQybIYbot%2FTwTRAl1aunCMX9snHpla2HignvgSQ6O61oqP%2FsQl%2F5FT6%2FYHOkeZSxDri5N76BASZfIlUTsb%2FUyP%2FDP2PIYc7JCsfLcJiVKj7pGTnjzCTWVz1r2cxbbR1nXBijIPwuA6NzoWPOT+MZRi2C8ObEV3BMBzhh4CflX1f4tMtCkUOcG6AQSFmkuYiMsSy4QJH53bMsCXS2l9OQF+dC5xeJjQ%2F9f4m8IC7o5vJ62KCoAEKZybiY2V65fmulUkzStF1L1fv73voEZZxJ6OrJWWoC+5gLvjwA72fPMjlBDyy8N9snQ0B4PJWHB4g%3D%3D&hotel=203683&ds=qqYuwCdeeyGgIaeA
AGODA_3,agoda,Comfort Suites at Par 4 Resort,"1 King Bed, Suite, No smoking,Upgrade",king bedS,King,Suite,5,10467,0,10467,"['Wi-Fi [free]', 'Room size: 40 m²/431 ft²', '1 king bed', 'Separate shower/bathtub', 'Balcony/terrace', 'Mini bar', 'Non-smoking', 'Shared bathroom', 'Closet', 'Air conditioning']",2025-11-20,2025-11-21,https://www.agoda.com/en-in/comfort-suites-foxfire_5/hotel/waupaca-wi-us.html?asq=oSBZUdCJkTqIcAJrG1AX8Jufa9Vwpz6XltTHq4n+9gNpSLc+T+pB%2F8FnmmA8sOyABZMHJNyhPX8Prg%2FH1te1+vz5QyyV4UEqRQ9lzfdTBTxxn3WZkWNFTjlVRW+RlD7cD8zS52LqyqgGzSr4Q1yOV9fXfA8oGge%2Fyp6S5mpJBbOMmQnp4l%2FqxXHScg6%2FIMuw+IlKoH2RRzVED37Mh9Acgg2FjZQhPusmJYf5Wx3Xjom2O005JJr4tzCeQoVcD0pL1BrustHV7sjEhRQROgMYvvtksTw8xHnPyufhKXPrHNNQdwO4DN1hJ7DMFEBjA1tlsOuDhLfZOw1q2rQOnoj14WkhX+Rs50g0fdI7vUoNdFzciZtp1rX4kwueALQiVTpra8Q6YIY31VZ7ikracSjcaStovsPbQgCFuB4p9HKsGMuaiWpH3WUmUhYvwqBgss8OmYaYLY4mpvBQRFZ9DXnGL3Ab7LBfPPeV+xRKkQH%2FZbgm4pJ7H7mRjRxbsMXt2MhO4Waan8nej3fD86snlFzhLkuMmTTH5l9zLcYrLnjeW8QSqYQPBv+WKInhgy0w1c1tNvoKVnqZacA1np0vT683+qJ7vN1f5BqlEQqEAvmbOz7SfkPUnDmorqc9A57NEcuDP1S+AKBERrC%2FMG7qCA47RbfQ3Q3DeNYL8Fxddl6dcJ4c96xaz7wUkXZ4kU0h2nVNlZWZdwncM8i9lIIBkv7NjeRiEG3%2FHEwKwlkdRmn7a0F5nLRnaQbnusi0gbXykZ1nm0FFd++GSO81bPWsXT59pA8oVuEv166puW+LtIBENw0NMrQUqbkI%2FwyytdEKh7axbX90OXicJBjSGrd0%2Fn6OMvEjQybIYbot%2FTwTRAl1aunCMX9snHpla2HignvgSQ6O61oqP%2FsQl%2F5FT6%2FYHOkeZSxDri5N76BASZfIlUTsb%2FUyP%2FDP2PIYc7JCsfLcJiVKj7pGTnjzCTWVz1r2cxbbR1nXBijIPwuA6NzoWPOT+MZRi2C8ObEV3BMBzhh4CflX1f4tMtCkUOcG6AQSFmkuYiMsSy4QJH53bMsCXS2l9OQF+dC5xeJjQ%2F9f4m8IC7o5vJ62KCoAEKZybiY2V65fmulUkzStF1L1fv73voEZZxJ6OrJWWoC+5gLvjwA72fPMjlBDyy8N9snQ0B4PJWHB4g%3D%3D&hotel=203683&ds=qqYuwCdeeyGgIaeA
AGODA_3,agoda,Comfort Suites at Par 4 Resort,"1 King Bed, Suite, No Smoking, Upgrade",king bed,King,Suite,5,10467,0,10467,"['Wi-Fi [free]', 'Room size: 40 m²/431 ft²', '1 king bed', 'Whirlpool bathtub', 'Non-smoking', 'Shared bathroom', 'Closet', 'Air conditioning', 'Coffee/tea maker', 'Refrigerator']",2025-11-20,2025-11-21,https://www.agoda.com/en-in/comfort-suites-foxfire_5/hotel/waupaca-wi-us.html?asq=oSBZUdCJkTqIcAJrG1AX8Jufa9Vwpz6XltTHq4n+9gNpSLc+T+pB%2F8FnmmA8sOyABZMHJNyhPX8Prg%2FH1te1+vz5QyyV4UEqRQ9lzfdTBTxxn3WZkWNFTjlVRW+RlD7cD8zS52LqyqgGzSr4Q1yOV9fXfA8oGge%2Fyp6S5mpJBbOMmQnp4l%2FqxXHScg6%2FIMuw+IlKoH2RRzVED37Mh9Acgg2FjZQhPusmJYf5Wx3Xjom2O005JJr4tzCeQoVcD0pL1BrustHV7sjEhRQROgMYvvtksTw8xHnPyufhKXPrHNNQdwO4DN1hJ7DMFEBjA1tlsOuDhLfZOw1q2rQOnoj14WkhX+Rs50g0fdI7vUoNdFzciZtp1rX4kwueALQiVTpra8Q6YIY31VZ7ikracSjcaStovsPbQgCFuB4p9HKsGMuaiWpH3WUmUhYvwqBgss8OmYaYLY4mpvBQRFZ9DXnGL3Ab7LBfPPeV+xRKkQH%2FZbgm4pJ7H7mRjRxbsMXt2MhO4Waan8nej3fD86snlFzhLkuMmTTH5l9zLcYrLnjeW8QSqYQPBv+WKInhgy0w1c1tNvoKVnqZacA1np0vT683+qJ7vN1f5BqlEQqEAvmbOz7SfkPUnDmorqc9A57NEcuDP1S+AKBERrC%2FMG7qCA47RbfQ3Q3DeNYL8Fxddl6dcJ4c96xaz7wUkXZ4kU0h2nVNlZWZdwncM8i9lIIBkv7NjeRiEG3%2FHEwKwlkdRmn7a0F5nLRnaQbnusi0gbXykZ1nm0FFd++GSO81bPWsXT59pA8oVuEv166puW+LtIBENw0NMrQUqbkI%2FwyytdEKh7axbX90OXicJBjSGrd0%2Fn6OMvEjQybIYbot%2FTwTRAl1aunCMX9snHpla2HignvgSQ6O61oqP%2FsQl%2F5FT6%2FYHOkeZSxDri5N76BASZfIlUTsb%2FUyP%2FDP2PIYc7JCsfLcJiVKj7pGTnjzCTWVz1r2cxbbR1nXBijIPwuA6NzoWPOT+MZRi2C8ObEV3BMBzhh4CflX1f4tMtCkUOcG6AQSFmkuYiMsSy4QJH53bMsCXS2l9OQF+dC5xeJjQ%2F9f4m8IC7o5vJ62KCoAEKZybiY2V65fmulUkzStF1L1fv73voEZZxJ6OrJWWoC+5gLvjwA72fPMjlBDyy8N9snQ0B4PJWHB4g%3D%3D&hotel=203683&ds=qqYuwCdeeyGgIaeA
AGODA_3,agoda,Comfort Suites at Par 4 Resort,"2 Queen Beds, Suite, Nonsmoking",queen beds,Queen,Suite,5,11477,0,11477,"['Wi-Fi [free]', 'Room size: 39 m²/420 ft²', '2 queen beds', 'Mini bar', 'Non-smoking', 'Shared bathroom', 'Closet', 'Air conditioning', 'Coffee/tea maker', 'Refrigerator']",2025-11-21,2025-11-22,https://www.agoda.com/en-in/comfort-suites-foxfire_5/hotel/waupaca-wi-us.html?asq=oSBZUdCJkTqIcAJrG1AX8Jufa9Vwpz6XltTHq4n+9gNpSLc+T+pB%2F8FnmmA8sOyABZMHJNyhPX8Prg%2FH1te1+vz5QyyV4UEqRQ9lzfdTBTxxn3WZkWNFTjlVRW+RlD7cD8zS52LqyqgGzSr4Q1yOV9fXfA8oGge%2Fyp6S5mpJBbOMmQnp4l%2FqxXHScg6%2FIMuw+IlKoH2RRzVED37Mh9Acgg2FjZQhPusmJYf5Wx3Xjom2O005JJr4tzCeQoVcD0pL1BrustHV7sjEhRQROgMYvvtksTw8xHnPyufhKXPrHNNQdwO4DN1hJ7DMFEBjA1tlsOuDhLfZOw1q2rQOnoj14WkhX+Rs50g0fdI7vUoNdFzciZtp1rX4kwueALQiVTpra8Q6YIY31VZ7ikracSjcaStovsPbQgCFuB4p9HKsGMuaiWpH3WUmUhYvwqBgss8OmYaYLY4mpvBQRFZ9DXnGL3Ab7LBfPPeV+xRKkQH%2FZbgm4pJ7H7mRjRxbsMXt2MhO4Waan8nej3fD86snlFzhLkuMmTTH5l9zLcYrLnjeW8QSqYQPBv+WKInhgy0w1c1tNvoKVnqZacA1np0vT683+qJ7vN1f5BqlEQqEAvmbOz7SfkPUnDmorqc9A57NEcuDP1S+AKBERrC%2FMG7qCA47RbfQ3Q3DeNYL8Fxddl6dcJ4c96xaz7wUkXZ4kU0h2nVNlZWZdwncM8i9lIIBkv7NjeRiEG3%2FHEwKwlkdRmn7a0F5nLRnaQbnusi0gbXykZ1nm0FFd++GSO81bPWsXT59pA8oVuEv166puW+LtIBENw0NMrQUqbkI%2FwyytdEKh7axbX90OXicJBjSGrd0%2Fn6OMvEjQybIYbot%2FTwTRAl1aunCMX9snHpla2HignvgSQ6O61oqP%2FsQl%2F5FT6%2FYHOkeZSxDri5N76BASZfIlUTsb%2FUyP%2FDP2PIYc7JCsfLcJiVKj7pGTnjzCTWVz1r2cxbbR1nXBijIPwuA6NzoWPOT+MZRi2C8ObEV3BMBzhh4CflX1f4tMtCkUOcG6AQSFmkuYiMsSy4QJH53bMsCXS2l9OQF+dC5xeJjQ%2F9f4m8IC7o5vJ62KCoAEKZybiY2V65fmulUkzStF1L1fv73voEZZxJ6OrJWWoC+5gLvjwA72fPMjlBDyy8N9snQ0B4PJWHB4g%3D%3D&hotel=203683&ds=qqYuwCdeeyGgIaeA
AGODA_3,agoda,Comfort Suites at Par 4 Resort,"1 King Bed, Suite, Nonsmoking, Accessible",king bed,King,Suite,5,11520,0,11520,"['Wi-Fi [free]', 'Room size: 40 m²/431 ft²', '1 king bed', 'Bathtub', 'Non-smoking', 'Shared bathroom', 'Closet', 'Air conditioning', 'Coffee/tea maker', 'Refrigerator']",2025-11-21,2025-11-22,https://www.agoda.com/en-in/comfort-suites-foxfire_5/hotel/waupaca-wi-us.html?asq=oSBZUdCJkTqIcAJrG1AX8Jufa9Vwpz6XltTHq4n+9gNpSLc+T+pB%2F8FnmmA8sOyABZMHJNyhPX8Prg%2FH1te1+vz5QyyV4UEqRQ9lzfdTBTxxn3WZkWNFTjlVRW+RlD7cD8zS52LqyqgGzSr4Q1yOV9fXfA8oGge%2Fyp6S5mpJBbOMmQnp4l%2FqxXHScg6%2FIMuw+IlKoH2RRzVED37Mh9Acgg2FjZQhPusmJYf5Wx3Xjom2O005JJr4tzCeQoVcD0pL1BrustHV7sjEhRQROgMYvvtksTw8xHnPyufhKXPrHNNQdwO4DN1hJ7DMFEBjA1tlsOuDhLfZOw1q2rQOnoj14WkhX+Rs50g0fdI7vUoNdFzciZtp1rX4kwueALQiVTpra8Q6YIY31VZ7ikracSjcaStovsPbQgCFuB4p9HKsGMuaiWpH3WUmUhYvwqBgss8OmYaYLY4mpvBQRFZ9DXnGL3Ab7LBfPPeV+xRKkQH%2FZbgm4pJ7H7mRjRxbsMXt2MhO4Waan8nej3fD86snlFzhLkuMmTTH5l9zLcYrLnjeW8QSqYQPBv+WKInhgy0w1c1tNvoKVnqZacA1np0vT683+qJ7vN1f5BqlEQqEAvmbOz7SfkPUnDmorqc9A57NEcuDP1S+AKBERrC%2FMG7qCA47RbfQ3Q3DeNYL8Fxddl6dcJ4c96xaz7wUkXZ4kU0h2nVNlZWZdwncM8i9lIIBkv7NjeRiEG3%2FHEwKwlkdRmn7a0F5nLRnaQbnusi0gbXykZ1nm0FFd++GSO81bPWsXT59pA8oVuEv166puW+LtIBENw0NMrQUqbkI%2FwyytdEKh7axbX90OXicJBjSGrd0%2Fn6OMvEjQybIYbot%2FTwTRAl1aunCMX9snHpla2HignvgSQ6O61oqP%2FsQl%2F5FT6%2FYHOkeZSxDri5N76BASZfIlUTsb%2FUyP%2FDP2PIYc7JCsfLcJiVKj7pGTnjzCTWVz1r2cxbbR1nXBijIPwuA6NzoWPOT+MZRi2C8ObEV3BMBzhh4CflX1f4tMtCkUOcG6AQSFmkuYiMsSy4QJH53bMsCXS2l9OQF+dC5xeJjQ%2F9f4m8IC7o5vJ62KCoAEKZybiY2V65fmulUkzStF1L1fv73voEZZxJ6OrJWWoC+5gLvjwA72fPMjlBDyy8N9snQ0B4PJWHB4g%3D%3D&hotel=203683&ds=qqYuwCdeeyGgIaeA
AGODA_3,agoda,Comfort Suites at Par 4 Resort,"1 King Bed, Suite, No Smoking",king bed,King,Suite,5,11520,0,11520,"['Wi-Fi [free]', 'Room size: 39 m²/420 ft²', '1 king bed', 'Mini bar', 'Non-smoking', 'Shared bathroom', 'Closet', 'Air conditioning', 'Coffee/tea maker', 'Refrigerator']",2025-11-21,2025-11-22,https://www.agoda.com/en-in/comfort-suites-foxfire_5/hotel/waupaca-wi-us.html?asq=oSBZUdCJkTqIcAJrG1AX8Jufa9Vwpz6XltTHq4n+9gNpSLc+T+pB%2F8FnmmA8sOyABZMHJNyhPX8Prg%2FH1te1+vz5QyyV4UEqRQ9lzfdTBTxxn3WZkWNFTjlVRW+RlD7cD8zS52LqyqgGzSr4Q1yOV9fXfA8oGge%2Fyp6S5mpJBbOMmQnp4l%2FqxXHScg6%2FIMuw+IlKoH2RRzVED37Mh9Acgg2FjZQhPusmJYf5Wx3Xjom2O005JJr4tzCeQoVcD0pL1BrustHV7sjEhRQROgMYvvtksTw8xHnPyufhKXPrHNNQdwO4DN1hJ7DMFEBjA1tlsOuDhLfZOw1q2rQOnoj14WkhX+Rs50g0fdI7vUoNdFzciZtp1rX4kwueALQiVTpra8Q6YIY31VZ7ikracSjcaStovsPbQgCFuB4p9HKsGMuaiWpH3WUmUhYvwqBgss8OmYaYLY4mpvBQRFZ9DXnGL3Ab7LBfPPeV+xRKkQH%2FZbgm4pJ7H7mRjRxbsMXt2MhO4Waan8nej3fD86snlFzhLkuMmTTH5l9zLcYrLnjeW8QSqYQPBv+WKInhgy0w1c1tNvoKVnqZacA1np0vT683+qJ7vN1f5BqlEQqEAvmbOz7SfkPUnDmorqc9A57NEcuDP1S+AKBERrC%2FMG7qCA47RbfQ3Q3DeNYL8Fxddl6dcJ4c96xaz7wUkXZ4kU0h2nVNlZWZdwncM8i9lIIBkv7NjeRiEG3%2FHEwKwlkdRmn7a0F5nLRnaQbnusi0gbXykZ1nm0FFd++GSO81bPWsXT59pA8oVuEv166puW+LtIBENw0NMrQUqbkI%2FwyytdEKh7axbX90OXicJBjSGrd0%2Fn6OMvEjQybIYbot%2FTwTRAl1aunCMX9snHpla2HignvgSQ6O61oqP%2FsQl%2F5FT6%2FYHOkeZSxDri5N76BASZfIlUTsb%2FUyP%2FDP2PIYc7JCsfLcJiVKj7pGTnjzCTWVz1r2cxbbR1nXBijIPwuA6NzoWPOT+MZRi2C8ObEV3BMBzhh4CflX1f4tMtCkUOcG6AQSFmkuYiMsSy4QJH53bMsCXS2l9OQF+dC5xeJjQ%2F9f4m8IC7o5vJ62KCoAEKZybiY2V65fmulUkzStF1L1fv73voEZZxJ6OrJWWoC+5gLvjwA72fPMjlBDyy8N9snQ0B4PJWHB4g%3D%3D&hotel=203683&ds=qqYuwCdeeyGgIaeA
AGODA_3,agoda,Comfort Suites at Par 4 Resort,"1 King Bed, Suite, No smoking,Upgrade",king bedS,King,Suite,5,12033,0,12033,"['Wi-Fi [free]', 'Room size: 40 m²/431 ft²', '1 king bed', 'Separate shower/bathtub', 'Balcony/terrace', 'Mini bar', 'Non-smoking', 'Shared bathroom', 'Closet', 'Air conditioning']",2025-11-21,2025-11-22,https://www.agoda.com/en-in/comfort-suites-foxfire_5/hotel/waupaca-wi-us.html?asq=oSBZUdCJkTqIcAJrG1AX8Jufa9Vwpz6XltTHq4n+9gNpSLc+T+pB%2F8FnmmA8sOyABZMHJNyhPX8Prg%2FH1te1+vz5QyyV4UEqRQ9lzfdTBTxxn3WZkWNFTjlVRW+RlD7cD8zS52LqyqgGzSr4Q1yOV9fXfA8oGge%2Fyp6S5mpJBbOMmQnp4l%2FqxXHScg6%2FIMuw+IlKoH2RRzVED37Mh9Acgg2FjZQhPusmJYf5Wx3Xjom2O005JJr4tzCeQoVcD0pL1BrustHV7sjEhRQROgMYvvtksTw8xHnPyufhKXPrHNNQdwO4DN1hJ7DMFEBjA1tlsOuDhLfZOw1q2rQOnoj14WkhX+Rs50g0fdI7vUoNdFzciZtp1rX4kwueALQiVTpra8Q6YIY31VZ7ikracSjcaStovsPbQgCFuB4p9HKsGMuaiWpH3WUmUhYvwqBgss8OmYaYLY4mpvBQRFZ9DXnGL3Ab7LBfPPeV+xRKkQH%2FZbgm4pJ7H7mRjRxbsMXt2MhO4Waan8nej3fD86snlFzhLkuMmTTH5l9zLcYrLnjeW8QSqYQPBv+WKInhgy0w1c1tNvoKVnqZacA1np0vT683+qJ7vN1f5BqlEQqEAvmbOz7SfkPUnDmorqc9A57NEcuDP1S+AKBERrC%2FMG7qCA47RbfQ3Q3DeNYL8Fxddl6dcJ4c96xaz7wUkXZ4kU0h2nVNlZWZdwncM8i9lIIBkv7NjeRiEG3%2FHEwKwlkdRmn7a0F5nLRnaQbnusi0gbXykZ1nm0FFd++GSO81bPWsXT59pA8oVuEv166puW+LtIBENw0NMrQUqbkI%2FwyytdEKh7axbX90OXicJBjSGrd0%2Fn6OMvEjQybIYbot%2FTwTRAl1aunCMX9snHpla2HignvgSQ6O61oqP%2FsQl%2F5FT6%2FYHOkeZSxDri5N76BASZfIlUTsb%2FUyP%2FDP2PIYc7JCsfLcJiVKj7pGTnjzCTWVz1r2cxbbR1nXBijIPwuA6NzoWPOT+MZRi2C8ObEV3BMBzhh4CflX1f4tMtCkUOcG6AQSFmkuYiMsSy4QJH53bMsCXS2l9OQF+dC5xeJjQ%2F9f4m8IC7o5vJ62KCoAEKZybiY2V65fmulUkzStF1L1fv73voEZZxJ6OrJWWoC+5gLvjwA72fPMjlBDyy8N9snQ0B4PJWHB4g%3D%3D&hotel=203683&ds=qqYuwCdeeyGgIaeA
AGODA_3,agoda,Comfort Suites at Par 4 Resort,"1 King Bed, Suite, No Smoking, Upgrade",king bed,King,Suite,5,12033,0,12033,"['Wi-Fi [free]', 'Room size: 40 m²/431 ft²', '1 king bed', 'Whirlpool bathtub', 'Non-smoking', 'Shared bathroom', 'Closet', 'Air conditioning', 'Coffee/tea maker', 'Refrigerator']",2025-11-21,2025-11-22,https://www.agoda.com/en-in/comfort-suites-foxfire_5/hotel/waupaca-wi-us.html?asq=oSBZUdCJkTqIcAJrG1AX8Jufa9Vwpz6XltTHq4n+9gNpSLc+T+pB%2F8FnmmA8sOyABZMHJNyhPX8Prg%2FH1te1+vz5QyyV4UEqRQ9lzfdTBTxxn3WZkWNFTjlVRW+RlD7cD8zS52LqyqgGzSr4Q1yOV9fXfA8oGge%2Fyp6S5mpJBbOMmQnp4l%2FqxXHScg6%2FIMuw+IlKoH2RRzVED37Mh9Acgg2FjZQhPusmJYf5Wx3Xjom2O005JJr4tzCeQoVcD0pL1BrustHV7sjEhRQROgMYvvtksTw8xHnPyufhKXPrHNNQdwO4DN1hJ7DMFEBjA1tlsOuDhLfZOw1q2rQOnoj14WkhX+Rs50g0fdI7vUoNdFzciZtp1rX4kwueALQiVTpra8Q6YIY31VZ7ikracSjcaStovsPbQgCFuB4p9HKsGMuaiWpH3WUmUhYvwqBgss8OmYaYLY4mpvBQRFZ9DXnGL3Ab7LBfPPeV+xRKkQH%2FZbgm4pJ7H7mRjRxbsMXt2MhO4Waan8nej3fD86snlFzhLkuMmTTH5l9zLcYrLnjeW8QSqYQPBv+WKInhgy0w1c1tNvoKVnqZacA1np0vT683+qJ7vN1f5BqlEQqEAvmbOz7SfkPUnDmorqc9A57NEcuDP1S+AKBERrC%2FMG7qCA47RbfQ3Q3DeNYL8Fxddl6dcJ4c96xaz7wUkXZ4kU0h2nVNlZWZdwncM8i9lIIBkv7NjeRiEG3%2FHEwKwlkdRmn7a0F5nLRnaQbnusi0gbXykZ1nm0FFd++GSO81bPWsXT59pA8oVuEv166puW+LtIBENw0NMrQUqbkI%2FwyytdEKh7axbX90OXicJBjSGrd0%2Fn6OMvEjQybIYbot%2FTwTRAl1aunCMX9snHpla2HignvgSQ6O61oqP%2FsQl%2F5FT6%2FYHOkeZSxDri5N76BASZfIlUTsb%2FUyP%2FDP2PIYc7JCsfLcJiVKj7pGTnjzCTWVz1r2cxbbR1nXBijIPwuA6NzoWPOT+MZRi2C8ObEV3BMBzhh4CflX1f4tMtCkUOcG6AQSFmkuYiMsSy4QJH53bMsCXS2l9OQF+dC5xeJjQ%2F9f4m8IC7o5vJ62KCoAEKZybiY2V65fmulUkzStF1L1fv73voEZZxJ6OrJWWoC+5gLvjwA72fPMjlBDyy8N9snQ0B4PJWHB4g%3D%3D&hotel=203683&ds=qqYuwCdeeyGgIaeA
AGODA_3,agoda,Comfort Suites at Par 4 Resort,"2 Queen Beds, Suite, Nonsmoking",queen beds,Queen,Suite,5,9643,0,9643,"['Wi-Fi [free]', 'Room size: 39 m²/420 ft²', '2 queen beds', 'Mini bar', 'Non-smoking', 'Shared bathroom', 'Closet', 'Air conditioning', 'Coffee/tea maker', 'Refrigerator']",2025-11-22,2025-11-23,https://www.agoda.com/en-in/comfort-suites-foxfire_5/hotel/waupaca-wi-us.html?asq=oSBZUdCJkTqIcAJrG1AX8Jufa9Vwpz6XltTHq4n+9gNpSLc+T+pB%2F8FnmmA8sOyABZMHJNyhPX8Prg%2FH1te1+vz5QyyV4UEqRQ9lzfdTBTxxn3WZkWNFTjlVRW+RlD7cD8zS52LqyqgGzSr4Q1yOV9fXfA8oGge%2Fyp6S5mpJBbOMmQnp4l%2FqxXHScg6%2FIMuw+IlKoH2RRzVED37Mh9Acgg2FjZQhPusmJYf5Wx3Xjom2O005JJr4tzCeQoVcD0pL1BrustHV7sjEhRQROgMYvvtksTw8xHnPyufhKXPrHNNQdwO4DN1hJ7DMFEBjA1tlsOuDhLfZOw1q2rQOnoj14WkhX+Rs50g0fdI7vUoNdFzciZtp1rX4kwueALQiVTpra8Q6YIY31VZ7ikracSjcaStovsPbQgCFuB4p9HKsGMuaiWpH3WUmUhYvwqBgss8OmYaYLY4mpvBQRFZ9DXnGL3Ab7LBfPPeV+xRKkQH%2FZbgm4pJ7H7mRjRxbsMXt2MhO4Waan8nej3fD86snlFzhLkuMmTTH5l9zLcYrLnjeW8QSqYQPBv+WKInhgy0w1c1tNvoKVnqZacA1np0vT683+qJ7vN1f5BqlEQqEAvmbOz7SfkPUnDmorqc9A57NEcuDP1S+AKBERrC%2FMG7qCA47RbfQ3Q3DeNYL8Fxddl6dcJ4c96xaz7wUkXZ4kU0h2nVNlZWZdwncM8i9lIIBkv7NjeRiEG3%2FHEwKwlkdRmn7a0F5nLRnaQbnusi0gbXykZ1nm0FFd++GSO81bPWsXT59pA8oVuEv166puW+LtIBENw0NMrQUqbkI%2FwyytdEKh7axbX90OXicJBjSGrd0%2Fn6OMvEjQybIYbot%2FTwTRAl1aunCMX9snHpla2HignvgSQ6O61oqP%2FsQl%2F5FT6%2FYHOkeZSxDri5N76BASZfIlUTsb%2FUyP%2FDP2PIYc7JCsfLcJiVKj7pGTnjzCTWVz1r2cxbbR1nXBijIPwuA6NzoWPOT+MZRi2C8ObEV3BMBzhh4CflX1f4tMtCkUOcG6AQSFmkuYiMsSy4QJH53bMsCXS2l9OQF+dC5xeJjQ%2F9f4m8IC7o5vJ62KCoAEKZybiY2V65fmulUkzStF1L1fv73voEZZxJ6OrJWWoC+5gLvjwA72fPMjlBDyy8N9snQ0B4PJWHB4g%3D%3D&hotel=203683&ds=qqYuwCdeeyGgIaeA
AGODA_3,agoda,Comfort Suites at Par 4 Resort,"1 King Bed, Suite, Nonsmoking, Accessible",king bed,King,Suite,5,10340,0,10340,"['Wi-Fi [free]', 'Room size: 40 m²/431 ft²', '1 king bed', 'Bathtub', 'Non-smoking', 'Shared bathroom', 'Closet', 'Air conditioning', 'Coffee/tea maker', 'Refrigerator']",2025-11-22,2025-11-23,https://www.agoda.com/en-in/comfort-suites-foxfire_5/hotel/waupaca-wi-us.html?asq=oSBZUdCJkTqIcAJrG1AX8Jufa9Vwpz6XltTHq4n+9gNpSLc+T+pB%2F8FnmmA8sOyABZMHJNyhPX8Prg%2FH1te1+vz5QyyV4UEqRQ9lzfdTBTxxn3WZkWNFTjlVRW+RlD7cD8zS52LqyqgGzSr4Q1yOV9fXfA8oGge%2Fyp6S5mpJBbOMmQnp4l%2FqxXHScg6%2FIMuw+IlKoH2RRzVED37Mh9Acgg2FjZQhPusmJYf5Wx3Xjom2O005JJr4tzCeQoVcD0pL1BrustHV7sjEhRQROgMYvvtksTw8xHnPyufhKXPrHNNQdwO4DN1hJ7DMFEBjA1tlsOuDhLfZOw1q2rQOnoj14WkhX+Rs50g0fdI7vUoNdFzciZtp1rX4kwueALQiVTpra8Q6YIY31VZ7ikracSjcaStovsPbQgCFuB4p9HKsGMuaiWpH3WUmUhYvwqBgss8OmYaYLY4mpvBQRFZ9DXnGL3Ab7LBfPPeV+xRKkQH%2FZbgm4pJ7H7mRjRxbsMXt2MhO4Waan8nej3fD86snlFzhLkuMmTTH5l9zLcYrLnjeW8QSqYQPBv+WKInhgy0w1c1tNvoKVnqZacA1np0vT683+qJ7vN1f5BqlEQqEAvmbOz7SfkPUnDmorqc9A57NEcuDP1S+AKBERrC%2FMG7qCA47RbfQ3Q3DeNYL8Fxddl6dcJ4c96xaz7wUkXZ4kU0h2nVNlZWZdwncM8i9lIIBkv7NjeRiEG3%2FHEwKwlkdRmn7a0F5nLRnaQbnusi0gbXykZ1nm0FFd++GSO81bPWsXT59pA8oVuEv166puW+LtIBENw0NMrQUqbkI%2FwyytdEKh7axbX90OXicJBjSGrd0%2Fn6OMvEjQybIYbot%2FTwTRAl1aunCMX9snHpla2HignvgSQ6O61oqP%2FsQl%2F5FT6%2FYHOkeZSxDri5N76BASZfIlUTsb%2FUyP%2FDP2PIYc7JCsfLcJiVKj7pGTnjzCTWVz1r2cxbbR1nXBijIPwuA6NzoWPOT+MZRi2C8ObEV3BMBzhh4CflX1f4tMtCkUOcG6AQSFmkuYiMsSy4QJH53bMsCXS2l9OQF+dC5xeJjQ%2F9f4m8IC7o5vJ62KCoAEKZybiY2V65fmulUkzStF1L1fv73voEZZxJ6OrJWWoC+5gLvjwA72fPMjlBDyy8N9snQ0B4PJWHB4g%3D%3D&hotel=203683&ds=qqYuwCdeeyGgIaeA
AGODA_3,agoda,Comfort Suites at Par 4 Resort,"1 King Bed, Suite, No Smoking",king bed,King,Suite,5,10340,0,10340,"['Wi-Fi [free]', 'Room size: 39 m²/420 ft²', '1 king bed', 'Mini bar', 'Non-smoking', 'Shared bathroom', 'Closet', 'Air conditioning', 'Coffee/tea maker', 'Refrigerator']",2025-11-22,2025-11-23,https://www.agoda.com/en-in/comfort-suites-foxfire_5/hotel/waupaca-wi-us.html?asq=oSBZUdCJkTqIcAJrG1AX8Jufa9Vwpz6XltTHq4n+9gNpSLc+T+pB%2F8FnmmA8sOyABZMHJNyhPX8Prg%2FH1te1+vz5QyyV4UEqRQ9lzfdTBTxxn3WZkWNFTjlVRW+RlD7cD8zS52LqyqgGzSr4Q1yOV9fXfA8oGge%2Fyp6S5mpJBbOMmQnp4l%2FqxXHScg6%2FIMuw+IlKoH2RRzVED37Mh9Acgg2FjZQhPusmJYf5Wx3Xjom2O005JJr4tzCeQoVcD0pL1BrustHV7sjEhRQROgMYvvtksTw8xHnPyufhKXPrHNNQdwO4DN1hJ7DMFEBjA1tlsOuDhLfZOw1q2rQOnoj14WkhX+Rs50g0fdI7vUoNdFzciZtp1rX4kwueALQiVTpra8Q6YIY31VZ7ikracSjcaStovsPbQgCFuB4p9HKsGMuaiWpH3WUmUhYvwqBgss8OmYaYLY4mpvBQRFZ9DXnGL3Ab7LBfPPeV+xRKkQH%2FZbgm4pJ7H7mRjRxbsMXt2MhO4Waan8nej3fD86snlFzhLkuMmTTH5l9zLcYrLnjeW8QSqYQPBv+WKInhgy0w1c1tNvoKVnqZacA1np0vT683+qJ7vN1f5BqlEQqEAvmbOz7SfkPUnDmorqc9A57NEcuDP1S+AKBERrC%2FMG7qCA47RbfQ3Q3DeNYL8Fxddl6dcJ4c96xaz7wUkXZ4kU0h2nVNlZWZdwncM8i9lIIBkv7NjeRiEG3%2FHEwKwlkdRmn7a0F5nLRnaQbnusi0gbXykZ1nm0FFd++GSO81bPWsXT59pA8oVuEv166puW+LtIBENw0NMrQUqbkI%2FwyytdEKh7axbX90OXicJBjSGrd0%2Fn6OMvEjQybIYbot%2FTwTRAl1aunCMX9snHpla2HignvgSQ6O61oqP%2FsQl%2F5FT6%2FYHOkeZSxDri5N76BASZfIlUTsb%2FUyP%2FDP2PIYc7JCsfLcJiVKj7pGTnjzCTWVz1r2cxbbR1nXBijIPwuA6NzoWPOT+MZRi2C8ObEV3BMBzhh4CflX1f4tMtCkUOcG6AQSFmkuYiMsSy4QJH53bMsCXS2l9OQF+dC5xeJjQ%2F9f4m8IC7o5vJ62KCoAEKZybiY2V65fmulUkzStF1L1fv73voEZZxJ6OrJWWoC+5gLvjwA72fPMjlBDyy8N9snQ0B4PJWHB4g%3D%3D&hotel=203683&ds=qqYuwCdeeyGgIaeA
AGODA_3,agoda,Comfort Suites at Par 4 Resort,"1 King Bed, Suite, No smoking,Upgrade",king bedS,King,Suite,5,10898,0,10898,"['Wi-Fi [free]', 'Room size: 40 m²/431 ft²', '1 king bed', 'Separate shower/bathtub', 'Balcony/terrace', 'Mini bar', 'Non-smoking', 'Shared bathroom', 'Closet', 'Air conditioning']",2025-11-22,2025-11-23,https://www.agoda.com/en-in/comfort-suites-foxfire_5/hotel/waupaca-wi-us.html?asq=oSBZUdCJkTqIcAJrG1AX8Jufa9Vwpz6XltTHq4n+9gNpSLc+T+pB%2F8FnmmA8sOyABZMHJNyhPX8Prg%2FH1te1+vz5QyyV4UEqRQ9lzfdTBTxxn3WZkWNFTjlVRW+RlD7cD8zS52LqyqgGzSr4Q1yOV9fXfA8oGge%2Fyp6S5mpJBbOMmQnp4l%2FqxXHScg6%2FIMuw+IlKoH2RRzVED37Mh9Acgg2FjZQhPusmJYf5Wx3Xjom2O005JJr4tzCeQoVcD0pL1BrustHV7sjEhRQROgMYvvtksTw8xHnPyufhKXPrHNNQdwO4DN1hJ7DMFEBjA1tlsOuDhLfZOw1q2rQOnoj14WkhX+Rs50g0fdI7vUoNdFzciZtp1rX4kwueALQiVTpra8Q6YIY31VZ7ikracSjcaStovsPbQgCFuB4p9HKsGMuaiWpH3WUmUhYvwqBgss8OmYaYLY4mpvBQRFZ9DXnGL3Ab7LBfPPeV+xRKkQH%2FZbgm4pJ7H7mRjRxbsMXt2MhO4Waan8nej3fD86snlFzhLkuMmTTH5l9zLcYrLnjeW8QSqYQPBv+WKInhgy0w1c1tNvoKVnqZacA1np0vT683+qJ7vN1f5BqlEQqEAvmbOz7SfkPUnDmorqc9A57NEcuDP1S+AKBERrC%2FMG7qCA47RbfQ3Q3DeNYL8Fxddl6dcJ4c96xaz7wUkXZ4kU0h2nVNlZWZdwncM8i9lIIBkv7NjeRiEG3%2FHEwKwlkdRmn7a0F5nLRnaQbnusi0gbXykZ1nm0FFd++GSO81bPWsXT59pA8oVuEv166puW+LtIBENw0NMrQUqbkI%2FwyytdEKh7axbX90OXicJBjSGrd0%2Fn6OMvEjQybIYbot%2FTwTRAl1aunCMX9snHpla2HignvgSQ6O61oqP%2FsQl%2F5FT6%2FYHOkeZSxDri5N76BASZfIlUTsb%2FUyP%2FDP2PIYc7JCsfLcJiVKj7pGTnjzCTWVz1r2cxbbR1nXBijIPwuA6NzoWPOT+MZRi2C8ObEV3BMBzhh4CflX1f4tMtCkUOcG6AQSFmkuYiMsSy4QJH53bMsCXS2l9OQF+dC5xeJjQ%2F9f4m8IC7o5vJ62KCoAEKZybiY2V65fmulUkzStF1L1fv73voEZZxJ6OrJWWoC+5gLvjwA72fPMjlBDyy8N9snQ0B4PJWHB4g%3D%3D&hotel=203683&ds=qqYuwCdeeyGgIaeA
AGODA_3,agoda,Comfort Suites at Par 4 Resort,"1 King Bed, Suite, No Smoking, Upgrade",king bed,King,Suite,5,10898,0,10898,"['Wi-Fi [free]', 'Room size: 40 m²/431 ft²', '1 king bed', 'Whirlpool bathtub', 'Non-smoking', 'Shared bathroom', 'Closet', 'Air conditioning', 'Coffee/tea maker', 'Refrigerator']",2025-11-22,2025-11-23,https://www.agoda.com/en-in/comfort-suites-foxfire_5/hotel/waupaca-wi-us.html?asq=oSBZUdCJkTqIcAJrG1AX8Jufa9Vwpz6XltTHq4n+9gNpSLc+T+pB%2F8FnmmA8sOyABZMHJNyhPX8Prg%2FH1te1+vz5QyyV4UEqRQ9lzfdTBTxxn3WZkWNFTjlVRW+RlD7cD8zS52LqyqgGzSr4Q1yOV9fXfA8oGge%2Fyp6S5mpJBbOMmQnp4l%2FqxXHScg6%2FIMuw+IlKoH2RRzVED37Mh9Acgg2FjZQhPusmJYf5Wx3Xjom2O005JJr4tzCeQoVcD0pL1BrustHV7sjEhRQROgMYvvtksTw8xHnPyufhKXPrHNNQdwO4DN1hJ7DMFEBjA1tlsOuDhLfZOw1q2rQOnoj14WkhX+Rs50g0fdI7vUoNdFzciZtp1rX4kwueALQiVTpra8Q6YIY31VZ7ikracSjcaStovsPbQgCFuB4p9HKsGMuaiWpH3WUmUhYvwqBgss8OmYaYLY4mpvBQRFZ9DXnGL3Ab7LBfPPeV+xRKkQH%2FZbgm4pJ7H7mRjRxbsMXt2MhO4Waan8nej3fD86snlFzhLkuMmTTH5l9zLcYrLnjeW8QSqYQPBv+WKInhgy0w1c1tNvoKVnqZacA1np0vT683+qJ7vN1f5BqlEQqEAvmbOz7SfkPUnDmorqc9A57NEcuDP1S+AKBERrC%2FMG7qCA47RbfQ3Q3DeNYL8Fxddl6dcJ4c96xaz7wUkXZ4kU0h2nVNlZWZdwncM8i9lIIBkv7NjeRiEG3%2FHEwKwlkdRmn7a0F5nLRnaQbnusi0gbXykZ1nm0FFd++GSO81bPWsXT59pA8oVuEv166puW+LtIBENw0NMrQUqbkI%2FwyytdEKh7axbX90OXicJBjSGrd0%2Fn6OMvEjQybIYbot%2FTwTRAl1aunCMX9snHpla2HignvgSQ6O61oqP%2FsQl%2F5FT6%2FYHOkeZSxDri5N76BASZfIlUTsb%2FUyP%2FDP2PIYc7JCsfLcJiVKj7pGTnjzCTWVz1r2cxbbR1nXBijIPwuA6NzoWPOT+MZRi2C8ObEV3BMBzhh4CflX1f4tMtCkUOcG6AQSFmkuYiMsSy4QJH53bMsCXS2l9OQF+dC5xeJjQ%2F9f4m8IC7o5vJ62KCoAEKZybiY2V65fmulUkzStF1L1fv73voEZZxJ6OrJWWoC+5gLvjwA72fPMjlBDyy8N9snQ0B4PJWHB4g%3D%3D&hotel=203683&ds=qqYuwCdeeyGgIaeA
AGODA_4,agoda,Ramada by Wyndham Waupaca,"2 Queen Beds, Non-Smoking",king bed,King,Normal,0,7803,0,7803,"['Wi-Fi [free]', 'Room size: 30 m²/323 ft²', '1 king bed and 1 sofa bed', 'Bathtub', 'Window', 'Non-smoking', 'Private bathroom', 'Individual air conditioning', 'Coffee/tea maker', 'Refrigerator']",2025-11-10,2025-11-11,https://www.agoda.com/en-in/ramada-waupaca_4/hotel/waupaca-wi-us.html?countryId=181&finalPriceView=1&isShowMobileAppPrice=false&cid=1922885&numberOfBedrooms=&familyMode=false&adults=1&children=0&rooms=1&maxRooms=0&checkIn=2025-11-1&isCalendarCallout=false&childAges=&numberOfGuest=0&missingChildAges=false&travellerType=0&showReviewSubmissionEntry=false&currencyCode=USD&isFreeOccSearch=false&tspTypes=16%2C8&los=4&searchrequestid=709a39e5-55e4-4ffc-a2af-37ab37f66aaa&ds=qqYuwCdeeyGgIaeA
AGODA_4,agoda,Ramada by Wyndham Waupaca,"1 Queen Bed, Non-Smoking",double bed,Double,Normal,2,7803,0,7803,"['Wi-Fi [free]', 'Room size: 30 m²/323 ft²', '1 double bed', 'Bathtub', 'Window', 'Non-smoking', 'Private bathroom', 'Individual air conditioning', 'Coffee/tea maker', 'Refrigerator']",2025-11-10,2025-11-11,https://www.agoda.com/en-in/ramada-waupaca_4/hotel/waupaca-wi-us.html?countryId=181&finalPriceView=1&isShowMobileAppPrice=false&cid=1922885&numberOfBedrooms=&familyMode=false&adults=1&children=0&rooms=1&maxRooms=0&checkIn=2025-11-1&isCalendarCallout=false&childAges=&numberOfGuest=0&missingChildAges=false&travellerType=0&showReviewSubmissionEntry=false&currencyCode=USD&isFreeOccSearch=false&tspTypes=16%2C8&los=4&searchrequestid=709a39e5-55e4-4ffc-a2af-37ab37f66aaa&ds=qqYuwCdeeyGgIaeA
AGODA_4,agoda,Ramada by Wyndham Waupaca,"2 Queen Beds, Mobility Accessible Room, Bathtub W/ Grab Bars, Non-Smoking",king bed,King,Normal,0,7803,0,7803,"['Wi-Fi [free]', 'Room size: 30 m²/323 ft²', '1 king bed and 1 sofa bed', 'Bathtub', 'Window', 'Non-smoking', 'Private bathroom', 'Individual air conditioning', 'Coffee/tea maker', 'Refrigerator']",2025-11-10,2025-11-11,https://www.agoda.com/en-in/ramada-waupaca_4/hotel/waupaca-wi-us.html?countryId=181&finalPriceView=1&isShowMobileAppPrice=false&cid=1922885&numberOfBedrooms=&familyMode=false&adults=1&children=0&rooms=1&maxRooms=0&checkIn=2025-11-1&isCalendarCallout=false&childAges=&numberOfGuest=0&missingChildAges=false&travellerType=0&showReviewSubmissionEntry=false&currencyCode=USD&isFreeOccSearch=false&tspTypes=16%2C8&los=4&searchrequestid=709a39e5-55e4-4ffc-a2af-37ab37f66aaa&ds=qqYuwCdeeyGgIaeA
AGODA_4,agoda,Ramada by Wyndham Waupaca,King Room - Non-Smoking,king bed,King,Normal,0,7803,0,7803,"['Wi-Fi [free]', 'Room size: 30 m²/323 ft²', '1 king bed', 'Bathtub', 'Window', 'Non-smoking', 'Private bathroom', 'Individual air conditioning', 'Coffee/tea maker', 'Refrigerator']",2025-11-10,2025-11-11,https://www.agoda.com/en-in/ramada-waupaca_4/hotel/waupaca-wi-us.html?countryId=181&finalPriceView=1&isShowMobileAppPrice=false&cid=1922885&numberOfBedrooms=&familyMode=false&adults=1&children=0&rooms=1&maxRooms=0&checkIn=2025-11-1&isCalendarCallout=false&childAges=&numberOfGuest=0&missingChildAges=false&travellerType=0&showReviewSubmissionEntry=false&currencyCode=USD&isFreeOccSearch=false&tspTypes=16%2C8&los=4&searchrequestid=709a39e5-55e4-4ffc-a2af-37ab37f66aaa&ds=qqYuwCdeeyGgIaeA
AGODA_4,agoda,Ramada by Wyndham Waupaca,"1 King Bed, Studio Suite, Non-Smoking",queen bed,Queen,Suite,2,8980,0,8980,"['Wi-Fi [free]', 'Room size: 30 m²/323 ft²', '1 queen bed and 1 sofa bed', 'Bathtub', 'Window', 'Non-smoking', 'Private bathroom', 'Individual air conditioning', 'Coffee/tea maker', 'Refrigerator']",2025-11-10,2025-11-11,https://www.agoda.com/en-in/ramada-waupaca_4/hotel/waupaca-wi-us.html?countryId=181&finalPriceView=1&isShowMobileAppPrice=false&cid=1922885&numberOfBedrooms=&familyMode=false&adults=1&children=0&rooms=1&maxRooms=0&checkIn=2025-11-1&isCalendarCallout=false&childAges=&numberOfGuest=0&missingChildAges=false&travellerType=0&showReviewSubmissionEntry=false&currencyCode=USD&isFreeOccSearch=false&tspTypes=16%2C8&los=4&searchrequestid=709a39e5-55e4-4ffc-a2af-37ab37f66aaa&ds=qqYuwCdeeyGgIaeA
AGODA_4,agoda,Ramada by Wyndham Waupaca,"1 King Bed, One Bedroom Suite, Non-Smoking",king bed,King,Suite,2,9370,0,9370,"['Wi-Fi [free]', 'Room size: 30 m²/323 ft²', '1 king bed', 'Bathtub', 'Window', 'Non-smoking', 'Private bathroom', 'Individual air conditioning', 'Coffee/tea maker', 'Refrigerator']",2025-11-10,2025-11-11,https://www.agoda.com/en-in/ramada-waupaca_4/hotel/waupaca-wi-us.html?countryId=181&finalPriceView=1&isShowMobileAppPrice=false&cid=1922885&numberOfBedrooms=&familyMode=false&adults=1&children=0&rooms=1&maxRooms=0&checkIn=2025-11-1&isCalendarCallout=false&childAges=&numberOfGuest=0&missingChildAges=false&travellerType=0&showReviewSubmissionEntry=false&currencyCode=USD&isFreeOccSearch=false&tspTypes=16%2C8&los=4&searchrequestid=709a39e5-55e4-4ffc-a2af-37ab37f66aaa&ds=qqYuwCdeeyGgIaeA
AGODA_4,agoda,Ramada by Wyndham Waupaca,"1 King Bed, Deluxe Studio Suite, Non-Smoking",king bed,King,Suite,3,9691,0,9691,"['Wi-Fi [free]', 'Room size: 30 m²/323 ft²', '1 king bed', 'Bathtub', 'Window', 'Non-smoking', 'Private bathroom', 'Individual air conditioning', 'Coffee/tea maker', 'Refrigerator']",2025-11-10,2025-11-11,https://www.agoda.com/en-in/ramada-waupaca_4/hotel/waupaca-wi-us.html?countryId=181&finalPriceView=1&isShowMobileAppPrice=false&cid=1922885&numberOfBedrooms=&familyMode=false&adults=1&children=0&rooms=1&maxRooms=0&checkIn=2025-11-1&isCalendarCallout=false&childAges=&numberOfGuest=0&missingChildAges=false&travellerType=0&showReviewSubmissionEntry=false&currencyCode=USD&isFreeOccSearch=false&tspTypes=16%2C8&los=4&searchrequestid=709a39e5-55e4-4ffc-a2af-37ab37f66aaa&ds=qqYuwCdeeyGgIaeA
AGODA_4,agoda,Ramada by Wyndham Waupaca,"1 Queen Bed, Efficiency Room, Non-Smoking",queen bed,Queen,Normal,2,11083,0,11083,"['1 queen bed', 'Mini bar', 'Non-smoking', 'Internet access – wireless', 'Coffee/tea maker', 'Refrigerator', 'Hair dryer']",2025-11-10,2025-11-11,https://www.agoda.com/en-in/ramada-waupaca_4/hotel/waupaca-wi-us.html?countryId=181&finalPriceView=1&isShowMobileAppPrice=false&cid=1922885&numberOfBedrooms=&familyMode=false&adults=1&children=0&rooms=1&maxRooms=0&checkIn=2025-11-1&isCalendarCallout=false&childAges=&numberOfGuest=0&missingChildAges=false&travellerType=0&showReviewSubmissionEntry=false&currencyCode=USD&isFreeOccSearch=false&tspTypes=16%2C8&los=4&searchrequestid=709a39e5-55e4-4ffc-a2af-37ab37f66aaa&ds=qqYuwCdeeyGgIaeA
AGODA_4,agoda,Ramada by Wyndham Waupaca,Efficiency Queen Room - Non-Smoking,queen bed,Queen,Normal,2,12903,0,12903,"['1 queen bed', 'Mini bar', 'Private bathroom', 'Internet access – wireless', 'Closet', 'Air conditioning', 'Coffee/tea maker', 'Refrigerator', 'Hair dryer']",2025-11-10,2025-11-11,https://www.agoda.com/en-in/ramada-waupaca_4/hotel/waupaca-wi-us.html?countryId=181&finalPriceView=1&isShowMobileAppPrice=false&cid=1922885&numberOfBedrooms=&familyMode=false&adults=1&children=0&rooms=1&maxRooms=0&checkIn=2025-11-1&isCalendarCallout=false&childAges=&numberOfGuest=0&missingChildAges=false&travellerType=0&showReviewSubmissionEntry=false&currencyCode=USD&isFreeOccSearch=false&tspTypes=16%2C8&los=4&searchrequestid=709a39e5-55e4-4ffc-a2af-37ab37f66aaa&ds=qqYuwCdeeyGgIaeA
AGODA_4,agoda,Ramada by Wyndham Waupaca,"2 Queen Beds, Non-Smoking",king bed,King,Normal,0,5002,0,5002,"['Wi-Fi [free]', 'Room size: 30 m²/323 ft²', '1 king bed and 1 sofa bed', 'Bathtub', 'Window', 'Non-smoking', 'Private bathroom', 'Individual air conditioning', 'Coffee/tea maker', 'Refrigerator']",2025-11-11,2025-11-12,https://www.agoda.com/en-in/ramada-waupaca_4/hotel/waupaca-wi-us.html?countryId=181&finalPriceView=1&isShowMobileAppPrice=false&cid=1922885&numberOfBedrooms=&familyMode=false&adults=1&children=0&rooms=1&maxRooms=0&checkIn=2025-11-1&isCalendarCallout=false&childAges=&numberOfGuest=0&missingChildAges=false&travellerType=0&showReviewSubmissionEntry=false&currencyCode=USD&isFreeOccSearch=false&tspTypes=16%2C8&los=4&searchrequestid=709a39e5-55e4-4ffc-a2af-37ab37f66aaa&ds=qqYuwCdeeyGgIaeA
AGODA_4,agoda,Ramada by Wyndham Waupaca,"1 Queen Bed, Non-Smoking",double bed,Double,Normal,2,5002,0,5002,"['Wi-Fi [free]', 'Room size: 30 m²/323 ft²', '1 double bed', 'Bathtub', 'Window', 'Non-smoking', 'Private bathroom', 'Individual air conditioning', 'Coffee/tea maker', 'Refrigerator']",2025-11-11,2025-11-12,https://www.agoda.com/en-in/ramada-waupaca_4/hotel/waupaca-wi-us.html?countryId=181&finalPriceView=1&isShowMobileAppPrice=false&cid=1922885&numberOfBedrooms=&familyMode=false&adults=1&children=0&rooms=1&maxRooms=0&checkIn=2025-11-1&isCalendarCallout=false&childAges=&numberOfGuest=0&missingChildAges=false&travellerType=0&showReviewSubmissionEntry=false&currencyCode=USD&isFreeOccSearch=false&tspTypes=16%2C8&los=4&searchrequestid=709a39e5-55e4-4ffc-a2af-37ab37f66aaa&ds=qqYuwCdeeyGgIaeA
AGODA_4,agoda,Ramada by Wyndham Waupaca,"2 Queen Beds, Mobility Accessible Room, Bathtub W/ Grab Bars, Non-Smoking",king bed,King,Normal,0,5002,0,5002,"['Wi-Fi [free]', 'Room size: 30 m²/323 ft²', '1 king bed and 1 sofa bed', 'Bathtub', 'Window', 'Non-smoking', 'Private bathroom', 'Individual air conditioning', 'Coffee/tea maker', 'Refrigerator']",2025-11-11,2025-11-12,https://www.agoda.com/en-in/ramada-waupaca_4/hotel/waupaca-wi-us.html?countryId=181&finalPriceView=1&isShowMobileAppPrice=false&cid=1922885&numberOfBedrooms=&familyMode=false&adults=1&children=0&rooms=1&maxRooms=0&checkIn=2025-11-1&isCalendarCallout=false&childAges=&numberOfGuest=0&missingChildAges=false&travellerType=0&showReviewSubmissionEntry=false&currencyCode=USD&isFreeOccSearch=false&tspTypes=16%2C8&los=4&searchrequestid=709a39e5-55e4-4ffc-a2af-37ab37f66aaa&ds=qqYuwCdeeyGgIaeA
AGODA_4,agoda,Ramada by Wyndham Waupaca,King Room - Non-Smoking,king bed,King,Normal,0,5002,0,5002,"['Wi-Fi [free]', 'Room size: 30 m²/323 ft²', '1 king bed', 'Bathtub', 'Window', 'Non-smoking', 'Private bathroom', 'Individual air conditioning', 'Coffee/tea maker', 'Refrigerator']",2025-11-11,2025-11-12,https://www.agoda.com/en-in/ramada-waupaca_4/hotel/waupaca-wi-us.html?countryId=181&finalPriceView=1&isShowMobileAppPrice=false&cid=1922885&numberOfBedrooms=&familyMode=false&adults=1&children=0&rooms=1&maxRooms=0&checkIn=2025-11-1&isCalendarCallout=false&childAges=&numberOfGuest=0&missingChildAges=false&travellerType=0&showReviewSubmissionEntry=false&currencyCode=USD&isFreeOccSearch=false&tspTypes=16%2C8&los=4&searchrequestid=709a39e5-55e4-4ffc-a2af-37ab37f66aaa&ds=qqYuwCdeeyGgIaeA
AGODA_4,agoda,Ramada by Wyndham Waupaca,"1 King Bed, Studio Suite, Non-Smoking",queen bed,Queen,Suite,2,5931,0,5931,"['Wi-Fi [free]', 'Room size: 30 m²/323 ft²', '1 queen bed and 1 sofa bed', 'Bathtub', 'Window', 'Non-smoking', 'Private bathroom', 'Individual air conditioning', 'Coffee/tea maker', 'Refrigerator']",2025-11-11,2025-11-12,https://www.agoda.com/en-in/ramada-waupaca_4/hotel/waupaca-wi-us.html?countryId=181&finalPriceView=1&isShowMobileAppPrice=false&cid=1922885&numberOfBedrooms=&familyMode=false&adults=1&children=0&rooms=1&maxRooms=0&checkIn=2025-11-1&isCalendarCallout=false&childAges=&numberOfGuest=0&missingChildAges=false&travellerType=0&showReviewSubmissionEntry=false&currencyCode=USD&isFreeOccSearch=false&tspTypes=16%2C8&los=4&searchrequestid=709a39e5-55e4-4ffc-a2af-37ab37f66aaa&ds=qqYuwCdeeyGgIaeA
AGODA_4,agoda,Ramada by Wyndham Waupaca,"1 King Bed, One Bedroom Suite, Non-Smoking",king bed,King,Suite,2,6257,0,6257,"['Wi-Fi [free]', 'Room size: 30 m²/323 ft²', '1 king bed', 'Bathtub', 'Window', 'Non-smoking', 'Private bathroom', 'Individual air conditioning', 'Coffee/tea maker', 'Refrigerator']",2025-11-11,2025-11-12,https://www.agoda.com/en-in/ramada-waupaca_4/hotel/waupaca-wi-us.html?countryId=181&finalPriceView=1&isShowMobileAppPrice=false&cid=1922885&numberOfBedrooms=&familyMode=false&adults=1&children=0&rooms=1&maxRooms=0&checkIn=2025-11-1&isCalendarCallout=false&childAges=&numberOfGuest=0&missingChildAges=false&travellerType=0&showReviewSubmissionEntry=false&currencyCode=USD&isFreeOccSearch=false&tspTypes=16%2C8&los=4&searchrequestid=709a39e5-55e4-4ffc-a2af-37ab37f66aaa&ds=qqYuwCdeeyGgIaeA
AGODA_4,agoda,Ramada by Wyndham Waupaca,"1 King Bed, Deluxe Studio Suite, Non-Smoking",king bed,King,Suite,3,6583,0,6583,"['Wi-Fi [free]', 'Room size: 30 m²/323 ft²', '1 king bed', 'Bathtub', 'Window', 'Non-smoking', 'Private bathroom', 'Individual air conditioning', 'Coffee/tea maker', 'Refrigerator']",2025-11-11,2025-11-12,https://www.agoda.com/en-in/ramada-waupaca_4/hotel/waupaca-wi-us.html?countryId=181&finalPriceView=1&isShowMobileAppPrice=false&cid=1922885&numberOfBedrooms=&familyMode=false&adults=1&children=0&rooms=1&maxRooms=0&checkIn=2025-11-1&isCalendarCallout=false&childAges=&numberOfGuest=0&missingChildAges=false&travellerType=0&showReviewSubmissionEntry=false&currencyCode=USD&isFreeOccSearch=false&tspTypes=16%2C8&los=4&searchrequestid=709a39e5-55e4-4ffc-a2af-37ab37f66aaa&ds=qqYuwCdeeyGgIaeA
AGODA_4,agoda,Ramada by Wyndham Waupaca,"1 Queen Bed, Efficiency Room, Non-Smoking",queen bed,Queen,Normal,2,7942,0,7942,"['1 queen bed', 'Mini bar', 'Non-smoking', 'Internet access – wireless', 'Coffee/tea maker', 'Refrigerator', 'Hair dryer']",2025-11-11,2025-11-12,https://www.agoda.com/en-in/ramada-waupaca_4/hotel/waupaca-wi-us.html?countryId=181&finalPriceView=1&isShowMobileAppPrice=false&cid=1922885&numberOfBedrooms=&familyMode=false&adults=1&children=0&rooms=1&maxRooms=0&checkIn=2025-11-1&isCalendarCallout=false&childAges=&numberOfGuest=0&missingChildAges=false&travellerType=0&showReviewSubmissionEntry=false&currencyCode=USD&isFreeOccSearch=false&tspTypes=16%2C8&los=4&searchrequestid=709a39e5-55e4-4ffc-a2af-37ab37f66aaa&ds=qqYuwCdeeyGgIaeA
AGODA_4,agoda,Ramada by Wyndham Waupaca,Efficiency Queen Room - Non-Smoking,queen bed,Queen,Normal,2,9130,0,9130,"['1 queen bed', 'Mini bar', 'Private bathroom', 'Internet access – wireless', 'Closet', 'Air conditioning', 'Coffee/tea maker', 'Refrigerator', 'Hair dryer']",2025-11-11,2025-11-12,https://www.agoda.com/en-in/ramada-waupaca_4/hotel/waupaca-wi-us.html?countryId=181&finalPriceView=1&isShowMobileAppPrice=false&cid=1922885&numberOfBedrooms=&familyMode=false&adults=1&children=0&rooms=1&maxRooms=0&checkIn=2025-11-1&isCalendarCallout=false&childAges=&numberOfGuest=0&missingChildAges=false&travellerType=0&showReviewSubmissionEntry=false&currencyCode=USD&isFreeOccSearch=false&tspTypes=16%2C8&los=4&searchrequestid=709a39e5-55e4-4ffc-a2af-37ab37f66aaa&ds=qqYuwCdeeyGgIaeA
AGODA_4,agoda,Ramada by Wyndham Waupaca,"1 Queen Bed, Non-Smoking",double bed,Double,Normal,2,9193,0,9193,"['Wi-Fi [free]', 'Room size: 30 m²/323 ft²', '1 double bed', 'Bathtub', 'Window', 'Non-smoking', 'Private bathroom', 'Individual air conditioning', 'Coffee/tea maker', 'Refrigerator']",2025-11-15,2025-11-16,https://www.agoda.com/en-in/ramada-waupaca_4/hotel/waupaca-wi-us.html?countryId=181&finalPriceView=1&isShowMobileAppPrice=false&cid=1922885&numberOfBedrooms=&familyMode=false&adults=1&children=0&rooms=1&maxRooms=0&checkIn=2025-11-1&isCalendarCallout=false&childAges=&numberOfGuest=0&missingChildAges=false&travellerType=0&showReviewSubmissionEntry=false&currencyCode=USD&isFreeOccSearch=false&tspTypes=16%2C8&los=4&searchrequestid=709a39e5-55e4-4ffc-a2af-37ab37f66aaa&ds=qqYuwCdeeyGgIaeA
AGODA_4,agoda,Ramada by Wyndham Waupaca,King Room - Non-Smoking,king bed,King,Normal,0,9193,0,9193,"['Wi-Fi [free]', 'Room size: 30 m²/323 ft²', '1 king bed', 'Bathtub', 'Window', 'Non-smoking', 'Private bathroom', 'Individual air conditioning', 'Coffee/tea maker', 'Refrigerator']",2025-11-15,2025-11-16,https://www.agoda.com/en-in/ramada-waupaca_4/hotel/waupaca-wi-us.html?countryId=181&finalPriceView=1&isShowMobileAppPrice=false&cid=1922885&numberOfBedrooms=&familyMode=false&adults=1&children=0&rooms=1&maxRooms=0&checkIn=2025-11-1&isCalendarCallout=false&childAges=&numberOfGuest=0&missingChildAges=false&travellerType=0&showReviewSubmissionEntry=false&currencyCode=USD&isFreeOccSearch=false&tspTypes=16%2C8&los=4&searchrequestid=709a39e5-55e4-4ffc-a2af-37ab37f66aaa&ds=qqYuwCdeeyGgIaeA
AGODA_4,agoda,Ramada by Wyndham Waupaca,"2 Queen Beds, Non-Smoking",king bed,King,Normal,0,9523,0,9523,"['Wi-Fi [free]', 'Room size: 30 m²/323 ft²', '1 king bed and 1 sofa bed', 'Bathtub', 'Window', 'Non-smoking', 'Private bathroom', 'Individual air conditioning', 'Coffee/tea maker', 'Refrigerator']",2025-11-15,2025-11-16,https://www.agoda.com/en-in/ramada-waupaca_4/hotel/waupaca-wi-us.html?countryId=181&finalPriceView=1&isShowMobileAppPrice=false&cid=1922885&numberOfBedrooms=&familyMode=false&adults=1&children=0&rooms=1&maxRooms=0&checkIn=2025-11-1&isCalendarCallout=false&childAges=&numberOfGuest=0&missingChildAges=false&travellerType=0&showReviewSubmissionEntry=false&currencyCode=USD&isFreeOccSearch=false&tspTypes=16%2C8&los=4&searchrequestid=709a39e5-55e4-4ffc-a2af-37ab37f66aaa&ds=qqYuwCdeeyGgIaeA
AGODA_4,agoda,Ramada by Wyndham Waupaca,"2 Queen Beds, Mobility Accessible Room, Bathtub W/ Grab Bars, Non-Smoking",king bed,King,Normal,3,9523,0,9523,"['Wi-Fi [free]', 'Room size: 30 m²/323 ft²', '1 king bed and 1 sofa bed', 'Bathtub', 'Window', 'Non-smoking', 'Private bathroom', 'Individual air conditioning', 'Coffee/tea maker', 'Refrigerator']",2025-11-15,2025-11-16,https://www.agoda.com/en-in/ramada-waupaca_4/hotel/waupaca-wi-us.html?countryId=181&finalPriceView=1&isShowMobileAppPrice=false&cid=1922885&numberOfBedrooms=&familyMode=false&adults=1&children=0&rooms=1&maxRooms=0&checkIn=2025-11-1&isCalendarCallout=false&childAges=&numberOfGuest=0&missingChildAges=false&travellerType=0&showReviewSubmissionEntry=false&currencyCode=USD&isFreeOccSearch=false&tspTypes=16%2C8&los=4&searchrequestid=709a39e5-55e4-4ffc-a2af-37ab37f66aaa&ds=qqYuwCdeeyGgIaeA
AGODA_4,agoda,Ramada by Wyndham Waupaca,"1 King Bed, Studio Suite, Non-Smoking",queen bed,Queen,Suite,2,10615,0,10615,"['Wi-Fi [free]', 'Room size: 30 m²/323 ft²', '1 queen bed and 1 sofa bed', 'Bathtub', 'Window', 'Non-smoking', 'Private bathroom', 'Individual air conditioning', 'Coffee/tea maker', 'Refrigerator']",2025-11-15,2025-11-16,https://www.agoda.com/en-in/ramada-waupaca_4/hotel/waupaca-wi-us.html?countryId=181&finalPriceView=1&isShowMobileAppPrice=false&cid=1922885&numberOfBedrooms=&familyMode=false&adults=1&children=0&rooms=1&maxRooms=0&checkIn=2025-11-1&isCalendarCallout=false&childAges=&numberOfGuest=0&missingChildAges=false&travellerType=0&showReviewSubmissionEntry=false&currencyCode=USD&isFreeOccSearch=false&tspTypes=16%2C8&los=4&searchrequestid=709a39e5-55e4-4ffc-a2af-37ab37f66aaa&ds=qqYuwCdeeyGgIaeA
AGODA_4,agoda,Ramada by Wyndham Waupaca,"1 King Bed, Deluxe Studio Suite, Non-Smoking",king bed,King,Suite,3,11156,0,11156,"['Wi-Fi [free]', 'Room size: 30 m²/323 ft²', '1 king bed', 'Bathtub', 'Window', 'Non-smoking', 'Private bathroom', 'Individual air conditioning', 'Coffee/tea maker', 'Refrigerator']",2025-11-15,2025-11-16,https://www.agoda.com/en-in/ramada-waupaca_4/hotel/waupaca-wi-us.html?countryId=181&finalPriceView=1&isShowMobileAppPrice=false&cid=1922885&numberOfBedrooms=&familyMode=false&adults=1&children=0&rooms=1&maxRooms=0&checkIn=2025-11-1&isCalendarCallout=false&childAges=&numberOfGuest=0&missingChildAges=false&travellerType=0&showReviewSubmissionEntry=false&currencyCode=USD&isFreeOccSearch=false&tspTypes=16%2C8&los=4&searchrequestid=709a39e5-55e4-4ffc-a2af-37ab37f66aaa&ds=qqYuwCdeeyGgIaeA
AGODA_4,agoda,Ramada by Wyndham Waupaca,"1 Queen Bed, Efficiency Room, Non-Smoking",queen bed,Queen,Normal,2,11815,0,11815,"['1 queen bed', 'Mini bar', 'Non-smoking', 'Internet access – wireless', 'Coffee/tea maker', 'Refrigerator', 'Hair dryer']",2025-11-15,2025-11-16,https://www.agoda.com/en-in/ramada-waupaca_4/hotel/waupaca-wi-us.html?countryId=181&finalPriceView=1&isShowMobileAppPrice=false&cid=1922885&numberOfBedrooms=&familyMode=false&adults=1&children=0&rooms=1&maxRooms=0&checkIn=2025-11-1&isCalendarCallout=false&childAges=&numberOfGuest=0&missingChildAges=false&travellerType=0&showReviewSubmissionEntry=false&currencyCode=USD&isFreeOccSearch=false&tspTypes=16%2C8&los=4&searchrequestid=709a39e5-55e4-4ffc-a2af-37ab37f66aaa&ds=qqYuwCdeeyGgIaeA
AGODA_4,agoda,Ramada by Wyndham Waupaca,"1 King Bed, One Bedroom Suite, Non-Smoking",king bed,King,Suite,0,11815,0,11815,"['Wi-Fi [free]', 'Room size: 30 m²/323 ft²', '1 king bed', 'Bathtub', 'Window', 'Non-smoking', 'Private bathroom', 'Individual air conditioning', 'Coffee/tea maker', 'Refrigerator']",2025-11-15,2025-11-16,https://www.agoda.com/en-in/ramada-waupaca_4/hotel/waupaca-wi-us.html?countryId=181&finalPriceView=1&isShowMobileAppPrice=false&cid=1922885&numberOfBedrooms=&familyMode=false&adults=1&children=0&rooms=1&maxRooms=0&checkIn=2025-11-1&isCalendarCallout=false&childAges=&numberOfGuest=0&missingChildAges=false&travellerType=0&showReviewSubmissionEntry=false&currencyCode=USD&isFreeOccSearch=false&tspTypes=16%2C8&los=4&searchrequestid=709a39e5-55e4-4ffc-a2af-37ab37f66aaa&ds=qqYuwCdeeyGgIaeA
AGODA_4,agoda,Ramada by Wyndham Waupaca,Efficiency Queen Room - Non-Smoking,queen bed,Queen,Normal,2,13506,0,13506,"['1 queen bed', 'Mini bar', 'Private bathroom', 'Internet access – wireless', 'Closet', 'Air conditioning', 'Coffee/tea maker', 'Refrigerator', 'Hair dryer']",2025-11-15,2025-11-16,https://www.agoda.com/en-in/ramada-waupaca_4/hotel/waupaca-wi-us.html?countryId=181&finalPriceView=1&isShowMobileAppPrice=false&cid=1922885&numberOfBedrooms=&familyMode=false&adults=1&children=0&rooms=1&maxRooms=0&checkIn=2025-11-1&isCalendarCallout=false&childAges=&numberOfGuest=0&missingChildAges=false&travellerType=0&showReviewSubmissionEntry=false&currencyCode=USD&isFreeOccSearch=false&tspTypes=16%2C8&los=4&searchrequestid=709a39e5-55e4-4ffc-a2af-37ab37f66aaa&ds=qqYuwCdeeyGgIaeA
AGODA_4,agoda,Ramada by Wyndham Waupaca,"2 Queen Beds, Non-Smoking",king bed,King,Normal,0,4942,0,4942,"['Wi-Fi [free]', 'Room size: 30 m²/323 ft²', '1 king bed and 1 sofa bed', 'Bathtub', 'Window', 'Non-smoking', 'Private bathroom', 'Individual air conditioning', 'Coffee/tea maker', 'Refrigerator']",2025-11-16,2025-11-17,https://www.agoda.com/en-in/ramada-waupaca_4/hotel/waupaca-wi-us.html?countryId=181&finalPriceView=1&isShowMobileAppPrice=false&cid=1922885&numberOfBedrooms=&familyMode=false&adults=1&children=0&rooms=1&maxRooms=0&checkIn=2025-11-1&isCalendarCallout=false&childAges=&numberOfGuest=0&missingChildAges=false&travellerType=0&showReviewSubmissionEntry=false&currencyCode=USD&isFreeOccSearch=false&tspTypes=16%2C8&los=4&searchrequestid=709a39e5-55e4-4ffc-a2af-37ab37f66aaa&ds=qqYuwCdeeyGgIaeA
AGODA_4,agoda,Ramada by Wyndham Waupaca,"1 Queen Bed, Non-Smoking",double bed,Double,Normal,2,4942,0,4942,"['Wi-Fi [free]', 'Room size: 30 m²/323 ft²', '1 double bed', 'Bathtub', 'Window', 'Non-smoking', 'Private bathroom', 'Individual air conditioning', 'Coffee/tea maker', 'Refrigerator']",2025-11-16,2025-11-17,https://www.agoda.com/en-in/ramada-waupaca_4/hotel/waupaca-wi-us.html?countryId=181&finalPriceView=1&isShowMobileAppPrice=false&cid=1922885&numberOfBedrooms=&familyMode=false&adults=1&children=0&rooms=1&maxRooms=0&checkIn=2025-11-1&isCalendarCallout=false&childAges=&numberOfGuest=0&missingChildAges=false&travellerType=0&showReviewSubmissionEntry=false&currencyCode=USD&isFreeOccSearch=false&tspTypes=16%2C8&los=4&searchrequestid=709a39e5-55e4-4ffc-a2af-37ab37f66aaa&ds=qqYuwCdeeyGgIaeA
AGODA_4,agoda,Ramada by Wyndham Waupaca,"2 Queen Beds, Mobility Accessible Room, Bathtub W/ Grab Bars, Non-Smoking",king bed,King,Normal,0,4942,0,4942,"['Wi-Fi [free]', 'Room size: 30 m²/323 ft²', '1 king bed and 1 sofa bed', 'Bathtub', 'Window', 'Non-smoking', 'Private bathroom', 'Individual air conditioning', 'Coffee/tea maker', 'Refrigerator']",2025-11-16,2025-11-17,https://www.agoda.com/en-in/ramada-waupaca_4/hotel/waupaca-wi-us.html?countryId=181&finalPriceView=1&isShowMobileAppPrice=false&cid=1922885&numberOfBedrooms=&familyMode=false&adults=1&children=0&rooms=1&maxRooms=0&checkIn=2025-11-1&isCalendarCallout=false&childAges=&numberOfGuest=0&missingChildAges=false&travellerType=0&showReviewSubmissionEntry=false&currencyCode=USD&isFreeOccSearch=false&tspTypes=16%2C8&los=4&searchrequestid=709a39e5-55e4-4ffc-a2af-37ab37f66aaa&ds=qqYuwCdeeyGgIaeA
AGODA_4,agoda,Ramada by Wyndham Waupaca,King Room - Non-Smoking,king bed,King,Normal,0,4942,0,4942,"['Wi-Fi [free]', 'Room size: 30 m²/323 ft²', '1 king bed', 'Bathtub', 'Window', 'Non-smoking', 'Private bathroom', 'Individual air conditioning', 'Coffee/tea maker', 'Refrigerator']",2025-11-16,2025-11-17,https://www.agoda.com/en-in/ramada-waupaca_4/hotel/waupaca-wi-us.html?countryId=181&finalPriceView=1&isShowMobileAppPrice=false&cid=1922885&numberOfBedrooms=&familyMode=false&adults=1&children=0&rooms=1&maxRooms=0&checkIn=2025-11-1&isCalendarCallout=false&childAges=&numberOfGuest=0&missingChildAges=false&travellerType=0&showReviewSubmissionEntry=false&currencyCode=USD&isFreeOccSearch=false&tspTypes=16%2C8&los=4&searchrequestid=709a39e5-55e4-4ffc-a2af-37ab37f66aaa&ds=qqYuwCdeeyGgIaeA
AGODA_4,agoda,Ramada by Wyndham Waupaca,"1 King Bed, Studio Suite, Non-Smoking",queen bed,Queen,Suite,2,5882,0,5882,"['Wi-Fi [free]', 'Room size: 30 m²/323 ft²', '1 queen bed and 1 sofa bed', 'Bathtub', 'Window', 'Non-smoking', 'Private bathroom', 'Individual air conditioning', 'Coffee/tea maker', 'Refrigerator']",2025-11-16,2025-11-17,https://www.agoda.com/en-in/ramada-waupaca_4/hotel/waupaca-wi-us.html?countryId=181&finalPriceView=1&isShowMobileAppPrice=false&cid=1922885&numberOfBedrooms=&familyMode=false&adults=1&children=0&rooms=1&maxRooms=0&checkIn=2025-11-1&isCalendarCallout=false&childAges=&numberOfGuest=0&missingChildAges=false&travellerType=0&showReviewSubmissionEntry=false&currencyCode=USD&isFreeOccSearch=false&tspTypes=16%2C8&los=4&searchrequestid=709a39e5-55e4-4ffc-a2af-37ab37f66aaa&ds=qqYuwCdeeyGgIaeA
AGODA_4,agoda,Ramada by Wyndham Waupaca,"1 King Bed, One Bedroom Suite, Non-Smoking",king bed,King,Suite,2,6198,0,6198,"['Wi-Fi [free]', 'Room size: 30 m²/323 ft²', '1 king bed', 'Bathtub', 'Window', 'Non-smoking', 'Private bathroom', 'Individual air conditioning', 'Coffee/tea maker', 'Refrigerator']",2025-11-16,2025-11-17,https://www.agoda.com/en-in/ramada-waupaca_4/hotel/waupaca-wi-us.html?countryId=181&finalPriceView=1&isShowMobileAppPrice=false&cid=1922885&numberOfBedrooms=&familyMode=false&adults=1&children=0&rooms=1&maxRooms=0&checkIn=2025-11-1&isCalendarCallout=false&childAges=&numberOfGuest=0&missingChildAges=false&travellerType=0&showReviewSubmissionEntry=false&currencyCode=USD&isFreeOccSearch=false&tspTypes=16%2C8&los=4&searchrequestid=709a39e5-55e4-4ffc-a2af-37ab37f66aaa&ds=qqYuwCdeeyGgIaeA
AGODA_4,agoda,Ramada by Wyndham Waupaca,"1 King Bed, Deluxe Studio Suite, Non-Smoking",king bed,King,Suite,3,6514,0,6514,"['Wi-Fi [free]', 'Room size: 30 m²/323 ft²', '1 king bed', 'Bathtub', 'Window', 'Non-smoking', 'Private bathroom', 'Individual air conditioning', 'Coffee/tea maker', 'Refrigerator']",2025-11-16,2025-11-17,https://www.agoda.com/en-in/ramada-waupaca_4/hotel/waupaca-wi-us.html?countryId=181&finalPriceView=1&isShowMobileAppPrice=false&cid=1922885&numberOfBedrooms=&familyMode=false&adults=1&children=0&rooms=1&maxRooms=0&checkIn=2025-11-1&isCalendarCallout=false&childAges=&numberOfGuest=0&missingChildAges=false&travellerType=0&showReviewSubmissionEntry=false&currencyCode=USD&isFreeOccSearch=false&tspTypes=16%2C8&los=4&searchrequestid=709a39e5-55e4-4ffc-a2af-37ab37f66aaa&ds=qqYuwCdeeyGgIaeA
AGODA_4,agoda,Ramada by Wyndham Waupaca,"1 Queen Bed, Efficiency Room, Non-Smoking",queen bed,Queen,Normal,2,7833,0,7833,"['1 queen bed', 'Mini bar', 'Non-smoking', 'Internet access – wireless', 'Coffee/tea maker', 'Refrigerator', 'Hair dryer']",2025-11-16,2025-11-17,https://www.agoda.com/en-in/ramada-waupaca_4/hotel/waupaca-wi-us.html?countryId=181&finalPriceView=1&isShowMobileAppPrice=false&cid=1922885&numberOfBedrooms=&familyMode=false&adults=1&children=0&rooms=1&maxRooms=0&checkIn=2025-11-1&isCalendarCallout=false&childAges=&numberOfGuest=0&missingChildAges=false&travellerType=0&showReviewSubmissionEntry=false&currencyCode=USD&isFreeOccSearch=false&tspTypes=16%2C8&los=4&searchrequestid=709a39e5-55e4-4ffc-a2af-37ab37f66aaa&ds=qqYuwCdeeyGgIaeA
AGODA_4,agoda,Ramada by Wyndham Waupaca,Efficiency Queen Room - Non-Smoking,queen bed,Queen,Normal,2,9281,0,9281,"['1 queen bed', 'Mini bar', 'Private bathroom', 'Internet access – wireless', 'Closet', 'Air conditioning', 'Coffee/tea maker', 'Refrigerator', 'Hair dryer']",2025-11-16,2025-11-17,https://www.agoda.com/en-in/ramada-waupaca_4/hotel/waupaca-wi-us.html?countryId=181&finalPriceView=1&isShowMobileAppPrice=false&cid=1922885&numberOfBedrooms=&familyMode=false&adults=1&children=0&rooms=1&maxRooms=0&checkIn=2025-11-1&isCalendarCallout=false&childAges=&numberOfGuest=0&missingChildAges=false&travellerType=0&showReviewSubmissionEntry=false&currencyCode=USD&isFreeOccSearch=false&tspTypes=16%2C8&los=4&searchrequestid=709a39e5-55e4-4ffc-a2af-37ab37f66aaa&ds=qqYuwCdeeyGgIaeA
AGODA_4,agoda,Ramada by Wyndham Waupaca,"2 Queen Beds, Non-Smoking",king bed,King,Normal,0,4763,0,4763,"['Wi-Fi [free]', 'Room size: 30 m²/323 ft²', '1 king bed and 1 sofa bed', 'Bathtub', 'Window', 'Non-smoking', 'Private bathroom', 'Individual air conditioning', 'Coffee/tea maker', 'Refrigerator']",2025-11-18,2025-11-19,https://www.agoda.com/en-in/ramada-waupaca_4/hotel/waupaca-wi-us.html?countryId=181&finalPriceView=1&isShowMobileAppPrice=false&cid=1922885&numberOfBedrooms=&familyMode=false&adults=1&children=0&rooms=1&maxRooms=0&checkIn=2025-11-1&isCalendarCallout=false&childAges=&numberOfGuest=0&missingChildAges=false&travellerType=0&showReviewSubmissionEntry=false&currencyCode=USD&isFreeOccSearch=false&tspTypes=16%2C8&los=4&searchrequestid=709a39e5-55e4-4ffc-a2af-37ab37f66aaa&ds=qqYuwCdeeyGgIaeA
AGODA_4,agoda,Ramada by Wyndham Waupaca,"1 Queen Bed, Non-Smoking",double bed,Double,Normal,2,4763,0,4763,"['Wi-Fi [free]', 'Room size: 30 m²/323 ft²', '1 double bed', 'Bathtub', 'Window', 'Non-smoking', 'Private bathroom', 'Individual air conditioning', 'Coffee/tea maker', 'Refrigerator']",2025-11-18,2025-11-19,https://www.agoda.com/en-in/ramada-waupaca_4/hotel/waupaca-wi-us.html?countryId=181&finalPriceView=1&isShowMobileAppPrice=false&cid=1922885&numberOfBedrooms=&familyMode=false&adults=1&children=0&rooms=1&maxRooms=0&checkIn=2025-11-1&isCalendarCallout=false&childAges=&numberOfGuest=0&missingChildAges=false&travellerType=0&showReviewSubmissionEntry=false&currencyCode=USD&isFreeOccSearch=false&tspTypes=16%2C8&los=4&searchrequestid=709a39e5-55e4-4ffc-a2af-37ab37f66aaa&ds=qqYuwCdeeyGgIaeA
AGODA_4,agoda,Ramada by Wyndham Waupaca,"2 Queen Beds, Mobility Accessible Room, Bathtub W/ Grab Bars, Non-Smoking",king bed,King,Normal,0,4763,0,4763,"['Wi-Fi [free]', 'Room size: 30 m²/323 ft²', '1 king bed and 1 sofa bed', 'Bathtub', 'Window', 'Non-smoking', 'Private bathroom', 'Individual air conditioning', 'Coffee/tea maker', 'Refrigerator']",2025-11-18,2025-11-19,https://www.agoda.com/en-in/ramada-waupaca_4/hotel/waupaca-wi-us.html?countryId=181&finalPriceView=1&isShowMobileAppPrice=false&cid=1922885&numberOfBedrooms=&familyMode=false&adults=1&children=0&rooms=1&maxRooms=0&checkIn=2025-11-1&isCalendarCallout=false&childAges=&numberOfGuest=0&missingChildAges=false&travellerType=0&showReviewSubmissionEntry=false&currencyCode=USD&isFreeOccSearch=false&tspTypes=16%2C8&los=4&searchrequestid=709a39e5-55e4-4ffc-a2af-37ab37f66aaa&ds=qqYuwCdeeyGgIaeA
AGODA_4,agoda,Ramada by Wyndham Waupaca,King Room - Non-Smoking,king bed,King,Normal,0,4763,0,4763,"['Wi-Fi [free]', 'Room size: 30 m²/323 ft²', '1 king bed', 'Bathtub', 'Window', 'Non-smoking', 'Private bathroom', 'Individual air conditioning', 'Coffee/tea maker', 'Refrigerator']",2025-11-18,2025-11-19,https://www.agoda.com/en-in/ramada-waupaca_4/hotel/waupaca-wi-us.html?countryId=181&finalPriceView=1&isShowMobileAppPrice=false&cid=1922885&numberOfBedrooms=&familyMode=false&adults=1&children=0&rooms=1&maxRooms=0&checkIn=2025-11-1&isCalendarCallout=false&childAges=&numberOfGuest=0&missingChildAges=false&travellerType=0&showReviewSubmissionEntry=false&currencyCode=USD&isFreeOccSearch=false&tspTypes=16%2C8&los=4&searchrequestid=709a39e5-55e4-4ffc-a2af-37ab37f66aaa&ds=qqYuwCdeeyGgIaeA
AGODA_4,agoda,Ramada by Wyndham Waupaca,"1 King Bed, Studio Suite, Non-Smoking",queen bed,Queen,Suite,2,5692,0,5692,"['Wi-Fi [free]', 'Room size: 30 m²/323 ft²', '1 queen bed and 1 sofa bed', 'Bathtub', 'Window', 'Non-smoking', 'Private bathroom', 'Individual air conditioning', 'Coffee/tea maker', 'Refrigerator']",2025-11-18,2025-11-19,https://www.agoda.com/en-in/ramada-waupaca_4/hotel/waupaca-wi-us.html?countryId=181&finalPriceView=1&isShowMobileAppPrice=false&cid=1922885&numberOfBedrooms=&familyMode=false&adults=1&children=0&rooms=1&maxRooms=0&checkIn=2025-11-1&isCalendarCallout=false&childAges=&numberOfGuest=0&missingChildAges=false&travellerType=0&showReviewSubmissionEntry=false&currencyCode=USD&isFreeOccSearch=false&tspTypes=16%2C8&los=4&searchrequestid=709a39e5-55e4-4ffc-a2af-37ab37f66aaa&ds=qqYuwCdeeyGgIaeA
AGODA_4,agoda,Ramada by Wyndham Waupaca,"1 King Bed, One Bedroom Suite, Non-Smoking",king bed,King,Suite,2,6009,0,6009,"['Wi-Fi [free]', 'Room size: 30 m²/323 ft²', '1 king bed', 'Bathtub', 'Window', 'Non-smoking', 'Private bathroom', 'Individual air conditioning', 'Coffee/tea maker', 'Refrigerator']",2025-11-18,2025-11-19,https://www.agoda.com/en-in/ramada-waupaca_4/hotel/waupaca-wi-us.html?countryId=181&finalPriceView=1&isShowMobileAppPrice=false&cid=1922885&numberOfBedrooms=&familyMode=false&adults=1&children=0&rooms=1&maxRooms=0&checkIn=2025-11-1&isCalendarCallout=false&childAges=&numberOfGuest=0&missingChildAges=false&travellerType=0&showReviewSubmissionEntry=false&currencyCode=USD&isFreeOccSearch=false&tspTypes=16%2C8&los=4&searchrequestid=709a39e5-55e4-4ffc-a2af-37ab37f66aaa&ds=qqYuwCdeeyGgIaeA
AGODA_4,agoda,Ramada by Wyndham Waupaca,"1 King Bed, Deluxe Studio Suite, Non-Smoking",king bed,King,Suite,3,6325,0,6325,"['Wi-Fi [free]', 'Room size: 30 m²/323 ft²', '1 king bed', 'Bathtub', 'Window', 'Non-smoking', 'Private bathroom', 'Individual air conditioning', 'Coffee/tea maker', 'Refrigerator']",2025-11-18,2025-11-19,https://www.agoda.com/en-in/ramada-waupaca_4/hotel/waupaca-wi-us.html?countryId=181&finalPriceView=1&isShowMobileAppPrice=false&cid=1922885&numberOfBedrooms=&familyMode=false&adults=1&children=0&rooms=1&maxRooms=0&checkIn=2025-11-1&isCalendarCallout=false&childAges=&numberOfGuest=0&missingChildAges=false&travellerType=0&showReviewSubmissionEntry=false&currencyCode=USD&isFreeOccSearch=false&tspTypes=16%2C8&los=4&searchrequestid=709a39e5-55e4-4ffc-a2af-37ab37f66aaa&ds=qqYuwCdeeyGgIaeA
AGODA_4,agoda,Ramada by Wyndham Waupaca,"1 Queen Bed, Efficiency Room, Non-Smoking",queen bed,Queen,Normal,2,7642,0,7642,"['1 queen bed', 'Mini bar', 'Non-smoking', 'Internet access – wireless', 'Coffee/tea maker', 'Refrigerator', 'Hair dryer']",2025-11-18,2025-11-19,https://www.agoda.com/en-in/ramada-waupaca_4/hotel/waupaca-wi-us.html?countryId=181&finalPriceView=1&isShowMobileAppPrice=false&cid=1922885&numberOfBedrooms=&familyMode=false&adults=1&children=0&rooms=1&maxRooms=0&checkIn=2025-11-1&isCalendarCallout=false&childAges=&numberOfGuest=0&missingChildAges=false&travellerType=0&showReviewSubmissionEntry=false&currencyCode=USD&isFreeOccSearch=false&tspTypes=16%2C8&los=4&searchrequestid=709a39e5-55e4-4ffc-a2af-37ab37f66aaa&ds=qqYuwCdeeyGgIaeA
AGODA_4,agoda,Ramada by Wyndham Waupaca,Efficiency Queen Room - Non-Smoking,queen bed,Queen,Normal,2,9055,0,9055,"['1 queen bed', 'Mini bar', 'Private bathroom', 'Internet access – wireless', 'Closet', 'Air conditioning', 'Coffee/tea maker', 'Refrigerator', 'Hair dryer']",2025-11-18,2025-11-19,https://www.agoda.com/en-in/ramada-waupaca_4/hotel/waupaca-wi-us.html?countryId=181&finalPriceView=1&isShowMobileAppPrice=false&cid=1922885&numberOfBedrooms=&familyMode=false&adults=1&children=0&rooms=1&maxRooms=0&checkIn=2025-11-1&isCalendarCallout=false&childAges=&numberOfGuest=0&missingChildAges=false&travellerType=0&showReviewSubmissionEntry=false&currencyCode=USD&isFreeOccSearch=false&tspTypes=16%2C8&los=4&searchrequestid=709a39e5-55e4-4ffc-a2af-37ab37f66aaa&ds=qqYuwCdeeyGgIaeA
AGODA_4,agoda,Ramada by Wyndham Waupaca,"2 Queen Beds, Non-Smoking",king bed,King,Normal,0,4883,0,4883,"['Wi-Fi [free]', 'Room size: 30 m²/323 ft²', '1 king bed and 1 sofa bed', 'Bathtub', 'Window', 'Non-smoking', 'Private bathroom', 'Individual air conditioning', 'Coffee/tea maker', 'Refrigerator']",2025-11-19,2025-11-20,https://www.agoda.com/en-in/ramada-waupaca_4/hotel/waupaca-wi-us.html?countryId=181&finalPriceView=1&isShowMobileAppPrice=false&cid=1922885&numberOfBedrooms=&familyMode=false&adults=1&children=0&rooms=1&maxRooms=0&checkIn=2025-11-1&isCalendarCallout=false&childAges=&numberOfGuest=0&missingChildAges=false&travellerType=0&showReviewSubmissionEntry=false&currencyCode=USD&isFreeOccSearch=false&tspTypes=16%2C8&los=4&searchrequestid=709a39e5-55e4-4ffc-a2af-37ab37f66aaa&ds=qqYuwCdeeyGgIaeA
AGODA_4,agoda,Ramada by Wyndham Waupaca,"1 Queen Bed, Non-Smoking",double bed,Double,Normal,2,4883,0,4883,"['Wi-Fi [free]', 'Room size: 30 m²/323 ft²', '1 double bed', 'Bathtub', 'Window', 'Non-smoking', 'Private bathroom', 'Individual air conditioning', 'Coffee/tea maker', 'Refrigerator']",2025-11-19,2025-11-20,https://www.agoda.com/en-in/ramada-waupaca_4/hotel/waupaca-wi-us.html?countryId=181&finalPriceView=1&isShowMobileAppPrice=false&cid=1922885&numberOfBedrooms=&familyMode=false&adults=1&children=0&rooms=1&maxRooms=0&checkIn=2025-11-1&isCalendarCallout=false&childAges=&numberOfGuest=0&missingChildAges=false&travellerType=0&showReviewSubmissionEntry=false&currencyCode=USD&isFreeOccSearch=false&tspTypes=16%2C8&los=4&searchrequestid=709a39e5-55e4-4ffc-a2af-37ab37f66aaa&ds=qqYuwCdeeyGgIaeA
AGODA_4,agoda,Ramada by Wyndham Waupaca,"2 Queen Beds, Mobility Accessible Room, Bathtub W/ Grab Bars, Non-Smoking",king bed,King,Normal,0,4883,0,4883,"['Wi-Fi [free]', 'Room size: 30 m²/323 ft²', '1 king bed and 1 sofa bed', 'Bathtub', 'Window', 'Non-smoking', 'Private bathroom', 'Individual air conditioning', 'Coffee/tea maker', 'Refrigerator']",2025-11-19,2025-11-20,https://www.agoda.com/en-in/ramada-waupaca_4/hotel/waupaca-wi-us.html?countryId=181&finalPriceView=1&isShowMobileAppPrice=false&cid=1922885&numberOfBedrooms=&familyMode=false&adults=1&children=0&rooms=1&maxRooms=0&checkIn=2025-11-1&isCalendarCallout=false&childAges=&numberOfGuest=0&missingChildAges=false&travellerType=0&showReviewSubmissionEntry=false&currencyCode=USD&isFreeOccSearch=false&tspTypes=16%2C8&los=4&searchrequestid=709a39e5-55e4-4ffc-a2af-37ab37f66aaa&ds=qqYuwCdeeyGgIaeA
AGODA_4,agoda,Ramada by Wyndham Waupaca,King Room - Non-Smoking,king bed,King,Normal,0,4883,0,4883,"['Wi-Fi [free]', 'Room size: 30 m²/323 ft²', '1 king bed', 'Bathtub', 'Window', 'Non-smoking', 'Private bathroom', 'Individual air conditioning', 'Coffee/tea maker', 'Refrigerator']",2025-11-19,2025-11-20,https://www.agoda.com/en-in/ramada-waupaca_4/hotel/waupaca-wi-us.html?countryId=181&finalPriceView=1&isShowMobileAppPrice=false&cid=1922885&numberOfBedrooms=&familyMode=false&adults=1&children=0&rooms=1&maxRooms=0&checkIn=2025-11-1&isCalendarCallout=false&childAges=&numberOfGuest=0&missingChildAges=false&travellerType=0&showReviewSubmissionEntry=false&currencyCode=USD&isFreeOccSearch=false&tspTypes=16%2C8&los=4&searchrequestid=709a39e5-55e4-4ffc-a2af-37ab37f66aaa&ds=qqYuwCdeeyGgIaeA
AGODA_4,agoda,Ramada by Wyndham Waupaca,"1 King Bed, Studio Suite, Non-Smoking",queen bed,Queen,Suite,2,5798,0,5798,"['Wi-Fi [free]', 'Room size: 30 m²/323 ft²', '1 queen bed and 1 sofa bed', 'Bathtub', 'Window', 'Non-smoking', 'Private bathroom', 'Individual air conditioning', 'Coffee/tea maker', 'Refrigerator']",2025-11-19,2025-11-20,https://www.agoda.com/en-in/ramada-waupaca_4/hotel/waupaca-wi-us.html?countryId=181&finalPriceView=1&isShowMobileAppPrice=false&cid=1922885&numberOfBedrooms=&familyMode=false&adults=1&children=0&rooms=1&maxRooms=0&checkIn=2025-11-1&isCalendarCallout=false&childAges=&numberOfGuest=0&missingChildAges=false&travellerType=0&showReviewSubmissionEntry=false&currencyCode=USD&isFreeOccSearch=false&tspTypes=16%2C8&los=4&searchrequestid=709a39e5-55e4-4ffc-a2af-37ab37f66aaa&ds=qqYuwCdeeyGgIaeA
AGODA_4,agoda,Ramada by Wyndham Waupaca,"1 King Bed, One Bedroom Suite, Non-Smoking",king bed,King,Suite,2,6120,0,6120,"['Wi-Fi [free]', 'Room size: 30 m²/323 ft²', '1 king bed', 'Bathtub', 'Window', 'Non-smoking', 'Private bathroom', 'Individual air conditioning', 'Coffee/tea maker', 'Refrigerator']",2025-11-19,2025-11-20,https://www.agoda.com/en-in/ramada-waupaca_4/hotel/waupaca-wi-us.html?countryId=181&finalPriceView=1&isShowMobileAppPrice=false&cid=1922885&numberOfBedrooms=&familyMode=false&adults=1&children=0&rooms=1&maxRooms=0&checkIn=2025-11-1&isCalendarCallout=false&childAges=&numberOfGuest=0&missingChildAges=false&travellerType=0&showReviewSubmissionEntry=false&currencyCode=USD&isFreeOccSearch=false&tspTypes=16%2C8&los=4&searchrequestid=709a39e5-55e4-4ffc-a2af-37ab37f66aaa&ds=qqYuwCdeeyGgIaeA
AGODA_4,agoda,Ramada by Wyndham Waupaca,"1 King Bed, Deluxe Studio Suite, Non-Smoking",king bed,King,Suite,3,6442,0,6442,"['Wi-Fi [free]', 'Room size: 30 m²/323 ft²', '1 king bed', 'Bathtub', 'Window', 'Non-smoking', 'Private bathroom', 'Individual air conditioning', 'Coffee/tea maker', 'Refrigerator']",2025-11-19,2025-11-20,https://www.agoda.com/en-in/ramada-waupaca_4/hotel/waupaca-wi-us.html?countryId=181&finalPriceView=1&isShowMobileAppPrice=false&cid=1922885&numberOfBedrooms=&familyMode=false&adults=1&children=0&rooms=1&maxRooms=0&checkIn=2025-11-1&isCalendarCallout=false&childAges=&numberOfGuest=0&missingChildAges=false&travellerType=0&showReviewSubmissionEntry=false&currencyCode=USD&isFreeOccSearch=false&tspTypes=16%2C8&los=4&searchrequestid=709a39e5-55e4-4ffc-a2af-37ab37f66aaa&ds=qqYuwCdeeyGgIaeA
AGODA_4,agoda,Ramada by Wyndham Waupaca,"1 Queen Bed, Efficiency Room, Non-Smoking",queen bed,Queen,Normal,2,7786,0,7786,"['1 queen bed', 'Mini bar', 'Non-smoking', 'Internet access – wireless', 'Coffee/tea maker', 'Refrigerator', 'Hair dryer']",2025-11-19,2025-11-20,https://www.agoda.com/en-in/ramada-waupaca_4/hotel/waupaca-wi-us.html?countryId=181&finalPriceView=1&isShowMobileAppPrice=false&cid=1922885&numberOfBedrooms=&familyMode=false&adults=1&children=0&rooms=1&maxRooms=0&checkIn=2025-11-1&isCalendarCallout=false&childAges=&numberOfGuest=0&missingChildAges=false&travellerType=0&showReviewSubmissionEntry=false&currencyCode=USD&isFreeOccSearch=false&tspTypes=16%2C8&los=4&searchrequestid=709a39e5-55e4-4ffc-a2af-37ab37f66aaa&ds=qqYuwCdeeyGgIaeA
AGODA_4,agoda,Ramada by Wyndham Waupaca,Efficiency Queen Room - Non-Smoking,queen bed,Queen,Normal,2,9055,0,9055,"['1 queen bed', 'Mini bar', 'Private bathroom', 'Internet access – wireless', 'Closet', 'Air conditioning', 'Coffee/tea maker', 'Refrigerator', 'Hair dryer']",2025-11-19,2025-11-20,https://www.agoda.com/en-in/ramada-waupaca_4/hotel/waupaca-wi-us.html?countryId=181&finalPriceView=1&isShowMobileAppPrice=false&cid=1922885&numberOfBedrooms=&familyMode=false&adults=1&children=0&rooms=1&maxRooms=0&checkIn=2025-11-1&isCalendarCallout=false&childAges=&numberOfGuest=0&missingChildAges=false&travellerType=0&showReviewSubmissionEntry=false&currencyCode=USD&isFreeOccSearch=false&tspTypes=16%2C8&los=4&searchrequestid=709a39e5-55e4-4ffc-a2af-37ab37f66aaa&ds=qqYuwCdeeyGgIaeA
AGODA_4,agoda,Ramada by Wyndham Waupaca,"1 Queen Bed, Non-Smoking",double bed,Double,Normal,2,9154,0,9154,"['Wi-Fi [free]', 'Room size: 30 m²/323 ft²', '1 double bed', 'Bathtub', 'Window', 'Non-smoking', 'Private bathroom', 'Individual air conditioning', 'Coffee/tea maker', 'Refrigerator']",2025-11-21,2025-11-22,https://www.agoda.com/en-in/ramada-waupaca_4/hotel/waupaca-wi-us.html?countryId=181&finalPriceView=1&isShowMobileAppPrice=false&cid=1922885&numberOfBedrooms=&familyMode=false&adults=1&children=0&rooms=1&maxRooms=0&checkIn=2025-11-1&isCalendarCallout=false&childAges=&numberOfGuest=0&missingChildAges=false&travellerType=0&showReviewSubmissionEntry=false&currencyCode=USD&isFreeOccSearch=false&tspTypes=16%2C8&los=4&searchrequestid=709a39e5-55e4-4ffc-a2af-37ab37f66aaa&ds=qqYuwCdeeyGgIaeA
AGODA_4,agoda,Ramada by Wyndham Waupaca,King Room - Non-Smoking,king bed,King,Normal,4,9154,0,9154,"['Wi-Fi [free]', 'Room size: 30 m²/323 ft²', '1 king bed', 'Bathtub', 'Window', 'Non-smoking', 'Private bathroom', 'Individual air conditioning', 'Coffee/tea maker', 'Refrigerator']",2025-11-21,2025-11-22,https://www.agoda.com/en-in/ramada-waupaca_4/hotel/waupaca-wi-us.html?countryId=181&finalPriceView=1&isShowMobileAppPrice=false&cid=1922885&numberOfBedrooms=&familyMode=false&adults=1&children=0&rooms=1&maxRooms=0&checkIn=2025-11-1&isCalendarCallout=false&childAges=&numberOfGuest=0&missingChildAges=false&travellerType=0&showReviewSubmissionEntry=false&currencyCode=USD&isFreeOccSearch=false&tspTypes=16%2C8&los=4&searchrequestid=709a39e5-55e4-4ffc-a2af-37ab37f66aaa&ds=qqYuwCdeeyGgIaeA
AGODA_4,agoda,Ramada by Wyndham Waupaca,"2 Queen Beds, Non-Smoking",king bed,King,Normal,0,9480,0,9480,"['Wi-Fi [free]', 'Room size: 30 m²/323 ft²', '1 king bed and 1 sofa bed', 'Bathtub', 'Window', 'Non-smoking', 'Private bathroom', 'Individual air conditioning', 'Coffee/tea maker', 'Refrigerator']",2025-11-21,2025-11-22,https://www.agoda.com/en-in/ramada-waupaca_4/hotel/waupaca-wi-us.html?countryId=181&finalPriceView=1&isShowMobileAppPrice=false&cid=1922885&numberOfBedrooms=&familyMode=false&adults=1&children=0&rooms=1&maxRooms=0&checkIn=2025-11-1&isCalendarCallout=false&childAges=&numberOfGuest=0&missingChildAges=false&travellerType=0&showReviewSubmissionEntry=false&currencyCode=USD&isFreeOccSearch=false&tspTypes=16%2C8&los=4&searchrequestid=709a39e5-55e4-4ffc-a2af-37ab37f66aaa&ds=qqYuwCdeeyGgIaeA
AGODA_4,agoda,Ramada by Wyndham Waupaca,"2 Queen Beds, Mobility Accessible Room, Bathtub W/ Grab Bars, Non-Smoking",king bed,King,Normal,4,9480,0,9480,"['Wi-Fi [free]', 'Room size: 30 m²/323 ft²', '1 king bed and 1 sofa bed', 'Bathtub', 'Window', 'Non-smoking', 'Private bathroom', 'Individual air conditioning', 'Coffee/tea maker', 'Refrigerator']",2025-11-21,2025-11-22,https://www.agoda.com/en-in/ramada-waupaca_4/hotel/waupaca-wi-us.html?countryId=181&finalPriceView=1&isShowMobileAppPrice=false&cid=1922885&numberOfBedrooms=&familyMode=false&adults=1&children=0&rooms=1&maxRooms=0&checkIn=2025-11-1&isCalendarCallout=false&childAges=&numberOfGuest=0&missingChildAges=false&travellerType=0&showReviewSubmissionEntry=false&currencyCode=USD&isFreeOccSearch=false&tspTypes=16%2C8&los=4&searchrequestid=709a39e5-55e4-4ffc-a2af-37ab37f66aaa&ds=qqYuwCdeeyGgIaeA
AGODA_4,agoda,Ramada by Wyndham Waupaca,"1 King Bed, Studio Suite, Non-Smoking",queen bed,Queen,Suite,2,10562,0,10562,"['Wi-Fi [free]', 'Room size: 30 m²/323 ft²', '1 queen bed and 1 sofa bed', 'Bathtub', 'Window', 'Non-smoking', 'Private bathroom', 'Individual air conditioning', 'Coffee/tea maker', 'Refrigerator']",2025-11-21,2025-11-22,https://www.agoda.com/en-in/ramada-waupaca_4/hotel/waupaca-wi-us.html?countryId=181&finalPriceView=1&isShowMobileAppPrice=false&cid=1922885&numberOfBedrooms=&familyMode=false&adults=1&children=0&rooms=1&maxRooms=0&checkIn=2025-11-1&isCalendarCallout=false&childAges=&numberOfGuest=0&missingChildAges=false&travellerType=0&showReviewSubmissionEntry=false&currencyCode=USD&isFreeOccSearch=false&tspTypes=16%2C8&los=4&searchrequestid=709a39e5-55e4-4ffc-a2af-37ab37f66aaa&ds=qqYuwCdeeyGgIaeA
AGODA_4,agoda,Ramada by Wyndham Waupaca,"1 King Bed, Deluxe Studio Suite, Non-Smoking",king bed,King,Suite,3,11093,0,11093,"['Wi-Fi [free]', 'Room size: 30 m²/323 ft²', '1 king bed', 'Bathtub', 'Window', 'Non-smoking', 'Private bathroom', 'Individual air conditioning', 'Coffee/tea maker', 'Refrigerator']",2025-11-21,2025-11-22,https://www.agoda.com/en-in/ramada-waupaca_4/hotel/waupaca-wi-us.html?countryId=181&finalPriceView=1&isShowMobileAppPrice=false&cid=1922885&numberOfBedrooms=&familyMode=false&adults=1&children=0&rooms=1&maxRooms=0&checkIn=2025-11-1&isCalendarCallout=false&childAges=&numberOfGuest=0&missingChildAges=false&travellerType=0&showReviewSubmissionEntry=false&currencyCode=USD&isFreeOccSearch=false&tspTypes=16%2C8&los=4&searchrequestid=709a39e5-55e4-4ffc-a2af-37ab37f66aaa&ds=qqYuwCdeeyGgIaeA
AGODA_4,agoda,Ramada by Wyndham Waupaca,"1 Queen Bed, Efficiency Room, Non-Smoking",queen bed,Queen,Normal,2,11746,0,11746,"['1 queen bed', 'Mini bar', 'Non-smoking', 'Internet access – wireless', 'Coffee/tea maker', 'Refrigerator', 'Hair dryer']",2025-11-21,2025-11-22,https://www.agoda.com/en-in/ramada-waupaca_4/hotel/waupaca-wi-us.html?countryId=181&finalPriceView=1&isShowMobileAppPrice=false&cid=1922885&numberOfBedrooms=&familyMode=false&adults=1&children=0&rooms=1&maxRooms=0&checkIn=2025-11-1&isCalendarCallout=false&childAges=&numberOfGuest=0&missingChildAges=false&travellerType=0&showReviewSubmissionEntry=false&currencyCode=USD&isFreeOccSearch=false&tspTypes=16%2C8&los=4&searchrequestid=709a39e5-55e4-4ffc-a2af-37ab37f66aaa&ds=qqYuwCdeeyGgIaeA
AGODA_4,agoda,Ramada by Wyndham Waupaca,"1 King Bed, One Bedroom Suite, Non-Smoking",king bed,King,Suite,2,11746,0,11746,"['Wi-Fi [free]', 'Room size: 30 m²/323 ft²', '1 king bed', 'Bathtub', 'Window', 'Non-smoking', 'Private bathroom', 'Individual air conditioning', 'Coffee/tea maker', 'Refrigerator']",2025-11-21,2025-11-22,https://www.agoda.com/en-in/ramada-waupaca_4/hotel/waupaca-wi-us.html?countryId=181&finalPriceView=1&isShowMobileAppPrice=false&cid=1922885&numberOfBedrooms=&familyMode=false&adults=1&children=0&rooms=1&maxRooms=0&checkIn=2025-11-1&isCalendarCallout=false&childAges=&numberOfGuest=0&missingChildAges=false&travellerType=0&showReviewSubmissionEntry=false&currencyCode=USD&isFreeOccSearch=false&tspTypes=16%2C8&los=4&searchrequestid=709a39e5-55e4-4ffc-a2af-37ab37f66aaa&ds=qqYuwCdeeyGgIaeA
AGODA_4,agoda,Ramada by Wyndham Waupaca,Efficiency Queen Room - Non-Smoking,queen bed,Queen,Normal,2,13582,0,13582,"['1 queen bed', 'Mini bar', 'Private bathroom', 'Internet access – wireless', 'Closet', 'Air conditioning', 'Coffee/tea maker', 'Refrigerator', 'Hair dryer']",2025-11-21,2025-11-22,https://www.agoda.com/en-in/ramada-waupaca_4/hotel/waupaca-wi-us.html?countryId=181&finalPriceView=1&isShowMobileAppPrice=false&cid=1922885&numberOfBedrooms=&familyMode=false&adults=1&children=0&rooms=1&maxRooms=0&checkIn=2025-11-1&isCalendarCallout=false&childAges=&numberOfGuest=0&missingChildAges=false&travellerType=0&showReviewSubmissionEntry=false&currencyCode=USD&isFreeOccSearch=false&tspTypes=16%2C8&los=4&searchrequestid=709a39e5-55e4-4ffc-a2af-37ab37f66aaa&ds=qqYuwCdeeyGgIaeA
AGODA_4,agoda,Ramada by Wyndham Waupaca,"1 Queen Bed, Non-Smoking",double bed,Double,Normal,2,11572,0,11572,"['Wi-Fi [free]', 'Room size: 30 m²/323 ft²', '1 double bed', 'Bathtub', 'Window', 'Non-smoking', 'Private bathroom', 'Individual air conditioning', 'Coffee/tea maker', 'Refrigerator']",2025-11-22,2025-11-23,https://www.agoda.com/en-in/ramada-waupaca_4/hotel/waupaca-wi-us.html?countryId=181&finalPriceView=1&isShowMobileAppPrice=false&cid=1922885&numberOfBedrooms=&familyMode=false&adults=1&children=0&rooms=1&maxRooms=0&checkIn=2025-11-1&isCalendarCallout=false&childAges=&numberOfGuest=0&missingChildAges=false&travellerType=0&showReviewSubmissionEntry=false&currencyCode=USD&isFreeOccSearch=false&tspTypes=16%2C8&los=4&searchrequestid=709a39e5-55e4-4ffc-a2af-37ab37f66aaa&ds=qqYuwCdeeyGgIaeA
AGODA_4,agoda,Ramada by Wyndham Waupaca,King Room - Non-Smoking,king bed,King,Normal,5,11572,0,11572,"['Wi-Fi [free]', 'Room size: 30 m²/323 ft²', '1 king bed', 'Bathtub', 'Window', 'Non-smoking', 'Private bathroom', 'Individual air conditioning', 'Coffee/tea maker', 'Refrigerator']",2025-11-22,2025-11-23,https://www.agoda.com/en-in/ramada-waupaca_4/hotel/waupaca-wi-us.html?countryId=181&finalPriceView=1&isShowMobileAppPrice=false&cid=1922885&numberOfBedrooms=&familyMode=false&adults=1&children=0&rooms=1&maxRooms=0&checkIn=2025-11-1&isCalendarCallout=false&childAges=&numberOfGuest=0&missingChildAges=false&travellerType=0&showReviewSubmissionEntry=false&currencyCode=USD&isFreeOccSearch=false&tspTypes=16%2C8&los=4&searchrequestid=709a39e5-55e4-4ffc-a2af-37ab37f66aaa&ds=qqYuwCdeeyGgIaeA
AGODA_4,agoda,Ramada by Wyndham Waupaca,"2 Queen Beds, Non-Smoking",king bed,King,Normal,0,12185,0,12185,"['Wi-Fi [free]', 'Room size: 30 m²/323 ft²', '1 king bed and 1 sofa bed', 'Bathtub', 'Window', 'Non-smoking', 'Private bathroom', 'Individual air conditioning', 'Coffee/tea maker', 'Refrigerator']",2025-11-22,2025-11-23,https://www.agoda.com/en-in/ramada-waupaca_4/hotel/waupaca-wi-us.html?countryId=181&finalPriceView=1&isShowMobileAppPrice=false&cid=1922885&numberOfBedrooms=&familyMode=false&adults=1&children=0&rooms=1&maxRooms=0&checkIn=2025-11-1&isCalendarCallout=false&childAges=&numberOfGuest=0&missingChildAges=false&travellerType=0&showReviewSubmissionEntry=false&currencyCode=USD&isFreeOccSearch=false&tspTypes=16%2C8&los=4&searchrequestid=709a39e5-55e4-4ffc-a2af-37ab37f66aaa&ds=qqYuwCdeeyGgIaeA
AGODA_4,agoda,Ramada by Wyndham Waupaca,"2 Queen Beds, Mobility Accessible Room, Bathtub W/ Grab Bars, Non-Smoking",king bed,King,Normal,4,12185,0,12185,"['Wi-Fi [free]', 'Room size: 30 m²/323 ft²', '1 king bed and 1 sofa bed', 'Bathtub', 'Window', 'Non-smoking', 'Private bathroom', 'Individual air conditioning', 'Coffee/tea maker', 'Refrigerator']",2025-11-22,2025-11-23,https://www.agoda.com/en-in/ramada-waupaca_4/hotel/waupaca-wi-us.html?countryId=181&finalPriceView=1&isShowMobileAppPrice=false&cid=1922885&numberOfBedrooms=&familyMode=false&adults=1&children=0&rooms=1&maxRooms=0&checkIn=2025-11-1&isCalendarCallout=false&childAges=&numberOfGuest=0&missingChildAges=false&travellerType=0&showReviewSubmissionEntry=false&currencyCode=USD&isFreeOccSearch=false&tspTypes=16%2C8&los=4&searchrequestid=709a39e5-55e4-4ffc-a2af-37ab37f66aaa&ds=qqYuwCdeeyGgIaeA
AGODA_4,agoda,Ramada by Wyndham Waupaca,"1 King Bed, Studio Suite, Non-Smoking",queen bed,Queen,Suite,2,13157,0,13157,"['Wi-Fi [free]', 'Room size: 30 m²/323 ft²', '1 queen bed and 1 sofa bed', 'Bathtub', 'Window', 'Non-smoking', 'Private bathroom', 'Individual air conditioning', 'Coffee/tea maker', 'Refrigerator']",2025-11-22,2025-11-23,https://www.agoda.com/en-in/ramada-waupaca_4/hotel/waupaca-wi-us.html?countryId=181&finalPriceView=1&isShowMobileAppPrice=false&cid=1922885&numberOfBedrooms=&familyMode=false&adults=1&children=0&rooms=1&maxRooms=0&checkIn=2025-11-1&isCalendarCallout=false&childAges=&numberOfGuest=0&missingChildAges=false&travellerType=0&showReviewSubmissionEntry=false&currencyCode=USD&isFreeOccSearch=false&tspTypes=16%2C8&los=4&searchrequestid=709a39e5-55e4-4ffc-a2af-37ab37f66aaa&ds=qqYuwCdeeyGgIaeA
AGODA_4,agoda,Ramada by Wyndham Waupaca,"1 King Bed, Deluxe Studio Suite, Non-Smoking",king bed,King,Suite,3,13805,0,13805,"['Wi-Fi [free]', 'Room size: 30 m²/323 ft²', '1 king bed', 'Bathtub', 'Window', 'Non-smoking', 'Private bathroom', 'Individual air conditioning', 'Coffee/tea maker', 'Refrigerator']",2025-11-22,2025-11-23,https://www.agoda.com/en-in/ramada-waupaca_4/hotel/waupaca-wi-us.html?countryId=181&finalPriceView=1&isShowMobileAppPrice=false&cid=1922885&numberOfBedrooms=&familyMode=false&adults=1&children=0&rooms=1&maxRooms=0&checkIn=2025-11-1&isCalendarCallout=false&childAges=&numberOfGuest=0&missingChildAges=false&travellerType=0&showReviewSubmissionEntry=false&currencyCode=USD&isFreeOccSearch=false&tspTypes=16%2C8&los=4&searchrequestid=709a39e5-55e4-4ffc-a2af-37ab37f66aaa&ds=qqYuwCdeeyGgIaeA
AGODA_4,agoda,Ramada by Wyndham Waupaca,"1 Queen Bed, Efficiency Room, Non-Smoking",queen bed,Queen,Normal,2,14453,0,14453,"['1 queen bed', 'Mini bar', 'Non-smoking', 'Internet access – wireless', 'Coffee/tea maker', 'Refrigerator', 'Hair dryer']",2025-11-22,2025-11-23,https://www.agoda.com/en-in/ramada-waupaca_4/hotel/waupaca-wi-us.html?countryId=181&finalPriceView=1&isShowMobileAppPrice=false&cid=1922885&numberOfBedrooms=&familyMode=false&adults=1&children=0&rooms=1&maxRooms=0&checkIn=2025-11-1&isCalendarCallout=false&childAges=&numberOfGuest=0&missingChildAges=false&travellerType=0&showReviewSubmissionEntry=false&currencyCode=USD&isFreeOccSearch=false&tspTypes=16%2C8&los=4&searchrequestid=709a39e5-55e4-4ffc-a2af-37ab37f66aaa&ds=qqYuwCdeeyGgIaeA
AGODA_4,agoda,Ramada by Wyndham Waupaca,"1 King Bed, One Bedroom Suite, Non-Smoking",king bed,King,Suite,2,14453,0,14453,"['Wi-Fi [free]', 'Room size: 30 m²/323 ft²', '1 king bed', 'Bathtub', 'Window', 'Non-smoking', 'Private bathroom', 'Individual air conditioning', 'Coffee/tea maker', 'Refrigerator']",2025-11-22,2025-11-23,https://www.agoda.com/en-in/ramada-waupaca_4/hotel/waupaca-wi-us.html?countryId=181&finalPriceView=1&isShowMobileAppPrice=false&cid=1922885&numberOfBedrooms=&familyMode=false&adults=1&children=0&rooms=1&maxRooms=0&checkIn=2025-11-1&isCalendarCallout=false&childAges=&numberOfGuest=0&missingChildAges=false&travellerType=0&showReviewSubmissionEntry=false&currencyCode=USD&isFreeOccSearch=false&tspTypes=16%2C8&los=4&searchrequestid=709a39e5-55e4-4ffc-a2af-37ab37f66aaa&ds=qqYuwCdeeyGgIaeA
AGODA_4,agoda,Ramada by Wyndham Waupaca,Efficiency Queen Room - Non-Smoking,queen bed,Queen,Normal,2,17816,0,17816,"['1 queen bed', 'Mini bar', 'Private bathroom', 'Internet access – wireless', 'Closet', 'Air conditioning', 'Coffee/tea maker', 'Refrigerator', 'Hair dryer']",2025-11-22,2025-11-23,https://www.agoda.com/en-in/ramada-waupaca_4/hotel/waupaca-wi-us.html?countryId=181&finalPriceView=1&isShowMobileAppPrice=false&cid=1922885&numberOfBedrooms=&familyMode=false&adults=1&children=0&rooms=1&maxRooms=0&checkIn=2025-11-1&isCalendarCallout=false&childAges=&numberOfGuest=0&missingChildAges=false&travellerType=0&showReviewSubmissionEntry=false&currencyCode=USD&isFreeOccSearch=false&tspTypes=16%2C8&los=4&searchrequestid=709a39e5-55e4-4ffc-a2af-37ab37f66aaa&ds=qqYuwCdeeyGgIaeA
AGODA_5,agoda,La Quinta Inn & Suites by Wyndham Stevens Point,"1 Double Bed, Mobility Accessible Room, Non-Smoking",double bedS,Double,Normal,3,6161,0,6161,"['Wi-Fi [free]', 'Room size: 23 m²/248 ft²', '1 double bed', 'Separate shower/bathtub', 'Blackout curtains', 'Non-smoking', 'Private bathroom', 'Individual air conditioning', 'Coffee/tea maker', 'Refrigerator']",2025-11-11,2025-11-12,"https://www.agoda.com/en-in/la-quinta-inn-suites-stevens-point_2/hotel/stevens-point-wi-us.html?countryId=181&finalPriceView=1&isShowMobileAppPrice=false&cid=1922885&numberOfBedrooms=&familyMode=false&adults=1&children=0&rooms=1&maxRooms=0&checkIn=2025-11-1&isCalendarCallout=false&childAges=&numberOfGuest=0&missingChildAges=false&travellerType=0&showReviewSubmissionEntry=false&currencyCode=USD&isFreeOccSearch=false&tspTypes=6,8&los=4&searchrequestid=af799112-03fb-4479-ba5c-d19fd43b97ed"
AGODA_5,agoda,La Quinta Inn & Suites by Wyndham Stevens Point,"1 King Bed, Non-Smoking",king bedS,King,Normal,0,6161,0,6161,"['Wi-Fi [free]', 'Room size: 28 m²/301 ft²', '1 king bed', 'Separate shower/bathtub', 'Blackout curtains', 'Non-smoking', 'Private bathroom', 'Individual air conditioning', 'Coffee/tea maker', 'Hair dryer']",2025-11-11,2025-11-12,"https://www.agoda.com/en-in/la-quinta-inn-suites-stevens-point_2/hotel/stevens-point-wi-us.html?countryId=181&finalPriceView=1&isShowMobileAppPrice=false&cid=1922885&numberOfBedrooms=&familyMode=false&adults=1&children=0&rooms=1&maxRooms=0&checkIn=2025-11-1&isCalendarCallout=false&childAges=&numberOfGuest=0&missingChildAges=false&travellerType=0&showReviewSubmissionEntry=false&currencyCode=USD&isFreeOccSearch=false&tspTypes=6,8&los=4&searchrequestid=af799112-03fb-4479-ba5c-d19fd43b97ed"
AGODA_5,agoda,La Quinta Inn & Suites by Wyndham Stevens Point,"2 Double Beds, Non-Smoking",double beds,Double,Normal,0,6995,0,6995,"['Wi-Fi [free]', 'Room size: 28 m²/301 ft²', '2 double beds', 'Separate shower/bathtub', 'Blackout curtains', 'Non-smoking', 'Private bathroom', 'Individual air conditioning', 'Coffee/tea maker', 'Refrigerator']",2025-11-11,2025-11-12,"https://www.agoda.com/en-in/la-quinta-inn-suites-stevens-point_2/hotel/stevens-point-wi-us.html?countryId=181&finalPriceView=1&isShowMobileAppPrice=false&cid=1922885&numberOfBedrooms=&familyMode=false&adults=1&children=0&rooms=1&maxRooms=0&checkIn=2025-11-1&isCalendarCallout=false&childAges=&numberOfGuest=0&missingChildAges=false&travellerType=0&showReviewSubmissionEntry=false&currencyCode=USD&isFreeOccSearch=false&tspTypes=6,8&los=4&searchrequestid=af799112-03fb-4479-ba5c-d19fd43b97ed"
AGODA_5,agoda,La Quinta Inn & Suites by Wyndham Stevens Point,"1 King Bed, Deluxe Room, Non-Smoking",king bed,King,Deluxe,5,8448,0,8448,"['Wi-Fi [free]', 'Room size: 29 m²/312 ft²', '1 king bed', 'Bathtub', 'Blackout curtains', 'Non-smoking', 'Private bathroom', 'Individual air conditioning', 'Coffee/tea maker', 'Refrigerator']",2025-11-11,2025-11-12,"https://www.agoda.com/en-in/la-quinta-inn-suites-stevens-point_2/hotel/stevens-point-wi-us.html?countryId=181&finalPriceView=1&isShowMobileAppPrice=false&cid=1922885&numberOfBedrooms=&familyMode=false&adults=1&children=0&rooms=1&maxRooms=0&checkIn=2025-11-1&isCalendarCallout=false&childAges=&numberOfGuest=0&missingChildAges=false&travellerType=0&showReviewSubmissionEntry=false&currencyCode=USD&isFreeOccSearch=false&tspTypes=6,8&los=4&searchrequestid=af799112-03fb-4479-ba5c-d19fd43b97ed"
AGODA_5,agoda,La Quinta Inn & Suites by Wyndham Stevens Point,"1 King Bed, One-Bedroom, Suite, Non-Smoking",king bedS,King,Suite,2,10672,0,10672,"['Wi-Fi [free]', 'Room size: 56 m²/603 ft²', '1 king bed', 'Separate shower/bathtub', 'Blackout curtains', 'Non-smoking', 'Private bathroom', 'Individual air conditioning', 'Coffee/tea maker', 'Hair dryer']",2025-11-11,2025-11-12,"https://www.agoda.com/en-in/la-quinta-inn-suites-stevens-point_2/hotel/stevens-point-wi-us.html?countryId=181&finalPriceView=1&isShowMobileAppPrice=false&cid=1922885&numberOfBedrooms=&familyMode=false&adults=1&children=0&rooms=1&maxRooms=0&checkIn=2025-11-1&isCalendarCallout=false&childAges=&numberOfGuest=0&missingChildAges=false&travellerType=0&showReviewSubmissionEntry=false&currencyCode=USD&isFreeOccSearch=false&tspTypes=6,8&los=4&searchrequestid=af799112-03fb-4479-ba5c-d19fd43b97ed"
AGODA_5,agoda,La Quinta Inn & Suites by Wyndham Stevens Point,"1 Double Bed, Mobility Accessible Room, Non-Smoking",double bedS,Double,Normal,3,6156,0,6156,"['Wi-Fi [free]', 'Room size: 23 m²/248 ft²', '1 double bed', 'Separate shower/bathtub', 'Blackout curtains', 'Non-smoking', 'Private bathroom', 'Individual air conditioning', 'Coffee/tea maker', 'Refrigerator']",2025-11-12,2025-11-13,"https://www.agoda.com/en-in/la-quinta-inn-suites-stevens-point_2/hotel/stevens-point-wi-us.html?countryId=181&finalPriceView=1&isShowMobileAppPrice=false&cid=1922885&numberOfBedrooms=&familyMode=false&adults=1&children=0&rooms=1&maxRooms=0&checkIn=2025-11-1&isCalendarCallout=false&childAges=&numberOfGuest=0&missingChildAges=false&travellerType=0&showReviewSubmissionEntry=false&currencyCode=USD&isFreeOccSearch=false&tspTypes=6,8&los=4&searchrequestid=af799112-03fb-4479-ba5c-d19fd43b97ed"
AGODA_5,agoda,La Quinta Inn & Suites by Wyndham Stevens Point,"1 King Bed, Non-Smoking",king bedS,King,Normal,0,6156,0,6156,"['Wi-Fi [free]', 'Room size: 28 m²/301 ft²', '1 king bed', 'Separate shower/bathtub', 'Blackout curtains', 'Non-smoking', 'Private bathroom', 'Individual air conditioning', 'Coffee/tea maker', 'Hair dryer']",2025-11-12,2025-11-13,"https://www.agoda.com/en-in/la-quinta-inn-suites-stevens-point_2/hotel/stevens-point-wi-us.html?countryId=181&finalPriceView=1&isShowMobileAppPrice=false&cid=1922885&numberOfBedrooms=&familyMode=false&adults=1&children=0&rooms=1&maxRooms=0&checkIn=2025-11-1&isCalendarCallout=false&childAges=&numberOfGuest=0&missingChildAges=false&travellerType=0&showReviewSubmissionEntry=false&currencyCode=USD&isFreeOccSearch=false&tspTypes=6,8&los=4&searchrequestid=af799112-03fb-4479-ba5c-d19fd43b97ed"
AGODA_5,agoda,La Quinta Inn & Suites by Wyndham Stevens Point,"2 Double Beds, Non-Smoking",double beds,Double,Normal,0,6778,0,6778,"['Wi-Fi [free]', 'Room size: 28 m²/301 ft²', '2 double beds', 'Separate shower/bathtub', 'Blackout curtains', 'Non-smoking', 'Private bathroom', 'Individual air conditioning', 'Coffee/tea maker', 'Refrigerator']",2025-11-12,2025-11-13,"https://www.agoda.com/en-in/la-quinta-inn-suites-stevens-point_2/hotel/stevens-point-wi-us.html?countryId=181&finalPriceView=1&isShowMobileAppPrice=false&cid=1922885&numberOfBedrooms=&familyMode=false&adults=1&children=0&rooms=1&maxRooms=0&checkIn=2025-11-1&isCalendarCallout=false&childAges=&numberOfGuest=0&missingChildAges=false&travellerType=0&showReviewSubmissionEntry=false&currencyCode=USD&isFreeOccSearch=false&tspTypes=6,8&los=4&searchrequestid=af799112-03fb-4479-ba5c-d19fd43b97ed"
AGODA_5,agoda,La Quinta Inn & Suites by Wyndham Stevens Point,"1 King Bed, Deluxe Room, Non-Smoking",king bed,King,Deluxe,5,8135,0,8135,"['Wi-Fi [free]', 'Room size: 29 m²/312 ft²', '1 king bed', 'Bathtub', 'Blackout curtains', 'Non-smoking', 'Private bathroom', 'Individual air conditioning', 'Coffee/tea maker', 'Refrigerator']",2025-11-12,2025-11-13,"https://www.agoda.com/en-in/la-quinta-inn-suites-stevens-point_2/hotel/stevens-point-wi-us.html?countryId=181&finalPriceView=1&isShowMobileAppPrice=false&cid=1922885&numberOfBedrooms=&familyMode=false&adults=1&children=0&rooms=1&maxRooms=0&checkIn=2025-11-1&isCalendarCallout=false&childAges=&numberOfGuest=0&missingChildAges=false&travellerType=0&showReviewSubmissionEntry=false&currencyCode=USD&isFreeOccSearch=false&tspTypes=6,8&los=4&searchrequestid=af799112-03fb-4479-ba5c-d19fd43b97ed"
AGODA_5,agoda,La Quinta Inn & Suites by Wyndham Stevens Point,"1 King Bed, One-Bedroom, Suite, Non-Smoking",king bedS,King,Suite,2,10207,0,10207,"['Wi-Fi [free]', 'Room size: 56 m²/603 ft²', '1 king bed', 'Separate shower/bathtub', 'Blackout curtains', 'Non-smoking', 'Private bathroom', 'Individual air conditioning', 'Coffee/tea maker', 'Hair dryer']",2025-11-12,2025-11-13,"https://www.agoda.com/en-in/la-quinta-inn-suites-stevens-point_2/hotel/stevens-point-wi-us.html?countryId=181&finalPriceView=1&isShowMobileAppPrice=false&cid=1922885&numberOfBedrooms=&familyMode=false&adults=1&children=0&rooms=1&maxRooms=0&checkIn=2025-11-1&isCalendarCallout=false&childAges=&numberOfGuest=0&missingChildAges=false&travellerType=0&showReviewSubmissionEntry=false&currencyCode=USD&isFreeOccSearch=false&tspTypes=6,8&los=4&searchrequestid=af799112-03fb-4479-ba5c-d19fd43b97ed"
AGODA_5,agoda,La Quinta Inn & Suites by Wyndham Stevens Point,"1 Double Bed, Mobility Accessible Room, Non-Smoking",double bedS,Double,Normal,3,6287,0,6287,"['Wi-Fi [free]', 'Room size: 23 m²/248 ft²', '1 double bed', 'Separate shower/bathtub', 'Blackout curtains', 'Non-smoking', 'Private bathroom', 'Individual air conditioning', 'Coffee/tea maker', 'Refrigerator']",2025-11-13,2025-11-14,"https://www.agoda.com/en-in/la-quinta-inn-suites-stevens-point_2/hotel/stevens-point-wi-us.html?countryId=181&finalPriceView=1&isShowMobileAppPrice=false&cid=1922885&numberOfBedrooms=&familyMode=false&adults=1&children=0&rooms=1&maxRooms=0&checkIn=2025-11-1&isCalendarCallout=false&childAges=&numberOfGuest=0&missingChildAges=false&travellerType=0&showReviewSubmissionEntry=false&currencyCode=USD&isFreeOccSearch=false&tspTypes=6,8&los=4&searchrequestid=af799112-03fb-4479-ba5c-d19fd43b97ed"
AGODA_5,agoda,La Quinta Inn & Suites by Wyndham Stevens Point,"1 King Bed, Non-Smoking",king bedS,King,Normal,0,6287,0,6287,"['Wi-Fi [free]', 'Room size: 28 m²/301 ft²', '1 king bed', 'Separate shower/bathtub', 'Blackout curtains', 'Non-smoking', 'Private bathroom', 'Individual air conditioning', 'Coffee/tea maker', 'Hair dryer']",2025-11-13,2025-11-14,"https://www.agoda.com/en-in/la-quinta-inn-suites-stevens-point_2/hotel/stevens-point-wi-us.html?countryId=181&finalPriceView=1&isShowMobileAppPrice=false&cid=1922885&numberOfBedrooms=&familyMode=false&adults=1&children=0&rooms=1&maxRooms=0&checkIn=2025-11-1&isCalendarCallout=false&childAges=&numberOfGuest=0&missingChildAges=false&travellerType=0&showReviewSubmissionEntry=false&currencyCode=USD&isFreeOccSearch=false&tspTypes=6,8&los=4&searchrequestid=af799112-03fb-4479-ba5c-d19fd43b97ed"
AGODA_5,agoda,La Quinta Inn & Suites by Wyndham Stevens Point,"2 Double Beds, Non-Smoking",double beds,Double,Normal,0,7125,0,7125,"['Wi-Fi [free]', 'Room size: 28 m²/301 ft²', '2 double beds', 'Separate shower/bathtub', 'Blackout curtains', 'Non-smoking', 'Private bathroom', 'Individual air conditioning', 'Coffee/tea maker', 'Refrigerator']",2025-11-13,2025-11-14,"https://www.agoda.com/en-in/la-quinta-inn-suites-stevens-point_2/hotel/stevens-point-wi-us.html?countryId=181&finalPriceView=1&isShowMobileAppPrice=false&cid=1922885&numberOfBedrooms=&familyMode=false&adults=1&children=0&rooms=1&maxRooms=0&checkIn=2025-11-1&isCalendarCallout=false&childAges=&numberOfGuest=0&missingChildAges=false&travellerType=0&showReviewSubmissionEntry=false&currencyCode=USD&isFreeOccSearch=false&tspTypes=6,8&los=4&searchrequestid=af799112-03fb-4479-ba5c-d19fd43b97ed"
AGODA_5,agoda,La Quinta Inn & Suites by Wyndham Stevens Point,"1 King Bed, Deluxe Room, Non-Smoking",king bed,King,Deluxe,5,8592,0,8592,"['Wi-Fi [free]', 'Room size: 29 m²/312 ft²', '1 king bed', 'Bathtub', 'Blackout curtains', 'Non-smoking', 'Private bathroom', 'Individual air conditioning', 'Coffee/tea maker', 'Refrigerator']",2025-11-13,2025-11-14,"https://www.agoda.com/en-in/la-quinta-inn-suites-stevens-point_2/hotel/stevens-point-wi-us.html?countryId=181&finalPriceView=1&isShowMobileAppPrice=false&cid=1922885&numberOfBedrooms=&familyMode=false&adults=1&children=0&rooms=1&maxRooms=0&checkIn=2025-11-1&isCalendarCallout=false&childAges=&numberOfGuest=0&missingChildAges=false&travellerType=0&showReviewSubmissionEntry=false&currencyCode=USD&isFreeOccSearch=false&tspTypes=6,8&los=4&searchrequestid=af799112-03fb-4479-ba5c-d19fd43b97ed"
AGODA_5,agoda,La Quinta Inn & Suites by Wyndham Stevens Point,"1 King Bed, One-Bedroom, Suite, Non-Smoking",king bedS,King,Suite,2,10860,0,10860,"['Wi-Fi [free]', 'Room size: 56 m²/603 ft²', '1 king bed', 'Separate shower/bathtub', 'Blackout curtains', 'Non-smoking', 'Private bathroom', 'Individual air conditioning', 'Coffee/tea maker', 'Hair dryer']",2025-11-13,2025-11-14,"https://www.agoda.com/en-in/la-quinta-inn-suites-stevens-point_2/hotel/stevens-point-wi-us.html?countryId=181&finalPriceView=1&isShowMobileAppPrice=false&cid=1922885&numberOfBedrooms=&familyMode=false&adults=1&children=0&rooms=1&maxRooms=0&checkIn=2025-11-1&isCalendarCallout=false&childAges=&numberOfGuest=0&missingChildAges=false&travellerType=0&showReviewSubmissionEntry=false&currencyCode=USD&isFreeOccSearch=false&tspTypes=6,8&los=4&searchrequestid=af799112-03fb-4479-ba5c-d19fd43b97ed"
AGODA_5,agoda,La Quinta Inn & Suites by Wyndham Stevens Point,"1 Double Bed, Mobility Accessible Room, Non-Smoking",double bedS,Double,Normal,3,6346,0,6346,"['Wi-Fi [free]', 'Room size: 23 m²/248 ft²', '1 double bed', 'Separate shower/bathtub', 'Blackout curtains', 'Non-smoking', 'Private bathroom', 'Individual air conditioning', 'Coffee/tea maker', 'Refrigerator']",2025-11-17,2025-11-18,"https://www.agoda.com/en-in/la-quinta-inn-suites-stevens-point_2/hotel/stevens-point-wi-us.html?countryId=181&finalPriceView=1&isShowMobileAppPrice=false&cid=1922885&numberOfBedrooms=&familyMode=false&adults=1&children=0&rooms=1&maxRooms=0&checkIn=2025-11-1&isCalendarCallout=false&childAges=&numberOfGuest=0&missingChildAges=false&travellerType=0&showReviewSubmissionEntry=false&currencyCode=USD&isFreeOccSearch=false&tspTypes=6,8&los=4&searchrequestid=af799112-03fb-4479-ba5c-d19fd43b97ed"
AGODA_5,agoda,La Quinta Inn & Suites by Wyndham Stevens Point,"1 King Bed, Non-Smoking",king bedS,King,Normal,0,6346,0,6346,"['Wi-Fi [free]', 'Room size: 28 m²/301 ft²', '1 king bed', 'Separate shower/bathtub', 'Blackout curtains', 'Non-smoking', 'Private bathroom', 'Individual air conditioning', 'Coffee/tea maker', 'Hair dryer']",2025-11-17,2025-11-18,"https://www.agoda.com/en-in/la-quinta-inn-suites-stevens-point_2/hotel/stevens-point-wi-us.html?countryId=181&finalPriceView=1&isShowMobileAppPrice=false&cid=1922885&numberOfBedrooms=&familyMode=false&adults=1&children=0&rooms=1&maxRooms=0&checkIn=2025-11-1&isCalendarCallout=false&childAges=&numberOfGuest=0&missingChildAges=false&travellerType=0&showReviewSubmissionEntry=false&currencyCode=USD&isFreeOccSearch=false&tspTypes=6,8&los=4&searchrequestid=af799112-03fb-4479-ba5c-d19fd43b97ed"
AGODA_5,agoda,La Quinta Inn & Suites by Wyndham Stevens Point,"2 Double Beds, Non-Smoking",double beds,Double,Normal,0,7111,0,7111,"['Wi-Fi [free]', 'Room size: 28 m²/301 ft²', '2 double beds', 'Separate shower/bathtub', 'Blackout curtains', 'Non-smoking', 'Private bathroom', 'Individual air conditioning', 'Coffee/tea maker', 'Refrigerator']",2025-11-17,2025-11-18,"https://www.agoda.com/en-in/la-quinta-inn-suites-stevens-point_2/hotel/stevens-point-wi-us.html?countryId=181&finalPriceView=1&isShowMobileAppPrice=false&cid=1922885&numberOfBedrooms=&familyMode=false&adults=1&children=0&rooms=1&maxRooms=0&checkIn=2025-11-1&isCalendarCallout=false&childAges=&numberOfGuest=0&missingChildAges=false&travellerType=0&showReviewSubmissionEntry=false&currencyCode=USD&isFreeOccSearch=false&tspTypes=6,8&los=4&searchrequestid=af799112-03fb-4479-ba5c-d19fd43b97ed"
AGODA_5,agoda,La Quinta Inn & Suites by Wyndham Stevens Point,"1 King Bed, Deluxe Room, Non-Smoking",king bed,King,Deluxe,5,8569,0,8569,"['Wi-Fi [free]', 'Room size: 29 m²/312 ft²', '1 king bed', 'Bathtub', 'Blackout curtains', 'Non-smoking', 'Private bathroom', 'Individual air conditioning', 'Coffee/tea maker', 'Refrigerator']",2025-11-17,2025-11-18,"https://www.agoda.com/en-in/la-quinta-inn-suites-stevens-point_2/hotel/stevens-point-wi-us.html?countryId=181&finalPriceView=1&isShowMobileAppPrice=false&cid=1922885&numberOfBedrooms=&familyMode=false&adults=1&children=0&rooms=1&maxRooms=0&checkIn=2025-11-1&isCalendarCallout=false&childAges=&numberOfGuest=0&missingChildAges=false&travellerType=0&showReviewSubmissionEntry=false&currencyCode=USD&isFreeOccSearch=false&tspTypes=6,8&los=4&searchrequestid=af799112-03fb-4479-ba5c-d19fd43b97ed"
AGODA_5,agoda,La Quinta Inn & Suites by Wyndham Stevens Point,"1 King Bed, One-Bedroom, Suite, Non-Smoking",king bedS,King,Suite,2,10814,0,10814,"['Wi-Fi [free]', 'Room size: 56 m²/603 ft²', '1 king bed', 'Separate shower/bathtub', 'Blackout curtains', 'Non-smoking', 'Private bathroom', 'Individual air conditioning', 'Coffee/tea maker', 'Hair dryer']",2025-11-17,2025-11-18,"https://www.agoda.com/en-in/la-quinta-inn-suites-stevens-point_2/hotel/stevens-point-wi-us.html?countryId=181&finalPriceView=1&isShowMobileAppPrice=false&cid=1922885&numberOfBedrooms=&familyMode=false&adults=1&children=0&rooms=1&maxRooms=0&checkIn=2025-11-1&isCalendarCallout=false&childAges=&numberOfGuest=0&missingChildAges=false&travellerType=0&showReviewSubmissionEntry=false&currencyCode=USD&isFreeOccSearch=false&tspTypes=6,8&los=4&searchrequestid=af799112-03fb-4479-ba5c-d19fd43b97ed"
AGODA_5,agoda,La Quinta Inn & Suites by Wyndham Stevens Point,"1 Double Bed, Mobility Accessible Room, Non-Smoking",double bedS,Double,Normal,3,6470,0,6470,"['Wi-Fi [free]', 'Room size: 23 m²/248 ft²', '1 double bed', 'Separate shower/bathtub', 'Blackout curtains', 'Non-smoking', 'Private bathroom', 'Individual air conditioning', 'Coffee/tea maker', 'Refrigerator']",2025-11-20,2025-11-21,"https://www.agoda.com/en-in/la-quinta-inn-suites-stevens-point_2/hotel/stevens-point-wi-us.html?countryId=181&finalPriceView=1&isShowMobileAppPrice=false&cid=1922885&numberOfBedrooms=&familyMode=false&adults=1&children=0&rooms=1&maxRooms=0&checkIn=2025-11-1&isCalendarCallout=false&childAges=&numberOfGuest=0&missingChildAges=false&travellerType=0&showReviewSubmissionEntry=false&currencyCode=USD&isFreeOccSearch=false&tspTypes=6,8&los=4&searchrequestid=af799112-03fb-4479-ba5c-d19fd43b97ed"
AGODA_5,agoda,La Quinta Inn & Suites by Wyndham Stevens Point,"1 King Bed, Non-Smoking",king bedS,King,Normal,0,6470,0,6470,"['Wi-Fi [free]', 'Room size: 28 m²/301 ft²', '1 king bed', 'Separate shower/bathtub', 'Blackout curtains', 'Non-smoking', 'Private bathroom', 'Individual air conditioning', 'Coffee/tea maker', 'Hair dryer']",2025-11-20,2025-11-21,"https://www.agoda.com/en-in/la-quinta-inn-suites-stevens-point_2/hotel/stevens-point-wi-us.html?countryId=181&finalPriceView=1&isShowMobileAppPrice=false&cid=1922885&numberOfBedrooms=&familyMode=false&adults=1&children=0&rooms=1&maxRooms=0&checkIn=2025-11-1&isCalendarCallout=false&childAges=&numberOfGuest=0&missingChildAges=false&travellerType=0&showReviewSubmissionEntry=false&currencyCode=USD&isFreeOccSearch=false&tspTypes=6,8&los=4&searchrequestid=af799112-03fb-4479-ba5c-d19fd43b97ed"
AGODA_5,agoda,La Quinta Inn & Suites by Wyndham Stevens Point,"2 Double Beds, Non-Smoking",double beds,Double,Normal,0,7092,0,7092,"['Wi-Fi [free]', 'Room size: 28 m²/301 ft²', '2 double beds', 'Separate shower/bathtub', 'Blackout curtains', 'Non-smoking', 'Private bathroom', 'Individual air conditioning', 'Coffee/tea maker', 'Refrigerator']",2025-11-20,2025-11-21,"https://www.agoda.com/en-in/la-quinta-inn-suites-stevens-point_2/hotel/stevens-point-wi-us.html?countryId=181&finalPriceView=1&isShowMobileAppPrice=false&cid=1922885&numberOfBedrooms=&familyMode=false&adults=1&children=0&rooms=1&maxRooms=0&checkIn=2025-11-1&isCalendarCallout=false&childAges=&numberOfGuest=0&missingChildAges=false&travellerType=0&showReviewSubmissionEntry=false&currencyCode=USD&isFreeOccSearch=false&tspTypes=6,8&los=4&searchrequestid=af799112-03fb-4479-ba5c-d19fd43b97ed"
AGODA_5,agoda,La Quinta Inn & Suites by Wyndham Stevens Point,"1 King Bed, Deluxe Room, Non-Smoking",king bed,King,Deluxe,5,8480,0,8480,"['Wi-Fi [free]', 'Room size: 29 m²/312 ft²', '1 king bed', 'Bathtub', 'Blackout curtains', 'Non-smoking', 'Private bathroom', 'Individual air conditioning', 'Coffee/tea maker', 'Refrigerator']",2025-11-20,2025-11-21,"https://www.agoda.com/en-in/la-quinta-inn-suites-stevens-point_2/hotel/stevens-point-wi-us.html?countryId=181&finalPriceView=1&isShowMobileAppPrice=false&cid=1922885&numberOfBedrooms=&familyMode=false&adults=1&children=0&rooms=1&maxRooms=0&checkIn=2025-11-1&isCalendarCallout=false&childAges=&numberOfGuest=0&missingChildAges=false&travellerType=0&showReviewSubmissionEntry=false&currencyCode=USD&isFreeOccSearch=false&tspTypes=6,8&los=4&searchrequestid=af799112-03fb-4479-ba5c-d19fd43b97ed"
AGODA_5,agoda,La Quinta Inn & Suites by Wyndham Stevens Point,"1 King Bed, One-Bedroom, Suite, Non-Smoking",king bedS,King,Suite,2,10557,0,10557,"['Wi-Fi [free]', 'Room size: 56 m²/603 ft²', '1 king bed', 'Separate shower/bathtub', 'Blackout curtains', 'Non-smoking', 'Private bathroom', 'Individual air conditioning', 'Coffee/tea maker', 'Hair dryer']",2025-11-20,2025-11-21,"https://www.agoda.com/en-in/la-quinta-inn-suites-stevens-point_2/hotel/stevens-point-wi-us.html?countryId=181&finalPriceView=1&isShowMobileAppPrice=false&cid=1922885&numberOfBedrooms=&familyMode=false&adults=1&children=0&rooms=1&maxRooms=0&checkIn=2025-11-1&isCalendarCallout=false&childAges=&numberOfGuest=0&missingChildAges=false&travellerType=0&showReviewSubmissionEntry=false&currencyCode=USD&isFreeOccSearch=false&tspTypes=6,8&los=4&searchrequestid=af799112-03fb-4479-ba5c-d19fd43b97ed"
AGODA_5,agoda,La Quinta Inn & Suites by Wyndham Stevens Point,"1 Double Bed, Mobility Accessible Room, Non-Smoking",double bedS,Double,Normal,2,8620,0,8620,"['Wi-Fi [free]', 'Room size: 23 m²/248 ft²', '1 double bed', 'Separate shower/bathtub', 'Blackout curtains', 'Non-smoking', 'Private bathroom', 'Individual air conditioning', 'Coffee/tea maker', 'Refrigerator']",2025-11-21,2025-11-22,"https://www.agoda.com/en-in/la-quinta-inn-suites-stevens-point_2/hotel/stevens-point-wi-us.html?countryId=181&finalPriceView=1&isShowMobileAppPrice=false&cid=1922885&numberOfBedrooms=&familyMode=false&adults=1&children=0&rooms=1&maxRooms=0&checkIn=2025-11-1&isCalendarCallout=false&childAges=&numberOfGuest=0&missingChildAges=false&travellerType=0&showReviewSubmissionEntry=false&currencyCode=USD&isFreeOccSearch=false&tspTypes=6,8&los=4&searchrequestid=af799112-03fb-4479-ba5c-d19fd43b97ed"
AGODA_5,agoda,La Quinta Inn & Suites by Wyndham Stevens Point,"1 King Bed, Non-Smoking",king bedS,King,Normal,0,8620,0,8620,"['Wi-Fi [free]', 'Room size: 28 m²/301 ft²', '1 king bed', 'Separate shower/bathtub', 'Blackout curtains', 'Non-smoking', 'Private bathroom', 'Individual air conditioning', 'Coffee/tea maker', 'Hair dryer']",2025-11-21,2025-11-22,"https://www.agoda.com/en-in/la-quinta-inn-suites-stevens-point_2/hotel/stevens-point-wi-us.html?countryId=181&finalPriceView=1&isShowMobileAppPrice=false&cid=1922885&numberOfBedrooms=&familyMode=false&adults=1&children=0&rooms=1&maxRooms=0&checkIn=2025-11-1&isCalendarCallout=false&childAges=&numberOfGuest=0&missingChildAges=false&travellerType=0&showReviewSubmissionEntry=false&currencyCode=USD&isFreeOccSearch=false&tspTypes=6,8&los=4&searchrequestid=af799112-03fb-4479-ba5c-d19fd43b97ed"
AGODA_5,agoda,La Quinta Inn & Suites by Wyndham Stevens Point,"2 Double Beds, Non-Smoking",double beds,Double,Normal,0,9883,0,9883,"['Wi-Fi [free]', 'Room size: 28 m²/301 ft²', '2 double beds', 'Separate shower/bathtub', 'Blackout curtains', 'Non-smoking', 'Private bathroom', 'Individual air conditioning', 'Coffee/tea maker', 'Refrigerator']",2025-11-21,2025-11-22,"https://www.agoda.com/en-in/la-quinta-inn-suites-stevens-point_2/hotel/stevens-point-wi-us.html?countryId=181&finalPriceView=1&isShowMobileAppPrice=false&cid=1922885&numberOfBedrooms=&familyMode=false&adults=1&children=0&rooms=1&maxRooms=0&checkIn=2025-11-1&isCalendarCallout=false&childAges=&numberOfGuest=0&missingChildAges=false&travellerType=0&showReviewSubmissionEntry=false&currencyCode=USD&isFreeOccSearch=false&tspTypes=6,8&los=4&searchrequestid=af799112-03fb-4479-ba5c-d19fd43b97ed"
AGODA_5,agoda,La Quinta Inn & Suites by Wyndham Stevens Point,"1 King Bed, Deluxe Room, Non-Smoking",king bed,King,Deluxe,5,10557,0,10557,"['Wi-Fi [free]', 'Room size: 29 m²/312 ft²', '1 king bed', 'Bathtub', 'Blackout curtains', 'Non-smoking', 'Private bathroom', 'Individual air conditioning', 'Coffee/tea maker', 'Refrigerator']",2025-11-21,2025-11-22,"https://www.agoda.com/en-in/la-quinta-inn-suites-stevens-point_2/hotel/stevens-point-wi-us.html?countryId=181&finalPriceView=1&isShowMobileAppPrice=false&cid=1922885&numberOfBedrooms=&familyMode=false&adults=1&children=0&rooms=1&maxRooms=0&checkIn=2025-11-1&isCalendarCallout=false&childAges=&numberOfGuest=0&missingChildAges=false&travellerType=0&showReviewSubmissionEntry=false&currencyCode=USD&isFreeOccSearch=false&tspTypes=6,8&los=4&searchrequestid=af799112-03fb-4479-ba5c-d19fd43b97ed"
AGODA_5,agoda,La Quinta Inn & Suites by Wyndham Stevens Point,"1 King Bed, One-Bedroom, Suite, Non-Smoking",king bedS,King,Suite,2,12675,0,12675,"['Wi-Fi [free]', 'Room size: 56 m²/603 ft²', '1 king bed', 'Separate shower/bathtub', 'Blackout curtains', 'Non-smoking', 'Private bathroom', 'Individual air conditioning', 'Coffee/tea maker', 'Hair dryer']",2025-11-21,2025-11-22,"https://www.agoda.com/en-in/la-quinta-inn-suites-stevens-point_2/hotel/stevens-point-wi-us.html?countryId=181&finalPriceView=1&isShowMobileAppPrice=false&cid=1922885&numberOfBedrooms=&familyMode=false&adults=1&children=0&rooms=1&maxRooms=0&checkIn=2025-11-1&isCalendarCallout=false&childAges=&numberOfGuest=0&missingChildAges=false&travellerType=0&showReviewSubmissionEntry=false&currencyCode=USD&isFreeOccSearch=false&tspTypes=6,8&los=4&searchrequestid=af799112-03fb-4479-ba5c-d19fd43b97ed"
AGODA_5,agoda,La Quinta Inn & Suites by Wyndham Stevens Point,"1 Double Bed, Mobility Accessible Room, Non-Smoking",double bedS,Double,Normal,2,8820,0,8820,"['Wi-Fi [free]', 'Room size: 23 m²/248 ft²', '1 double bed', 'Separate shower/bathtub', 'Blackout curtains', 'Non-smoking', 'Private bathroom', 'Individual air conditioning', 'Coffee/tea maker', 'Refrigerator']",2025-11-22,2025-11-23,"https://www.agoda.com/en-in/la-quinta-inn-suites-stevens-point_2/hotel/stevens-point-wi-us.html?countryId=181&finalPriceView=1&isShowMobileAppPrice=false&cid=1922885&numberOfBedrooms=&familyMode=false&adults=1&children=0&rooms=1&maxRooms=0&checkIn=2025-11-1&isCalendarCallout=false&childAges=&numberOfGuest=0&missingChildAges=false&travellerType=0&showReviewSubmissionEntry=false&currencyCode=USD&isFreeOccSearch=false&tspTypes=6,8&los=4&searchrequestid=af799112-03fb-4479-ba5c-d19fd43b97ed"
AGODA_5,agoda,La Quinta Inn & Suites by Wyndham Stevens Point,"1 King Bed, Non-Smoking",king bedS,King,Normal,0,8820,0,8820,"['Wi-Fi [free]', 'Room size: 28 m²/301 ft²', '1 king bed', 'Separate shower/bathtub', 'Blackout curtains', 'Non-smoking', 'Private bathroom', 'Individual air conditioning', 'Coffee/tea maker', 'Hair dryer']",2025-11-22,2025-11-23,"https://www.agoda.com/en-in/la-quinta-inn-suites-stevens-point_2/hotel/stevens-point-wi-us.html?countryId=181&finalPriceView=1&isShowMobileAppPrice=false&cid=1922885&numberOfBedrooms=&familyMode=false&adults=1&children=0&rooms=1&maxRooms=0&checkIn=2025-11-1&isCalendarCallout=false&childAges=&numberOfGuest=0&missingChildAges=false&travellerType=0&showReviewSubmissionEntry=false&currencyCode=USD&isFreeOccSearch=false&tspTypes=6,8&los=4&searchrequestid=af799112-03fb-4479-ba5c-d19fd43b97ed"
AGODA_5,agoda,La Quinta Inn & Suites by Wyndham Stevens Point,"2 Double Beds, Non-Smoking",double beds,Double,Normal,0,9757,0,9757,"['Wi-Fi [free]', 'Room size: 28 m²/301 ft²', '2 double beds', 'Separate shower/bathtub', 'Blackout curtains', 'Non-smoking', 'Private bathroom', 'Individual air conditioning', 'Coffee/tea maker', 'Refrigerator']",2025-11-22,2025-11-23,"https://www.agoda.com/en-in/la-quinta-inn-suites-stevens-point_2/hotel/stevens-point-wi-us.html?countryId=181&finalPriceView=1&isShowMobileAppPrice=false&cid=1922885&numberOfBedrooms=&familyMode=false&adults=1&children=0&rooms=1&maxRooms=0&checkIn=2025-11-1&isCalendarCallout=false&childAges=&numberOfGuest=0&missingChildAges=false&travellerType=0&showReviewSubmissionEntry=false&currencyCode=USD&isFreeOccSearch=false&tspTypes=6,8&los=4&searchrequestid=af799112-03fb-4479-ba5c-d19fd43b97ed"
AGODA_5,agoda,La Quinta Inn & Suites by Wyndham Stevens Point,"1 King Bed, Deluxe Room, Non-Smoking",king bed,King,Deluxe,5,10416,0,10416,"['Wi-Fi [free]', 'Room size: 29 m²/312 ft²', '1 king bed', 'Bathtub', 'Blackout curtains', 'Non-smoking', 'Private bathroom', 'Individual air conditioning', 'Coffee/tea maker', 'Refrigerator']",2025-11-22,2025-11-23,"https://www.agoda.com/en-in/la-quinta-inn-suites-stevens-point_2/hotel/stevens-point-wi-us.html?countryId=181&finalPriceView=1&isShowMobileAppPrice=false&cid=1922885&numberOfBedrooms=&familyMode=false&adults=1&children=0&rooms=1&maxRooms=0&checkIn=2025-11-1&isCalendarCallout=false&childAges=&numberOfGuest=0&missingChildAges=false&travellerType=0&showReviewSubmissionEntry=false&currencyCode=USD&isFreeOccSearch=false&tspTypes=6,8&los=4&searchrequestid=af799112-03fb-4479-ba5c-d19fd43b97ed"
AGODA_5,agoda,La Quinta Inn & Suites by Wyndham Stevens Point,"1 King Bed, One-Bedroom, Suite, Non-Smoking",king bedS,King,Suite,2,12489,0,12489,"['Wi-Fi [free]', 'Room size: 56 m²/603 ft²', '1 king bed', 'Separate shower/bathtub', 'Blackout curtains', 'Non-smoking', 'Private bathroom', 'Individual air conditioning', 'Coffee/tea maker', 'Hair dryer']",2025-11-22,2025-11-23,"https://www.agoda.com/en-in/la-quinta-inn-suites-stevens-point_2/hotel/stevens-point-wi-us.html?countryId=181&finalPriceView=1&isShowMobileAppPrice=false&cid=1922885&numberOfBedrooms=&familyMode=false&adults=1&children=0&rooms=1&maxRooms=0&checkIn=2025-11-1&isCalendarCallout=false&childAges=&numberOfGuest=0&missingChildAges=false&travellerType=0&showReviewSubmissionEntry=false&currencyCode=USD&isFreeOccSearch=false&tspTypes=6,8&los=4&searchrequestid=af799112-03fb-4479-ba5c-d19fd43b97ed"
