hotel_id,hotel_source,hotel_name,check_in,check_out,room_name,bed_type,bed_category,room_category,available_rooms,base_price,tax_price,total_price,room_facilities,link
EXPEDIA_1,Expedia.com,Econo Lodge Inn & Suites,2025-11-10,2025-11-11,"Standard Room, 1 Queen Bed, Non Smoking",Queen Bed,Queen,Normal,,9504.0,1166.0,10670.0,"Free continental breakfast, Free self parking, Sleeps 2, 1 Queen Bed, Reserve now, pay later",https://www.expedia.co.in/High-Level-Hotels-Econo-Lodge-Inn-Suites.h1353803.Hotel-Information?chkin=2025-11-10&chkout=2025-11-11&x_pwa=1&rfrr=HSR&useRewards=true&rm1=a2&selected=EXPEDIA_1&sort=RECOMMENDED&pwa_ts=1762091813502&top_cur=USD
EXPEDIA_1,Expedia.com,Econo Lodge Inn & Suites,2025-11-10,2025-11-11,"Standard Room, 2 Queen Beds, Non Smoking",Queen Beds,Queen,Normal,,10137.0,1244.0,11381.0,"Free continental breakfast, Free self parking, Sleeps 4, 2 Queen Beds, Reserve now, pay later",https://www.expedia.co.in/High-Level-Hotels-Econo-Lodge-Inn-Suites.h1353803.Hotel-Information?chkin=2025-11-10&chkout=2025-11-11&x_pwa=1&rfrr=HSR&useRewards=true&rm1=a2&selected=EXPEDIA_1&sort=RECOMMENDED&pwa_ts=1762091813502&top_cur=USD
EXPEDIA_1,Expedia.com,Econo Lodge Inn & Suites,2025-11-10,2025-11-11,"Efficiency, Room, 1 Queen Bed, Non Smoking",Queen Bed,Queen,Normal,6.0,10771.0,1322.0,12093.0,"Free continental breakfast, Free self parking, Sleeps 2, 1 Queen Bed, Reserve now, pay later",https://www.expedia.co.in/High-Level-Hotels-Econo-Lodge-Inn-Suites.h1353803.Hotel-Information?chkin=2025-11-10&chkout=2025-11-11&x_pwa=1&rfrr=HSR&useRewards=true&rm1=a2&selected=EXPEDIA_1&sort=RECOMMENDED&pwa_ts=1762091813502&top_cur=USD
EXPEDIA_1,Expedia.com,Econo Lodge Inn & Suites,2025-11-10,2025-11-11,"Suite, 1 Queen Bed, Non Smoking",Queen Bed,Queen,Suite,4.0,12038.0,1477.0,13515.0,"Free continental breakfast, Free self parking, Sleeps 2, 1 Queen Bed, Reserve now, pay later",https://www.expedia.co.in/High-Level-Hotels-Econo-Lodge-Inn-Suites.h1353803.Hotel-Information?chkin=2025-11-10&chkout=2025-11-11&x_pwa=1&rfrr=HSR&useRewards=true&rm1=a2&selected=EXPEDIA_1&sort=RECOMMENDED&pwa_ts=1762091813502&top_cur=USD
EXPEDIA_1,Expedia.com,Econo Lodge Inn & Suites,2025-11-11,2025-11-12,"Standard Room, 1 Queen Bed, Non Smoking",Queen Bed,Queen,Normal,,9504.0,1166.0,10670.0,"Free continental breakfast, Free self parking, Sleeps 2, 1 Queen Bed, Reserve now, pay later",https://www.expedia.co.in/High-Level-Hotels-Econo-Lodge-Inn-Suites.h1353803.Hotel-Information?chkin=2025-11-11&chkout=2025-11-12&x_pwa=1&rfrr=HSR&useRewards=true&rm1=a2&selected=EXPEDIA_1&sort=RECOMMENDED&pwa_ts=1762091861832&top_cur=USD
EXPEDIA_1,Expedia.com,Econo Lodge Inn & Suites,2025-11-11,2025-11-12,"Standard Room, 2 Queen Beds, Non Smoking",Queen Beds,Queen,Normal,,10137.0,1244.0,11381.0,"Free continental breakfast, Free self parking, Sleeps 4, 2 Queen Beds, Reserve now, pay later",https://www.expedia.co.in/High-Level-Hotels-Econo-Lodge-Inn-Suites.h1353803.Hotel-Information?chkin=2025-11-11&chkout=2025-11-12&x_pwa=1&rfrr=HSR&useRewards=true&rm1=a2&selected=EXPEDIA_1&sort=RECOMMENDED&pwa_ts=1762091861832&top_cur=USD
EXPEDIA_1,Expedia.com,Econo Lodge Inn & Suites,2025-11-11,2025-11-12,"Efficiency, Room, 1 Queen Bed, Non Smoking",Queen Bed,Queen,Normal,6.0,10771.0,1322.0,12093.0,"Free continental breakfast, Free self parking, Sleeps 2, 1 Queen Bed, Reserve now, pay later",https://www.expedia.co.in/High-Level-Hotels-Econo-Lodge-Inn-Suites.h1353803.Hotel-Information?chkin=2025-11-11&chkout=2025-11-12&x_pwa=1&rfrr=HSR&useRewards=true&rm1=a2&selected=EXPEDIA_1&sort=RECOMMENDED&pwa_ts=1762091861832&top_cur=USD
EXPEDIA_1,Expedia.com,Econo Lodge Inn & Suites,2025-11-11,2025-11-12,"Suite, 1 Queen Bed, Non Smoking",Queen Bed,Queen,Suite,4.0,12038.0,1477.0,13515.0,"Free continental breakfast, Free self parking, Sleeps 2, 1 Queen Bed, Reserve now, pay later",https://www.expedia.co.in/High-Level-Hotels-Econo-Lodge-Inn-Suites.h1353803.Hotel-Information?chkin=2025-11-11&chkout=2025-11-12&x_pwa=1&rfrr=HSR&useRewards=true&rm1=a2&selected=EXPEDIA_1&sort=RECOMMENDED&pwa_ts=1762091861832&top_cur=USD
EXPEDIA_1,Expedia.com,Econo Lodge Inn & Suites,2025-11-12,2025-11-13,"Standard Room, 1 Queen Bed, Non Smoking",Queen Bed,Queen,Normal,,10137.0,1244.0,11381.0,"Free continental breakfast, Free self parking, Sleeps 2, 1 Queen Bed, Reserve now, pay later",https://www.expedia.co.in/High-Level-Hotels-Econo-Lodge-Inn-Suites.h1353803.Hotel-Information?chkin=2025-11-12&chkout=2025-11-13&x_pwa=1&rfrr=HSR&useRewards=true&rm1=a2&selected=EXPEDIA_1&sort=RECOMMENDED&pwa_ts=1762091905321&top_cur=USD
EXPEDIA_1,Expedia.com,Econo Lodge Inn & Suites,2025-11-12,2025-11-13,"Standard Room, 2 Queen Beds, Non Smoking",Queen Beds,Queen,Normal,,10771.0,1322.0,12093.0,"Free continental breakfast, Free self parking, Sleeps 4, 2 Queen Beds, Reserve now, pay later",https://www.expedia.co.in/High-Level-Hotels-Econo-Lodge-Inn-Suites.h1353803.Hotel-Information?chkin=2025-11-12&chkout=2025-11-13&x_pwa=1&rfrr=HSR&useRewards=true&rm1=a2&selected=EXPEDIA_1&sort=RECOMMENDED&pwa_ts=1762091905321&top_cur=USD
EXPEDIA_1,Expedia.com,Econo Lodge Inn & Suites,2025-11-12,2025-11-13,"Efficiency, Room, 1 Queen Bed, Non Smoking",Queen Bed,Queen,Normal,6.0,11405.0,1399.0,12804.0,"Free continental breakfast, Free self parking, Sleeps 2, 1 Queen Bed, Reserve now, pay later",https://www.expedia.co.in/High-Level-Hotels-Econo-Lodge-Inn-Suites.h1353803.Hotel-Information?chkin=2025-11-12&chkout=2025-11-13&x_pwa=1&rfrr=HSR&useRewards=true&rm1=a2&selected=EXPEDIA_1&sort=RECOMMENDED&pwa_ts=1762091905321&top_cur=USD
EXPEDIA_1,Expedia.com,Econo Lodge Inn & Suites,2025-11-12,2025-11-13,"Suite, 1 Queen Bed, Non Smoking",Queen Bed,Queen,Suite,5.0,12672.0,1555.0,14227.0,"Free continental breakfast, Free self parking, Sleeps 2, 1 Queen Bed, Reserve now, pay later",https://www.expedia.co.in/High-Level-Hotels-Econo-Lodge-Inn-Suites.h1353803.Hotel-Information?chkin=2025-11-12&chkout=2025-11-13&x_pwa=1&rfrr=HSR&useRewards=true&rm1=a2&selected=EXPEDIA_1&sort=RECOMMENDED&pwa_ts=1762091905321&top_cur=USD
EXPEDIA_1,Expedia.com,Econo Lodge Inn & Suites,2025-11-13,2025-11-14,"Standard Room, 1 Queen Bed, Non Smoking",Queen Bed,Queen,Normal,,10137.0,1244.0,11381.0,"Free continental breakfast, Free self parking, Sleeps 2, 1 Queen Bed, Reserve now, pay later",https://www.expedia.co.in/High-Level-Hotels-Econo-Lodge-Inn-Suites.h1353803.Hotel-Information?chkin=2025-11-13&chkout=2025-11-14&x_pwa=1&rfrr=HSR&useRewards=true&rm1=a2&selected=EXPEDIA_1&sort=RECOMMENDED&pwa_ts=1762091948602&top_cur=USD
EXPEDIA_1,Expedia.com,Econo Lodge Inn & Suites,2025-11-13,2025-11-14,"Standard Room, 2 Queen Beds, Non Smoking",Queen Beds,Queen,Normal,,10771.0,1322.0,12093.0,"Free continental breakfast, Free self parking, Sleeps 4, 2 Queen Beds, Reserve now, pay later",https://www.expedia.co.in/High-Level-Hotels-Econo-Lodge-Inn-Suites.h1353803.Hotel-Information?chkin=2025-11-13&chkout=2025-11-14&x_pwa=1&rfrr=HSR&useRewards=true&rm1=a2&selected=EXPEDIA_1&sort=RECOMMENDED&pwa_ts=1762091948602&top_cur=USD
EXPEDIA_1,Expedia.com,Econo Lodge Inn & Suites,2025-11-13,2025-11-14,"Efficiency, Room, 1 Queen Bed, Non Smoking",Queen Bed,Queen,Normal,6.0,11405.0,1399.0,12804.0,"Free continental breakfast, Free self parking, Sleeps 2, 1 Queen Bed, Reserve now, pay later",https://www.expedia.co.in/High-Level-Hotels-Econo-Lodge-Inn-Suites.h1353803.Hotel-Information?chkin=2025-11-13&chkout=2025-11-14&x_pwa=1&rfrr=HSR&useRewards=true&rm1=a2&selected=EXPEDIA_1&sort=RECOMMENDED&pwa_ts=1762091948602&top_cur=USD
EXPEDIA_1,Expedia.com,Econo Lodge Inn & Suites,2025-11-13,2025-11-14,"Suite, 1 Queen Bed, Non Smoking",Queen Bed,Queen,Suite,5.0,12672.0,1555.0,14227.0,"Free continental breakfast, Free self parking, Sleeps 2, 1 Queen Bed, Reserve now, pay later",https://www.expedia.co.in/High-Level-Hotels-Econo-Lodge-Inn-Suites.h1353803.Hotel-Information?chkin=2025-11-13&chkout=2025-11-14&x_pwa=1&rfrr=HSR&useRewards=true&rm1=a2&selected=EXPEDIA_1&sort=RECOMMENDED&pwa_ts=1762091948602&top_cur=USD
EXPEDIA_1,Expedia.com,Econo Lodge Inn & Suites,2025-11-14,2025-11-15,"Standard Room, 1 Queen Bed, Non Smoking",Queen Bed,Queen,Normal,,9504.0,1166.0,10670.0,"Free continental breakfast, Free self parking, Sleeps 2, 1 Queen Bed, Reserve now, pay later",https://www.expedia.co.in/High-Level-Hotels-Econo-Lodge-Inn-Suites.h1353803.Hotel-Information?chkin=2025-11-14&chkout=2025-11-15&x_pwa=1&rfrr=HSR&useRewards=true&rm1=a2&selected=EXPEDIA_1&sort=RECOMMENDED&pwa_ts=1762091995174&top_cur=USD
EXPEDIA_1,Expedia.com,Econo Lodge Inn & Suites,2025-11-14,2025-11-15,"Standard Room, 2 Queen Beds, Non Smoking",Queen Beds,Queen,Normal,,10137.0,1244.0,11381.0,"Free continental breakfast, Free self parking, Sleeps 4, 2 Queen Beds, Reserve now, pay later",https://www.expedia.co.in/High-Level-Hotels-Econo-Lodge-Inn-Suites.h1353803.Hotel-Information?chkin=2025-11-14&chkout=2025-11-15&x_pwa=1&rfrr=HSR&useRewards=true&rm1=a2&selected=EXPEDIA_1&sort=RECOMMENDED&pwa_ts=1762091995174&top_cur=USD
EXPEDIA_1,Expedia.com,Econo Lodge Inn & Suites,2025-11-14,2025-11-15,"Efficiency, Room, 1 Queen Bed, Non Smoking",Queen Bed,Queen,Normal,6.0,10771.0,1322.0,12093.0,"Free continental breakfast, Free self parking, Sleeps 2, 1 Queen Bed, Reserve now, pay later",https://www.expedia.co.in/High-Level-Hotels-Econo-Lodge-Inn-Suites.h1353803.Hotel-Information?chkin=2025-11-14&chkout=2025-11-15&x_pwa=1&rfrr=HSR&useRewards=true&rm1=a2&selected=EXPEDIA_1&sort=RECOMMENDED&pwa_ts=1762091995174&top_cur=USD
EXPEDIA_1,Expedia.com,Econo Lodge Inn & Suites,2025-11-14,2025-11-15,"Suite, 1 Queen Bed, Non Smoking",Queen Bed,Queen,Suite,5.0,12038.0,1477.0,13515.0,"Free continental breakfast, Free self parking, Sleeps 2, 1 Queen Bed, Reserve now, pay later",https://www.expedia.co.in/High-Level-Hotels-Econo-Lodge-Inn-Suites.h1353803.Hotel-Information?chkin=2025-11-14&chkout=2025-11-15&x_pwa=1&rfrr=HSR&useRewards=true&rm1=a2&selected=EXPEDIA_1&sort=RECOMMENDED&pwa_ts=1762091995174&top_cur=USD
EXPEDIA_1,Expedia.com,Econo Lodge Inn & Suites,2025-11-15,2025-11-16,"Standard Room, 1 Queen Bed, Non Smoking",Queen Bed,Queen,Normal,,9504.0,1166.0,10670.0,"Free continental breakfast, Free self parking, Sleeps 2, 1 Queen Bed, Reserve now, pay later",https://www.expedia.co.in/High-Level-Hotels-Econo-Lodge-Inn-Suites.h1353803.Hotel-Information?chkin=2025-11-15&chkout=2025-11-16&x_pwa=1&rfrr=HSR&useRewards=true&rm1=a2&selected=EXPEDIA_1&sort=RECOMMENDED&pwa_ts=1762092036214&top_cur=USD
EXPEDIA_1,Expedia.com,Econo Lodge Inn & Suites,2025-11-15,2025-11-16,"Standard Room, 2 Queen Beds, Non Smoking",Queen Beds,Queen,Normal,,10137.0,1244.0,11381.0,"Free continental breakfast, Free self parking, Sleeps 4, 2 Queen Beds, Reserve now, pay later",https://www.expedia.co.in/High-Level-Hotels-Econo-Lodge-Inn-Suites.h1353803.Hotel-Information?chkin=2025-11-15&chkout=2025-11-16&x_pwa=1&rfrr=HSR&useRewards=true&rm1=a2&selected=EXPEDIA_1&sort=RECOMMENDED&pwa_ts=1762092036214&top_cur=USD
EXPEDIA_1,Expedia.com,Econo Lodge Inn & Suites,2025-11-15,2025-11-16,"Efficiency, Room, 1 Queen Bed, Non Smoking",Queen Bed,Queen,Normal,6.0,10771.0,1322.0,12093.0,"Free continental breakfast, Free self parking, Sleeps 2, 1 Queen Bed, Reserve now, pay later",https://www.expedia.co.in/High-Level-Hotels-Econo-Lodge-Inn-Suites.h1353803.Hotel-Information?chkin=2025-11-15&chkout=2025-11-16&x_pwa=1&rfrr=HSR&useRewards=true&rm1=a2&selected=EXPEDIA_1&sort=RECOMMENDED&pwa_ts=1762092036214&top_cur=USD
EXPEDIA_1,Expedia.com,Econo Lodge Inn & Suites,2025-11-15,2025-11-16,"Suite, 1 Queen Bed, Non Smoking",Queen Bed,Queen,Suite,5.0,12038.0,1477.0,13515.0,"Free continental breakfast, Free self parking, Sleeps 2, 1 Queen Bed, Reserve now, pay later",https://www.expedia.co.in/High-Level-Hotels-Econo-Lodge-Inn-Suites.h1353803.Hotel-Information?chkin=2025-11-15&chkout=2025-11-16&x_pwa=1&rfrr=HSR&useRewards=true&rm1=a2&selected=EXPEDIA_1&sort=RECOMMENDED&pwa_ts=1762092036214&top_cur=USD
EXPEDIA_1,Expedia.com,Econo Lodge Inn & Suites,2025-11-16,2025-11-17,"Standard Room, 1 Queen Bed, Non Smoking",Queen Bed,Queen,Normal,,9504.0,1166.0,10670.0,"Free continental breakfast, Free self parking, Sleeps 2, 1 Queen Bed, Reserve now, pay later",https://www.expedia.co.in/High-Level-Hotels-Econo-Lodge-Inn-Suites.h1353803.Hotel-Information?chkin=2025-11-16&chkout=2025-11-17&x_pwa=1&rfrr=HSR&useRewards=true&rm1=a2&selected=EXPEDIA_1&sort=RECOMMENDED&pwa_ts=1762092078912&top_cur=USD
EXPEDIA_1,Expedia.com,Econo Lodge Inn & Suites,2025-11-16,2025-11-17,"Standard Room, 2 Queen Beds, Non Smoking",Queen Beds,Queen,Normal,,10137.0,1244.0,11381.0,"Free continental breakfast, Free self parking, Sleeps 4, 2 Queen Beds, Reserve now, pay later",https://www.expedia.co.in/High-Level-Hotels-Econo-Lodge-Inn-Suites.h1353803.Hotel-Information?chkin=2025-11-16&chkout=2025-11-17&x_pwa=1&rfrr=HSR&useRewards=true&rm1=a2&selected=EXPEDIA_1&sort=RECOMMENDED&pwa_ts=1762092078912&top_cur=USD
EXPEDIA_1,Expedia.com,Econo Lodge Inn & Suites,2025-11-16,2025-11-17,"Efficiency, Room, 1 Queen Bed, Non Smoking",Queen Bed,Queen,Normal,6.0,10771.0,1322.0,12093.0,"Free continental breakfast, Free self parking, Sleeps 2, 1 Queen Bed, Reserve now, pay later",https://www.expedia.co.in/High-Level-Hotels-Econo-Lodge-Inn-Suites.h1353803.Hotel-Information?chkin=2025-11-16&chkout=2025-11-17&x_pwa=1&rfrr=HSR&useRewards=true&rm1=a2&selected=EXPEDIA_1&sort=RECOMMENDED&pwa_ts=1762092078912&top_cur=USD
EXPEDIA_1,Expedia.com,Econo Lodge Inn & Suites,2025-11-16,2025-11-17,"Suite, 1 Queen Bed, Non Smoking",Queen Bed,Queen,Suite,5.0,12038.0,1477.0,13515.0,"Free continental breakfast, Free self parking, Sleeps 2, 1 Queen Bed, Reserve now, pay later",https://www.expedia.co.in/High-Level-Hotels-Econo-Lodge-Inn-Suites.h1353803.Hotel-Information?chkin=2025-11-16&chkout=2025-11-17&x_pwa=1&rfrr=HSR&useRewards=true&rm1=a2&selected=EXPEDIA_1&sort=RECOMMENDED&pwa_ts=1762092078912&top_cur=USD
EXPEDIA_1,Expedia.com,Econo Lodge Inn & Suites,2025-11-17,2025-11-18,"Standard Room, 1 Queen Bed, Non Smoking",Queen Bed,Queen,Normal,,10137.0,1244.0,11381.0,"Free continental breakfast, Free self parking, Sleeps 2, 1 Queen Bed, Reserve now, pay later",https://www.expedia.co.in/High-Level-Hotels-Econo-Lodge-Inn-Suites.h1353803.Hotel-Information?chkin=2025-11-17&chkout=2025-11-18&x_pwa=1&rfrr=HSR&useRewards=true&rm1=a2&selected=EXPEDIA_1&sort=RECOMMENDED&pwa_ts=1762092123670&top_cur=USD
EXPEDIA_1,Expedia.com,Econo Lodge Inn & Suites,2025-11-17,2025-11-18,"Standard Room, 2 Queen Beds, Non Smoking",Queen Beds,Queen,Normal,,10771.0,1322.0,12093.0,"Free continental breakfast, Free self parking, Sleeps 4, 2 Queen Beds, Reserve now, pay later",https://www.expedia.co.in/High-Level-Hotels-Econo-Lodge-Inn-Suites.h1353803.Hotel-Information?chkin=2025-11-17&chkout=2025-11-18&x_pwa=1&rfrr=HSR&useRewards=true&rm1=a2&selected=EXPEDIA_1&sort=RECOMMENDED&pwa_ts=1762092123670&top_cur=USD
EXPEDIA_1,Expedia.com,Econo Lodge Inn & Suites,2025-11-17,2025-11-18,"Efficiency, Room, 1 Queen Bed, Non Smoking",Queen Bed,Queen,Normal,6.0,11405.0,1399.0,12804.0,"Free continental breakfast, Free self parking, Sleeps 2, 1 Queen Bed, Reserve now, pay later",https://www.expedia.co.in/High-Level-Hotels-Econo-Lodge-Inn-Suites.h1353803.Hotel-Information?chkin=2025-11-17&chkout=2025-11-18&x_pwa=1&rfrr=HSR&useRewards=true&rm1=a2&selected=EXPEDIA_1&sort=RECOMMENDED&pwa_ts=1762092123670&top_cur=USD
EXPEDIA_1,Expedia.com,Econo Lodge Inn & Suites,2025-11-17,2025-11-18,"Suite, 1 Queen Bed, Non Smoking",Queen Bed,Queen,Suite,5.0,12672.0,1555.0,14227.0,"Free continental breakfast, Free self parking, Sleeps 2, 1 Queen Bed, Reserve now, pay later",https://www.expedia.co.in/High-Level-Hotels-Econo-Lodge-Inn-Suites.h1353803.Hotel-Information?chkin=2025-11-17&chkout=2025-11-18&x_pwa=1&rfrr=HSR&useRewards=true&rm1=a2&selected=EXPEDIA_1&sort=RECOMMENDED&pwa_ts=1762092123670&top_cur=USD
EXPEDIA_1,Expedia.com,Econo Lodge Inn & Suites,2025-11-18,2025-11-19,"Standard Room, 1 Queen Bed, Non Smoking",Queen Bed,Queen,Normal,,10137.0,1244.0,11381.0,"Free continental breakfast, Free self parking, Sleeps 2, 1 Queen Bed, Reserve now, pay later",https://www.expedia.co.in/High-Level-Hotels-Econo-Lodge-Inn-Suites.h1353803.Hotel-Information?chkin=2025-11-18&chkout=2025-11-19&x_pwa=1&rfrr=HSR&useRewards=true&rm1=a2&selected=EXPEDIA_1&sort=RECOMMENDED&pwa_ts=1762092171654&top_cur=USD
EXPEDIA_1,Expedia.com,Econo Lodge Inn & Suites,2025-11-18,2025-11-19,"Standard Room, 2 Queen Beds, Non Smoking",Queen Beds,Queen,Normal,,10771.0,1322.0,12093.0,"Free continental breakfast, Free self parking, Sleeps 4, 2 Queen Beds, Reserve now, pay later",https://www.expedia.co.in/High-Level-Hotels-Econo-Lodge-Inn-Suites.h1353803.Hotel-Information?chkin=2025-11-18&chkout=2025-11-19&x_pwa=1&rfrr=HSR&useRewards=true&rm1=a2&selected=EXPEDIA_1&sort=RECOMMENDED&pwa_ts=1762092171654&top_cur=USD
EXPEDIA_1,Expedia.com,Econo Lodge Inn & Suites,2025-11-18,2025-11-19,"Efficiency, Room, 1 Queen Bed, Non Smoking",Queen Bed,Queen,Normal,6.0,11405.0,1399.0,12804.0,"Free continental breakfast, Free self parking, Sleeps 2, 1 Queen Bed, Reserve now, pay later",https://www.expedia.co.in/High-Level-Hotels-Econo-Lodge-Inn-Suites.h1353803.Hotel-Information?chkin=2025-11-18&chkout=2025-11-19&x_pwa=1&rfrr=HSR&useRewards=true&rm1=a2&selected=EXPEDIA_1&sort=RECOMMENDED&pwa_ts=1762092171654&top_cur=USD
EXPEDIA_1,Expedia.com,Econo Lodge Inn & Suites,2025-11-18,2025-11-19,"Suite, 1 Queen Bed, Non Smoking",Queen Bed,Queen,Suite,5.0,12672.0,1555.0,14227.0,"Free continental breakfast, Free self parking, Sleeps 2, 1 Queen Bed, Reserve now, pay later",https://www.expedia.co.in/High-Level-Hotels-Econo-Lodge-Inn-Suites.h1353803.Hotel-Information?chkin=2025-11-18&chkout=2025-11-19&x_pwa=1&rfrr=HSR&useRewards=true&rm1=a2&selected=EXPEDIA_1&sort=RECOMMENDED&pwa_ts=1762092171654&top_cur=USD
EXPEDIA_1,Expedia.com,Econo Lodge Inn & Suites,2025-11-19,2025-11-20,"Standard Room, 1 Queen Bed, Non Smoking",Queen Bed,Queen,Normal,,10137.0,1244.0,11381.0,"Free continental breakfast, Free self parking, Sleeps 2, 1 Queen Bed, Reserve now, pay later",https://www.expedia.co.in/High-Level-Hotels-Econo-Lodge-Inn-Suites.h1353803.Hotel-Information?chkin=2025-11-19&chkout=2025-11-20&x_pwa=1&rfrr=HSR&useRewards=true&rm1=a2&selected=EXPEDIA_1&sort=RECOMMENDED&pwa_ts=1762092216111&top_cur=USD
EXPEDIA_1,Expedia.com,Econo Lodge Inn & Suites,2025-11-19,2025-11-20,"Standard Room, 2 Queen Beds, Non Smoking",Queen Beds,Queen,Normal,,10771.0,1322.0,12093.0,"Free continental breakfast, Free self parking, Sleeps 4, 2 Queen Beds, Reserve now, pay later",https://www.expedia.co.in/High-Level-Hotels-Econo-Lodge-Inn-Suites.h1353803.Hotel-Information?chkin=2025-11-19&chkout=2025-11-20&x_pwa=1&rfrr=HSR&useRewards=true&rm1=a2&selected=EXPEDIA_1&sort=RECOMMENDED&pwa_ts=1762092216111&top_cur=USD
EXPEDIA_1,Expedia.com,Econo Lodge Inn & Suites,2025-11-19,2025-11-20,"Efficiency, Room, 1 Queen Bed, Non Smoking",Queen Bed,Queen,Normal,6.0,11405.0,1399.0,12804.0,"Free continental breakfast, Free self parking, Sleeps 2, 1 Queen Bed, Reserve now, pay later",https://www.expedia.co.in/High-Level-Hotels-Econo-Lodge-Inn-Suites.h1353803.Hotel-Information?chkin=2025-11-19&chkout=2025-11-20&x_pwa=1&rfrr=HSR&useRewards=true&rm1=a2&selected=EXPEDIA_1&sort=RECOMMENDED&pwa_ts=1762092216111&top_cur=USD
EXPEDIA_1,Expedia.com,Econo Lodge Inn & Suites,2025-11-19,2025-11-20,"Suite, 1 Queen Bed, Non Smoking",Queen Bed,Queen,Suite,5.0,12672.0,1555.0,14227.0,"Free continental breakfast, Free self parking, Sleeps 2, 1 Queen Bed, Reserve now, pay later",https://www.expedia.co.in/High-Level-Hotels-Econo-Lodge-Inn-Suites.h1353803.Hotel-Information?chkin=2025-11-19&chkout=2025-11-20&x_pwa=1&rfrr=HSR&useRewards=true&rm1=a2&selected=EXPEDIA_1&sort=RECOMMENDED&pwa_ts=1762092216111&top_cur=USD
EXPEDIA_1,Expedia.com,Econo Lodge Inn & Suites,2025-11-20,2025-11-21,"Standard Room, 1 Queen Bed, Non Smoking",Queen Bed,Queen,Normal,,10137.0,1244.0,11381.0,"Free continental breakfast, Free self parking, Sleeps 2, 1 Queen Bed, Reserve now, pay later",https://www.expedia.co.in/High-Level-Hotels-Econo-Lodge-Inn-Suites.h1353803.Hotel-Information?chkin=2025-11-20&chkout=2025-11-21&x_pwa=1&rfrr=HSR&useRewards=true&rm1=a2&selected=EXPEDIA_1&sort=RECOMMENDED&pwa_ts=1762092260867&top_cur=USD
EXPEDIA_1,Expedia.com,Econo Lodge Inn & Suites,2025-11-20,2025-11-21,"Standard Room, 2 Queen Beds, Non Smoking",Queen Beds,Queen,Normal,,10771.0,1322.0,12093.0,"Free continental breakfast, Free self parking, Sleeps 4, 2 Queen Beds, Reserve now, pay later",https://www.expedia.co.in/High-Level-Hotels-Econo-Lodge-Inn-Suites.h1353803.Hotel-Information?chkin=2025-11-20&chkout=2025-11-21&x_pwa=1&rfrr=HSR&useRewards=true&rm1=a2&selected=EXPEDIA_1&sort=RECOMMENDED&pwa_ts=1762092260867&top_cur=USD
EXPEDIA_1,Expedia.com,Econo Lodge Inn & Suites,2025-11-20,2025-11-21,"Efficiency, Room, 1 Queen Bed, Non Smoking",Queen Bed,Queen,Normal,7.0,11405.0,1399.0,12804.0,"Free continental breakfast, Free self parking, Sleeps 2, 1 Queen Bed, Reserve now, pay later",https://www.expedia.co.in/High-Level-Hotels-Econo-Lodge-Inn-Suites.h1353803.Hotel-Information?chkin=2025-11-20&chkout=2025-11-21&x_pwa=1&rfrr=HSR&useRewards=true&rm1=a2&selected=EXPEDIA_1&sort=RECOMMENDED&pwa_ts=1762092260867&top_cur=USD
EXPEDIA_1,Expedia.com,Econo Lodge Inn & Suites,2025-11-20,2025-11-21,"Suite, 1 Queen Bed, Non Smoking",Queen Bed,Queen,Suite,5.0,12672.0,1555.0,14227.0,"Free continental breakfast, Free self parking, Sleeps 2, 1 Queen Bed, Reserve now, pay later",https://www.expedia.co.in/High-Level-Hotels-Econo-Lodge-Inn-Suites.h1353803.Hotel-Information?chkin=2025-11-20&chkout=2025-11-21&x_pwa=1&rfrr=HSR&useRewards=true&rm1=a2&selected=EXPEDIA_1&sort=RECOMMENDED&pwa_ts=1762092260867&top_cur=USD
EXPEDIA_1,Expedia.com,Econo Lodge Inn & Suites,2025-11-21,2025-11-22,"Standard Room, 1 Queen Bed, Non Smoking",Queen Bed,Queen,Normal,,9504.0,1166.0,10670.0,"Free continental breakfast, Free self parking, Sleeps 2, 1 Queen Bed, Reserve now, pay later",https://www.expedia.co.in/High-Level-Hotels-Econo-Lodge-Inn-Suites.h1353803.Hotel-Information?chkin=2025-11-21&chkout=2025-11-22&x_pwa=1&rfrr=HSR&useRewards=true&rm1=a2&selected=EXPEDIA_1&sort=RECOMMENDED&pwa_ts=1762092305238&top_cur=USD
EXPEDIA_1,Expedia.com,Econo Lodge Inn & Suites,2025-11-21,2025-11-22,"Standard Room, 2 Queen Beds, Non Smoking",Queen Beds,Queen,Normal,,10137.0,1244.0,11381.0,"Free continental breakfast, Free self parking, Sleeps 4, 2 Queen Beds, Reserve now, pay later",https://www.expedia.co.in/High-Level-Hotels-Econo-Lodge-Inn-Suites.h1353803.Hotel-Information?chkin=2025-11-21&chkout=2025-11-22&x_pwa=1&rfrr=HSR&useRewards=true&rm1=a2&selected=EXPEDIA_1&sort=RECOMMENDED&pwa_ts=1762092305238&top_cur=USD
EXPEDIA_1,Expedia.com,Econo Lodge Inn & Suites,2025-11-21,2025-11-22,"Efficiency, Room, 1 Queen Bed, Non Smoking",Queen Bed,Queen,Normal,7.0,10771.0,1322.0,12093.0,"Free continental breakfast, Free self parking, Sleeps 2, 1 Queen Bed, Reserve now, pay later",https://www.expedia.co.in/High-Level-Hotels-Econo-Lodge-Inn-Suites.h1353803.Hotel-Information?chkin=2025-11-21&chkout=2025-11-22&x_pwa=1&rfrr=HSR&useRewards=true&rm1=a2&selected=EXPEDIA_1&sort=RECOMMENDED&pwa_ts=1762092305238&top_cur=USD
EXPEDIA_1,Expedia.com,Econo Lodge Inn & Suites,2025-11-21,2025-11-22,"Suite, 1 Queen Bed, Non Smoking",Queen Bed,Queen,Suite,5.0,12038.0,1477.0,13515.0,"Free continental breakfast, Free self parking, Sleeps 2, 1 Queen Bed, Reserve now, pay later",https://www.expedia.co.in/High-Level-Hotels-Econo-Lodge-Inn-Suites.h1353803.Hotel-Information?chkin=2025-11-21&chkout=2025-11-22&x_pwa=1&rfrr=HSR&useRewards=true&rm1=a2&selected=EXPEDIA_1&sort=RECOMMENDED&pwa_ts=1762092305238&top_cur=USD
EXPEDIA_1,Expedia.com,Econo Lodge Inn & Suites,2025-11-22,2025-11-23,"Standard Room, 1 Queen Bed, Non Smoking",Queen Bed,Queen,Normal,,9504.0,1166.0,10670.0,"Free continental breakfast, Free self parking, Sleeps 2, 1 Queen Bed, Reserve now, pay later",https://www.expedia.co.in/High-Level-Hotels-Econo-Lodge-Inn-Suites.h1353803.Hotel-Information?chkin=2025-11-22&chkout=2025-11-23&x_pwa=1&rfrr=HSR&useRewards=true&rm1=a2&selected=EXPEDIA_1&sort=RECOMMENDED&pwa_ts=1762092351218&top_cur=USD
EXPEDIA_1,Expedia.com,Econo Lodge Inn & Suites,2025-11-22,2025-11-23,"Standard Room, 2 Queen Beds, Non Smoking",Queen Beds,Queen,Normal,,10137.0,1244.0,11381.0,"Free continental breakfast, Free self parking, Sleeps 4, 2 Queen Beds, Reserve now, pay later",https://www.expedia.co.in/High-Level-Hotels-Econo-Lodge-Inn-Suites.h1353803.Hotel-Information?chkin=2025-11-22&chkout=2025-11-23&x_pwa=1&rfrr=HSR&useRewards=true&rm1=a2&selected=EXPEDIA_1&sort=RECOMMENDED&pwa_ts=1762092351218&top_cur=USD
EXPEDIA_1,Expedia.com,Econo Lodge Inn & Suites,2025-11-22,2025-11-23,"Efficiency, Room, 1 Queen Bed, Non Smoking",Queen Bed,Queen,Normal,7.0,10771.0,1322.0,12093.0,"Free continental breakfast, Free self parking, Sleeps 2, 1 Queen Bed, Reserve now, pay later",https://www.expedia.co.in/High-Level-Hotels-Econo-Lodge-Inn-Suites.h1353803.Hotel-Information?chkin=2025-11-22&chkout=2025-11-23&x_pwa=1&rfrr=HSR&useRewards=true&rm1=a2&selected=EXPEDIA_1&sort=RECOMMENDED&pwa_ts=1762092351218&top_cur=USD
EXPEDIA_1,Expedia.com,Econo Lodge Inn & Suites,2025-11-22,2025-11-23,"Suite, 1 Queen Bed, Non Smoking",Queen Bed,Queen,Suite,5.0,12038.0,1477.0,13515.0,"Free continental breakfast, Free self parking, Sleeps 2, 1 Queen Bed, Reserve now, pay later",https://www.expedia.co.in/High-Level-Hotels-Econo-Lodge-Inn-Suites.h1353803.Hotel-Information?chkin=2025-11-22&chkout=2025-11-23&x_pwa=1&rfrr=HSR&useRewards=true&rm1=a2&selected=EXPEDIA_1&sort=RECOMMENDED&pwa_ts=1762092351218&top_cur=USD
EXPEDIA_2,Expedia.com,Best Western Plover-Stevens Point Hotel & Conference Center,2025-11-10,2025-11-11,"Standard Room, 1 King Bed, Non Smoking, Refrigerator & Microwave",King Bed,King,Normal,,7989.0,1078.0,9067.0,"Free breakfast, Free self parking, Sleeps 2, 1 King Bed, Reserve now, pay later, Free WiFi",https://www.expedia.co.in/Stevens-Point-Hotels-Best-Western-Plover-Stevens-Point-Hotel-Conference-Center.h4327852.Hotel-Information?chkin=2025-11-10&chkout=2025-11-11&x_pwa=1&rfrr=HSR&useRewards=true&rm1=a2&selected=EXPEDIA_2&sort=RECOMMENDED&pwa_ts=1762092398274&top_cur=USD
EXPEDIA_2,Expedia.com,Best Western Plover-Stevens Point Hotel & Conference Center,2025-11-10,2025-11-11,"Standard Room, 1 King Bed, Accessible, Refrigerator & Microwave",King Bed,King,Normal,2.0,7989.0,1078.0,9067.0,"Free breakfast, Free self parking, Sleeps 2, 1 King Bed, Reserve now, pay later, Free WiFi",https://www.expedia.co.in/Stevens-Point-Hotels-Best-Western-Plover-Stevens-Point-Hotel-Conference-Center.h4327852.Hotel-Information?chkin=2025-11-10&chkout=2025-11-11&x_pwa=1&rfrr=HSR&useRewards=true&rm1=a2&selected=EXPEDIA_2&sort=RECOMMENDED&pwa_ts=1762092398274&top_cur=USD
EXPEDIA_2,Expedia.com,Best Western Plover-Stevens Point Hotel & Conference Center,2025-11-10,2025-11-11,"Standard Room, 2 Queen Beds, Non Smoking, Refrigerator & Microwave",Queen Beds,Queen,Normal,,8876.0,1199.0,10075.0,"Free breakfast, Free self parking, Sleeps 4, 2 Queen Beds, Reserve now, pay later, Free WiFi",https://www.expedia.co.in/Stevens-Point-Hotels-Best-Western-Plover-Stevens-Point-Hotel-Conference-Center.h4327852.Hotel-Information?chkin=2025-11-10&chkout=2025-11-11&x_pwa=1&rfrr=HSR&useRewards=true&rm1=a2&selected=EXPEDIA_2&sort=RECOMMENDED&pwa_ts=1762092398274&top_cur=USD
EXPEDIA_2,Expedia.com,Best Western Plover-Stevens Point Hotel & Conference Center,2025-11-10,2025-11-11,"Suite, 1 King Bed, Non Smoking, Jetted Tub",King Bed,King,Suite,4.0,9764.0,1318.0,11082.0,"Free breakfast, Free self parking, Sleeps 2, 1 King Bed, Reserve now, pay later, Free WiFi",https://www.expedia.co.in/Stevens-Point-Hotels-Best-Western-Plover-Stevens-Point-Hotel-Conference-Center.h4327852.Hotel-Information?chkin=2025-11-10&chkout=2025-11-11&x_pwa=1&rfrr=HSR&useRewards=true&rm1=a2&selected=EXPEDIA_2&sort=RECOMMENDED&pwa_ts=1762092398274&top_cur=USD
EXPEDIA_2,Expedia.com,Best Western Plover-Stevens Point Hotel & Conference Center,2025-11-10,2025-11-11,"Family Suite, 1 King Bed, Non Smoking, Refrigerator & Microwave (with Sofabed)",King Bed,King,Suite,2.0,11096.0,1497.0,12593.0,"Free breakfast, Free self parking, Sleeps 4, 1 King Bed, Reserve now, pay later, Free WiFi",https://www.expedia.co.in/Stevens-Point-Hotels-Best-Western-Plover-Stevens-Point-Hotel-Conference-Center.h4327852.Hotel-Information?chkin=2025-11-10&chkout=2025-11-11&x_pwa=1&rfrr=HSR&useRewards=true&rm1=a2&selected=EXPEDIA_2&sort=RECOMMENDED&pwa_ts=1762092398274&top_cur=USD
EXPEDIA_2,Expedia.com,Best Western Plover-Stevens Point Hotel & Conference Center,2025-11-10,2025-11-11,"Suite, 2 Queen Beds, Non Smoking, Refrigerator & Microwave (with Sofabed)",Queen Beds,Queen,Suite,1.0,11096.0,1497.0,12593.0,"Free breakfast, Free self parking, Sleeps 6, 2 Queen Beds, Reserve now, pay later, Free WiFi",https://www.expedia.co.in/Stevens-Point-Hotels-Best-Western-Plover-Stevens-Point-Hotel-Conference-Center.h4327852.Hotel-Information?chkin=2025-11-10&chkout=2025-11-11&x_pwa=1&rfrr=HSR&useRewards=true&rm1=a2&selected=EXPEDIA_2&sort=RECOMMENDED&pwa_ts=1762092398274&top_cur=USD
EXPEDIA_2,Expedia.com,Best Western Plover-Stevens Point Hotel & Conference Center,2025-11-10,2025-11-11,"Family Suite, 2 Queen Beds, Non Smoking, Refrigerator & Microwave (with Sofabed)",Queen Beds,Queen,Suite,2.0,12427.0,1678.0,14105.0,"Free breakfast, Free self parking, Sleeps 6, 2 Queen Beds, Reserve now, pay later, Free WiFi",https://www.expedia.co.in/Stevens-Point-Hotels-Best-Western-Plover-Stevens-Point-Hotel-Conference-Center.h4327852.Hotel-Information?chkin=2025-11-10&chkout=2025-11-11&x_pwa=1&rfrr=HSR&useRewards=true&rm1=a2&selected=EXPEDIA_2&sort=RECOMMENDED&pwa_ts=1762092398274&top_cur=USD
EXPEDIA_2,Expedia.com,Best Western Plover-Stevens Point Hotel & Conference Center,2025-11-10,2025-11-11,"Suite, 2 Queen Beds, Non Smoking, Refrigerator & Microwave",Queen Beds,Queen,Suite,2.0,12871.0,1737.0,14608.0,"Free breakfast, Free self parking, Sleeps 6, 2 Queen Beds, Reserve now, pay later, Free WiFi",https://www.expedia.co.in/Stevens-Point-Hotels-Best-Western-Plover-Stevens-Point-Hotel-Conference-Center.h4327852.Hotel-Information?chkin=2025-11-10&chkout=2025-11-11&x_pwa=1&rfrr=HSR&useRewards=true&rm1=a2&selected=EXPEDIA_2&sort=RECOMMENDED&pwa_ts=1762092398274&top_cur=USD
EXPEDIA_2,Expedia.com,Best Western Plover-Stevens Point Hotel & Conference Center,2025-11-11,2025-11-12,"Standard Room, 1 King Bed, Non Smoking, Refrigerator & Microwave",King Bed,King,Normal,,7989.0,1078.0,9067.0,"Free breakfast, Free self parking, Sleeps 2, 1 King Bed, Reserve now, pay later, Free WiFi",https://www.expedia.co.in/Stevens-Point-Hotels-Best-Western-Plover-Stevens-Point-Hotel-Conference-Center.h4327852.Hotel-Information?chkin=2025-11-11&chkout=2025-11-12&x_pwa=1&rfrr=HSR&useRewards=true&rm1=a2&selected=EXPEDIA_2&sort=RECOMMENDED&pwa_ts=1762092440449&top_cur=USD
EXPEDIA_2,Expedia.com,Best Western Plover-Stevens Point Hotel & Conference Center,2025-11-11,2025-11-12,"Standard Room, 1 King Bed, Accessible, Refrigerator & Microwave",King Bed,King,Normal,2.0,7989.0,1078.0,9067.0,"Free breakfast, Free self parking, Sleeps 2, 1 King Bed, Reserve now, pay later, Free WiFi",https://www.expedia.co.in/Stevens-Point-Hotels-Best-Western-Plover-Stevens-Point-Hotel-Conference-Center.h4327852.Hotel-Information?chkin=2025-11-11&chkout=2025-11-12&x_pwa=1&rfrr=HSR&useRewards=true&rm1=a2&selected=EXPEDIA_2&sort=RECOMMENDED&pwa_ts=1762092440449&top_cur=USD
EXPEDIA_2,Expedia.com,Best Western Plover-Stevens Point Hotel & Conference Center,2025-11-11,2025-11-12,"Standard Room, 2 Queen Beds, Non Smoking, Refrigerator & Microwave",Queen Beds,Queen,Normal,,8876.0,1199.0,10075.0,"Free breakfast, Free self parking, Sleeps 4, 2 Queen Beds, Reserve now, pay later, Free WiFi",https://www.expedia.co.in/Stevens-Point-Hotels-Best-Western-Plover-Stevens-Point-Hotel-Conference-Center.h4327852.Hotel-Information?chkin=2025-11-11&chkout=2025-11-12&x_pwa=1&rfrr=HSR&useRewards=true&rm1=a2&selected=EXPEDIA_2&sort=RECOMMENDED&pwa_ts=1762092440449&top_cur=USD
EXPEDIA_2,Expedia.com,Best Western Plover-Stevens Point Hotel & Conference Center,2025-11-11,2025-11-12,"Suite, 1 King Bed, Non Smoking, Jetted Tub",King Bed,King,Suite,4.0,9764.0,1318.0,11082.0,"Free breakfast, Free self parking, Sleeps 2, 1 King Bed, Reserve now, pay later, Free WiFi",https://www.expedia.co.in/Stevens-Point-Hotels-Best-Western-Plover-Stevens-Point-Hotel-Conference-Center.h4327852.Hotel-Information?chkin=2025-11-11&chkout=2025-11-12&x_pwa=1&rfrr=HSR&useRewards=true&rm1=a2&selected=EXPEDIA_2&sort=RECOMMENDED&pwa_ts=1762092440449&top_cur=USD
EXPEDIA_2,Expedia.com,Best Western Plover-Stevens Point Hotel & Conference Center,2025-11-11,2025-11-12,"Family Suite, 1 King Bed, Non Smoking, Refrigerator & Microwave (with Sofabed)",King Bed,King,Suite,2.0,11096.0,1497.0,12593.0,"Free breakfast, Free self parking, Sleeps 4, 1 King Bed, Reserve now, pay later, Free WiFi",https://www.expedia.co.in/Stevens-Point-Hotels-Best-Western-Plover-Stevens-Point-Hotel-Conference-Center.h4327852.Hotel-Information?chkin=2025-11-11&chkout=2025-11-12&x_pwa=1&rfrr=HSR&useRewards=true&rm1=a2&selected=EXPEDIA_2&sort=RECOMMENDED&pwa_ts=1762092440449&top_cur=USD
EXPEDIA_2,Expedia.com,Best Western Plover-Stevens Point Hotel & Conference Center,2025-11-11,2025-11-12,"Suite, 2 Queen Beds, Non Smoking, Refrigerator & Microwave (with Sofabed)",Queen Beds,Queen,Suite,1.0,11096.0,1497.0,12593.0,"Free breakfast, Free self parking, Sleeps 6, 2 Queen Beds, Reserve now, pay later, Free WiFi",https://www.expedia.co.in/Stevens-Point-Hotels-Best-Western-Plover-Stevens-Point-Hotel-Conference-Center.h4327852.Hotel-Information?chkin=2025-11-11&chkout=2025-11-12&x_pwa=1&rfrr=HSR&useRewards=true&rm1=a2&selected=EXPEDIA_2&sort=RECOMMENDED&pwa_ts=1762092440449&top_cur=USD
EXPEDIA_2,Expedia.com,Best Western Plover-Stevens Point Hotel & Conference Center,2025-11-11,2025-11-12,"Family Suite, 2 Queen Beds, Non Smoking, Refrigerator & Microwave (with Sofabed)",Queen Beds,Queen,Suite,2.0,12427.0,1678.0,14105.0,"Free breakfast, Free self parking, Sleeps 6, 2 Queen Beds, Reserve now, pay later, Free WiFi",https://www.expedia.co.in/Stevens-Point-Hotels-Best-Western-Plover-Stevens-Point-Hotel-Conference-Center.h4327852.Hotel-Information?chkin=2025-11-11&chkout=2025-11-12&x_pwa=1&rfrr=HSR&useRewards=true&rm1=a2&selected=EXPEDIA_2&sort=RECOMMENDED&pwa_ts=1762092440449&top_cur=USD
EXPEDIA_2,Expedia.com,Best Western Plover-Stevens Point Hotel & Conference Center,2025-11-11,2025-11-12,"Suite, 2 Queen Beds, Non Smoking, Refrigerator & Microwave",Queen Beds,Queen,Suite,2.0,12871.0,1737.0,14608.0,"Free breakfast, Free self parking, Sleeps 6, 2 Queen Beds, Reserve now, pay later, Free WiFi",https://www.expedia.co.in/Stevens-Point-Hotels-Best-Western-Plover-Stevens-Point-Hotel-Conference-Center.h4327852.Hotel-Information?chkin=2025-11-11&chkout=2025-11-12&x_pwa=1&rfrr=HSR&useRewards=true&rm1=a2&selected=EXPEDIA_2&sort=RECOMMENDED&pwa_ts=1762092440449&top_cur=USD
EXPEDIA_2,Expedia.com,Best Western Plover-Stevens Point Hotel & Conference Center,2025-11-12,2025-11-13,"Standard Room, 1 King Bed, Non Smoking, Refrigerator & Microwave",King Bed,King,Normal,,7349.0,993.0,8342.0,"Free breakfast, Free self parking, Sleeps 2, 1 King Bed, Free WiFi",https://www.expedia.co.in/Stevens-Point-Hotels-Best-Western-Plover-Stevens-Point-Hotel-Conference-Center.h4327852.Hotel-Information?chkin=2025-11-12&chkout=2025-11-13&x_pwa=1&rfrr=HSR&useRewards=true&rm1=a2&selected=EXPEDIA_2&sort=RECOMMENDED&pwa_ts=1762092487971&top_cur=USD
EXPEDIA_2,Expedia.com,Best Western Plover-Stevens Point Hotel & Conference Center,2025-11-12,2025-11-13,"Standard Room, 2 Queen Beds, Non Smoking, Refrigerator & Microwave",Queen Beds,Queen,Normal,,8166.0,1102.0,9268.0,"Free breakfast, Free self parking, Sleeps 4, 2 Queen Beds, Free WiFi",https://www.expedia.co.in/Stevens-Point-Hotels-Best-Western-Plover-Stevens-Point-Hotel-Conference-Center.h4327852.Hotel-Information?chkin=2025-11-12&chkout=2025-11-13&x_pwa=1&rfrr=HSR&useRewards=true&rm1=a2&selected=EXPEDIA_2&sort=RECOMMENDED&pwa_ts=1762092487971&top_cur=USD
EXPEDIA_2,Expedia.com,Best Western Plover-Stevens Point Hotel & Conference Center,2025-11-12,2025-11-13,"Standard Room, 1 King Bed, Accessible, Refrigerator & Microwave",King Bed,King,Normal,2.0,7349.0,993.0,8342.0,"Free breakfast, Free self parking, Sleeps 2, 1 King Bed, Free WiFi",https://www.expedia.co.in/Stevens-Point-Hotels-Best-Western-Plover-Stevens-Point-Hotel-Conference-Center.h4327852.Hotel-Information?chkin=2025-11-12&chkout=2025-11-13&x_pwa=1&rfrr=HSR&useRewards=true&rm1=a2&selected=EXPEDIA_2&sort=RECOMMENDED&pwa_ts=1762092487971&top_cur=USD
EXPEDIA_2,Expedia.com,Best Western Plover-Stevens Point Hotel & Conference Center,2025-11-12,2025-11-13,"Suite, 1 King Bed, Non Smoking, Jetted Tub",King Bed,King,Suite,3.0,8983.0,1212.0,10195.0,"Free breakfast, Free self parking, Sleeps 2, 1 King Bed, Free WiFi",https://www.expedia.co.in/Stevens-Point-Hotels-Best-Western-Plover-Stevens-Point-Hotel-Conference-Center.h4327852.Hotel-Information?chkin=2025-11-12&chkout=2025-11-13&x_pwa=1&rfrr=HSR&useRewards=true&rm1=a2&selected=EXPEDIA_2&sort=RECOMMENDED&pwa_ts=1762092487971&top_cur=USD
EXPEDIA_2,Expedia.com,Best Western Plover-Stevens Point Hotel & Conference Center,2025-11-12,2025-11-13,"Family Suite, 1 King Bed, Non Smoking, Refrigerator & Microwave (with Sofabed)",King Bed,King,Suite,2.0,10208.0,1378.0,11586.0,"Free breakfast, Free self parking, Sleeps 4, 1 King Bed, Free WiFi",https://www.expedia.co.in/Stevens-Point-Hotels-Best-Western-Plover-Stevens-Point-Hotel-Conference-Center.h4327852.Hotel-Information?chkin=2025-11-12&chkout=2025-11-13&x_pwa=1&rfrr=HSR&useRewards=true&rm1=a2&selected=EXPEDIA_2&sort=RECOMMENDED&pwa_ts=1762092487971&top_cur=USD
EXPEDIA_2,Expedia.com,Best Western Plover-Stevens Point Hotel & Conference Center,2025-11-12,2025-11-13,"Suite, 2 Queen Beds, Non Smoking, Refrigerator & Microwave (with Sofabed)",Queen Beds,Queen,Suite,1.0,11096.0,1497.0,12593.0,"Free breakfast, Free self parking, Sleeps 6, 2 Queen Beds, Free WiFi",https://www.expedia.co.in/Stevens-Point-Hotels-Best-Western-Plover-Stevens-Point-Hotel-Conference-Center.h4327852.Hotel-Information?chkin=2025-11-12&chkout=2025-11-13&x_pwa=1&rfrr=HSR&useRewards=true&rm1=a2&selected=EXPEDIA_2&sort=RECOMMENDED&pwa_ts=1762092487971&top_cur=USD
EXPEDIA_2,Expedia.com,Best Western Plover-Stevens Point Hotel & Conference Center,2025-11-12,2025-11-13,"Family Suite, 2 Queen Beds, Non Smoking, Refrigerator & Microwave (with Sofabed)",Queen Beds,Queen,Suite,2.0,11433.0,1543.0,12976.0,"Free breakfast, Free self parking, Sleeps 6, 2 Queen Beds, Free WiFi",https://www.expedia.co.in/Stevens-Point-Hotels-Best-Western-Plover-Stevens-Point-Hotel-Conference-Center.h4327852.Hotel-Information?chkin=2025-11-12&chkout=2025-11-13&x_pwa=1&rfrr=HSR&useRewards=true&rm1=a2&selected=EXPEDIA_2&sort=RECOMMENDED&pwa_ts=1762092487971&top_cur=USD
EXPEDIA_2,Expedia.com,Best Western Plover-Stevens Point Hotel & Conference Center,2025-11-12,2025-11-13,"Suite, 2 Queen Beds, Non Smoking, Refrigerator & Microwave",Queen Beds,Queen,Suite,2.0,11841.0,1599.0,13440.0,"Free breakfast, Free self parking, Sleeps 6, 2 Queen Beds, Free WiFi",https://www.expedia.co.in/Stevens-Point-Hotels-Best-Western-Plover-Stevens-Point-Hotel-Conference-Center.h4327852.Hotel-Information?chkin=2025-11-12&chkout=2025-11-13&x_pwa=1&rfrr=HSR&useRewards=true&rm1=a2&selected=EXPEDIA_2&sort=RECOMMENDED&pwa_ts=1762092487971&top_cur=USD
EXPEDIA_2,Expedia.com,Best Western Plover-Stevens Point Hotel & Conference Center,2025-11-13,2025-11-14,"Standard Room, 1 King Bed, Non Smoking, Refrigerator & Microwave",King Bed,King,Normal,,7349.0,993.0,8342.0,"Free breakfast, Free self parking, Sleeps 2, 1 King Bed, Free WiFi",https://www.expedia.co.in/Stevens-Point-Hotels-Best-Western-Plover-Stevens-Point-Hotel-Conference-Center.h4327852.Hotel-Information?chkin=2025-11-13&chkout=2025-11-14&x_pwa=1&rfrr=HSR&useRewards=true&rm1=a2&selected=EXPEDIA_2&sort=RECOMMENDED&pwa_ts=1762092532060&top_cur=USD
EXPEDIA_2,Expedia.com,Best Western Plover-Stevens Point Hotel & Conference Center,2025-11-13,2025-11-14,"Standard Room, 2 Queen Beds, Non Smoking, Refrigerator & Microwave",Queen Beds,Queen,Normal,,8166.0,1102.0,9268.0,"Free breakfast, Free self parking, Sleeps 4, 2 Queen Beds, Free WiFi",https://www.expedia.co.in/Stevens-Point-Hotels-Best-Western-Plover-Stevens-Point-Hotel-Conference-Center.h4327852.Hotel-Information?chkin=2025-11-13&chkout=2025-11-14&x_pwa=1&rfrr=HSR&useRewards=true&rm1=a2&selected=EXPEDIA_2&sort=RECOMMENDED&pwa_ts=1762092532060&top_cur=USD
EXPEDIA_2,Expedia.com,Best Western Plover-Stevens Point Hotel & Conference Center,2025-11-13,2025-11-14,"Standard Room, 1 King Bed, Accessible, Refrigerator & Microwave",King Bed,King,Normal,2.0,7349.0,993.0,8342.0,"Free breakfast, Free self parking, Sleeps 2, 1 King Bed, Free WiFi",https://www.expedia.co.in/Stevens-Point-Hotels-Best-Western-Plover-Stevens-Point-Hotel-Conference-Center.h4327852.Hotel-Information?chkin=2025-11-13&chkout=2025-11-14&x_pwa=1&rfrr=HSR&useRewards=true&rm1=a2&selected=EXPEDIA_2&sort=RECOMMENDED&pwa_ts=1762092532060&top_cur=USD
EXPEDIA_2,Expedia.com,Best Western Plover-Stevens Point Hotel & Conference Center,2025-11-13,2025-11-14,"Suite, 1 King Bed, Non Smoking, Jetted Tub",King Bed,King,Suite,4.0,8983.0,1212.0,10195.0,"Free breakfast, Free self parking, Sleeps 2, 1 King Bed, Free WiFi",https://www.expedia.co.in/Stevens-Point-Hotels-Best-Western-Plover-Stevens-Point-Hotel-Conference-Center.h4327852.Hotel-Information?chkin=2025-11-13&chkout=2025-11-14&x_pwa=1&rfrr=HSR&useRewards=true&rm1=a2&selected=EXPEDIA_2&sort=RECOMMENDED&pwa_ts=1762092532060&top_cur=USD
EXPEDIA_2,Expedia.com,Best Western Plover-Stevens Point Hotel & Conference Center,2025-11-13,2025-11-14,"Family Suite, 1 King Bed, Non Smoking, Refrigerator & Microwave (with Sofabed)",King Bed,King,Suite,2.0,10208.0,1378.0,11586.0,"Free breakfast, Free self parking, Sleeps 4, 1 King Bed, Free WiFi",https://www.expedia.co.in/Stevens-Point-Hotels-Best-Western-Plover-Stevens-Point-Hotel-Conference-Center.h4327852.Hotel-Information?chkin=2025-11-13&chkout=2025-11-14&x_pwa=1&rfrr=HSR&useRewards=true&rm1=a2&selected=EXPEDIA_2&sort=RECOMMENDED&pwa_ts=1762092532060&top_cur=USD
EXPEDIA_2,Expedia.com,Best Western Plover-Stevens Point Hotel & Conference Center,2025-11-13,2025-11-14,"Suite, 2 Queen Beds, Non Smoking, Refrigerator & Microwave (with Sofabed)",Queen Beds,Queen,Suite,1.0,11096.0,1497.0,12593.0,"Free breakfast, Free self parking, Sleeps 6, 2 Queen Beds, Free WiFi",https://www.expedia.co.in/Stevens-Point-Hotels-Best-Western-Plover-Stevens-Point-Hotel-Conference-Center.h4327852.Hotel-Information?chkin=2025-11-13&chkout=2025-11-14&x_pwa=1&rfrr=HSR&useRewards=true&rm1=a2&selected=EXPEDIA_2&sort=RECOMMENDED&pwa_ts=1762092532060&top_cur=USD
EXPEDIA_2,Expedia.com,Best Western Plover-Stevens Point Hotel & Conference Center,2025-11-13,2025-11-14,"Family Suite, 2 Queen Beds, Non Smoking, Refrigerator & Microwave (with Sofabed)",Queen Beds,Queen,Suite,2.0,11433.0,1543.0,12976.0,"Free breakfast, Free self parking, Sleeps 6, 2 Queen Beds, Free WiFi",https://www.expedia.co.in/Stevens-Point-Hotels-Best-Western-Plover-Stevens-Point-Hotel-Conference-Center.h4327852.Hotel-Information?chkin=2025-11-13&chkout=2025-11-14&x_pwa=1&rfrr=HSR&useRewards=true&rm1=a2&selected=EXPEDIA_2&sort=RECOMMENDED&pwa_ts=1762092532060&top_cur=USD
EXPEDIA_2,Expedia.com,Best Western Plover-Stevens Point Hotel & Conference Center,2025-11-13,2025-11-14,"Suite, 2 Queen Beds, Non Smoking, Refrigerator & Microwave",Queen Beds,Queen,Suite,2.0,11841.0,1599.0,13440.0,"Free breakfast, Free self parking, Sleeps 6, 2 Queen Beds, Free WiFi",https://www.expedia.co.in/Stevens-Point-Hotels-Best-Western-Plover-Stevens-Point-Hotel-Conference-Center.h4327852.Hotel-Information?chkin=2025-11-13&chkout=2025-11-14&x_pwa=1&rfrr=HSR&useRewards=true&rm1=a2&selected=EXPEDIA_2&sort=RECOMMENDED&pwa_ts=1762092532060&top_cur=USD
EXPEDIA_2,Expedia.com,Best Western Plover-Stevens Point Hotel & Conference Center,2025-11-14,2025-11-15,"Standard Room, 1 King Bed, Accessible, Refrigerator & Microwave",King Bed,King,Normal,2.0,7349.0,993.0,8342.0,"Free breakfast, Free self parking, Sleeps 2, 1 King Bed, Free WiFi",https://www.expedia.co.in/Stevens-Point-Hotels-Best-Western-Plover-Stevens-Point-Hotel-Conference-Center.h4327852.Hotel-Information?chkin=2025-11-14&chkout=2025-11-15&x_pwa=1&rfrr=HSR&useRewards=true&rm1=a2&selected=EXPEDIA_2&sort=RECOMMENDED&pwa_ts=1762092576014&top_cur=USD
EXPEDIA_2,Expedia.com,Best Western Plover-Stevens Point Hotel & Conference Center,2025-11-14,2025-11-15,"Standard Room, 1 King Bed, Non Smoking, Refrigerator & Microwave",King Bed,King,Normal,,8984.0,1212.0,10196.0,"Free breakfast, Free self parking, Sleeps 2, 1 King Bed, Free WiFi",https://www.expedia.co.in/Stevens-Point-Hotels-Best-Western-Plover-Stevens-Point-Hotel-Conference-Center.h4327852.Hotel-Information?chkin=2025-11-14&chkout=2025-11-15&x_pwa=1&rfrr=HSR&useRewards=true&rm1=a2&selected=EXPEDIA_2&sort=RECOMMENDED&pwa_ts=1762092576014&top_cur=USD
EXPEDIA_2,Expedia.com,Best Western Plover-Stevens Point Hotel & Conference Center,2025-11-14,2025-11-15,"Suite, 1 King Bed, Non Smoking, Jetted Tub",King Bed,King,Suite,4.0,8983.0,1212.0,10195.0,"Free breakfast, Free self parking, Sleeps 2, 1 King Bed, Free WiFi",https://www.expedia.co.in/Stevens-Point-Hotels-Best-Western-Plover-Stevens-Point-Hotel-Conference-Center.h4327852.Hotel-Information?chkin=2025-11-14&chkout=2025-11-15&x_pwa=1&rfrr=HSR&useRewards=true&rm1=a2&selected=EXPEDIA_2&sort=RECOMMENDED&pwa_ts=1762092576014&top_cur=USD
EXPEDIA_2,Expedia.com,Best Western Plover-Stevens Point Hotel & Conference Center,2025-11-14,2025-11-15,"Suite, 2 Queen Beds, Non Smoking, Refrigerator & Microwave",Queen Beds,Queen,Suite,2.0,8983.0,1212.0,10195.0,"Free breakfast, Free self parking, Sleeps 6, 2 Queen Beds, Free WiFi",https://www.expedia.co.in/Stevens-Point-Hotels-Best-Western-Plover-Stevens-Point-Hotel-Conference-Center.h4327852.Hotel-Information?chkin=2025-11-14&chkout=2025-11-15&x_pwa=1&rfrr=HSR&useRewards=true&rm1=a2&selected=EXPEDIA_2&sort=RECOMMENDED&pwa_ts=1762092576014&top_cur=USD
EXPEDIA_2,Expedia.com,Best Western Plover-Stevens Point Hotel & Conference Center,2025-11-14,2025-11-15,"Standard Room, 2 Queen Beds, Non Smoking, Refrigerator & Microwave",Queen Beds,Queen,Normal,,8984.0,1212.0,10196.0,"Free breakfast, Free self parking, Sleeps 4, 2 Queen Beds, Free WiFi",https://www.expedia.co.in/Stevens-Point-Hotels-Best-Western-Plover-Stevens-Point-Hotel-Conference-Center.h4327852.Hotel-Information?chkin=2025-11-14&chkout=2025-11-15&x_pwa=1&rfrr=HSR&useRewards=true&rm1=a2&selected=EXPEDIA_2&sort=RECOMMENDED&pwa_ts=1762092576014&top_cur=USD
EXPEDIA_2,Expedia.com,Best Western Plover-Stevens Point Hotel & Conference Center,2025-11-14,2025-11-15,"Family Suite, 2 Queen Beds, Non Smoking, Refrigerator & Microwave (with Sofabed)",Queen Beds,Queen,Suite,2.0,10617.0,1433.0,12050.0,"Free breakfast, Free self parking, Sleeps 6, 2 Queen Beds, Free WiFi",https://www.expedia.co.in/Stevens-Point-Hotels-Best-Western-Plover-Stevens-Point-Hotel-Conference-Center.h4327852.Hotel-Information?chkin=2025-11-14&chkout=2025-11-15&x_pwa=1&rfrr=HSR&useRewards=true&rm1=a2&selected=EXPEDIA_2&sort=RECOMMENDED&pwa_ts=1762092576014&top_cur=USD
EXPEDIA_2,Expedia.com,Best Western Plover-Stevens Point Hotel & Conference Center,2025-11-14,2025-11-15,"Family Suite, 1 King Bed, Non Smoking, Refrigerator & Microwave (with Sofabed)",King Bed,King,Suite,2.0,10617.0,1433.0,12050.0,"Free breakfast, Free self parking, Sleeps 4, 1 King Bed, Free WiFi",https://www.expedia.co.in/Stevens-Point-Hotels-Best-Western-Plover-Stevens-Point-Hotel-Conference-Center.h4327852.Hotel-Information?chkin=2025-11-14&chkout=2025-11-15&x_pwa=1&rfrr=HSR&useRewards=true&rm1=a2&selected=EXPEDIA_2&sort=RECOMMENDED&pwa_ts=1762092576014&top_cur=USD
EXPEDIA_2,Expedia.com,Best Western Plover-Stevens Point Hotel & Conference Center,2025-11-14,2025-11-15,"Suite, 2 Queen Beds, Non Smoking, Refrigerator & Microwave (with Sofabed)",Queen Beds,Queen,Suite,1.0,11540.0,1558.0,13098.0,"Free breakfast, Free self parking, Sleeps 6, 2 Queen Beds, Free WiFi",https://www.expedia.co.in/Stevens-Point-Hotels-Best-Western-Plover-Stevens-Point-Hotel-Conference-Center.h4327852.Hotel-Information?chkin=2025-11-14&chkout=2025-11-15&x_pwa=1&rfrr=HSR&useRewards=true&rm1=a2&selected=EXPEDIA_2&sort=RECOMMENDED&pwa_ts=1762092576014&top_cur=USD
EXPEDIA_2,Expedia.com,Best Western Plover-Stevens Point Hotel & Conference Center,2025-11-15,2025-11-16,"Standard Room, 1 King Bed, Accessible, Refrigerator & Microwave",King Bed,King,Normal,2.0,7349.0,993.0,8342.0,"Free breakfast, Free self parking, Sleeps 2, 1 King Bed, Free WiFi",https://www.expedia.co.in/Stevens-Point-Hotels-Best-Western-Plover-Stevens-Point-Hotel-Conference-Center.h4327852.Hotel-Information?chkin=2025-11-15&chkout=2025-11-16&x_pwa=1&rfrr=HSR&useRewards=true&rm1=a2&selected=EXPEDIA_2&sort=RECOMMENDED&pwa_ts=1762092617743&top_cur=USD
EXPEDIA_2,Expedia.com,Best Western Plover-Stevens Point Hotel & Conference Center,2025-11-15,2025-11-16,"Standard Room, 1 King Bed, Non Smoking, Refrigerator & Microwave",King Bed,King,Normal,,8984.0,1212.0,10196.0,"Free breakfast, Free self parking, Sleeps 2, 1 King Bed, Free WiFi",https://www.expedia.co.in/Stevens-Point-Hotels-Best-Western-Plover-Stevens-Point-Hotel-Conference-Center.h4327852.Hotel-Information?chkin=2025-11-15&chkout=2025-11-16&x_pwa=1&rfrr=HSR&useRewards=true&rm1=a2&selected=EXPEDIA_2&sort=RECOMMENDED&pwa_ts=1762092617743&top_cur=USD
EXPEDIA_2,Expedia.com,Best Western Plover-Stevens Point Hotel & Conference Center,2025-11-15,2025-11-16,"Suite, 1 King Bed, Non Smoking, Jetted Tub",King Bed,King,Suite,4.0,8983.0,1212.0,10195.0,"Free breakfast, Free self parking, Sleeps 2, 1 King Bed, Free WiFi",https://www.expedia.co.in/Stevens-Point-Hotels-Best-Western-Plover-Stevens-Point-Hotel-Conference-Center.h4327852.Hotel-Information?chkin=2025-11-15&chkout=2025-11-16&x_pwa=1&rfrr=HSR&useRewards=true&rm1=a2&selected=EXPEDIA_2&sort=RECOMMENDED&pwa_ts=1762092617743&top_cur=USD
EXPEDIA_2,Expedia.com,Best Western Plover-Stevens Point Hotel & Conference Center,2025-11-15,2025-11-16,"Suite, 2 Queen Beds, Non Smoking, Refrigerator & Microwave",Queen Beds,Queen,Suite,2.0,8983.0,1212.0,10195.0,"Free breakfast, Free self parking, Sleeps 6, 2 Queen Beds, Free WiFi",https://www.expedia.co.in/Stevens-Point-Hotels-Best-Western-Plover-Stevens-Point-Hotel-Conference-Center.h4327852.Hotel-Information?chkin=2025-11-15&chkout=2025-11-16&x_pwa=1&rfrr=HSR&useRewards=true&rm1=a2&selected=EXPEDIA_2&sort=RECOMMENDED&pwa_ts=1762092617743&top_cur=USD
EXPEDIA_2,Expedia.com,Best Western Plover-Stevens Point Hotel & Conference Center,2025-11-15,2025-11-16,"Standard Room, 2 Queen Beds, Non Smoking, Refrigerator & Microwave",Queen Beds,Queen,Normal,,8984.0,1212.0,10196.0,"Free breakfast, Free self parking, Sleeps 4, 2 Queen Beds, Free WiFi",https://www.expedia.co.in/Stevens-Point-Hotels-Best-Western-Plover-Stevens-Point-Hotel-Conference-Center.h4327852.Hotel-Information?chkin=2025-11-15&chkout=2025-11-16&x_pwa=1&rfrr=HSR&useRewards=true&rm1=a2&selected=EXPEDIA_2&sort=RECOMMENDED&pwa_ts=1762092617743&top_cur=USD
EXPEDIA_2,Expedia.com,Best Western Plover-Stevens Point Hotel & Conference Center,2025-11-15,2025-11-16,"Family Suite, 2 Queen Beds, Non Smoking, Refrigerator & Microwave (with Sofabed)",Queen Beds,Queen,Suite,2.0,10617.0,1433.0,12050.0,"Free breakfast, Free self parking, Sleeps 6, 2 Queen Beds, Free WiFi",https://www.expedia.co.in/Stevens-Point-Hotels-Best-Western-Plover-Stevens-Point-Hotel-Conference-Center.h4327852.Hotel-Information?chkin=2025-11-15&chkout=2025-11-16&x_pwa=1&rfrr=HSR&useRewards=true&rm1=a2&selected=EXPEDIA_2&sort=RECOMMENDED&pwa_ts=1762092617743&top_cur=USD
EXPEDIA_2,Expedia.com,Best Western Plover-Stevens Point Hotel & Conference Center,2025-11-15,2025-11-16,"Family Suite, 1 King Bed, Non Smoking, Refrigerator & Microwave (with Sofabed)",King Bed,King,Suite,2.0,10617.0,1433.0,12050.0,"Free breakfast, Free self parking, Sleeps 4, 1 King Bed, Free WiFi",https://www.expedia.co.in/Stevens-Point-Hotels-Best-Western-Plover-Stevens-Point-Hotel-Conference-Center.h4327852.Hotel-Information?chkin=2025-11-15&chkout=2025-11-16&x_pwa=1&rfrr=HSR&useRewards=true&rm1=a2&selected=EXPEDIA_2&sort=RECOMMENDED&pwa_ts=1762092617743&top_cur=USD
EXPEDIA_2,Expedia.com,Best Western Plover-Stevens Point Hotel & Conference Center,2025-11-15,2025-11-16,"Suite, 2 Queen Beds, Non Smoking, Refrigerator & Microwave (with Sofabed)",Queen Beds,Queen,Suite,1.0,11540.0,1558.0,13098.0,"Free breakfast, Free self parking, Sleeps 6, 2 Queen Beds, Free WiFi",https://www.expedia.co.in/Stevens-Point-Hotels-Best-Western-Plover-Stevens-Point-Hotel-Conference-Center.h4327852.Hotel-Information?chkin=2025-11-15&chkout=2025-11-16&x_pwa=1&rfrr=HSR&useRewards=true&rm1=a2&selected=EXPEDIA_2&sort=RECOMMENDED&pwa_ts=1762092617743&top_cur=USD
EXPEDIA_2,Expedia.com,Best Western Plover-Stevens Point Hotel & Conference Center,2025-11-16,2025-11-17,"Standard Room, 1 King Bed, Non Smoking, Refrigerator & Microwave",King Bed,King,Normal,,7349.0,993.0,8342.0,"Free breakfast, Free self parking, Sleeps 2, 1 King Bed, Free WiFi",https://www.expedia.co.in/Stevens-Point-Hotels-Best-Western-Plover-Stevens-Point-Hotel-Conference-Center.h4327852.Hotel-Information?chkin=2025-11-16&chkout=2025-11-17&x_pwa=1&rfrr=HSR&useRewards=true&rm1=a2&selected=EXPEDIA_2&sort=RECOMMENDED&pwa_ts=1762092659837&top_cur=USD
EXPEDIA_2,Expedia.com,Best Western Plover-Stevens Point Hotel & Conference Center,2025-11-16,2025-11-17,"Standard Room, 2 Queen Beds, Non Smoking, Refrigerator & Microwave",Queen Beds,Queen,Normal,,8166.0,1102.0,9268.0,"Free breakfast, Free self parking, Sleeps 4, 2 Queen Beds, Free WiFi",https://www.expedia.co.in/Stevens-Point-Hotels-Best-Western-Plover-Stevens-Point-Hotel-Conference-Center.h4327852.Hotel-Information?chkin=2025-11-16&chkout=2025-11-17&x_pwa=1&rfrr=HSR&useRewards=true&rm1=a2&selected=EXPEDIA_2&sort=RECOMMENDED&pwa_ts=1762092659837&top_cur=USD
EXPEDIA_2,Expedia.com,Best Western Plover-Stevens Point Hotel & Conference Center,2025-11-16,2025-11-17,"Standard Room, 1 King Bed, Accessible, Refrigerator & Microwave",King Bed,King,Normal,2.0,7349.0,993.0,8342.0,"Free breakfast, Free self parking, Sleeps 2, 1 King Bed, Free WiFi",https://www.expedia.co.in/Stevens-Point-Hotels-Best-Western-Plover-Stevens-Point-Hotel-Conference-Center.h4327852.Hotel-Information?chkin=2025-11-16&chkout=2025-11-17&x_pwa=1&rfrr=HSR&useRewards=true&rm1=a2&selected=EXPEDIA_2&sort=RECOMMENDED&pwa_ts=1762092659837&top_cur=USD
EXPEDIA_2,Expedia.com,Best Western Plover-Stevens Point Hotel & Conference Center,2025-11-16,2025-11-17,"Suite, 1 King Bed, Non Smoking, Jetted Tub",King Bed,King,Suite,4.0,8983.0,1212.0,10195.0,"Free breakfast, Free self parking, Sleeps 2, 1 King Bed, Free WiFi",https://www.expedia.co.in/Stevens-Point-Hotels-Best-Western-Plover-Stevens-Point-Hotel-Conference-Center.h4327852.Hotel-Information?chkin=2025-11-16&chkout=2025-11-17&x_pwa=1&rfrr=HSR&useRewards=true&rm1=a2&selected=EXPEDIA_2&sort=RECOMMENDED&pwa_ts=1762092659837&top_cur=USD
EXPEDIA_2,Expedia.com,Best Western Plover-Stevens Point Hotel & Conference Center,2025-11-16,2025-11-17,"Family Suite, 1 King Bed, Non Smoking, Refrigerator & Microwave (with Sofabed)",King Bed,King,Suite,2.0,10208.0,1378.0,11586.0,"Free breakfast, Free self parking, Sleeps 4, 1 King Bed, Free WiFi",https://www.expedia.co.in/Stevens-Point-Hotels-Best-Western-Plover-Stevens-Point-Hotel-Conference-Center.h4327852.Hotel-Information?chkin=2025-11-16&chkout=2025-11-17&x_pwa=1&rfrr=HSR&useRewards=true&rm1=a2&selected=EXPEDIA_2&sort=RECOMMENDED&pwa_ts=1762092659837&top_cur=USD
EXPEDIA_2,Expedia.com,Best Western Plover-Stevens Point Hotel & Conference Center,2025-11-16,2025-11-17,"Suite, 2 Queen Beds, Non Smoking, Refrigerator & Microwave (with Sofabed)",Queen Beds,Queen,Suite,1.0,11096.0,1497.0,12593.0,"Free breakfast, Free self parking, Sleeps 6, 2 Queen Beds, Free WiFi",https://www.expedia.co.in/Stevens-Point-Hotels-Best-Western-Plover-Stevens-Point-Hotel-Conference-Center.h4327852.Hotel-Information?chkin=2025-11-16&chkout=2025-11-17&x_pwa=1&rfrr=HSR&useRewards=true&rm1=a2&selected=EXPEDIA_2&sort=RECOMMENDED&pwa_ts=1762092659837&top_cur=USD
EXPEDIA_2,Expedia.com,Best Western Plover-Stevens Point Hotel & Conference Center,2025-11-16,2025-11-17,"Family Suite, 2 Queen Beds, Non Smoking, Refrigerator & Microwave (with Sofabed)",Queen Beds,Queen,Suite,2.0,11433.0,1543.0,12976.0,"Free breakfast, Free self parking, Sleeps 6, 2 Queen Beds, Free WiFi",https://www.expedia.co.in/Stevens-Point-Hotels-Best-Western-Plover-Stevens-Point-Hotel-Conference-Center.h4327852.Hotel-Information?chkin=2025-11-16&chkout=2025-11-17&x_pwa=1&rfrr=HSR&useRewards=true&rm1=a2&selected=EXPEDIA_2&sort=RECOMMENDED&pwa_ts=1762092659837&top_cur=USD
EXPEDIA_2,Expedia.com,Best Western Plover-Stevens Point Hotel & Conference Center,2025-11-16,2025-11-17,"Suite, 2 Queen Beds, Non Smoking, Refrigerator & Microwave",Queen Beds,Queen,Suite,2.0,11841.0,1599.0,13440.0,"Free breakfast, Free self parking, Sleeps 6, 2 Queen Beds, Free WiFi",https://www.expedia.co.in/Stevens-Point-Hotels-Best-Western-Plover-Stevens-Point-Hotel-Conference-Center.h4327852.Hotel-Information?chkin=2025-11-16&chkout=2025-11-17&x_pwa=1&rfrr=HSR&useRewards=true&rm1=a2&selected=EXPEDIA_2&sort=RECOMMENDED&pwa_ts=1762092659837&top_cur=USD
EXPEDIA_2,Expedia.com,Best Western Plover-Stevens Point Hotel & Conference Center,2025-11-17,2025-11-18,"Standard Room, 1 King Bed, Non Smoking, Refrigerator & Microwave",King Bed,King,Normal,,7349.0,993.0,8342.0,"Free breakfast, Free self parking, Sleeps 2, 1 King Bed, Free WiFi",https://www.expedia.co.in/Stevens-Point-Hotels-Best-Western-Plover-Stevens-Point-Hotel-Conference-Center.h4327852.Hotel-Information?chkin=2025-11-17&chkout=2025-11-18&x_pwa=1&rfrr=HSR&useRewards=true&rm1=a2&selected=EXPEDIA_2&sort=RECOMMENDED&pwa_ts=1762092702636&top_cur=USD
EXPEDIA_2,Expedia.com,Best Western Plover-Stevens Point Hotel & Conference Center,2025-11-17,2025-11-18,"Standard Room, 2 Queen Beds, Non Smoking, Refrigerator & Microwave",Queen Beds,Queen,Normal,,8166.0,1102.0,9268.0,"Free breakfast, Free self parking, Sleeps 4, 2 Queen Beds, Free WiFi",https://www.expedia.co.in/Stevens-Point-Hotels-Best-Western-Plover-Stevens-Point-Hotel-Conference-Center.h4327852.Hotel-Information?chkin=2025-11-17&chkout=2025-11-18&x_pwa=1&rfrr=HSR&useRewards=true&rm1=a2&selected=EXPEDIA_2&sort=RECOMMENDED&pwa_ts=1762092702636&top_cur=USD
EXPEDIA_2,Expedia.com,Best Western Plover-Stevens Point Hotel & Conference Center,2025-11-17,2025-11-18,"Standard Room, 1 King Bed, Accessible, Refrigerator & Microwave",King Bed,King,Normal,2.0,7349.0,993.0,8342.0,"Free breakfast, Free self parking, Sleeps 2, 1 King Bed, Free WiFi",https://www.expedia.co.in/Stevens-Point-Hotels-Best-Western-Plover-Stevens-Point-Hotel-Conference-Center.h4327852.Hotel-Information?chkin=2025-11-17&chkout=2025-11-18&x_pwa=1&rfrr=HSR&useRewards=true&rm1=a2&selected=EXPEDIA_2&sort=RECOMMENDED&pwa_ts=1762092702636&top_cur=USD
EXPEDIA_2,Expedia.com,Best Western Plover-Stevens Point Hotel & Conference Center,2025-11-17,2025-11-18,"Suite, 1 King Bed, Non Smoking, Jetted Tub",King Bed,King,Suite,3.0,8983.0,1212.0,10195.0,"Free breakfast, Free self parking, Sleeps 2, 1 King Bed, Free WiFi",https://www.expedia.co.in/Stevens-Point-Hotels-Best-Western-Plover-Stevens-Point-Hotel-Conference-Center.h4327852.Hotel-Information?chkin=2025-11-17&chkout=2025-11-18&x_pwa=1&rfrr=HSR&useRewards=true&rm1=a2&selected=EXPEDIA_2&sort=RECOMMENDED&pwa_ts=1762092702636&top_cur=USD
EXPEDIA_2,Expedia.com,Best Western Plover-Stevens Point Hotel & Conference Center,2025-11-17,2025-11-18,"Family Suite, 1 King Bed, Non Smoking, Refrigerator & Microwave (with Sofabed)",King Bed,King,Suite,2.0,10208.0,1378.0,11586.0,"Free breakfast, Free self parking, Sleeps 4, 1 King Bed, Free WiFi",https://www.expedia.co.in/Stevens-Point-Hotels-Best-Western-Plover-Stevens-Point-Hotel-Conference-Center.h4327852.Hotel-Information?chkin=2025-11-17&chkout=2025-11-18&x_pwa=1&rfrr=HSR&useRewards=true&rm1=a2&selected=EXPEDIA_2&sort=RECOMMENDED&pwa_ts=1762092702636&top_cur=USD
EXPEDIA_2,Expedia.com,Best Western Plover-Stevens Point Hotel & Conference Center,2025-11-17,2025-11-18,"Suite, 2 Queen Beds, Non Smoking, Refrigerator & Microwave (with Sofabed)",Queen Beds,Queen,Suite,1.0,11096.0,1497.0,12593.0,"Free breakfast, Free self parking, Sleeps 6, 2 Queen Beds, Free WiFi",https://www.expedia.co.in/Stevens-Point-Hotels-Best-Western-Plover-Stevens-Point-Hotel-Conference-Center.h4327852.Hotel-Information?chkin=2025-11-17&chkout=2025-11-18&x_pwa=1&rfrr=HSR&useRewards=true&rm1=a2&selected=EXPEDIA_2&sort=RECOMMENDED&pwa_ts=1762092702636&top_cur=USD
EXPEDIA_2,Expedia.com,Best Western Plover-Stevens Point Hotel & Conference Center,2025-11-17,2025-11-18,"Family Suite, 2 Queen Beds, Non Smoking, Refrigerator & Microwave (with Sofabed)",Queen Beds,Queen,Suite,2.0,11433.0,1543.0,12976.0,"Free breakfast, Free self parking, Sleeps 6, 2 Queen Beds, Free WiFi",https://www.expedia.co.in/Stevens-Point-Hotels-Best-Western-Plover-Stevens-Point-Hotel-Conference-Center.h4327852.Hotel-Information?chkin=2025-11-17&chkout=2025-11-18&x_pwa=1&rfrr=HSR&useRewards=true&rm1=a2&selected=EXPEDIA_2&sort=RECOMMENDED&pwa_ts=1762092702636&top_cur=USD
EXPEDIA_2,Expedia.com,Best Western Plover-Stevens Point Hotel & Conference Center,2025-11-17,2025-11-18,"Suite, 2 Queen Beds, Non Smoking, Refrigerator & Microwave",Queen Beds,Queen,Suite,2.0,11841.0,1599.0,13440.0,"Free breakfast, Free self parking, Sleeps 6, 2 Queen Beds, Free WiFi",https://www.expedia.co.in/Stevens-Point-Hotels-Best-Western-Plover-Stevens-Point-Hotel-Conference-Center.h4327852.Hotel-Information?chkin=2025-11-17&chkout=2025-11-18&x_pwa=1&rfrr=HSR&useRewards=true&rm1=a2&selected=EXPEDIA_2&sort=RECOMMENDED&pwa_ts=1762092702636&top_cur=USD
EXPEDIA_2,Expedia.com,Best Western Plover-Stevens Point Hotel & Conference Center,2025-11-18,2025-11-19,"Standard Room, 1 King Bed, Non Smoking, Refrigerator & Microwave",King Bed,King,Normal,,7349.0,993.0,8342.0,"Free breakfast, Free self parking, Sleeps 2, 1 King Bed, Free WiFi",https://www.expedia.co.in/Stevens-Point-Hotels-Best-Western-Plover-Stevens-Point-Hotel-Conference-Center.h4327852.Hotel-Information?chkin=2025-11-18&chkout=2025-11-19&x_pwa=1&rfrr=HSR&useRewards=true&rm1=a2&selected=EXPEDIA_2&sort=RECOMMENDED&pwa_ts=1762092746660&top_cur=USD
EXPEDIA_2,Expedia.com,Best Western Plover-Stevens Point Hotel & Conference Center,2025-11-18,2025-11-19,"Standard Room, 2 Queen Beds, Non Smoking, Refrigerator & Microwave",Queen Beds,Queen,Normal,,8166.0,1102.0,9268.0,"Free breakfast, Free self parking, Sleeps 4, 2 Queen Beds, Free WiFi",https://www.expedia.co.in/Stevens-Point-Hotels-Best-Western-Plover-Stevens-Point-Hotel-Conference-Center.h4327852.Hotel-Information?chkin=2025-11-18&chkout=2025-11-19&x_pwa=1&rfrr=HSR&useRewards=true&rm1=a2&selected=EXPEDIA_2&sort=RECOMMENDED&pwa_ts=1762092746660&top_cur=USD
EXPEDIA_2,Expedia.com,Best Western Plover-Stevens Point Hotel & Conference Center,2025-11-18,2025-11-19,"Standard Room, 1 King Bed, Accessible, Refrigerator & Microwave",King Bed,King,Normal,2.0,7349.0,993.0,8342.0,"Free breakfast, Free self parking, Sleeps 2, 1 King Bed, Free WiFi",https://www.expedia.co.in/Stevens-Point-Hotels-Best-Western-Plover-Stevens-Point-Hotel-Conference-Center.h4327852.Hotel-Information?chkin=2025-11-18&chkout=2025-11-19&x_pwa=1&rfrr=HSR&useRewards=true&rm1=a2&selected=EXPEDIA_2&sort=RECOMMENDED&pwa_ts=1762092746660&top_cur=USD
EXPEDIA_2,Expedia.com,Best Western Plover-Stevens Point Hotel & Conference Center,2025-11-18,2025-11-19,"Suite, 1 King Bed, Non Smoking, Jetted Tub",King Bed,King,Suite,4.0,8983.0,1212.0,10195.0,"Free breakfast, Free self parking, Sleeps 2, 1 King Bed, Free WiFi",https://www.expedia.co.in/Stevens-Point-Hotels-Best-Western-Plover-Stevens-Point-Hotel-Conference-Center.h4327852.Hotel-Information?chkin=2025-11-18&chkout=2025-11-19&x_pwa=1&rfrr=HSR&useRewards=true&rm1=a2&selected=EXPEDIA_2&sort=RECOMMENDED&pwa_ts=1762092746660&top_cur=USD
EXPEDIA_2,Expedia.com,Best Western Plover-Stevens Point Hotel & Conference Center,2025-11-18,2025-11-19,"Family Suite, 1 King Bed, Non Smoking, Refrigerator & Microwave (with Sofabed)",King Bed,King,Suite,2.0,10208.0,1378.0,11586.0,"Free breakfast, Free self parking, Sleeps 4, 1 King Bed, Free WiFi",https://www.expedia.co.in/Stevens-Point-Hotels-Best-Western-Plover-Stevens-Point-Hotel-Conference-Center.h4327852.Hotel-Information?chkin=2025-11-18&chkout=2025-11-19&x_pwa=1&rfrr=HSR&useRewards=true&rm1=a2&selected=EXPEDIA_2&sort=RECOMMENDED&pwa_ts=1762092746660&top_cur=USD
EXPEDIA_2,Expedia.com,Best Western Plover-Stevens Point Hotel & Conference Center,2025-11-18,2025-11-19,"Suite, 2 Queen Beds, Non Smoking, Refrigerator & Microwave (with Sofabed)",Queen Beds,Queen,Suite,1.0,11096.0,1497.0,12593.0,"Free breakfast, Free self parking, Sleeps 6, 2 Queen Beds, Free WiFi",https://www.expedia.co.in/Stevens-Point-Hotels-Best-Western-Plover-Stevens-Point-Hotel-Conference-Center.h4327852.Hotel-Information?chkin=2025-11-18&chkout=2025-11-19&x_pwa=1&rfrr=HSR&useRewards=true&rm1=a2&selected=EXPEDIA_2&sort=RECOMMENDED&pwa_ts=1762092746660&top_cur=USD
EXPEDIA_2,Expedia.com,Best Western Plover-Stevens Point Hotel & Conference Center,2025-11-18,2025-11-19,"Family Suite, 2 Queen Beds, Non Smoking, Refrigerator & Microwave (with Sofabed)",Queen Beds,Queen,Suite,2.0,11433.0,1543.0,12976.0,"Free breakfast, Free self parking, Sleeps 6, 2 Queen Beds, Free WiFi",https://www.expedia.co.in/Stevens-Point-Hotels-Best-Western-Plover-Stevens-Point-Hotel-Conference-Center.h4327852.Hotel-Information?chkin=2025-11-18&chkout=2025-11-19&x_pwa=1&rfrr=HSR&useRewards=true&rm1=a2&selected=EXPEDIA_2&sort=RECOMMENDED&pwa_ts=1762092746660&top_cur=USD
EXPEDIA_2,Expedia.com,Best Western Plover-Stevens Point Hotel & Conference Center,2025-11-18,2025-11-19,"Suite, 2 Queen Beds, Non Smoking, Refrigerator & Microwave",Queen Beds,Queen,Suite,2.0,11841.0,1599.0,13440.0,"Free breakfast, Free self parking, Sleeps 6, 2 Queen Beds, Free WiFi",https://www.expedia.co.in/Stevens-Point-Hotels-Best-Western-Plover-Stevens-Point-Hotel-Conference-Center.h4327852.Hotel-Information?chkin=2025-11-18&chkout=2025-11-19&x_pwa=1&rfrr=HSR&useRewards=true&rm1=a2&selected=EXPEDIA_2&sort=RECOMMENDED&pwa_ts=1762092746660&top_cur=USD
EXPEDIA_2,Expedia.com,Best Western Plover-Stevens Point Hotel & Conference Center,2025-11-19,2025-11-20,"Standard Room, 1 King Bed, Non Smoking, Refrigerator & Microwave",King Bed,King,Normal,,7349.0,993.0,8342.0,"Free breakfast, Free self parking, Sleeps 2, 1 King Bed, Free WiFi",https://www.expedia.co.in/Stevens-Point-Hotels-Best-Western-Plover-Stevens-Point-Hotel-Conference-Center.h4327852.Hotel-Information?chkin=2025-11-19&chkout=2025-11-20&x_pwa=1&rfrr=HSR&useRewards=true&rm1=a2&selected=EXPEDIA_2&sort=RECOMMENDED&pwa_ts=1762092790015&top_cur=USD
EXPEDIA_2,Expedia.com,Best Western Plover-Stevens Point Hotel & Conference Center,2025-11-19,2025-11-20,"Standard Room, 2 Queen Beds, Non Smoking, Refrigerator & Microwave",Queen Beds,Queen,Normal,,8166.0,1102.0,9268.0,"Free breakfast, Free self parking, Sleeps 4, 2 Queen Beds, Free WiFi",https://www.expedia.co.in/Stevens-Point-Hotels-Best-Western-Plover-Stevens-Point-Hotel-Conference-Center.h4327852.Hotel-Information?chkin=2025-11-19&chkout=2025-11-20&x_pwa=1&rfrr=HSR&useRewards=true&rm1=a2&selected=EXPEDIA_2&sort=RECOMMENDED&pwa_ts=1762092790015&top_cur=USD
EXPEDIA_2,Expedia.com,Best Western Plover-Stevens Point Hotel & Conference Center,2025-11-19,2025-11-20,"Standard Room, 1 King Bed, Accessible, Refrigerator & Microwave",King Bed,King,Normal,2.0,7349.0,993.0,8342.0,"Free breakfast, Free self parking, Sleeps 2, 1 King Bed, Free WiFi",https://www.expedia.co.in/Stevens-Point-Hotels-Best-Western-Plover-Stevens-Point-Hotel-Conference-Center.h4327852.Hotel-Information?chkin=2025-11-19&chkout=2025-11-20&x_pwa=1&rfrr=HSR&useRewards=true&rm1=a2&selected=EXPEDIA_2&sort=RECOMMENDED&pwa_ts=1762092790015&top_cur=USD
EXPEDIA_2,Expedia.com,Best Western Plover-Stevens Point Hotel & Conference Center,2025-11-19,2025-11-20,"Suite, 1 King Bed, Non Smoking, Jetted Tub",King Bed,King,Suite,4.0,8983.0,1212.0,10195.0,"Free breakfast, Free self parking, Sleeps 2, 1 King Bed, Free WiFi",https://www.expedia.co.in/Stevens-Point-Hotels-Best-Western-Plover-Stevens-Point-Hotel-Conference-Center.h4327852.Hotel-Information?chkin=2025-11-19&chkout=2025-11-20&x_pwa=1&rfrr=HSR&useRewards=true&rm1=a2&selected=EXPEDIA_2&sort=RECOMMENDED&pwa_ts=1762092790015&top_cur=USD
EXPEDIA_2,Expedia.com,Best Western Plover-Stevens Point Hotel & Conference Center,2025-11-19,2025-11-20,"Family Suite, 1 King Bed, Non Smoking, Refrigerator & Microwave (with Sofabed)",King Bed,King,Suite,2.0,10208.0,1378.0,11586.0,"Free breakfast, Free self parking, Sleeps 4, 1 King Bed, Free WiFi",https://www.expedia.co.in/Stevens-Point-Hotels-Best-Western-Plover-Stevens-Point-Hotel-Conference-Center.h4327852.Hotel-Information?chkin=2025-11-19&chkout=2025-11-20&x_pwa=1&rfrr=HSR&useRewards=true&rm1=a2&selected=EXPEDIA_2&sort=RECOMMENDED&pwa_ts=1762092790015&top_cur=USD
EXPEDIA_2,Expedia.com,Best Western Plover-Stevens Point Hotel & Conference Center,2025-11-19,2025-11-20,"Suite, 2 Queen Beds, Non Smoking, Refrigerator & Microwave (with Sofabed)",Queen Beds,Queen,Suite,1.0,11096.0,1497.0,12593.0,"Free breakfast, Free self parking, Sleeps 6, 2 Queen Beds, Free WiFi",https://www.expedia.co.in/Stevens-Point-Hotels-Best-Western-Plover-Stevens-Point-Hotel-Conference-Center.h4327852.Hotel-Information?chkin=2025-11-19&chkout=2025-11-20&x_pwa=1&rfrr=HSR&useRewards=true&rm1=a2&selected=EXPEDIA_2&sort=RECOMMENDED&pwa_ts=1762092790015&top_cur=USD
EXPEDIA_2,Expedia.com,Best Western Plover-Stevens Point Hotel & Conference Center,2025-11-19,2025-11-20,"Family Suite, 2 Queen Beds, Non Smoking, Refrigerator & Microwave (with Sofabed)",Queen Beds,Queen,Suite,2.0,11433.0,1543.0,12976.0,"Free breakfast, Free self parking, Sleeps 6, 2 Queen Beds, Free WiFi",https://www.expedia.co.in/Stevens-Point-Hotels-Best-Western-Plover-Stevens-Point-Hotel-Conference-Center.h4327852.Hotel-Information?chkin=2025-11-19&chkout=2025-11-20&x_pwa=1&rfrr=HSR&useRewards=true&rm1=a2&selected=EXPEDIA_2&sort=RECOMMENDED&pwa_ts=1762092790015&top_cur=USD
EXPEDIA_2,Expedia.com,Best Western Plover-Stevens Point Hotel & Conference Center,2025-11-19,2025-11-20,"Suite, 2 Queen Beds, Non Smoking, Refrigerator & Microwave",Queen Beds,Queen,Suite,2.0,11841.0,1599.0,13440.0,"Free breakfast, Free self parking, Sleeps 6, 2 Queen Beds, Free WiFi",https://www.expedia.co.in/Stevens-Point-Hotels-Best-Western-Plover-Stevens-Point-Hotel-Conference-Center.h4327852.Hotel-Information?chkin=2025-11-19&chkout=2025-11-20&x_pwa=1&rfrr=HSR&useRewards=true&rm1=a2&selected=EXPEDIA_2&sort=RECOMMENDED&pwa_ts=1762092790015&top_cur=USD
EXPEDIA_2,Expedia.com,Best Western Plover-Stevens Point Hotel & Conference Center,2025-11-20,2025-11-21,"Standard Room, 1 King Bed, Non Smoking, Refrigerator & Microwave",King Bed,King,Normal,,7349.0,993.0,8342.0,"Free breakfast, Free self parking, Sleeps 2, 1 King Bed, Free WiFi",https://www.expedia.co.in/Stevens-Point-Hotels-Best-Western-Plover-Stevens-Point-Hotel-Conference-Center.h4327852.Hotel-Information?chkin=2025-11-20&chkout=2025-11-21&x_pwa=1&rfrr=HSR&useRewards=true&rm1=a2&selected=EXPEDIA_2&sort=RECOMMENDED&pwa_ts=1762092834841&top_cur=USD
EXPEDIA_2,Expedia.com,Best Western Plover-Stevens Point Hotel & Conference Center,2025-11-20,2025-11-21,"Standard Room, 2 Queen Beds, Non Smoking, Refrigerator & Microwave",Queen Beds,Queen,Normal,,8166.0,1102.0,9268.0,"Free breakfast, Free self parking, Sleeps 4, 2 Queen Beds, Free WiFi",https://www.expedia.co.in/Stevens-Point-Hotels-Best-Western-Plover-Stevens-Point-Hotel-Conference-Center.h4327852.Hotel-Information?chkin=2025-11-20&chkout=2025-11-21&x_pwa=1&rfrr=HSR&useRewards=true&rm1=a2&selected=EXPEDIA_2&sort=RECOMMENDED&pwa_ts=1762092834841&top_cur=USD
EXPEDIA_2,Expedia.com,Best Western Plover-Stevens Point Hotel & Conference Center,2025-11-20,2025-11-21,"Standard Room, 1 King Bed, Accessible, Refrigerator & Microwave",King Bed,King,Normal,2.0,7349.0,993.0,8342.0,"Free breakfast, Free self parking, Sleeps 2, 1 King Bed, Free WiFi",https://www.expedia.co.in/Stevens-Point-Hotels-Best-Western-Plover-Stevens-Point-Hotel-Conference-Center.h4327852.Hotel-Information?chkin=2025-11-20&chkout=2025-11-21&x_pwa=1&rfrr=HSR&useRewards=true&rm1=a2&selected=EXPEDIA_2&sort=RECOMMENDED&pwa_ts=1762092834841&top_cur=USD
EXPEDIA_2,Expedia.com,Best Western Plover-Stevens Point Hotel & Conference Center,2025-11-20,2025-11-21,"Suite, 1 King Bed, Non Smoking, Jetted Tub",King Bed,King,Suite,4.0,8983.0,1212.0,10195.0,"Free breakfast, Free self parking, Sleeps 2, 1 King Bed, Free WiFi",https://www.expedia.co.in/Stevens-Point-Hotels-Best-Western-Plover-Stevens-Point-Hotel-Conference-Center.h4327852.Hotel-Information?chkin=2025-11-20&chkout=2025-11-21&x_pwa=1&rfrr=HSR&useRewards=true&rm1=a2&selected=EXPEDIA_2&sort=RECOMMENDED&pwa_ts=1762092834841&top_cur=USD
EXPEDIA_2,Expedia.com,Best Western Plover-Stevens Point Hotel & Conference Center,2025-11-20,2025-11-21,"Family Suite, 1 King Bed, Non Smoking, Refrigerator & Microwave (with Sofabed)",King Bed,King,Suite,2.0,10208.0,1378.0,11586.0,"Free breakfast, Free self parking, Sleeps 4, 1 King Bed, Free WiFi",https://www.expedia.co.in/Stevens-Point-Hotels-Best-Western-Plover-Stevens-Point-Hotel-Conference-Center.h4327852.Hotel-Information?chkin=2025-11-20&chkout=2025-11-21&x_pwa=1&rfrr=HSR&useRewards=true&rm1=a2&selected=EXPEDIA_2&sort=RECOMMENDED&pwa_ts=1762092834841&top_cur=USD
EXPEDIA_2,Expedia.com,Best Western Plover-Stevens Point Hotel & Conference Center,2025-11-20,2025-11-21,"Suite, 2 Queen Beds, Non Smoking, Refrigerator & Microwave (with Sofabed)",Queen Beds,Queen,Suite,1.0,11096.0,1497.0,12593.0,"Free breakfast, Free self parking, Sleeps 6, 2 Queen Beds, Free WiFi",https://www.expedia.co.in/Stevens-Point-Hotels-Best-Western-Plover-Stevens-Point-Hotel-Conference-Center.h4327852.Hotel-Information?chkin=2025-11-20&chkout=2025-11-21&x_pwa=1&rfrr=HSR&useRewards=true&rm1=a2&selected=EXPEDIA_2&sort=RECOMMENDED&pwa_ts=1762092834841&top_cur=USD
EXPEDIA_2,Expedia.com,Best Western Plover-Stevens Point Hotel & Conference Center,2025-11-20,2025-11-21,"Family Suite, 2 Queen Beds, Non Smoking, Refrigerator & Microwave (with Sofabed)",Queen Beds,Queen,Suite,2.0,11433.0,1543.0,12976.0,"Free breakfast, Free self parking, Sleeps 6, 2 Queen Beds, Free WiFi",https://www.expedia.co.in/Stevens-Point-Hotels-Best-Western-Plover-Stevens-Point-Hotel-Conference-Center.h4327852.Hotel-Information?chkin=2025-11-20&chkout=2025-11-21&x_pwa=1&rfrr=HSR&useRewards=true&rm1=a2&selected=EXPEDIA_2&sort=RECOMMENDED&pwa_ts=1762092834841&top_cur=USD
EXPEDIA_2,Expedia.com,Best Western Plover-Stevens Point Hotel & Conference Center,2025-11-20,2025-11-21,"Suite, 2 Queen Beds, Non Smoking, Refrigerator & Microwave",Queen Beds,Queen,Suite,2.0,11841.0,1599.0,13440.0,"Free breakfast, Free self parking, Sleeps 6, 2 Queen Beds, Free WiFi",https://www.expedia.co.in/Stevens-Point-Hotels-Best-Western-Plover-Stevens-Point-Hotel-Conference-Center.h4327852.Hotel-Information?chkin=2025-11-20&chkout=2025-11-21&x_pwa=1&rfrr=HSR&useRewards=true&rm1=a2&selected=EXPEDIA_2&sort=RECOMMENDED&pwa_ts=1762092834841&top_cur=USD
EXPEDIA_2,Expedia.com,Best Western Plover-Stevens Point Hotel & Conference Center,2025-11-21,2025-11-22,"Standard Room, 1 King Bed, Accessible, Refrigerator & Microwave",King Bed,King,Normal,1.0,7349.0,993.0,8342.0,"Free breakfast, Free self parking, Sleeps 2, 1 King Bed, Free WiFi",https://www.expedia.co.in/Stevens-Point-Hotels-Best-Western-Plover-Stevens-Point-Hotel-Conference-Center.h4327852.Hotel-Information?chkin=2025-11-21&chkout=2025-11-22&x_pwa=1&rfrr=HSR&useRewards=true&rm1=a2&selected=EXPEDIA_2&sort=RECOMMENDED&pwa_ts=1762092880501&top_cur=USD
EXPEDIA_2,Expedia.com,Best Western Plover-Stevens Point Hotel & Conference Center,2025-11-21,2025-11-22,"Standard Room, 1 King Bed, Non Smoking, Refrigerator & Microwave",King Bed,King,Normal,,8984.0,1212.0,10196.0,"Free breakfast, Free self parking, Sleeps 2, 1 King Bed, Free WiFi",https://www.expedia.co.in/Stevens-Point-Hotels-Best-Western-Plover-Stevens-Point-Hotel-Conference-Center.h4327852.Hotel-Information?chkin=2025-11-21&chkout=2025-11-22&x_pwa=1&rfrr=HSR&useRewards=true&rm1=a2&selected=EXPEDIA_2&sort=RECOMMENDED&pwa_ts=1762092880501&top_cur=USD
EXPEDIA_2,Expedia.com,Best Western Plover-Stevens Point Hotel & Conference Center,2025-11-21,2025-11-22,"Suite, 1 King Bed, Non Smoking, Jetted Tub",King Bed,King,Suite,4.0,8983.0,1212.0,10195.0,"Free breakfast, Free self parking, Sleeps 2, 1 King Bed, Free WiFi",https://www.expedia.co.in/Stevens-Point-Hotels-Best-Western-Plover-Stevens-Point-Hotel-Conference-Center.h4327852.Hotel-Information?chkin=2025-11-21&chkout=2025-11-22&x_pwa=1&rfrr=HSR&useRewards=true&rm1=a2&selected=EXPEDIA_2&sort=RECOMMENDED&pwa_ts=1762092880501&top_cur=USD
EXPEDIA_2,Expedia.com,Best Western Plover-Stevens Point Hotel & Conference Center,2025-11-21,2025-11-22,"Family Suite, 2 Queen Beds, Non Smoking, Refrigerator & Microwave (with Sofabed)",Queen Beds,Queen,Suite,1.0,10617.0,1433.0,12050.0,"Free breakfast, Free self parking, Sleeps 6, 2 Queen Beds, Free WiFi",https://www.expedia.co.in/Stevens-Point-Hotels-Best-Western-Plover-Stevens-Point-Hotel-Conference-Center.h4327852.Hotel-Information?chkin=2025-11-21&chkout=2025-11-22&x_pwa=1&rfrr=HSR&useRewards=true&rm1=a2&selected=EXPEDIA_2&sort=RECOMMENDED&pwa_ts=1762092880501&top_cur=USD
EXPEDIA_2,Expedia.com,Best Western Plover-Stevens Point Hotel & Conference Center,2025-11-21,2025-11-22,"Family Suite, 1 King Bed, Non Smoking, Refrigerator & Microwave (with Sofabed)",King Bed,King,Suite,1.0,10617.0,1433.0,12050.0,"Free breakfast, Free self parking, Sleeps 4, 1 King Bed, Free WiFi",https://www.expedia.co.in/Stevens-Point-Hotels-Best-Western-Plover-Stevens-Point-Hotel-Conference-Center.h4327852.Hotel-Information?chkin=2025-11-21&chkout=2025-11-22&x_pwa=1&rfrr=HSR&useRewards=true&rm1=a2&selected=EXPEDIA_2&sort=RECOMMENDED&pwa_ts=1762092880501&top_cur=USD
EXPEDIA_2,Expedia.com,Best Western Plover-Stevens Point Hotel & Conference Center,2025-11-21,2025-11-22,"Suite, 2 Queen Beds, Non Smoking, Refrigerator & Microwave (with Sofabed)",Queen Beds,Queen,Suite,1.0,11540.0,1558.0,13098.0,"Free breakfast, Free self parking, Sleeps 6, 2 Queen Beds, Free WiFi",https://www.expedia.co.in/Stevens-Point-Hotels-Best-Western-Plover-Stevens-Point-Hotel-Conference-Center.h4327852.Hotel-Information?chkin=2025-11-21&chkout=2025-11-22&x_pwa=1&rfrr=HSR&useRewards=true&rm1=a2&selected=EXPEDIA_2&sort=RECOMMENDED&pwa_ts=1762092880501&top_cur=USD
EXPEDIA_2,Expedia.com,Best Western Plover-Stevens Point Hotel & Conference Center,2025-11-22,2025-11-23,"Standard Room, 1 King Bed, Accessible, Refrigerator & Microwave",King Bed,King,Normal,1.0,7349.0,993.0,8342.0,"Free breakfast, Free self parking, Sleeps 2, 1 King Bed, Free WiFi",https://www.expedia.co.in/Stevens-Point-Hotels-Best-Western-Plover-Stevens-Point-Hotel-Conference-Center.h4327852.Hotel-Information?chkin=2025-11-22&chkout=2025-11-23&x_pwa=1&rfrr=HSR&useRewards=true&rm1=a2&selected=EXPEDIA_2&sort=RECOMMENDED&pwa_ts=1762092922957&top_cur=USD
EXPEDIA_2,Expedia.com,Best Western Plover-Stevens Point Hotel & Conference Center,2025-11-22,2025-11-23,"Standard Room, 1 King Bed, Non Smoking, Refrigerator & Microwave",King Bed,King,Normal,,8984.0,1212.0,10196.0,"Free breakfast, Free self parking, Sleeps 2, 1 King Bed, Free WiFi",https://www.expedia.co.in/Stevens-Point-Hotels-Best-Western-Plover-Stevens-Point-Hotel-Conference-Center.h4327852.Hotel-Information?chkin=2025-11-22&chkout=2025-11-23&x_pwa=1&rfrr=HSR&useRewards=true&rm1=a2&selected=EXPEDIA_2&sort=RECOMMENDED&pwa_ts=1762092922957&top_cur=USD
EXPEDIA_2,Expedia.com,Best Western Plover-Stevens Point Hotel & Conference Center,2025-11-22,2025-11-23,"Standard Room, 2 Queen Beds, Non Smoking, Refrigerator & Microwave",Queen Beds,Queen,Normal,,8984.0,1212.0,10196.0,"Free breakfast, Free self parking, Sleeps 4, 2 Queen Beds, Free WiFi",https://www.expedia.co.in/Stevens-Point-Hotels-Best-Western-Plover-Stevens-Point-Hotel-Conference-Center.h4327852.Hotel-Information?chkin=2025-11-22&chkout=2025-11-23&x_pwa=1&rfrr=HSR&useRewards=true&rm1=a2&selected=EXPEDIA_2&sort=RECOMMENDED&pwa_ts=1762092922957&top_cur=USD
EXPEDIA_2,Expedia.com,Best Western Plover-Stevens Point Hotel & Conference Center,2025-11-22,2025-11-23,"Suite, 1 King Bed, Non Smoking, Jetted Tub",King Bed,King,Suite,4.0,8983.0,1212.0,10195.0,"Free breakfast, Free self parking, Sleeps 2, 1 King Bed, Free WiFi",https://www.expedia.co.in/Stevens-Point-Hotels-Best-Western-Plover-Stevens-Point-Hotel-Conference-Center.h4327852.Hotel-Information?chkin=2025-11-22&chkout=2025-11-23&x_pwa=1&rfrr=HSR&useRewards=true&rm1=a2&selected=EXPEDIA_2&sort=RECOMMENDED&pwa_ts=1762092922957&top_cur=USD
EXPEDIA_2,Expedia.com,Best Western Plover-Stevens Point Hotel & Conference Center,2025-11-22,2025-11-23,"Family Suite, 1 King Bed, Non Smoking, Refrigerator & Microwave (with Sofabed)",King Bed,King,Suite,1.0,10617.0,1433.0,12050.0,"Free breakfast, Free self parking, Sleeps 4, 1 King Bed, Free WiFi",https://www.expedia.co.in/Stevens-Point-Hotels-Best-Western-Plover-Stevens-Point-Hotel-Conference-Center.h4327852.Hotel-Information?chkin=2025-11-22&chkout=2025-11-23&x_pwa=1&rfrr=HSR&useRewards=true&rm1=a2&selected=EXPEDIA_2&sort=RECOMMENDED&pwa_ts=1762092922957&top_cur=USD
EXPEDIA_2,Expedia.com,Best Western Plover-Stevens Point Hotel & Conference Center,2025-11-22,2025-11-23,"Suite, 2 Queen Beds, Non Smoking, Refrigerator & Microwave (with Sofabed)",Queen Beds,Queen,Suite,1.0,11540.0,1558.0,13098.0,"Free breakfast, Free self parking, Sleeps 6, 2 Queen Beds, Free WiFi",https://www.expedia.co.in/Stevens-Point-Hotels-Best-Western-Plover-Stevens-Point-Hotel-Conference-Center.h4327852.Hotel-Information?chkin=2025-11-22&chkout=2025-11-23&x_pwa=1&rfrr=HSR&useRewards=true&rm1=a2&selected=EXPEDIA_2&sort=RECOMMENDED&pwa_ts=1762092922957&top_cur=USD
EXPEDIA_3,Expedia.com,Comfort Suites at Par 4 Resort,2025-11-10,2025-11-11,"Suite, 2 Queen Beds, Non Smoking",Queen Beds,Queen,Suite,,11734.0,1584.0,13318.0,"452 sq ft, Sleeps 6, 2 Queen Beds, Free wired internet, Golf view",https://www.expedia.co.in/Stevens-Point-Hotels-Comfort-Suites-At-Par-4-Resort.h1085058.Hotel-Information?chkin=2025-11-10&chkout=2025-11-11&x_pwa=1&rfrr=HSR&useRewards=true&rm1=a2&selected=EXPEDIA_3&sort=RECOMMENDED&pwa_ts=1762092968094&top_cur=USD
EXPEDIA_3,Expedia.com,Comfort Suites at Par 4 Resort,2025-11-10,2025-11-11,"Suite, 1 King Bed, Accessible, Non Smoking",King Bed,King,Suite,3.0,13243.0,1788.0,15031.0,"452 sq ft, Sleeps 4, 1 King Bed, Free wired internet, Golf view",https://www.expedia.co.in/Stevens-Point-Hotels-Comfort-Suites-At-Par-4-Resort.h1085058.Hotel-Information?chkin=2025-11-10&chkout=2025-11-11&x_pwa=1&rfrr=HSR&useRewards=true&rm1=a2&selected=EXPEDIA_3&sort=RECOMMENDED&pwa_ts=1762092968094&top_cur=USD
EXPEDIA_3,Expedia.com,Comfort Suites at Par 4 Resort,2025-11-10,2025-11-11,"Suite, Non Smoking",King Bed OR 1 Double Sofa Bed,King,Suite,6.0,13243.0,1788.0,15031.0,"450 sq ft, Sleeps 4, 1 King Bed OR 1 Double Sofa Bed, Free wired internet, Golf view",https://www.expedia.co.in/Stevens-Point-Hotels-Comfort-Suites-At-Par-4-Resort.h1085058.Hotel-Information?chkin=2025-11-10&chkout=2025-11-11&x_pwa=1&rfrr=HSR&useRewards=true&rm1=a2&selected=EXPEDIA_3&sort=RECOMMENDED&pwa_ts=1762092968094&top_cur=USD
EXPEDIA_3,Expedia.com,Comfort Suites at Par 4 Resort,2025-11-10,2025-11-11,"Suite, Multiple Beds, Accessible, Non Smoking",Queen Beds and 1 Double Sofa Bed,Queen,Suite,1.0,11734.0,1584.0,13318.0,"Sleeps 6, 2 Queen Beds and 1 Double Sofa Bed, Free wired internet, Golf view",https://www.expedia.co.in/Stevens-Point-Hotels-Comfort-Suites-At-Par-4-Resort.h1085058.Hotel-Information?chkin=2025-11-10&chkout=2025-11-11&x_pwa=1&rfrr=HSR&useRewards=true&rm1=a2&selected=EXPEDIA_3&sort=RECOMMENDED&pwa_ts=1762092968094&top_cur=USD
EXPEDIA_3,Expedia.com,Comfort Suites at Par 4 Resort,2025-11-10,2025-11-11,"Suite, 1 King Bed with Sofa bed, Non Smoking, Hot Tub",King Bed and 1 Double Sofa Bed,King,Suite,5.0,13997.0,1890.0,15887.0,"452 sq ft, Sleeps 2, 1 King Bed and 1 Double Sofa Bed, Free wired internet, Golf view",https://www.expedia.co.in/Stevens-Point-Hotels-Comfort-Suites-At-Par-4-Resort.h1085058.Hotel-Information?chkin=2025-11-10&chkout=2025-11-11&x_pwa=1&rfrr=HSR&useRewards=true&rm1=a2&selected=EXPEDIA_3&sort=RECOMMENDED&pwa_ts=1762092968094&top_cur=USD
EXPEDIA_3,Expedia.com,Comfort Suites at Par 4 Resort,2025-11-10,2025-11-11,"Suite, 1 King Bed with Sofa bed, Non Smoking",King Bed and 1 Double Sofa Bed,King,Suite,6.0,13997.0,1890.0,15887.0,"452 sq ft, Sleeps 2, 1 King Bed and 1 Double Sofa Bed, Free wired internet, Golf view",https://www.expedia.co.in/Stevens-Point-Hotels-Comfort-Suites-At-Par-4-Resort.h1085058.Hotel-Information?chkin=2025-11-10&chkout=2025-11-11&x_pwa=1&rfrr=HSR&useRewards=true&rm1=a2&selected=EXPEDIA_3&sort=RECOMMENDED&pwa_ts=1762092968094&top_cur=USD
EXPEDIA_3,Expedia.com,Comfort Suites at Par 4 Resort,2025-11-11,2025-11-12,"Suite, 2 Queen Beds, Non Smoking",Queen Beds,Queen,Suite,,11657.0,1573.0,13230.0,"452 sq ft, Sleeps 6, 2 Queen Beds, Free wired internet, Golf view",https://www.expedia.co.in/Stevens-Point-Hotels-Comfort-Suites-At-Par-4-Resort.h1085058.Hotel-Information?chkin=2025-11-11&chkout=2025-11-12&x_pwa=1&rfrr=HSR&useRewards=true&rm1=a2&selected=EXPEDIA_3&sort=RECOMMENDED&pwa_ts=1762093015138&top_cur=USD
EXPEDIA_3,Expedia.com,Comfort Suites at Par 4 Resort,2025-11-11,2025-11-12,"Suite, 1 King Bed, Accessible, Non Smoking",King Bed,King,Suite,2.0,13166.0,1777.0,14943.0,"452 sq ft, Sleeps 4, 1 King Bed, Free wired internet, Golf view",https://www.expedia.co.in/Stevens-Point-Hotels-Comfort-Suites-At-Par-4-Resort.h1085058.Hotel-Information?chkin=2025-11-11&chkout=2025-11-12&x_pwa=1&rfrr=HSR&useRewards=true&rm1=a2&selected=EXPEDIA_3&sort=RECOMMENDED&pwa_ts=1762093015138&top_cur=USD
EXPEDIA_3,Expedia.com,Comfort Suites at Par 4 Resort,2025-11-11,2025-11-12,"Suite, Non Smoking",King Bed OR 1 Double Sofa Bed,King,Suite,6.0,13166.0,1777.0,14943.0,"450 sq ft, Sleeps 4, 1 King Bed OR 1 Double Sofa Bed, Free wired internet, Golf view",https://www.expedia.co.in/Stevens-Point-Hotels-Comfort-Suites-At-Par-4-Resort.h1085058.Hotel-Information?chkin=2025-11-11&chkout=2025-11-12&x_pwa=1&rfrr=HSR&useRewards=true&rm1=a2&selected=EXPEDIA_3&sort=RECOMMENDED&pwa_ts=1762093015138&top_cur=USD
EXPEDIA_3,Expedia.com,Comfort Suites at Par 4 Resort,2025-11-11,2025-11-12,"Suite, Multiple Beds, Accessible, Non Smoking",Queen Beds and 1 Double Sofa Bed,Queen,Suite,1.0,11657.0,1573.0,13230.0,"Sleeps 6, 2 Queen Beds and 1 Double Sofa Bed, Free wired internet, Golf view",https://www.expedia.co.in/Stevens-Point-Hotels-Comfort-Suites-At-Par-4-Resort.h1085058.Hotel-Information?chkin=2025-11-11&chkout=2025-11-12&x_pwa=1&rfrr=HSR&useRewards=true&rm1=a2&selected=EXPEDIA_3&sort=RECOMMENDED&pwa_ts=1762093015138&top_cur=USD
EXPEDIA_3,Expedia.com,Comfort Suites at Par 4 Resort,2025-11-11,2025-11-12,"Suite, 1 King Bed with Sofa bed, Non Smoking, Hot Tub",King Bed and 1 Double Sofa Bed,King,Suite,5.0,13920.0,1879.0,15799.0,"452 sq ft, Sleeps 2, 1 King Bed and 1 Double Sofa Bed, Free wired internet, Golf view",https://www.expedia.co.in/Stevens-Point-Hotels-Comfort-Suites-At-Par-4-Resort.h1085058.Hotel-Information?chkin=2025-11-11&chkout=2025-11-12&x_pwa=1&rfrr=HSR&useRewards=true&rm1=a2&selected=EXPEDIA_3&sort=RECOMMENDED&pwa_ts=1762093015138&top_cur=USD
EXPEDIA_3,Expedia.com,Comfort Suites at Par 4 Resort,2025-11-11,2025-11-12,"Suite, 1 King Bed with Sofa bed, Non Smoking",King Bed and 1 Double Sofa Bed,King,Suite,6.0,13920.0,1879.0,15799.0,"452 sq ft, Sleeps 2, 1 King Bed and 1 Double Sofa Bed, Free wired internet, Golf view",https://www.expedia.co.in/Stevens-Point-Hotels-Comfort-Suites-At-Par-4-Resort.h1085058.Hotel-Information?chkin=2025-11-11&chkout=2025-11-12&x_pwa=1&rfrr=HSR&useRewards=true&rm1=a2&selected=EXPEDIA_3&sort=RECOMMENDED&pwa_ts=1762093015138&top_cur=USD
EXPEDIA_3,Expedia.com,Comfort Suites at Par 4 Resort,2025-11-12,2025-11-13,"Suite, 2 Queen Beds, Non Smoking",Queen Beds,Queen,Suite,,11657.0,1573.0,13230.0,"452 sq ft, Sleeps 6, 2 Queen Beds, Free wired internet, Golf view",https://www.expedia.co.in/Stevens-Point-Hotels-Comfort-Suites-At-Par-4-Resort.h1085058.Hotel-Information?chkin=2025-11-12&chkout=2025-11-13&x_pwa=1&rfrr=HSR&useRewards=true&rm1=a2&selected=EXPEDIA_3&sort=RECOMMENDED&pwa_ts=1762093057574&top_cur=USD
EXPEDIA_3,Expedia.com,Comfort Suites at Par 4 Resort,2025-11-12,2025-11-13,"Suite, 1 King Bed, Accessible, Non Smoking",King Bed,King,Suite,3.0,13166.0,1777.0,14943.0,"452 sq ft, Sleeps 4, 1 King Bed, Free wired internet, Golf view",https://www.expedia.co.in/Stevens-Point-Hotels-Comfort-Suites-At-Par-4-Resort.h1085058.Hotel-Information?chkin=2025-11-12&chkout=2025-11-13&x_pwa=1&rfrr=HSR&useRewards=true&rm1=a2&selected=EXPEDIA_3&sort=RECOMMENDED&pwa_ts=1762093057574&top_cur=USD
EXPEDIA_3,Expedia.com,Comfort Suites at Par 4 Resort,2025-11-12,2025-11-13,"Suite, Non Smoking",King Bed OR 1 Double Sofa Bed,King,Suite,6.0,13166.0,1777.0,14943.0,"450 sq ft, Sleeps 4, 1 King Bed OR 1 Double Sofa Bed, Free wired internet, Golf view",https://www.expedia.co.in/Stevens-Point-Hotels-Comfort-Suites-At-Par-4-Resort.h1085058.Hotel-Information?chkin=2025-11-12&chkout=2025-11-13&x_pwa=1&rfrr=HSR&useRewards=true&rm1=a2&selected=EXPEDIA_3&sort=RECOMMENDED&pwa_ts=1762093057574&top_cur=USD
EXPEDIA_3,Expedia.com,Comfort Suites at Par 4 Resort,2025-11-12,2025-11-13,"Suite, Multiple Beds, Accessible, Non Smoking",Queen Beds and 1 Double Sofa Bed,Queen,Suite,1.0,11657.0,1573.0,13230.0,"Sleeps 6, 2 Queen Beds and 1 Double Sofa Bed, Free wired internet, Golf view",https://www.expedia.co.in/Stevens-Point-Hotels-Comfort-Suites-At-Par-4-Resort.h1085058.Hotel-Information?chkin=2025-11-12&chkout=2025-11-13&x_pwa=1&rfrr=HSR&useRewards=true&rm1=a2&selected=EXPEDIA_3&sort=RECOMMENDED&pwa_ts=1762093057574&top_cur=USD
EXPEDIA_3,Expedia.com,Comfort Suites at Par 4 Resort,2025-11-12,2025-11-13,"Suite, 1 King Bed with Sofa bed, Non Smoking, Hot Tub",King Bed and 1 Double Sofa Bed,King,Suite,5.0,13920.0,1879.0,15799.0,"452 sq ft, Sleeps 2, 1 King Bed and 1 Double Sofa Bed, Free wired internet, Golf view",https://www.expedia.co.in/Stevens-Point-Hotels-Comfort-Suites-At-Par-4-Resort.h1085058.Hotel-Information?chkin=2025-11-12&chkout=2025-11-13&x_pwa=1&rfrr=HSR&useRewards=true&rm1=a2&selected=EXPEDIA_3&sort=RECOMMENDED&pwa_ts=1762093057574&top_cur=USD
EXPEDIA_3,Expedia.com,Comfort Suites at Par 4 Resort,2025-11-12,2025-11-13,"Suite, 1 King Bed with Sofa bed, Non Smoking",King Bed and 1 Double Sofa Bed,King,Suite,6.0,13920.0,1879.0,15799.0,"452 sq ft, Sleeps 2, 1 King Bed and 1 Double Sofa Bed, Free wired internet, Golf view",https://www.expedia.co.in/Stevens-Point-Hotels-Comfort-Suites-At-Par-4-Resort.h1085058.Hotel-Information?chkin=2025-11-12&chkout=2025-11-13&x_pwa=1&rfrr=HSR&useRewards=true&rm1=a2&selected=EXPEDIA_3&sort=RECOMMENDED&pwa_ts=1762093057574&top_cur=USD
EXPEDIA_3,Expedia.com,Comfort Suites at Par 4 Resort,2025-11-13,2025-11-14,"Suite, 2 Queen Beds, Non Smoking",Queen Beds,Queen,Suite,,11204.0,1512.0,12716.0,"452 sq ft, Sleeps 6, 2 Queen Beds, Free wired internet, Golf view",https://www.expedia.co.in/Stevens-Point-Hotels-Comfort-Suites-At-Par-4-Resort.h1085058.Hotel-Information?chkin=2025-11-13&chkout=2025-11-14&x_pwa=1&rfrr=HSR&useRewards=true&rm1=a2&selected=EXPEDIA_3&sort=RECOMMENDED&pwa_ts=1762093102834&top_cur=USD
EXPEDIA_3,Expedia.com,Comfort Suites at Par 4 Resort,2025-11-13,2025-11-14,"Suite, 1 King Bed, Accessible, Non Smoking",King Bed,King,Suite,3.0,12713.0,1716.0,14429.0,"452 sq ft, Sleeps 4, 1 King Bed, Free wired internet, Golf view",https://www.expedia.co.in/Stevens-Point-Hotels-Comfort-Suites-At-Par-4-Resort.h1085058.Hotel-Information?chkin=2025-11-13&chkout=2025-11-14&x_pwa=1&rfrr=HSR&useRewards=true&rm1=a2&selected=EXPEDIA_3&sort=RECOMMENDED&pwa_ts=1762093102834&top_cur=USD
EXPEDIA_3,Expedia.com,Comfort Suites at Par 4 Resort,2025-11-13,2025-11-14,"Suite, Non Smoking",King Bed OR 1 Double Sofa Bed,King,Suite,,12713.0,1716.0,14429.0,"450 sq ft, Sleeps 4, 1 King Bed OR 1 Double Sofa Bed, Free wired internet, Golf view",https://www.expedia.co.in/Stevens-Point-Hotels-Comfort-Suites-At-Par-4-Resort.h1085058.Hotel-Information?chkin=2025-11-13&chkout=2025-11-14&x_pwa=1&rfrr=HSR&useRewards=true&rm1=a2&selected=EXPEDIA_3&sort=RECOMMENDED&pwa_ts=1762093102834&top_cur=USD
EXPEDIA_3,Expedia.com,Comfort Suites at Par 4 Resort,2025-11-13,2025-11-14,"Suite, Multiple Beds, Accessible, Non Smoking",Queen Beds and 1 Double Sofa Bed,Queen,Suite,1.0,11204.0,1512.0,12716.0,"Sleeps 6, 2 Queen Beds and 1 Double Sofa Bed, Free wired internet, Golf view",https://www.expedia.co.in/Stevens-Point-Hotels-Comfort-Suites-At-Par-4-Resort.h1085058.Hotel-Information?chkin=2025-11-13&chkout=2025-11-14&x_pwa=1&rfrr=HSR&useRewards=true&rm1=a2&selected=EXPEDIA_3&sort=RECOMMENDED&pwa_ts=1762093102834&top_cur=USD
EXPEDIA_3,Expedia.com,Comfort Suites at Par 4 Resort,2025-11-13,2025-11-14,"Suite, 1 King Bed with Sofa bed, Non Smoking, Hot Tub",King Bed and 1 Double Sofa Bed,King,Suite,5.0,13467.0,1819.0,15286.0,"452 sq ft, Sleeps 2, 1 King Bed and 1 Double Sofa Bed, Free wired internet, Golf view",https://www.expedia.co.in/Stevens-Point-Hotels-Comfort-Suites-At-Par-4-Resort.h1085058.Hotel-Information?chkin=2025-11-13&chkout=2025-11-14&x_pwa=1&rfrr=HSR&useRewards=true&rm1=a2&selected=EXPEDIA_3&sort=RECOMMENDED&pwa_ts=1762093102834&top_cur=USD
EXPEDIA_3,Expedia.com,Comfort Suites at Par 4 Resort,2025-11-13,2025-11-14,"Suite, 1 King Bed with Sofa bed, Non Smoking",King Bed and 1 Double Sofa Bed,King,Suite,6.0,13467.0,1819.0,15286.0,"452 sq ft, Sleeps 2, 1 King Bed and 1 Double Sofa Bed, Free wired internet, Golf view",https://www.expedia.co.in/Stevens-Point-Hotels-Comfort-Suites-At-Par-4-Resort.h1085058.Hotel-Information?chkin=2025-11-13&chkout=2025-11-14&x_pwa=1&rfrr=HSR&useRewards=true&rm1=a2&selected=EXPEDIA_3&sort=RECOMMENDED&pwa_ts=1762093102834&top_cur=USD
EXPEDIA_3,Expedia.com,Comfort Suites at Par 4 Resort,2025-11-14,2025-11-15,"Suite, 2 Queen Beds, Non Smoking",Queen Beds,Queen,Suite,,12526.0,1691.0,14217.0,"452 sq ft, Sleeps 6, 2 Queen Beds, Free wired internet, Golf view",https://www.expedia.co.in/Stevens-Point-Hotels-Comfort-Suites-At-Par-4-Resort.h1085058.Hotel-Information?chkin=2025-11-14&chkout=2025-11-15&x_pwa=1&rfrr=HSR&useRewards=true&rm1=a2&selected=EXPEDIA_3&sort=RECOMMENDED&pwa_ts=1762093145352&top_cur=USD
EXPEDIA_3,Expedia.com,Comfort Suites at Par 4 Resort,2025-11-14,2025-11-15,"Suite, 1 King Bed, Accessible, Non Smoking",King Bed,King,Suite,4.0,12677.0,1711.0,14388.0,"452 sq ft, Sleeps 4, 1 King Bed, Free wired internet, Golf view",https://www.expedia.co.in/Stevens-Point-Hotels-Comfort-Suites-At-Par-4-Resort.h1085058.Hotel-Information?chkin=2025-11-14&chkout=2025-11-15&x_pwa=1&rfrr=HSR&useRewards=true&rm1=a2&selected=EXPEDIA_3&sort=RECOMMENDED&pwa_ts=1762093145352&top_cur=USD
EXPEDIA_3,Expedia.com,Comfort Suites at Par 4 Resort,2025-11-14,2025-11-15,"Suite, 1 King Bed with Sofa bed, Non Smoking, Hot Tub",King Bed and 1 Double Sofa Bed,King,Suite,5.0,13280.0,1793.0,15073.0,"452 sq ft, Sleeps 2, 1 King Bed and 1 Double Sofa Bed, Free wired internet, Golf view",https://www.expedia.co.in/Stevens-Point-Hotels-Comfort-Suites-At-Par-4-Resort.h1085058.Hotel-Information?chkin=2025-11-14&chkout=2025-11-15&x_pwa=1&rfrr=HSR&useRewards=true&rm1=a2&selected=EXPEDIA_3&sort=RECOMMENDED&pwa_ts=1762093145352&top_cur=USD
EXPEDIA_3,Expedia.com,Comfort Suites at Par 4 Resort,2025-11-14,2025-11-15,"Suite, Non Smoking",King Bed OR 1 Double Sofa Bed,King,Suite,,12677.0,1711.0,14388.0,"450 sq ft, Sleeps 4, 1 King Bed OR 1 Double Sofa Bed, Free wired internet, Golf view",https://www.expedia.co.in/Stevens-Point-Hotels-Comfort-Suites-At-Par-4-Resort.h1085058.Hotel-Information?chkin=2025-11-14&chkout=2025-11-15&x_pwa=1&rfrr=HSR&useRewards=true&rm1=a2&selected=EXPEDIA_3&sort=RECOMMENDED&pwa_ts=1762093145352&top_cur=USD
EXPEDIA_3,Expedia.com,Comfort Suites at Par 4 Resort,2025-11-14,2025-11-15,"Suite, 1 King Bed with Sofa bed, Non Smoking",King Bed and 1 Double Sofa Bed,King,Suite,7.0,13280.0,1793.0,15073.0,"452 sq ft, Sleeps 2, 1 King Bed and 1 Double Sofa Bed, Free wired internet, Golf view",https://www.expedia.co.in/Stevens-Point-Hotels-Comfort-Suites-At-Par-4-Resort.h1085058.Hotel-Information?chkin=2025-11-14&chkout=2025-11-15&x_pwa=1&rfrr=HSR&useRewards=true&rm1=a2&selected=EXPEDIA_3&sort=RECOMMENDED&pwa_ts=1762093145352&top_cur=USD
EXPEDIA_3,Expedia.com,Comfort Suites at Par 4 Resort,2025-11-14,2025-11-15,"Suite, Multiple Beds, Accessible, Non Smoking",Queen Beds and 1 Double Sofa Bed,Queen,Suite,1.0,12526.0,1691.0,14217.0,"Sleeps 6, 2 Queen Beds and 1 Double Sofa Bed, Free wired internet, Golf view",https://www.expedia.co.in/Stevens-Point-Hotels-Comfort-Suites-At-Par-4-Resort.h1085058.Hotel-Information?chkin=2025-11-14&chkout=2025-11-15&x_pwa=1&rfrr=HSR&useRewards=true&rm1=a2&selected=EXPEDIA_3&sort=RECOMMENDED&pwa_ts=1762093145352&top_cur=USD
EXPEDIA_3,Expedia.com,Comfort Suites at Par 4 Resort,2025-11-15,2025-11-16,"Suite, 2 Queen Beds, Non Smoking",Queen Beds,Queen,Suite,,12534.0,1692.0,14226.0,"452 sq ft, Sleeps 6, 2 Queen Beds, Free wired internet, Golf view",https://www.expedia.co.in/Stevens-Point-Hotels-Comfort-Suites-At-Par-4-Resort.h1085058.Hotel-Information?chkin=2025-11-15&chkout=2025-11-16&x_pwa=1&rfrr=HSR&useRewards=true&rm1=a2&selected=EXPEDIA_3&sort=RECOMMENDED&pwa_ts=1762093187386&top_cur=USD
EXPEDIA_3,Expedia.com,Comfort Suites at Par 4 Resort,2025-11-15,2025-11-16,"Suite, 1 King Bed, Accessible, Non Smoking",King Bed,King,Suite,4.0,12685.0,1712.0,14397.0,"452 sq ft, Sleeps 4, 1 King Bed, Free wired internet, Golf view",https://www.expedia.co.in/Stevens-Point-Hotels-Comfort-Suites-At-Par-4-Resort.h1085058.Hotel-Information?chkin=2025-11-15&chkout=2025-11-16&x_pwa=1&rfrr=HSR&useRewards=true&rm1=a2&selected=EXPEDIA_3&sort=RECOMMENDED&pwa_ts=1762093187386&top_cur=USD
EXPEDIA_3,Expedia.com,Comfort Suites at Par 4 Resort,2025-11-15,2025-11-16,"Suite, 1 King Bed with Sofa bed, Non Smoking, Hot Tub",King Bed and 1 Double Sofa Bed,King,Suite,6.0,13288.0,1794.0,15082.0,"452 sq ft, Sleeps 2, 1 King Bed and 1 Double Sofa Bed, Free wired internet, Golf view",https://www.expedia.co.in/Stevens-Point-Hotels-Comfort-Suites-At-Par-4-Resort.h1085058.Hotel-Information?chkin=2025-11-15&chkout=2025-11-16&x_pwa=1&rfrr=HSR&useRewards=true&rm1=a2&selected=EXPEDIA_3&sort=RECOMMENDED&pwa_ts=1762093187386&top_cur=USD
EXPEDIA_3,Expedia.com,Comfort Suites at Par 4 Resort,2025-11-15,2025-11-16,"Suite, Non Smoking",King Bed OR 1 Double Sofa Bed,King,Suite,,12685.0,1712.0,14397.0,"450 sq ft, Sleeps 4, 1 King Bed OR 1 Double Sofa Bed, Free wired internet, Golf view",https://www.expedia.co.in/Stevens-Point-Hotels-Comfort-Suites-At-Par-4-Resort.h1085058.Hotel-Information?chkin=2025-11-15&chkout=2025-11-16&x_pwa=1&rfrr=HSR&useRewards=true&rm1=a2&selected=EXPEDIA_3&sort=RECOMMENDED&pwa_ts=1762093187386&top_cur=USD
EXPEDIA_3,Expedia.com,Comfort Suites at Par 4 Resort,2025-11-15,2025-11-16,"Suite, 1 King Bed with Sofa bed, Non Smoking",King Bed and 1 Double Sofa Bed,King,Suite,7.0,13288.0,1794.0,15082.0,"452 sq ft, Sleeps 2, 1 King Bed and 1 Double Sofa Bed, Free wired internet, Golf view",https://www.expedia.co.in/Stevens-Point-Hotels-Comfort-Suites-At-Par-4-Resort.h1085058.Hotel-Information?chkin=2025-11-15&chkout=2025-11-16&x_pwa=1&rfrr=HSR&useRewards=true&rm1=a2&selected=EXPEDIA_3&sort=RECOMMENDED&pwa_ts=1762093187386&top_cur=USD
EXPEDIA_3,Expedia.com,Comfort Suites at Par 4 Resort,2025-11-15,2025-11-16,"Suite, Multiple Beds, Accessible, Non Smoking",Queen Beds and 1 Double Sofa Bed,Queen,Suite,1.0,12534.0,1692.0,14226.0,"Sleeps 6, 2 Queen Beds and 1 Double Sofa Bed, Free wired internet, Golf view",https://www.expedia.co.in/Stevens-Point-Hotels-Comfort-Suites-At-Par-4-Resort.h1085058.Hotel-Information?chkin=2025-11-15&chkout=2025-11-16&x_pwa=1&rfrr=HSR&useRewards=true&rm1=a2&selected=EXPEDIA_3&sort=RECOMMENDED&pwa_ts=1762093187386&top_cur=USD
EXPEDIA_3,Expedia.com,Comfort Suites at Par 4 Resort,2025-11-16,2025-11-17,"Suite, 2 Queen Beds, Non Smoking",Queen Beds,Queen,Suite,,9187.0,1240.0,10427.0,"452 sq ft, Sleeps 6, 2 Queen Beds, Free wired internet, Golf view",https://www.expedia.co.in/Stevens-Point-Hotels-Comfort-Suites-At-Par-4-Resort.h1085058.Hotel-Information?chkin=2025-11-16&chkout=2025-11-17&x_pwa=1&rfrr=HSR&useRewards=true&rm1=a2&selected=EXPEDIA_3&sort=RECOMMENDED&pwa_ts=1762093235066&top_cur=USD
EXPEDIA_3,Expedia.com,Comfort Suites at Par 4 Resort,2025-11-16,2025-11-17,"Suite, 1 King Bed, Accessible, Non Smoking",King Bed,King,Suite,4.0,10696.0,1444.0,12140.0,"452 sq ft, Sleeps 4, 1 King Bed, Free wired internet, Golf view",https://www.expedia.co.in/Stevens-Point-Hotels-Comfort-Suites-At-Par-4-Resort.h1085058.Hotel-Information?chkin=2025-11-16&chkout=2025-11-17&x_pwa=1&rfrr=HSR&useRewards=true&rm1=a2&selected=EXPEDIA_3&sort=RECOMMENDED&pwa_ts=1762093235066&top_cur=USD
EXPEDIA_3,Expedia.com,Comfort Suites at Par 4 Resort,2025-11-16,2025-11-17,"Suite, Non Smoking",King Bed OR 1 Double Sofa Bed,King,Suite,,10696.0,1444.0,12140.0,"450 sq ft, Sleeps 4, 1 King Bed OR 1 Double Sofa Bed, Free wired internet, Golf view",https://www.expedia.co.in/Stevens-Point-Hotels-Comfort-Suites-At-Par-4-Resort.h1085058.Hotel-Information?chkin=2025-11-16&chkout=2025-11-17&x_pwa=1&rfrr=HSR&useRewards=true&rm1=a2&selected=EXPEDIA_3&sort=RECOMMENDED&pwa_ts=1762093235066&top_cur=USD
EXPEDIA_3,Expedia.com,Comfort Suites at Par 4 Resort,2025-11-16,2025-11-17,"Suite, Multiple Beds, Accessible, Non Smoking",Queen Beds and 1 Double Sofa Bed,Queen,Suite,1.0,9187.0,1240.0,10427.0,"Sleeps 6, 2 Queen Beds and 1 Double Sofa Bed, Free wired internet, Golf view",https://www.expedia.co.in/Stevens-Point-Hotels-Comfort-Suites-At-Par-4-Resort.h1085058.Hotel-Information?chkin=2025-11-16&chkout=2025-11-17&x_pwa=1&rfrr=HSR&useRewards=true&rm1=a2&selected=EXPEDIA_3&sort=RECOMMENDED&pwa_ts=1762093235066&top_cur=USD
EXPEDIA_3,Expedia.com,Comfort Suites at Par 4 Resort,2025-11-16,2025-11-17,"2 Queen Beds, Suite, Nonsmoking, Accessible",N/A,Other,Suite,1.0,9855.0,1330.0,11185.0,"430 sq ft, Breakfast included, Free wired internet",https://www.expedia.co.in/Stevens-Point-Hotels-Comfort-Suites-At-Par-4-Resort.h1085058.Hotel-Information?chkin=2025-11-16&chkout=2025-11-17&x_pwa=1&rfrr=HSR&useRewards=true&rm1=a2&selected=EXPEDIA_3&sort=RECOMMENDED&pwa_ts=1762093235066&top_cur=USD
EXPEDIA_3,Expedia.com,Comfort Suites at Par 4 Resort,2025-11-16,2025-11-17,"Suite, 1 King Bed with Sofa bed, Non Smoking, Hot Tub",King Bed and 1 Double Sofa Bed,King,Suite,7.0,11451.0,1545.0,12996.0,"452 sq ft, Sleeps 2, 1 King Bed and 1 Double Sofa Bed, Free wired internet, Golf view",https://www.expedia.co.in/Stevens-Point-Hotels-Comfort-Suites-At-Par-4-Resort.h1085058.Hotel-Information?chkin=2025-11-16&chkout=2025-11-17&x_pwa=1&rfrr=HSR&useRewards=true&rm1=a2&selected=EXPEDIA_3&sort=RECOMMENDED&pwa_ts=1762093235066&top_cur=USD
EXPEDIA_3,Expedia.com,Comfort Suites at Par 4 Resort,2025-11-16,2025-11-17,"Suite, 1 King Bed with Sofa bed, Non Smoking",King Bed and 1 Double Sofa Bed,King,Suite,7.0,11451.0,1545.0,12996.0,"452 sq ft, Sleeps 2, 1 King Bed and 1 Double Sofa Bed, Free wired internet, Golf view",https://www.expedia.co.in/Stevens-Point-Hotels-Comfort-Suites-At-Par-4-Resort.h1085058.Hotel-Information?chkin=2025-11-16&chkout=2025-11-17&x_pwa=1&rfrr=HSR&useRewards=true&rm1=a2&selected=EXPEDIA_3&sort=RECOMMENDED&pwa_ts=1762093235066&top_cur=USD
EXPEDIA_3,Expedia.com,Comfort Suites at Par 4 Resort,2025-11-17,2025-11-18,"Suite, 2 Queen Beds, Non Smoking",Queen Beds,Queen,Suite,,10700.0,1444.0,12144.0,"452 sq ft, Sleeps 6, 2 Queen Beds, Free wired internet, Golf view",https://www.expedia.co.in/Stevens-Point-Hotels-Comfort-Suites-At-Par-4-Resort.h1085058.Hotel-Information?chkin=2025-11-17&chkout=2025-11-18&x_pwa=1&rfrr=HSR&useRewards=true&rm1=a2&selected=EXPEDIA_3&sort=RECOMMENDED&pwa_ts=1762093281995&top_cur=USD
EXPEDIA_3,Expedia.com,Comfort Suites at Par 4 Resort,2025-11-17,2025-11-18,"Suite, 1 King Bed, Accessible, Non Smoking",King Bed,King,Suite,3.0,12209.0,1648.0,13857.0,"452 sq ft, Sleeps 4, 1 King Bed, Free wired internet, Golf view",https://www.expedia.co.in/Stevens-Point-Hotels-Comfort-Suites-At-Par-4-Resort.h1085058.Hotel-Information?chkin=2025-11-17&chkout=2025-11-18&x_pwa=1&rfrr=HSR&useRewards=true&rm1=a2&selected=EXPEDIA_3&sort=RECOMMENDED&pwa_ts=1762093281995&top_cur=USD
EXPEDIA_3,Expedia.com,Comfort Suites at Par 4 Resort,2025-11-17,2025-11-18,"2 Queen Beds, Suite, Nonsmoking, Accessible",N/A,Other,Suite,1.0,11479.0,1549.0,13028.0,"430 sq ft, Breakfast included, Free wired internet",https://www.expedia.co.in/Stevens-Point-Hotels-Comfort-Suites-At-Par-4-Resort.h1085058.Hotel-Information?chkin=2025-11-17&chkout=2025-11-18&x_pwa=1&rfrr=HSR&useRewards=true&rm1=a2&selected=EXPEDIA_3&sort=RECOMMENDED&pwa_ts=1762093281995&top_cur=USD
EXPEDIA_3,Expedia.com,Comfort Suites at Par 4 Resort,2025-11-17,2025-11-18,"Suite, Non Smoking",King Bed OR 1 Double Sofa Bed,King,Suite,,12209.0,1648.0,13857.0,"450 sq ft, Sleeps 4, 1 King Bed OR 1 Double Sofa Bed, Free wired internet, Golf view",https://www.expedia.co.in/Stevens-Point-Hotels-Comfort-Suites-At-Par-4-Resort.h1085058.Hotel-Information?chkin=2025-11-17&chkout=2025-11-18&x_pwa=1&rfrr=HSR&useRewards=true&rm1=a2&selected=EXPEDIA_3&sort=RECOMMENDED&pwa_ts=1762093281995&top_cur=USD
EXPEDIA_3,Expedia.com,Comfort Suites at Par 4 Resort,2025-11-17,2025-11-18,"Suite, Multiple Beds, Accessible, Non Smoking",Queen Beds and 1 Double Sofa Bed,Queen,Suite,1.0,10700.0,1444.0,12144.0,"Sleeps 6, 2 Queen Beds and 1 Double Sofa Bed, Free wired internet, Golf view",https://www.expedia.co.in/Stevens-Point-Hotels-Comfort-Suites-At-Par-4-Resort.h1085058.Hotel-Information?chkin=2025-11-17&chkout=2025-11-18&x_pwa=1&rfrr=HSR&useRewards=true&rm1=a2&selected=EXPEDIA_3&sort=RECOMMENDED&pwa_ts=1762093281995&top_cur=USD
EXPEDIA_3,Expedia.com,Comfort Suites at Par 4 Resort,2025-11-17,2025-11-18,"Suite, 1 King Bed with Sofa bed, Non Smoking, Hot Tub",King Bed and 1 Double Sofa Bed,King,Suite,7.0,12963.0,1750.0,14713.0,"452 sq ft, Sleeps 2, 1 King Bed and 1 Double Sofa Bed, Free wired internet, Golf view",https://www.expedia.co.in/Stevens-Point-Hotels-Comfort-Suites-At-Par-4-Resort.h1085058.Hotel-Information?chkin=2025-11-17&chkout=2025-11-18&x_pwa=1&rfrr=HSR&useRewards=true&rm1=a2&selected=EXPEDIA_3&sort=RECOMMENDED&pwa_ts=1762093281995&top_cur=USD
EXPEDIA_3,Expedia.com,Comfort Suites at Par 4 Resort,2025-11-17,2025-11-18,"Suite, 1 King Bed with Sofa bed, Non Smoking",King Bed and 1 Double Sofa Bed,King,Suite,7.0,12963.0,1750.0,14713.0,"452 sq ft, Sleeps 2, 1 King Bed and 1 Double Sofa Bed, Free wired internet, Golf view",https://www.expedia.co.in/Stevens-Point-Hotels-Comfort-Suites-At-Par-4-Resort.h1085058.Hotel-Information?chkin=2025-11-17&chkout=2025-11-18&x_pwa=1&rfrr=HSR&useRewards=true&rm1=a2&selected=EXPEDIA_3&sort=RECOMMENDED&pwa_ts=1762093281995&top_cur=USD
EXPEDIA_3,Expedia.com,Comfort Suites at Par 4 Resort,2025-11-18,2025-11-19,"Suite, 2 Queen Beds, Non Smoking",Queen Beds,Queen,Suite,,10700.0,1444.0,12144.0,"452 sq ft, Sleeps 6, 2 Queen Beds, Free wired internet, Golf view",https://www.expedia.co.in/Stevens-Point-Hotels-Comfort-Suites-At-Par-4-Resort.h1085058.Hotel-Information?chkin=2025-11-18&chkout=2025-11-19&x_pwa=1&rfrr=HSR&useRewards=true&rm1=a2&selected=EXPEDIA_3&sort=RECOMMENDED&pwa_ts=1762093325469&top_cur=USD
EXPEDIA_3,Expedia.com,Comfort Suites at Par 4 Resort,2025-11-18,2025-11-19,"Suite, 1 King Bed, Accessible, Non Smoking",King Bed,King,Suite,3.0,12209.0,1648.0,13857.0,"452 sq ft, Sleeps 4, 1 King Bed, Free wired internet, Golf view",https://www.expedia.co.in/Stevens-Point-Hotels-Comfort-Suites-At-Par-4-Resort.h1085058.Hotel-Information?chkin=2025-11-18&chkout=2025-11-19&x_pwa=1&rfrr=HSR&useRewards=true&rm1=a2&selected=EXPEDIA_3&sort=RECOMMENDED&pwa_ts=1762093325469&top_cur=USD
EXPEDIA_3,Expedia.com,Comfort Suites at Par 4 Resort,2025-11-18,2025-11-19,"Suite, Non Smoking",King Bed OR 1 Double Sofa Bed,King,Suite,,12209.0,1648.0,13857.0,"450 sq ft, Sleeps 4, 1 King Bed OR 1 Double Sofa Bed, Free wired internet, Golf view",https://www.expedia.co.in/Stevens-Point-Hotels-Comfort-Suites-At-Par-4-Resort.h1085058.Hotel-Information?chkin=2025-11-18&chkout=2025-11-19&x_pwa=1&rfrr=HSR&useRewards=true&rm1=a2&selected=EXPEDIA_3&sort=RECOMMENDED&pwa_ts=1762093325469&top_cur=USD
EXPEDIA_3,Expedia.com,Comfort Suites at Par 4 Resort,2025-11-18,2025-11-19,"Suite, Multiple Beds, Accessible, Non Smoking",Queen Beds and 1 Double Sofa Bed,Queen,Suite,1.0,10700.0,1444.0,12144.0,"Sleeps 6, 2 Queen Beds and 1 Double Sofa Bed, Free wired internet, Golf view",https://www.expedia.co.in/Stevens-Point-Hotels-Comfort-Suites-At-Par-4-Resort.h1085058.Hotel-Information?chkin=2025-11-18&chkout=2025-11-19&x_pwa=1&rfrr=HSR&useRewards=true&rm1=a2&selected=EXPEDIA_3&sort=RECOMMENDED&pwa_ts=1762093325469&top_cur=USD
EXPEDIA_3,Expedia.com,Comfort Suites at Par 4 Resort,2025-11-18,2025-11-19,"Suite, 1 King Bed with Sofa bed, Non Smoking, Hot Tub",King Bed and 1 Double Sofa Bed,King,Suite,7.0,12963.0,1750.0,14713.0,"452 sq ft, Sleeps 2, 1 King Bed and 1 Double Sofa Bed, Free wired internet, Golf view",https://www.expedia.co.in/Stevens-Point-Hotels-Comfort-Suites-At-Par-4-Resort.h1085058.Hotel-Information?chkin=2025-11-18&chkout=2025-11-19&x_pwa=1&rfrr=HSR&useRewards=true&rm1=a2&selected=EXPEDIA_3&sort=RECOMMENDED&pwa_ts=1762093325469&top_cur=USD
EXPEDIA_3,Expedia.com,Comfort Suites at Par 4 Resort,2025-11-18,2025-11-19,"Suite, 1 King Bed with Sofa bed, Non Smoking",King Bed and 1 Double Sofa Bed,King,Suite,7.0,12963.0,1750.0,14713.0,"452 sq ft, Sleeps 2, 1 King Bed and 1 Double Sofa Bed, Free wired internet, Golf view",https://www.expedia.co.in/Stevens-Point-Hotels-Comfort-Suites-At-Par-4-Resort.h1085058.Hotel-Information?chkin=2025-11-18&chkout=2025-11-19&x_pwa=1&rfrr=HSR&useRewards=true&rm1=a2&selected=EXPEDIA_3&sort=RECOMMENDED&pwa_ts=1762093325469&top_cur=USD
EXPEDIA_3,Expedia.com,Comfort Suites at Par 4 Resort,2025-11-18,2025-11-19,"2 Queen Beds, Suite, Nonsmoking, Accessible",N/A,Other,Suite,1.0,11479.0,1549.0,13028.0,"430 sq ft, Breakfast included, Free wired internet",https://www.expedia.co.in/Stevens-Point-Hotels-Comfort-Suites-At-Par-4-Resort.h1085058.Hotel-Information?chkin=2025-11-18&chkout=2025-11-19&x_pwa=1&rfrr=HSR&useRewards=true&rm1=a2&selected=EXPEDIA_3&sort=RECOMMENDED&pwa_ts=1762093325469&top_cur=USD
EXPEDIA_3,Expedia.com,Comfort Suites at Par 4 Resort,2025-11-19,2025-11-20,"Suite, 2 Queen Beds, Non Smoking",Queen Beds,Queen,Suite,,10703.0,1445.0,12148.0,"452 sq ft, Sleeps 6, 2 Queen Beds, Free wired internet, Golf view",https://www.expedia.co.in/Stevens-Point-Hotels-Comfort-Suites-At-Par-4-Resort.h1085058.Hotel-Information?chkin=2025-11-19&chkout=2025-11-20&x_pwa=1&rfrr=HSR&useRewards=true&rm1=a2&selected=EXPEDIA_3&sort=RECOMMENDED&pwa_ts=1762093373105&top_cur=USD
EXPEDIA_3,Expedia.com,Comfort Suites at Par 4 Resort,2025-11-19,2025-11-20,"Suite, 1 King Bed, Accessible, Non Smoking",King Bed,King,Suite,3.0,12212.0,1649.0,13861.0,"452 sq ft, Sleeps 4, 1 King Bed, Free wired internet, Golf view",https://www.expedia.co.in/Stevens-Point-Hotels-Comfort-Suites-At-Par-4-Resort.h1085058.Hotel-Information?chkin=2025-11-19&chkout=2025-11-20&x_pwa=1&rfrr=HSR&useRewards=true&rm1=a2&selected=EXPEDIA_3&sort=RECOMMENDED&pwa_ts=1762093373105&top_cur=USD
EXPEDIA_3,Expedia.com,Comfort Suites at Par 4 Resort,2025-11-19,2025-11-20,"Suite, Non Smoking",King Bed OR 1 Double Sofa Bed,King,Suite,,12212.0,1649.0,13861.0,"450 sq ft, Sleeps 4, 1 King Bed OR 1 Double Sofa Bed, Free wired internet, Golf view",https://www.expedia.co.in/Stevens-Point-Hotels-Comfort-Suites-At-Par-4-Resort.h1085058.Hotel-Information?chkin=2025-11-19&chkout=2025-11-20&x_pwa=1&rfrr=HSR&useRewards=true&rm1=a2&selected=EXPEDIA_3&sort=RECOMMENDED&pwa_ts=1762093373105&top_cur=USD
EXPEDIA_3,Expedia.com,Comfort Suites at Par 4 Resort,2025-11-19,2025-11-20,"Suite, Multiple Beds, Accessible, Non Smoking",Queen Beds and 1 Double Sofa Bed,Queen,Suite,1.0,10703.0,1445.0,12148.0,"Sleeps 6, 2 Queen Beds and 1 Double Sofa Bed, Free wired internet, Golf view",https://www.expedia.co.in/Stevens-Point-Hotels-Comfort-Suites-At-Par-4-Resort.h1085058.Hotel-Information?chkin=2025-11-19&chkout=2025-11-20&x_pwa=1&rfrr=HSR&useRewards=true&rm1=a2&selected=EXPEDIA_3&sort=RECOMMENDED&pwa_ts=1762093373105&top_cur=USD
EXPEDIA_3,Expedia.com,Comfort Suites at Par 4 Resort,2025-11-19,2025-11-20,"Suite, 1 King Bed with Sofa bed, Non Smoking, Hot Tub",King Bed and 1 Double Sofa Bed,King,Suite,7.0,12967.0,1750.0,14717.0,"452 sq ft, Sleeps 2, 1 King Bed and 1 Double Sofa Bed, Free wired internet, Golf view",https://www.expedia.co.in/Stevens-Point-Hotels-Comfort-Suites-At-Par-4-Resort.h1085058.Hotel-Information?chkin=2025-11-19&chkout=2025-11-20&x_pwa=1&rfrr=HSR&useRewards=true&rm1=a2&selected=EXPEDIA_3&sort=RECOMMENDED&pwa_ts=1762093373105&top_cur=USD
EXPEDIA_3,Expedia.com,Comfort Suites at Par 4 Resort,2025-11-19,2025-11-20,"Suite, 1 King Bed with Sofa bed, Non Smoking",King Bed and 1 Double Sofa Bed,King,Suite,7.0,12967.0,1750.0,14717.0,"452 sq ft, Sleeps 2, 1 King Bed and 1 Double Sofa Bed, Free wired internet, Golf view",https://www.expedia.co.in/Stevens-Point-Hotels-Comfort-Suites-At-Par-4-Resort.h1085058.Hotel-Information?chkin=2025-11-19&chkout=2025-11-20&x_pwa=1&rfrr=HSR&useRewards=true&rm1=a2&selected=EXPEDIA_3&sort=RECOMMENDED&pwa_ts=1762093373105&top_cur=USD
EXPEDIA_3,Expedia.com,Comfort Suites at Par 4 Resort,2025-11-19,2025-11-20,"2 Queen Beds, Suite, Nonsmoking, Accessible",N/A,Other,Suite,1.0,11482.0,1551.0,13033.0,"430 sq ft, Breakfast included, Free wired internet",https://www.expedia.co.in/Stevens-Point-Hotels-Comfort-Suites-At-Par-4-Resort.h1085058.Hotel-Information?chkin=2025-11-19&chkout=2025-11-20&x_pwa=1&rfrr=HSR&useRewards=true&rm1=a2&selected=EXPEDIA_3&sort=RECOMMENDED&pwa_ts=1762093373105&top_cur=USD
EXPEDIA_3,Expedia.com,Comfort Suites at Par 4 Resort,2025-11-20,2025-11-21,"Suite, 2 Queen Beds, Non Smoking",Queen Beds,Queen,Suite,,9900.0,1336.0,11236.0,"452 sq ft, Sleeps 6, 2 Queen Beds, Free wired internet, Golf view",https://www.expedia.co.in/Stevens-Point-Hotels-Comfort-Suites-At-Par-4-Resort.h1085058.Hotel-Information?chkin=2025-11-20&chkout=2025-11-21&x_pwa=1&rfrr=HSR&useRewards=true&rm1=a2&selected=EXPEDIA_3&sort=RECOMMENDED&pwa_ts=1762093420355&top_cur=USD
EXPEDIA_3,Expedia.com,Comfort Suites at Par 4 Resort,2025-11-20,2025-11-21,"Suite, 1 King Bed, Accessible, Non Smoking",King Bed,King,Suite,3.0,11409.0,1540.0,12949.0,"452 sq ft, Sleeps 4, 1 King Bed, Free wired internet, Golf view",https://www.expedia.co.in/Stevens-Point-Hotels-Comfort-Suites-At-Par-4-Resort.h1085058.Hotel-Information?chkin=2025-11-20&chkout=2025-11-21&x_pwa=1&rfrr=HSR&useRewards=true&rm1=a2&selected=EXPEDIA_3&sort=RECOMMENDED&pwa_ts=1762093420355&top_cur=USD
EXPEDIA_3,Expedia.com,Comfort Suites at Par 4 Resort,2025-11-20,2025-11-21,"2 Queen Beds, Suite, Nonsmoking, Accessible",N/A,Other,Suite,1.0,10620.0,1433.0,12053.0,"430 sq ft, Breakfast included, Free wired internet",https://www.expedia.co.in/Stevens-Point-Hotels-Comfort-Suites-At-Par-4-Resort.h1085058.Hotel-Information?chkin=2025-11-20&chkout=2025-11-21&x_pwa=1&rfrr=HSR&useRewards=true&rm1=a2&selected=EXPEDIA_3&sort=RECOMMENDED&pwa_ts=1762093420355&top_cur=USD
EXPEDIA_3,Expedia.com,Comfort Suites at Par 4 Resort,2025-11-20,2025-11-21,"Suite, Non Smoking",King Bed OR 1 Double Sofa Bed,King,Suite,8.0,11409.0,1540.0,12949.0,"450 sq ft, Sleeps 4, 1 King Bed OR 1 Double Sofa Bed, Free wired internet, Golf view",https://www.expedia.co.in/Stevens-Point-Hotels-Comfort-Suites-At-Par-4-Resort.h1085058.Hotel-Information?chkin=2025-11-20&chkout=2025-11-21&x_pwa=1&rfrr=HSR&useRewards=true&rm1=a2&selected=EXPEDIA_3&sort=RECOMMENDED&pwa_ts=1762093420355&top_cur=USD
EXPEDIA_3,Expedia.com,Comfort Suites at Par 4 Resort,2025-11-20,2025-11-21,"Suite, Multiple Beds, Accessible, Non Smoking",Queen Beds and 1 Double Sofa Bed,Queen,Suite,1.0,9900.0,1336.0,11236.0,"Sleeps 6, 2 Queen Beds and 1 Double Sofa Bed, Free wired internet, Golf view",https://www.expedia.co.in/Stevens-Point-Hotels-Comfort-Suites-At-Par-4-Resort.h1085058.Hotel-Information?chkin=2025-11-20&chkout=2025-11-21&x_pwa=1&rfrr=HSR&useRewards=true&rm1=a2&selected=EXPEDIA_3&sort=RECOMMENDED&pwa_ts=1762093420355&top_cur=USD
EXPEDIA_3,Expedia.com,Comfort Suites at Par 4 Resort,2025-11-20,2025-11-21,"Suite, 1 King Bed with Sofa bed, Non Smoking, Hot Tub",King Bed and 1 Double Sofa Bed,King,Suite,7.0,12163.0,1643.0,13806.0,"452 sq ft, Sleeps 2, 1 King Bed and 1 Double Sofa Bed, Free wired internet, Golf view",https://www.expedia.co.in/Stevens-Point-Hotels-Comfort-Suites-At-Par-4-Resort.h1085058.Hotel-Information?chkin=2025-11-20&chkout=2025-11-21&x_pwa=1&rfrr=HSR&useRewards=true&rm1=a2&selected=EXPEDIA_3&sort=RECOMMENDED&pwa_ts=1762093420355&top_cur=USD
EXPEDIA_3,Expedia.com,Comfort Suites at Par 4 Resort,2025-11-20,2025-11-21,"Suite, 1 King Bed with Sofa bed, Non Smoking",King Bed and 1 Double Sofa Bed,King,Suite,7.0,12163.0,1643.0,13806.0,"452 sq ft, Sleeps 2, 1 King Bed and 1 Double Sofa Bed, Free wired internet, Golf view",https://www.expedia.co.in/Stevens-Point-Hotels-Comfort-Suites-At-Par-4-Resort.h1085058.Hotel-Information?chkin=2025-11-20&chkout=2025-11-21&x_pwa=1&rfrr=HSR&useRewards=true&rm1=a2&selected=EXPEDIA_3&sort=RECOMMENDED&pwa_ts=1762093420355&top_cur=USD
EXPEDIA_3,Expedia.com,Comfort Suites at Par 4 Resort,2025-11-21,2025-11-22,"Suite, 2 Queen Beds, Non Smoking",Queen Beds,Queen,Suite,,12447.0,1680.0,14127.0,"452 sq ft, Sleeps 6, 2 Queen Beds, Free wired internet, Golf view",https://www.expedia.co.in/Stevens-Point-Hotels-Comfort-Suites-At-Par-4-Resort.h1085058.Hotel-Information?chkin=2025-11-21&chkout=2025-11-22&x_pwa=1&rfrr=HSR&useRewards=true&rm1=a2&selected=EXPEDIA_3&sort=RECOMMENDED&pwa_ts=1762093462786&top_cur=USD
EXPEDIA_3,Expedia.com,Comfort Suites at Par 4 Resort,2025-11-21,2025-11-22,"Suite, 1 King Bed, Accessible, Non Smoking",King Bed,King,Suite,4.0,12598.0,1700.0,14298.0,"452 sq ft, Sleeps 4, 1 King Bed, Free wired internet, Golf view",https://www.expedia.co.in/Stevens-Point-Hotels-Comfort-Suites-At-Par-4-Resort.h1085058.Hotel-Information?chkin=2025-11-21&chkout=2025-11-22&x_pwa=1&rfrr=HSR&useRewards=true&rm1=a2&selected=EXPEDIA_3&sort=RECOMMENDED&pwa_ts=1762093462786&top_cur=USD
EXPEDIA_3,Expedia.com,Comfort Suites at Par 4 Resort,2025-11-21,2025-11-22,"Suite, 1 King Bed with Sofa bed, Non Smoking, Hot Tub",King Bed and 1 Double Sofa Bed,King,Suite,7.0,13201.0,1782.0,14983.0,"452 sq ft, Sleeps 2, 1 King Bed and 1 Double Sofa Bed, Free wired internet, Golf view",https://www.expedia.co.in/Stevens-Point-Hotels-Comfort-Suites-At-Par-4-Resort.h1085058.Hotel-Information?chkin=2025-11-21&chkout=2025-11-22&x_pwa=1&rfrr=HSR&useRewards=true&rm1=a2&selected=EXPEDIA_3&sort=RECOMMENDED&pwa_ts=1762093462786&top_cur=USD
EXPEDIA_3,Expedia.com,Comfort Suites at Par 4 Resort,2025-11-21,2025-11-22,"Suite, Non Smoking",King Bed OR 1 Double Sofa Bed,King,Suite,,12598.0,1700.0,14298.0,"450 sq ft, Sleeps 4, 1 King Bed OR 1 Double Sofa Bed, Free wired internet, Golf view",https://www.expedia.co.in/Stevens-Point-Hotels-Comfort-Suites-At-Par-4-Resort.h1085058.Hotel-Information?chkin=2025-11-21&chkout=2025-11-22&x_pwa=1&rfrr=HSR&useRewards=true&rm1=a2&selected=EXPEDIA_3&sort=RECOMMENDED&pwa_ts=1762093462786&top_cur=USD
EXPEDIA_3,Expedia.com,Comfort Suites at Par 4 Resort,2025-11-21,2025-11-22,"Suite, 1 King Bed with Sofa bed, Non Smoking",King Bed and 1 Double Sofa Bed,King,Suite,7.0,13201.0,1782.0,14983.0,"452 sq ft, Sleeps 2, 1 King Bed and 1 Double Sofa Bed, Free wired internet, Golf view",https://www.expedia.co.in/Stevens-Point-Hotels-Comfort-Suites-At-Par-4-Resort.h1085058.Hotel-Information?chkin=2025-11-21&chkout=2025-11-22&x_pwa=1&rfrr=HSR&useRewards=true&rm1=a2&selected=EXPEDIA_3&sort=RECOMMENDED&pwa_ts=1762093462786&top_cur=USD
EXPEDIA_3,Expedia.com,Comfort Suites at Par 4 Resort,2025-11-22,2025-11-23,"Suite, 2 Queen Beds, Non Smoking",Queen Beds,Queen,Suite,8.0,14612.0,1972.0,16584.0,"452 sq ft, Sleeps 6, 2 Queen Beds, Free wired internet, Golf view",https://www.expedia.co.in/Stevens-Point-Hotels-Comfort-Suites-At-Par-4-Resort.h1085058.Hotel-Information?chkin=2025-11-22&chkout=2025-11-23&x_pwa=1&rfrr=HSR&useRewards=true&rm1=a2&selected=EXPEDIA_3&sort=RECOMMENDED&pwa_ts=1762093510134&top_cur=USD
EXPEDIA_3,Expedia.com,Comfort Suites at Par 4 Resort,2025-11-22,2025-11-23,"Suite, 1 King Bed with Sofa bed, Non Smoking, Hot Tub",King Bed and 1 Double Sofa Bed,King,Suite,5.0,15366.0,2075.0,17441.0,"452 sq ft, Sleeps 2, 1 King Bed and 1 Double Sofa Bed, Free wired internet, Golf view",https://www.expedia.co.in/Stevens-Point-Hotels-Comfort-Suites-At-Par-4-Resort.h1085058.Hotel-Information?chkin=2025-11-22&chkout=2025-11-23&x_pwa=1&rfrr=HSR&useRewards=true&rm1=a2&selected=EXPEDIA_3&sort=RECOMMENDED&pwa_ts=1762093510134&top_cur=USD
EXPEDIA_3,Expedia.com,Comfort Suites at Par 4 Resort,2025-11-22,2025-11-23,"Suite, Non Smoking",King Bed OR 1 Double Sofa Bed,King,Suite,8.0,14763.0,1993.0,16756.0,"450 sq ft, Sleeps 4, 1 King Bed OR 1 Double Sofa Bed, Free wired internet, Golf view",https://www.expedia.co.in/Stevens-Point-Hotels-Comfort-Suites-At-Par-4-Resort.h1085058.Hotel-Information?chkin=2025-11-22&chkout=2025-11-23&x_pwa=1&rfrr=HSR&useRewards=true&rm1=a2&selected=EXPEDIA_3&sort=RECOMMENDED&pwa_ts=1762093510134&top_cur=USD
EXPEDIA_3,Expedia.com,Comfort Suites at Par 4 Resort,2025-11-22,2025-11-23,"Suite, 1 King Bed with Sofa bed, Non Smoking",King Bed and 1 Double Sofa Bed,King,Suite,7.0,15366.0,2075.0,17441.0,"452 sq ft, Sleeps 2, 1 King Bed and 1 Double Sofa Bed, Free wired internet, Golf view",https://www.expedia.co.in/Stevens-Point-Hotels-Comfort-Suites-At-Par-4-Resort.h1085058.Hotel-Information?chkin=2025-11-22&chkout=2025-11-23&x_pwa=1&rfrr=HSR&useRewards=true&rm1=a2&selected=EXPEDIA_3&sort=RECOMMENDED&pwa_ts=1762093510134&top_cur=USD
EXPEDIA_3,Expedia.com,Comfort Suites at Par 4 Resort,2025-11-22,2025-11-23,"Suite, 1 King Bed, Accessible, Non Smoking",King Bed,King,Suite,2.0,14763.0,1993.0,16756.0,"452 sq ft, Sleeps 4, 1 King Bed, Free wired internet, Golf view",https://www.expedia.co.in/Stevens-Point-Hotels-Comfort-Suites-At-Par-4-Resort.h1085058.Hotel-Information?chkin=2025-11-22&chkout=2025-11-23&x_pwa=1&rfrr=HSR&useRewards=true&rm1=a2&selected=EXPEDIA_3&sort=RECOMMENDED&pwa_ts=1762093510134&top_cur=USD
EXPEDIA_4,Expedia.com,Ramada by Wyndham Waupaca,2025-11-10,2025-11-11,"Room, 2 Queen Beds, Non Smoking",Queen Beds,Queen,Normal,,9885.0,1334.0,11219.0,"Free breakfast, Free self parking, Sleeps 4, 2 Queen Beds, High-speed internet access",https://www.expedia.co.in/Stevens-Point-Hotels-Ramada-By-Wyndham-Waupaca.h7695.Hotel-Information?chkin=2025-11-10&chkout=2025-11-11&x_pwa=1&rfrr=HSR&useRewards=true&rm1=a2&selected=EXPEDIA_4&sort=RECOMMENDED&pwa_ts=1762093555376&top_cur=USD
EXPEDIA_4,Expedia.com,Ramada by Wyndham Waupaca,2025-11-10,2025-11-11,"Studio Suite, 1 King Bed, Non Smoking",King Bed,King,Suite,2.0,10639.0,1437.0,12076.0,"Free breakfast, Free self parking, Sleeps 2, 1 King Bed, High-speed internet access",https://www.expedia.co.in/Stevens-Point-Hotels-Ramada-By-Wyndham-Waupaca.h7695.Hotel-Information?chkin=2025-11-10&chkout=2025-11-11&x_pwa=1&rfrr=HSR&useRewards=true&rm1=a2&selected=EXPEDIA_4&sort=RECOMMENDED&pwa_ts=1762093555376&top_cur=USD
EXPEDIA_4,Expedia.com,Ramada by Wyndham Waupaca,2025-11-10,2025-11-11,"Room, 1 Queen Bed, Non Smoking",Queen Bed,Queen,Normal,2.0,9885.0,1334.0,11219.0,"Free breakfast, Free self parking, Sleeps 4, 1 Queen Bed, High-speed internet access",https://www.expedia.co.in/Stevens-Point-Hotels-Ramada-By-Wyndham-Waupaca.h7695.Hotel-Information?chkin=2025-11-10&chkout=2025-11-11&x_pwa=1&rfrr=HSR&useRewards=true&rm1=a2&selected=EXPEDIA_4&sort=RECOMMENDED&pwa_ts=1762093555376&top_cur=USD
EXPEDIA_4,Expedia.com,Ramada by Wyndham Waupaca,2025-11-10,2025-11-11,"Room, 1 King Bed, Non Smoking",King Bed,King,Normal,6.0,9885.0,1334.0,11219.0,"Free breakfast, Free self parking, Sleeps 2, 1 King Bed, High-speed internet access",https://www.expedia.co.in/Stevens-Point-Hotels-Ramada-By-Wyndham-Waupaca.h7695.Hotel-Information?chkin=2025-11-10&chkout=2025-11-11&x_pwa=1&rfrr=HSR&useRewards=true&rm1=a2&selected=EXPEDIA_4&sort=RECOMMENDED&pwa_ts=1762093555376&top_cur=USD
EXPEDIA_4,Expedia.com,Ramada by Wyndham Waupaca,2025-11-10,2025-11-11,"Room, 2 Queen Beds, Accessible, Non Smoking (Tub with Grab Bars)",Queen Beds,Queen,Normal,8.0,9885.0,1334.0,11219.0,"Free breakfast, Free self parking, Sleeps 4, 2 Queen Beds, High-speed internet access",https://www.expedia.co.in/Stevens-Point-Hotels-Ramada-By-Wyndham-Waupaca.h7695.Hotel-Information?chkin=2025-11-10&chkout=2025-11-11&x_pwa=1&rfrr=HSR&useRewards=true&rm1=a2&selected=EXPEDIA_4&sort=RECOMMENDED&pwa_ts=1762093555376&top_cur=USD
EXPEDIA_4,Expedia.com,Ramada by Wyndham Waupaca,2025-11-10,2025-11-11,"Suite, 1 Bedroom, Non Smoking (1 King Bed)",King Bed,King,Suite,2.0,11017.0,1487.0,12504.0,"Free breakfast, Free self parking, Sleeps 4, 1 King Bed, High-speed internet access",https://www.expedia.co.in/Stevens-Point-Hotels-Ramada-By-Wyndham-Waupaca.h7695.Hotel-Information?chkin=2025-11-10&chkout=2025-11-11&x_pwa=1&rfrr=HSR&useRewards=true&rm1=a2&selected=EXPEDIA_4&sort=RECOMMENDED&pwa_ts=1762093555376&top_cur=USD
EXPEDIA_4,Expedia.com,Ramada by Wyndham Waupaca,2025-11-10,2025-11-11,"Deluxe Studio Suite, 1 King Bed, Non Smoking",King Bed,King,Suite,3.0,11394.0,1538.0,12932.0,"Free breakfast, Free self parking, Sleeps 4, 1 King Bed, High-speed internet access",https://www.expedia.co.in/Stevens-Point-Hotels-Ramada-By-Wyndham-Waupaca.h7695.Hotel-Information?chkin=2025-11-10&chkout=2025-11-11&x_pwa=1&rfrr=HSR&useRewards=true&rm1=a2&selected=EXPEDIA_4&sort=RECOMMENDED&pwa_ts=1762093555376&top_cur=USD
EXPEDIA_4,Expedia.com,Ramada by Wyndham Waupaca,2025-11-10,2025-11-11,"Room, 1 Queen Bed, Non Smoking (Efficiency)",Queen Bed,Queen,Normal,2.0,12903.0,1742.0,14645.0,"Free breakfast, Free self parking, Sleeps 4, 1 Queen Bed, High-speed internet access",https://www.expedia.co.in/Stevens-Point-Hotels-Ramada-By-Wyndham-Waupaca.h7695.Hotel-Information?chkin=2025-11-10&chkout=2025-11-11&x_pwa=1&rfrr=HSR&useRewards=true&rm1=a2&selected=EXPEDIA_4&sort=RECOMMENDED&pwa_ts=1762093555376&top_cur=USD
EXPEDIA_4,Expedia.com,Ramada by Wyndham Waupaca,2025-11-11,2025-11-12,"Room, 1 King Bed, Non Smoking",King Bed,King,Normal,7.0,6112.0,825.0,6937.0,"Free breakfast, Free self parking, Sleeps 2, 1 King Bed, High-speed internet access",https://www.expedia.co.in/Stevens-Point-Hotels-Ramada-By-Wyndham-Waupaca.h7695.Hotel-Information?chkin=2025-11-11&chkout=2025-11-12&x_pwa=1&rfrr=HSR&useRewards=true&rm1=a2&selected=EXPEDIA_4&sort=RECOMMENDED&pwa_ts=1762093597994&top_cur=USD
EXPEDIA_4,Expedia.com,Ramada by Wyndham Waupaca,2025-11-11,2025-11-12,"Studio Suite, 1 King Bed, Non Smoking",King Bed,King,Suite,2.0,6866.0,927.0,7793.0,"Free breakfast, Free self parking, Sleeps 2, 1 King Bed, High-speed internet access",https://www.expedia.co.in/Stevens-Point-Hotels-Ramada-By-Wyndham-Waupaca.h7695.Hotel-Information?chkin=2025-11-11&chkout=2025-11-12&x_pwa=1&rfrr=HSR&useRewards=true&rm1=a2&selected=EXPEDIA_4&sort=RECOMMENDED&pwa_ts=1762093597994&top_cur=USD
EXPEDIA_4,Expedia.com,Ramada by Wyndham Waupaca,2025-11-11,2025-11-12,"Room, 1 Queen Bed, Non Smoking",Queen Bed,Queen,Normal,2.0,6112.0,825.0,6937.0,"Free breakfast, Free self parking, Sleeps 4, 1 Queen Bed, High-speed internet access",https://www.expedia.co.in/Stevens-Point-Hotels-Ramada-By-Wyndham-Waupaca.h7695.Hotel-Information?chkin=2025-11-11&chkout=2025-11-12&x_pwa=1&rfrr=HSR&useRewards=true&rm1=a2&selected=EXPEDIA_4&sort=RECOMMENDED&pwa_ts=1762093597994&top_cur=USD
EXPEDIA_4,Expedia.com,Ramada by Wyndham Waupaca,2025-11-11,2025-11-12,"Room, 2 Queen Beds, Non Smoking",Queen Beds,Queen,Normal,,6112.0,825.0,6937.0,"Free breakfast, Free self parking, Sleeps 4, 2 Queen Beds, High-speed internet access",https://www.expedia.co.in/Stevens-Point-Hotels-Ramada-By-Wyndham-Waupaca.h7695.Hotel-Information?chkin=2025-11-11&chkout=2025-11-12&x_pwa=1&rfrr=HSR&useRewards=true&rm1=a2&selected=EXPEDIA_4&sort=RECOMMENDED&pwa_ts=1762093597994&top_cur=USD
EXPEDIA_4,Expedia.com,Ramada by Wyndham Waupaca,2025-11-11,2025-11-12,"Room, 2 Queen Beds, Accessible, Non Smoking (Tub with Grab Bars)",Queen Beds,Queen,Normal,8.0,6112.0,825.0,6937.0,"Free breakfast, Free self parking, Sleeps 4, 2 Queen Beds, High-speed internet access",https://www.expedia.co.in/Stevens-Point-Hotels-Ramada-By-Wyndham-Waupaca.h7695.Hotel-Information?chkin=2025-11-11&chkout=2025-11-12&x_pwa=1&rfrr=HSR&useRewards=true&rm1=a2&selected=EXPEDIA_4&sort=RECOMMENDED&pwa_ts=1762093597994&top_cur=USD
EXPEDIA_4,Expedia.com,Ramada by Wyndham Waupaca,2025-11-11,2025-11-12,"Suite, 1 Bedroom, Non Smoking (1 King Bed)",King Bed,King,Suite,2.0,7244.0,978.0,8222.0,"Free breakfast, Free self parking, Sleeps 4, 1 King Bed, High-speed internet access",https://www.expedia.co.in/Stevens-Point-Hotels-Ramada-By-Wyndham-Waupaca.h7695.Hotel-Information?chkin=2025-11-11&chkout=2025-11-12&x_pwa=1&rfrr=HSR&useRewards=true&rm1=a2&selected=EXPEDIA_4&sort=RECOMMENDED&pwa_ts=1762093597994&top_cur=USD
EXPEDIA_4,Expedia.com,Ramada by Wyndham Waupaca,2025-11-11,2025-11-12,"Deluxe Studio Suite, 1 King Bed, Non Smoking",King Bed,King,Suite,3.0,7621.0,1029.0,8650.0,"Free breakfast, Free self parking, Sleeps 4, 1 King Bed, High-speed internet access",https://www.expedia.co.in/Stevens-Point-Hotels-Ramada-By-Wyndham-Waupaca.h7695.Hotel-Information?chkin=2025-11-11&chkout=2025-11-12&x_pwa=1&rfrr=HSR&useRewards=true&rm1=a2&selected=EXPEDIA_4&sort=RECOMMENDED&pwa_ts=1762093597994&top_cur=USD
EXPEDIA_4,Expedia.com,Ramada by Wyndham Waupaca,2025-11-11,2025-11-12,"Room, 1 Queen Bed, Non Smoking (Efficiency)",Queen Bed,Queen,Normal,2.0,9130.0,1233.0,10363.0,"Free breakfast, Free self parking, Sleeps 4, 1 Queen Bed, High-speed internet access",https://www.expedia.co.in/Stevens-Point-Hotels-Ramada-By-Wyndham-Waupaca.h7695.Hotel-Information?chkin=2025-11-11&chkout=2025-11-12&x_pwa=1&rfrr=HSR&useRewards=true&rm1=a2&selected=EXPEDIA_4&sort=RECOMMENDED&pwa_ts=1762093597994&top_cur=USD
EXPEDIA_4,Expedia.com,Ramada by Wyndham Waupaca,2025-11-12,2025-11-13,"Room, 1 King Bed, Non Smoking",King Bed,King,Normal,7.0,6112.0,825.0,6937.0,"Free breakfast, Free self parking, Sleeps 2, 1 King Bed, High-speed internet access",https://www.expedia.co.in/Stevens-Point-Hotels-Ramada-By-Wyndham-Waupaca.h7695.Hotel-Information?chkin=2025-11-12&chkout=2025-11-13&x_pwa=1&rfrr=HSR&useRewards=true&rm1=a2&selected=EXPEDIA_4&sort=RECOMMENDED&pwa_ts=1762093642006&top_cur=USD
EXPEDIA_4,Expedia.com,Ramada by Wyndham Waupaca,2025-11-12,2025-11-13,"Studio Suite, 1 King Bed, Non Smoking",King Bed,King,Suite,2.0,6866.0,927.0,7793.0,"Free breakfast, Free self parking, Sleeps 2, 1 King Bed, High-speed internet access",https://www.expedia.co.in/Stevens-Point-Hotels-Ramada-By-Wyndham-Waupaca.h7695.Hotel-Information?chkin=2025-11-12&chkout=2025-11-13&x_pwa=1&rfrr=HSR&useRewards=true&rm1=a2&selected=EXPEDIA_4&sort=RECOMMENDED&pwa_ts=1762093642006&top_cur=USD
EXPEDIA_4,Expedia.com,Ramada by Wyndham Waupaca,2025-11-12,2025-11-13,"Room, 1 Queen Bed, Non Smoking",Queen Bed,Queen,Normal,2.0,6112.0,825.0,6937.0,"Free breakfast, Free self parking, Sleeps 4, 1 Queen Bed, High-speed internet access",https://www.expedia.co.in/Stevens-Point-Hotels-Ramada-By-Wyndham-Waupaca.h7695.Hotel-Information?chkin=2025-11-12&chkout=2025-11-13&x_pwa=1&rfrr=HSR&useRewards=true&rm1=a2&selected=EXPEDIA_4&sort=RECOMMENDED&pwa_ts=1762093642006&top_cur=USD
EXPEDIA_4,Expedia.com,Ramada by Wyndham Waupaca,2025-11-12,2025-11-13,"Room, 2 Queen Beds, Non Smoking",Queen Beds,Queen,Normal,,6112.0,825.0,6937.0,"Free breakfast, Free self parking, Sleeps 4, 2 Queen Beds, High-speed internet access",https://www.expedia.co.in/Stevens-Point-Hotels-Ramada-By-Wyndham-Waupaca.h7695.Hotel-Information?chkin=2025-11-12&chkout=2025-11-13&x_pwa=1&rfrr=HSR&useRewards=true&rm1=a2&selected=EXPEDIA_4&sort=RECOMMENDED&pwa_ts=1762093642006&top_cur=USD
EXPEDIA_4,Expedia.com,Ramada by Wyndham Waupaca,2025-11-12,2025-11-13,"Room, 2 Queen Beds, Accessible, Non Smoking (Tub with Grab Bars)",Queen Beds,Queen,Normal,3.0,6112.0,825.0,6937.0,"Free breakfast, Free self parking, Sleeps 4, 2 Queen Beds, High-speed internet access",https://www.expedia.co.in/Stevens-Point-Hotels-Ramada-By-Wyndham-Waupaca.h7695.Hotel-Information?chkin=2025-11-12&chkout=2025-11-13&x_pwa=1&rfrr=HSR&useRewards=true&rm1=a2&selected=EXPEDIA_4&sort=RECOMMENDED&pwa_ts=1762093642006&top_cur=USD
EXPEDIA_4,Expedia.com,Ramada by Wyndham Waupaca,2025-11-12,2025-11-13,"Suite, 1 Bedroom, Non Smoking (1 King Bed)",King Bed,King,Suite,1.0,7244.0,978.0,8222.0,"Free breakfast, Free self parking, Sleeps 4, 1 King Bed, High-speed internet access",https://www.expedia.co.in/Stevens-Point-Hotels-Ramada-By-Wyndham-Waupaca.h7695.Hotel-Information?chkin=2025-11-12&chkout=2025-11-13&x_pwa=1&rfrr=HSR&useRewards=true&rm1=a2&selected=EXPEDIA_4&sort=RECOMMENDED&pwa_ts=1762093642006&top_cur=USD
EXPEDIA_4,Expedia.com,Ramada by Wyndham Waupaca,2025-11-12,2025-11-13,"Deluxe Studio Suite, 1 King Bed, Non Smoking",King Bed,King,Suite,3.0,7621.0,1029.0,8650.0,"Free breakfast, Free self parking, Sleeps 4, 1 King Bed, High-speed internet access",https://www.expedia.co.in/Stevens-Point-Hotels-Ramada-By-Wyndham-Waupaca.h7695.Hotel-Information?chkin=2025-11-12&chkout=2025-11-13&x_pwa=1&rfrr=HSR&useRewards=true&rm1=a2&selected=EXPEDIA_4&sort=RECOMMENDED&pwa_ts=1762093642006&top_cur=USD
EXPEDIA_4,Expedia.com,Ramada by Wyndham Waupaca,2025-11-12,2025-11-13,"Room, 1 Queen Bed, Non Smoking (Efficiency)",Queen Bed,Queen,Normal,2.0,9130.0,1233.0,10363.0,"Free breakfast, Free self parking, Sleeps 4, 1 Queen Bed, High-speed internet access",https://www.expedia.co.in/Stevens-Point-Hotels-Ramada-By-Wyndham-Waupaca.h7695.Hotel-Information?chkin=2025-11-12&chkout=2025-11-13&x_pwa=1&rfrr=HSR&useRewards=true&rm1=a2&selected=EXPEDIA_4&sort=RECOMMENDED&pwa_ts=1762093642006&top_cur=USD
EXPEDIA_4,Expedia.com,Ramada by Wyndham Waupaca,2025-11-13,2025-11-14,"Room, 1 King Bed, Non Smoking",King Bed,King,Normal,7.0,6187.0,836.0,7023.0,"Free breakfast, Free self parking, Sleeps 2, 1 King Bed, High-speed internet access",https://www.expedia.co.in/Stevens-Point-Hotels-Ramada-By-Wyndham-Waupaca.h7695.Hotel-Information?chkin=2025-11-13&chkout=2025-11-14&x_pwa=1&rfrr=HSR&useRewards=true&rm1=a2&selected=EXPEDIA_4&sort=RECOMMENDED&pwa_ts=1762093688658&top_cur=USD
EXPEDIA_4,Expedia.com,Ramada by Wyndham Waupaca,2025-11-13,2025-11-14,"Studio Suite, 1 King Bed, Non Smoking",King Bed,King,Suite,2.0,6942.0,937.0,7879.0,"Free breakfast, Free self parking, Sleeps 2, 1 King Bed, High-speed internet access",https://www.expedia.co.in/Stevens-Point-Hotels-Ramada-By-Wyndham-Waupaca.h7695.Hotel-Information?chkin=2025-11-13&chkout=2025-11-14&x_pwa=1&rfrr=HSR&useRewards=true&rm1=a2&selected=EXPEDIA_4&sort=RECOMMENDED&pwa_ts=1762093688658&top_cur=USD
EXPEDIA_4,Expedia.com,Ramada by Wyndham Waupaca,2025-11-13,2025-11-14,"Room, 1 Queen Bed, Non Smoking",Queen Bed,Queen,Normal,2.0,6187.0,836.0,7023.0,"Free breakfast, Free self parking, Sleeps 4, 1 Queen Bed, High-speed internet access",https://www.expedia.co.in/Stevens-Point-Hotels-Ramada-By-Wyndham-Waupaca.h7695.Hotel-Information?chkin=2025-11-13&chkout=2025-11-14&x_pwa=1&rfrr=HSR&useRewards=true&rm1=a2&selected=EXPEDIA_4&sort=RECOMMENDED&pwa_ts=1762093688658&top_cur=USD
EXPEDIA_4,Expedia.com,Ramada by Wyndham Waupaca,2025-11-13,2025-11-14,"Room, 2 Queen Beds, Non Smoking",Queen Beds,Queen,Normal,,6187.0,836.0,7023.0,"Free breakfast, Free self parking, Sleeps 4, 2 Queen Beds, High-speed internet access",https://www.expedia.co.in/Stevens-Point-Hotels-Ramada-By-Wyndham-Waupaca.h7695.Hotel-Information?chkin=2025-11-13&chkout=2025-11-14&x_pwa=1&rfrr=HSR&useRewards=true&rm1=a2&selected=EXPEDIA_4&sort=RECOMMENDED&pwa_ts=1762093688658&top_cur=USD
EXPEDIA_4,Expedia.com,Ramada by Wyndham Waupaca,2025-11-13,2025-11-14,"Room, 2 Queen Beds, Accessible, Non Smoking (Tub with Grab Bars)",Queen Beds,Queen,Normal,3.0,6187.0,836.0,7023.0,"Free breakfast, Free self parking, Sleeps 4, 2 Queen Beds, High-speed internet access",https://www.expedia.co.in/Stevens-Point-Hotels-Ramada-By-Wyndham-Waupaca.h7695.Hotel-Information?chkin=2025-11-13&chkout=2025-11-14&x_pwa=1&rfrr=HSR&useRewards=true&rm1=a2&selected=EXPEDIA_4&sort=RECOMMENDED&pwa_ts=1762093688658&top_cur=USD
EXPEDIA_4,Expedia.com,Ramada by Wyndham Waupaca,2025-11-13,2025-11-14,"Suite, 1 Bedroom, Non Smoking (1 King Bed)",King Bed,King,Suite,1.0,7319.0,988.0,8307.0,"Free breakfast, Free self parking, Sleeps 4, 1 King Bed, High-speed internet access",https://www.expedia.co.in/Stevens-Point-Hotels-Ramada-By-Wyndham-Waupaca.h7695.Hotel-Information?chkin=2025-11-13&chkout=2025-11-14&x_pwa=1&rfrr=HSR&useRewards=true&rm1=a2&selected=EXPEDIA_4&sort=RECOMMENDED&pwa_ts=1762093688658&top_cur=USD
EXPEDIA_4,Expedia.com,Ramada by Wyndham Waupaca,2025-11-13,2025-11-14,"Deluxe Studio Suite, 1 King Bed, Non Smoking",King Bed,King,Suite,3.0,7696.0,1039.0,8735.0,"Free breakfast, Free self parking, Sleeps 4, 1 King Bed, High-speed internet access",https://www.expedia.co.in/Stevens-Point-Hotels-Ramada-By-Wyndham-Waupaca.h7695.Hotel-Information?chkin=2025-11-13&chkout=2025-11-14&x_pwa=1&rfrr=HSR&useRewards=true&rm1=a2&selected=EXPEDIA_4&sort=RECOMMENDED&pwa_ts=1762093688658&top_cur=USD
EXPEDIA_4,Expedia.com,Ramada by Wyndham Waupaca,2025-11-13,2025-11-14,"Room, 1 Queen Bed, Non Smoking (Efficiency)",Queen Bed,Queen,Normal,2.0,9206.0,1242.0,10448.0,"Free breakfast, Free self parking, Sleeps 4, 1 Queen Bed, High-speed internet access",https://www.expedia.co.in/Stevens-Point-Hotels-Ramada-By-Wyndham-Waupaca.h7695.Hotel-Information?chkin=2025-11-13&chkout=2025-11-14&x_pwa=1&rfrr=HSR&useRewards=true&rm1=a2&selected=EXPEDIA_4&sort=RECOMMENDED&pwa_ts=1762093688658&top_cur=USD
EXPEDIA_4,Expedia.com,Ramada by Wyndham Waupaca,2025-11-14,2025-11-15,"Room, 1 King Bed, Non Smoking",King Bed,King,Normal,,10488.0,1416.0,11904.0,"Free breakfast, Free self parking, Sleeps 2, 1 King Bed, High-speed internet access",https://www.expedia.co.in/Stevens-Point-Hotels-Ramada-By-Wyndham-Waupaca.h7695.Hotel-Information?chkin=2025-11-14&chkout=2025-11-15&x_pwa=1&rfrr=HSR&useRewards=true&rm1=a2&selected=EXPEDIA_4&sort=RECOMMENDED&pwa_ts=1762093734670&top_cur=USD
EXPEDIA_4,Expedia.com,Ramada by Wyndham Waupaca,2025-11-14,2025-11-15,"Room, 2 Queen Beds, Non Smoking",Queen Beds,Queen,Normal,,10866.0,1466.0,12332.0,"Free breakfast, Free self parking, Sleeps 4, 2 Queen Beds, High-speed internet access",https://www.expedia.co.in/Stevens-Point-Hotels-Ramada-By-Wyndham-Waupaca.h7695.Hotel-Information?chkin=2025-11-14&chkout=2025-11-15&x_pwa=1&rfrr=HSR&useRewards=true&rm1=a2&selected=EXPEDIA_4&sort=RECOMMENDED&pwa_ts=1762093734670&top_cur=USD
EXPEDIA_4,Expedia.com,Ramada by Wyndham Waupaca,2025-11-14,2025-11-15,"Room, 1 Queen Bed, Non Smoking",Queen Bed,Queen,Normal,2.0,10488.0,1416.0,11904.0,"Free breakfast, Free self parking, Sleeps 4, 1 Queen Bed, High-speed internet access",https://www.expedia.co.in/Stevens-Point-Hotels-Ramada-By-Wyndham-Waupaca.h7695.Hotel-Information?chkin=2025-11-14&chkout=2025-11-15&x_pwa=1&rfrr=HSR&useRewards=true&rm1=a2&selected=EXPEDIA_4&sort=RECOMMENDED&pwa_ts=1762093734670&top_cur=USD
EXPEDIA_4,Expedia.com,Ramada by Wyndham Waupaca,2025-11-14,2025-11-15,"Room, 2 Queen Beds, Accessible, Non Smoking (Tub with Grab Bars)",Queen Beds,Queen,Normal,3.0,10866.0,1466.0,12332.0,"Free breakfast, Free self parking, Sleeps 4, 2 Queen Beds, High-speed internet access",https://www.expedia.co.in/Stevens-Point-Hotels-Ramada-By-Wyndham-Waupaca.h7695.Hotel-Information?chkin=2025-11-14&chkout=2025-11-15&x_pwa=1&rfrr=HSR&useRewards=true&rm1=a2&selected=EXPEDIA_4&sort=RECOMMENDED&pwa_ts=1762093734670&top_cur=USD
EXPEDIA_4,Expedia.com,Ramada by Wyndham Waupaca,2025-11-14,2025-11-15,"Studio Suite, 1 King Bed, Non Smoking",King Bed,King,Suite,2.0,11997.0,1620.0,13617.0,"Free breakfast, Free self parking, Sleeps 2, 1 King Bed, High-speed internet access",https://www.expedia.co.in/Stevens-Point-Hotels-Ramada-By-Wyndham-Waupaca.h7695.Hotel-Information?chkin=2025-11-14&chkout=2025-11-15&x_pwa=1&rfrr=HSR&useRewards=true&rm1=a2&selected=EXPEDIA_4&sort=RECOMMENDED&pwa_ts=1762093734670&top_cur=USD
EXPEDIA_4,Expedia.com,Ramada by Wyndham Waupaca,2025-11-14,2025-11-15,"Deluxe Studio Suite, 1 King Bed, Non Smoking",King Bed,King,Suite,3.0,12752.0,1722.0,14474.0,"Free breakfast, Free self parking, Sleeps 4, 1 King Bed, High-speed internet access",https://www.expedia.co.in/Stevens-Point-Hotels-Ramada-By-Wyndham-Waupaca.h7695.Hotel-Information?chkin=2025-11-14&chkout=2025-11-15&x_pwa=1&rfrr=HSR&useRewards=true&rm1=a2&selected=EXPEDIA_4&sort=RECOMMENDED&pwa_ts=1762093734670&top_cur=USD
EXPEDIA_4,Expedia.com,Ramada by Wyndham Waupaca,2025-11-14,2025-11-15,"Suite, 1 Bedroom, Non Smoking (1 King Bed)",King Bed,King,Suite,1.0,13507.0,1823.0,15330.0,"Free breakfast, Free self parking, Sleeps 4, 1 King Bed, High-speed internet access",https://www.expedia.co.in/Stevens-Point-Hotels-Ramada-By-Wyndham-Waupaca.h7695.Hotel-Information?chkin=2025-11-14&chkout=2025-11-15&x_pwa=1&rfrr=HSR&useRewards=true&rm1=a2&selected=EXPEDIA_4&sort=RECOMMENDED&pwa_ts=1762093734670&top_cur=USD
EXPEDIA_4,Expedia.com,Ramada by Wyndham Waupaca,2025-11-14,2025-11-15,"Room, 1 Queen Bed, Non Smoking (Efficiency)",Queen Bed,Queen,Normal,2.0,13507.0,1823.0,15330.0,"Free breakfast, Free self parking, Sleeps 4, 1 Queen Bed, High-speed internet access",https://www.expedia.co.in/Stevens-Point-Hotels-Ramada-By-Wyndham-Waupaca.h7695.Hotel-Information?chkin=2025-11-14&chkout=2025-11-15&x_pwa=1&rfrr=HSR&useRewards=true&rm1=a2&selected=EXPEDIA_4&sort=RECOMMENDED&pwa_ts=1762093734670&top_cur=USD
EXPEDIA_4,Expedia.com,Ramada by Wyndham Waupaca,2025-11-15,2025-11-16,"Room, 1 King Bed, Non Smoking",King Bed,King,Normal,,10488.0,1416.0,11904.0,"Free breakfast, Free self parking, Sleeps 2, 1 King Bed, High-speed internet access",https://www.expedia.co.in/Stevens-Point-Hotels-Ramada-By-Wyndham-Waupaca.h7695.Hotel-Information?chkin=2025-11-15&chkout=2025-11-16&x_pwa=1&rfrr=HSR&useRewards=true&rm1=a2&selected=EXPEDIA_4&sort=RECOMMENDED&pwa_ts=1762093778462&top_cur=USD
EXPEDIA_4,Expedia.com,Ramada by Wyndham Waupaca,2025-11-15,2025-11-16,"Room, 2 Queen Beds, Non Smoking",Queen Beds,Queen,Normal,,10866.0,1466.0,12332.0,"Free breakfast, Free self parking, Sleeps 4, 2 Queen Beds, High-speed internet access",https://www.expedia.co.in/Stevens-Point-Hotels-Ramada-By-Wyndham-Waupaca.h7695.Hotel-Information?chkin=2025-11-15&chkout=2025-11-16&x_pwa=1&rfrr=HSR&useRewards=true&rm1=a2&selected=EXPEDIA_4&sort=RECOMMENDED&pwa_ts=1762093778462&top_cur=USD
EXPEDIA_4,Expedia.com,Ramada by Wyndham Waupaca,2025-11-15,2025-11-16,"Room, 1 Queen Bed, Non Smoking",Queen Bed,Queen,Normal,2.0,10488.0,1416.0,11904.0,"Free breakfast, Free self parking, Sleeps 4, 1 Queen Bed, High-speed internet access",https://www.expedia.co.in/Stevens-Point-Hotels-Ramada-By-Wyndham-Waupaca.h7695.Hotel-Information?chkin=2025-11-15&chkout=2025-11-16&x_pwa=1&rfrr=HSR&useRewards=true&rm1=a2&selected=EXPEDIA_4&sort=RECOMMENDED&pwa_ts=1762093778462&top_cur=USD
EXPEDIA_4,Expedia.com,Ramada by Wyndham Waupaca,2025-11-15,2025-11-16,"Room, 2 Queen Beds, Accessible, Non Smoking (Tub with Grab Bars)",Queen Beds,Queen,Normal,3.0,10866.0,1466.0,12332.0,"Free breakfast, Free self parking, Sleeps 4, 2 Queen Beds, High-speed internet access",https://www.expedia.co.in/Stevens-Point-Hotels-Ramada-By-Wyndham-Waupaca.h7695.Hotel-Information?chkin=2025-11-15&chkout=2025-11-16&x_pwa=1&rfrr=HSR&useRewards=true&rm1=a2&selected=EXPEDIA_4&sort=RECOMMENDED&pwa_ts=1762093778462&top_cur=USD
EXPEDIA_4,Expedia.com,Ramada by Wyndham Waupaca,2025-11-15,2025-11-16,"Studio Suite, 1 King Bed, Non Smoking",King Bed,King,Suite,2.0,11997.0,1620.0,13617.0,"Free breakfast, Free self parking, Sleeps 2, 1 King Bed, High-speed internet access",https://www.expedia.co.in/Stevens-Point-Hotels-Ramada-By-Wyndham-Waupaca.h7695.Hotel-Information?chkin=2025-11-15&chkout=2025-11-16&x_pwa=1&rfrr=HSR&useRewards=true&rm1=a2&selected=EXPEDIA_4&sort=RECOMMENDED&pwa_ts=1762093778462&top_cur=USD
EXPEDIA_4,Expedia.com,Ramada by Wyndham Waupaca,2025-11-15,2025-11-16,"Deluxe Studio Suite, 1 King Bed, Non Smoking",King Bed,King,Suite,3.0,12752.0,1722.0,14474.0,"Free breakfast, Free self parking, Sleeps 4, 1 King Bed, High-speed internet access",https://www.expedia.co.in/Stevens-Point-Hotels-Ramada-By-Wyndham-Waupaca.h7695.Hotel-Information?chkin=2025-11-15&chkout=2025-11-16&x_pwa=1&rfrr=HSR&useRewards=true&rm1=a2&selected=EXPEDIA_4&sort=RECOMMENDED&pwa_ts=1762093778462&top_cur=USD
EXPEDIA_4,Expedia.com,Ramada by Wyndham Waupaca,2025-11-15,2025-11-16,"Suite, 1 Bedroom, Non Smoking (1 King Bed)",King Bed,King,Suite,1.0,13507.0,1823.0,15330.0,"Free breakfast, Free self parking, Sleeps 4, 1 King Bed, High-speed internet access",https://www.expedia.co.in/Stevens-Point-Hotels-Ramada-By-Wyndham-Waupaca.h7695.Hotel-Information?chkin=2025-11-15&chkout=2025-11-16&x_pwa=1&rfrr=HSR&useRewards=true&rm1=a2&selected=EXPEDIA_4&sort=RECOMMENDED&pwa_ts=1762093778462&top_cur=USD
EXPEDIA_4,Expedia.com,Ramada by Wyndham Waupaca,2025-11-15,2025-11-16,"Room, 1 Queen Bed, Non Smoking (Efficiency)",Queen Bed,Queen,Normal,2.0,13507.0,1823.0,15330.0,"Free breakfast, Free self parking, Sleeps 4, 1 Queen Bed, High-speed internet access",https://www.expedia.co.in/Stevens-Point-Hotels-Ramada-By-Wyndham-Waupaca.h7695.Hotel-Information?chkin=2025-11-15&chkout=2025-11-16&x_pwa=1&rfrr=HSR&useRewards=true&rm1=a2&selected=EXPEDIA_4&sort=RECOMMENDED&pwa_ts=1762093778462&top_cur=USD
EXPEDIA_4,Expedia.com,Ramada by Wyndham Waupaca,2025-11-16,2025-11-17,"Room, 2 Queen Beds, Non Smoking",Queen Beds,Queen,Normal,,6263.0,845.0,7108.0,"Free breakfast, Free self parking, Sleeps 4, 2 Queen Beds, High-speed internet access",https://www.expedia.co.in/Stevens-Point-Hotels-Ramada-By-Wyndham-Waupaca.h7695.Hotel-Information?chkin=2025-11-16&chkout=2025-11-17&x_pwa=1&rfrr=HSR&useRewards=true&rm1=a2&selected=EXPEDIA_4&sort=RECOMMENDED&pwa_ts=1762093827508&top_cur=USD
EXPEDIA_4,Expedia.com,Ramada by Wyndham Waupaca,2025-11-16,2025-11-17,"Studio Suite, 1 King Bed, Non Smoking",King Bed,King,Suite,2.0,7017.0,948.0,7965.0,"Free breakfast, Free self parking, Sleeps 2, 1 King Bed, High-speed internet access",https://www.expedia.co.in/Stevens-Point-Hotels-Ramada-By-Wyndham-Waupaca.h7695.Hotel-Information?chkin=2025-11-16&chkout=2025-11-17&x_pwa=1&rfrr=HSR&useRewards=true&rm1=a2&selected=EXPEDIA_4&sort=RECOMMENDED&pwa_ts=1762093827508&top_cur=USD
EXPEDIA_4,Expedia.com,Ramada by Wyndham Waupaca,2025-11-16,2025-11-17,"Room, 1 Queen Bed, Non Smoking",Queen Bed,Queen,Normal,2.0,6263.0,845.0,7108.0,"Free breakfast, Free self parking, Sleeps 4, 1 Queen Bed, High-speed internet access",https://www.expedia.co.in/Stevens-Point-Hotels-Ramada-By-Wyndham-Waupaca.h7695.Hotel-Information?chkin=2025-11-16&chkout=2025-11-17&x_pwa=1&rfrr=HSR&useRewards=true&rm1=a2&selected=EXPEDIA_4&sort=RECOMMENDED&pwa_ts=1762093827508&top_cur=USD
EXPEDIA_4,Expedia.com,Ramada by Wyndham Waupaca,2025-11-16,2025-11-17,"Room, 1 King Bed, Non Smoking",King Bed,King,Normal,,6263.0,845.0,7108.0,"Free breakfast, Free self parking, Sleeps 2, 1 King Bed, High-speed internet access",https://www.expedia.co.in/Stevens-Point-Hotels-Ramada-By-Wyndham-Waupaca.h7695.Hotel-Information?chkin=2025-11-16&chkout=2025-11-17&x_pwa=1&rfrr=HSR&useRewards=true&rm1=a2&selected=EXPEDIA_4&sort=RECOMMENDED&pwa_ts=1762093827508&top_cur=USD
EXPEDIA_4,Expedia.com,Ramada by Wyndham Waupaca,2025-11-16,2025-11-17,"Room, 2 Queen Beds, Accessible, Non Smoking (Tub with Grab Bars)",Queen Beds,Queen,Normal,7.0,6263.0,845.0,7108.0,"Free breakfast, Free self parking, Sleeps 4, 2 Queen Beds, High-speed internet access",https://www.expedia.co.in/Stevens-Point-Hotels-Ramada-By-Wyndham-Waupaca.h7695.Hotel-Information?chkin=2025-11-16&chkout=2025-11-17&x_pwa=1&rfrr=HSR&useRewards=true&rm1=a2&selected=EXPEDIA_4&sort=RECOMMENDED&pwa_ts=1762093827508&top_cur=USD
EXPEDIA_4,Expedia.com,Ramada by Wyndham Waupaca,2025-11-16,2025-11-17,"Suite, 1 Bedroom, Non Smoking (1 King Bed)",King Bed,King,Suite,2.0,7395.0,998.0,8393.0,"Free breakfast, Free self parking, Sleeps 4, 1 King Bed, High-speed internet access",https://www.expedia.co.in/Stevens-Point-Hotels-Ramada-By-Wyndham-Waupaca.h7695.Hotel-Information?chkin=2025-11-16&chkout=2025-11-17&x_pwa=1&rfrr=HSR&useRewards=true&rm1=a2&selected=EXPEDIA_4&sort=RECOMMENDED&pwa_ts=1762093827508&top_cur=USD
EXPEDIA_4,Expedia.com,Ramada by Wyndham Waupaca,2025-11-16,2025-11-17,"Deluxe Studio Suite, 1 King Bed, Non Smoking",King Bed,King,Suite,3.0,7772.0,1049.0,8821.0,"Free breakfast, Free self parking, Sleeps 4, 1 King Bed, High-speed internet access",https://www.expedia.co.in/Stevens-Point-Hotels-Ramada-By-Wyndham-Waupaca.h7695.Hotel-Information?chkin=2025-11-16&chkout=2025-11-17&x_pwa=1&rfrr=HSR&useRewards=true&rm1=a2&selected=EXPEDIA_4&sort=RECOMMENDED&pwa_ts=1762093827508&top_cur=USD
EXPEDIA_4,Expedia.com,Ramada by Wyndham Waupaca,2025-11-16,2025-11-17,"Room, 1 Queen Bed, Non Smoking (Efficiency)",Queen Bed,Queen,Normal,2.0,9281.0,1253.0,10534.0,"Free breakfast, Free self parking, Sleeps 4, 1 Queen Bed, High-speed internet access",https://www.expedia.co.in/Stevens-Point-Hotels-Ramada-By-Wyndham-Waupaca.h7695.Hotel-Information?chkin=2025-11-16&chkout=2025-11-17&x_pwa=1&rfrr=HSR&useRewards=true&rm1=a2&selected=EXPEDIA_4&sort=RECOMMENDED&pwa_ts=1762093827508&top_cur=USD
EXPEDIA_4,Expedia.com,Ramada by Wyndham Waupaca,2025-11-17,2025-11-18,"Room, 2 Queen Beds, Non Smoking",Queen Beds,Queen,Normal,,6036.0,815.0,6851.0,"Free breakfast, Free self parking, Sleeps 4, 2 Queen Beds, High-speed internet access",https://www.expedia.co.in/Stevens-Point-Hotels-Ramada-By-Wyndham-Waupaca.h7695.Hotel-Information?chkin=2025-11-17&chkout=2025-11-18&x_pwa=1&rfrr=HSR&useRewards=true&rm1=a2&selected=EXPEDIA_4&sort=RECOMMENDED&pwa_ts=1762093872238&top_cur=USD
EXPEDIA_4,Expedia.com,Ramada by Wyndham Waupaca,2025-11-17,2025-11-18,"Studio Suite, 1 King Bed, Non Smoking",King Bed,King,Suite,2.0,6791.0,917.0,7708.0,"Free breakfast, Free self parking, Sleeps 2, 1 King Bed, High-speed internet access",https://www.expedia.co.in/Stevens-Point-Hotels-Ramada-By-Wyndham-Waupaca.h7695.Hotel-Information?chkin=2025-11-17&chkout=2025-11-18&x_pwa=1&rfrr=HSR&useRewards=true&rm1=a2&selected=EXPEDIA_4&sort=RECOMMENDED&pwa_ts=1762093872238&top_cur=USD
EXPEDIA_4,Expedia.com,Ramada by Wyndham Waupaca,2025-11-17,2025-11-18,"Room, 1 Queen Bed, Non Smoking",Queen Bed,Queen,Normal,2.0,6036.0,815.0,6851.0,"Free breakfast, Free self parking, Sleeps 4, 1 Queen Bed, High-speed internet access",https://www.expedia.co.in/Stevens-Point-Hotels-Ramada-By-Wyndham-Waupaca.h7695.Hotel-Information?chkin=2025-11-17&chkout=2025-11-18&x_pwa=1&rfrr=HSR&useRewards=true&rm1=a2&selected=EXPEDIA_4&sort=RECOMMENDED&pwa_ts=1762093872238&top_cur=USD
EXPEDIA_4,Expedia.com,Ramada by Wyndham Waupaca,2025-11-17,2025-11-18,"Room, 1 King Bed, Non Smoking",King Bed,King,Normal,,6036.0,815.0,6851.0,"Free breakfast, Free self parking, Sleeps 2, 1 King Bed, High-speed internet access",https://www.expedia.co.in/Stevens-Point-Hotels-Ramada-By-Wyndham-Waupaca.h7695.Hotel-Information?chkin=2025-11-17&chkout=2025-11-18&x_pwa=1&rfrr=HSR&useRewards=true&rm1=a2&selected=EXPEDIA_4&sort=RECOMMENDED&pwa_ts=1762093872238&top_cur=USD
EXPEDIA_4,Expedia.com,Ramada by Wyndham Waupaca,2025-11-17,2025-11-18,"Room, 2 Queen Beds, Accessible, Non Smoking (Tub with Grab Bars)",Queen Beds,Queen,Normal,8.0,6036.0,815.0,6851.0,"Free breakfast, Free self parking, Sleeps 4, 2 Queen Beds, High-speed internet access",https://www.expedia.co.in/Stevens-Point-Hotels-Ramada-By-Wyndham-Waupaca.h7695.Hotel-Information?chkin=2025-11-17&chkout=2025-11-18&x_pwa=1&rfrr=HSR&useRewards=true&rm1=a2&selected=EXPEDIA_4&sort=RECOMMENDED&pwa_ts=1762093872238&top_cur=USD
EXPEDIA_4,Expedia.com,Ramada by Wyndham Waupaca,2025-11-17,2025-11-18,"Suite, 1 Bedroom, Non Smoking (1 King Bed)",King Bed,King,Suite,2.0,7168.0,968.0,8136.0,"Free breakfast, Free self parking, Sleeps 4, 1 King Bed, High-speed internet access",https://www.expedia.co.in/Stevens-Point-Hotels-Ramada-By-Wyndham-Waupaca.h7695.Hotel-Information?chkin=2025-11-17&chkout=2025-11-18&x_pwa=1&rfrr=HSR&useRewards=true&rm1=a2&selected=EXPEDIA_4&sort=RECOMMENDED&pwa_ts=1762093872238&top_cur=USD
EXPEDIA_4,Expedia.com,Ramada by Wyndham Waupaca,2025-11-17,2025-11-18,"Deluxe Studio Suite, 1 King Bed, Non Smoking",King Bed,King,Suite,3.0,7546.0,1018.0,8564.0,"Free breakfast, Free self parking, Sleeps 4, 1 King Bed, High-speed internet access",https://www.expedia.co.in/Stevens-Point-Hotels-Ramada-By-Wyndham-Waupaca.h7695.Hotel-Information?chkin=2025-11-17&chkout=2025-11-18&x_pwa=1&rfrr=HSR&useRewards=true&rm1=a2&selected=EXPEDIA_4&sort=RECOMMENDED&pwa_ts=1762093872238&top_cur=USD
EXPEDIA_4,Expedia.com,Ramada by Wyndham Waupaca,2025-11-17,2025-11-18,"Room, 1 Queen Bed, Non Smoking (Efficiency)",Queen Bed,Queen,Normal,2.0,9055.0,1222.0,10277.0,"Free breakfast, Free self parking, Sleeps 4, 1 Queen Bed, High-speed internet access",https://www.expedia.co.in/Stevens-Point-Hotels-Ramada-By-Wyndham-Waupaca.h7695.Hotel-Information?chkin=2025-11-17&chkout=2025-11-18&x_pwa=1&rfrr=HSR&useRewards=true&rm1=a2&selected=EXPEDIA_4&sort=RECOMMENDED&pwa_ts=1762093872238&top_cur=USD
EXPEDIA_4,Expedia.com,Ramada by Wyndham Waupaca,2025-11-18,2025-11-19,"Room, 2 Queen Beds, Non Smoking",Queen Beds,Queen,Normal,,6036.0,815.0,6851.0,"Free breakfast, Free self parking, Sleeps 4, 2 Queen Beds, High-speed internet access",https://www.expedia.co.in/Stevens-Point-Hotels-Ramada-By-Wyndham-Waupaca.h7695.Hotel-Information?chkin=2025-11-18&chkout=2025-11-19&x_pwa=1&rfrr=HSR&useRewards=true&rm1=a2&selected=EXPEDIA_4&sort=RECOMMENDED&pwa_ts=1762093919292&top_cur=USD
EXPEDIA_4,Expedia.com,Ramada by Wyndham Waupaca,2025-11-18,2025-11-19,"Studio Suite, 1 King Bed, Non Smoking",King Bed,King,Suite,2.0,6791.0,917.0,7708.0,"Free breakfast, Free self parking, Sleeps 2, 1 King Bed, High-speed internet access",https://www.expedia.co.in/Stevens-Point-Hotels-Ramada-By-Wyndham-Waupaca.h7695.Hotel-Information?chkin=2025-11-18&chkout=2025-11-19&x_pwa=1&rfrr=HSR&useRewards=true&rm1=a2&selected=EXPEDIA_4&sort=RECOMMENDED&pwa_ts=1762093919292&top_cur=USD
EXPEDIA_4,Expedia.com,Ramada by Wyndham Waupaca,2025-11-18,2025-11-19,"Room, 1 Queen Bed, Non Smoking",Queen Bed,Queen,Normal,2.0,6036.0,815.0,6851.0,"Free breakfast, Free self parking, Sleeps 4, 1 Queen Bed, High-speed internet access",https://www.expedia.co.in/Stevens-Point-Hotels-Ramada-By-Wyndham-Waupaca.h7695.Hotel-Information?chkin=2025-11-18&chkout=2025-11-19&x_pwa=1&rfrr=HSR&useRewards=true&rm1=a2&selected=EXPEDIA_4&sort=RECOMMENDED&pwa_ts=1762093919292&top_cur=USD
EXPEDIA_4,Expedia.com,Ramada by Wyndham Waupaca,2025-11-18,2025-11-19,"Room, 1 King Bed, Non Smoking",King Bed,King,Normal,,6036.0,815.0,6851.0,"Free breakfast, Free self parking, Sleeps 2, 1 King Bed, High-speed internet access",https://www.expedia.co.in/Stevens-Point-Hotels-Ramada-By-Wyndham-Waupaca.h7695.Hotel-Information?chkin=2025-11-18&chkout=2025-11-19&x_pwa=1&rfrr=HSR&useRewards=true&rm1=a2&selected=EXPEDIA_4&sort=RECOMMENDED&pwa_ts=1762093919292&top_cur=USD
EXPEDIA_4,Expedia.com,Ramada by Wyndham Waupaca,2025-11-18,2025-11-19,"Room, 2 Queen Beds, Accessible, Non Smoking (Tub with Grab Bars)",Queen Beds,Queen,Normal,8.0,6036.0,815.0,6851.0,"Free breakfast, Free self parking, Sleeps 4, 2 Queen Beds, High-speed internet access",https://www.expedia.co.in/Stevens-Point-Hotels-Ramada-By-Wyndham-Waupaca.h7695.Hotel-Information?chkin=2025-11-18&chkout=2025-11-19&x_pwa=1&rfrr=HSR&useRewards=true&rm1=a2&selected=EXPEDIA_4&sort=RECOMMENDED&pwa_ts=1762093919292&top_cur=USD
EXPEDIA_4,Expedia.com,Ramada by Wyndham Waupaca,2025-11-18,2025-11-19,"Suite, 1 Bedroom, Non Smoking (1 King Bed)",King Bed,King,Suite,2.0,7168.0,968.0,8136.0,"Free breakfast, Free self parking, Sleeps 4, 1 King Bed, High-speed internet access",https://www.expedia.co.in/Stevens-Point-Hotels-Ramada-By-Wyndham-Waupaca.h7695.Hotel-Information?chkin=2025-11-18&chkout=2025-11-19&x_pwa=1&rfrr=HSR&useRewards=true&rm1=a2&selected=EXPEDIA_4&sort=RECOMMENDED&pwa_ts=1762093919292&top_cur=USD
EXPEDIA_4,Expedia.com,Ramada by Wyndham Waupaca,2025-11-18,2025-11-19,"Deluxe Studio Suite, 1 King Bed, Non Smoking",King Bed,King,Suite,3.0,7546.0,1018.0,8564.0,"Free breakfast, Free self parking, Sleeps 4, 1 King Bed, High-speed internet access",https://www.expedia.co.in/Stevens-Point-Hotels-Ramada-By-Wyndham-Waupaca.h7695.Hotel-Information?chkin=2025-11-18&chkout=2025-11-19&x_pwa=1&rfrr=HSR&useRewards=true&rm1=a2&selected=EXPEDIA_4&sort=RECOMMENDED&pwa_ts=1762093919292&top_cur=USD
EXPEDIA_4,Expedia.com,Ramada by Wyndham Waupaca,2025-11-18,2025-11-19,"Room, 1 Queen Bed, Non Smoking (Efficiency)",Queen Bed,Queen,Normal,2.0,9055.0,1222.0,10277.0,"Free breakfast, Free self parking, Sleeps 4, 1 Queen Bed, High-speed internet access",https://www.expedia.co.in/Stevens-Point-Hotels-Ramada-By-Wyndham-Waupaca.h7695.Hotel-Information?chkin=2025-11-18&chkout=2025-11-19&x_pwa=1&rfrr=HSR&useRewards=true&rm1=a2&selected=EXPEDIA_4&sort=RECOMMENDED&pwa_ts=1762093919292&top_cur=USD
EXPEDIA_4,Expedia.com,Ramada by Wyndham Waupaca,2025-11-19,2025-11-20,"Room, 2 Queen Beds, Non Smoking",Queen Beds,Queen,Normal,,6036.0,815.0,6851.0,"Free breakfast, Free self parking, Sleeps 4, 2 Queen Beds, High-speed internet access",https://www.expedia.co.in/Stevens-Point-Hotels-Ramada-By-Wyndham-Waupaca.h7695.Hotel-Information?chkin=2025-11-19&chkout=2025-11-20&x_pwa=1&rfrr=HSR&useRewards=true&rm1=a2&selected=EXPEDIA_4&sort=RECOMMENDED&pwa_ts=1762093962404&top_cur=USD
EXPEDIA_4,Expedia.com,Ramada by Wyndham Waupaca,2025-11-19,2025-11-20,"Studio Suite, 1 King Bed, Non Smoking",King Bed,King,Suite,2.0,6791.0,917.0,7708.0,"Free breakfast, Free self parking, Sleeps 2, 1 King Bed, High-speed internet access",https://www.expedia.co.in/Stevens-Point-Hotels-Ramada-By-Wyndham-Waupaca.h7695.Hotel-Information?chkin=2025-11-19&chkout=2025-11-20&x_pwa=1&rfrr=HSR&useRewards=true&rm1=a2&selected=EXPEDIA_4&sort=RECOMMENDED&pwa_ts=1762093962404&top_cur=USD
EXPEDIA_4,Expedia.com,Ramada by Wyndham Waupaca,2025-11-19,2025-11-20,"Room, 1 Queen Bed, Non Smoking",Queen Bed,Queen,Normal,2.0,6036.0,815.0,6851.0,"Free breakfast, Free self parking, Sleeps 4, 1 Queen Bed, High-speed internet access",https://www.expedia.co.in/Stevens-Point-Hotels-Ramada-By-Wyndham-Waupaca.h7695.Hotel-Information?chkin=2025-11-19&chkout=2025-11-20&x_pwa=1&rfrr=HSR&useRewards=true&rm1=a2&selected=EXPEDIA_4&sort=RECOMMENDED&pwa_ts=1762093962404&top_cur=USD
EXPEDIA_4,Expedia.com,Ramada by Wyndham Waupaca,2025-11-19,2025-11-20,"Room, 1 King Bed, Non Smoking",King Bed,King,Normal,,6036.0,815.0,6851.0,"Free breakfast, Free self parking, Sleeps 2, 1 King Bed, High-speed internet access",https://www.expedia.co.in/Stevens-Point-Hotels-Ramada-By-Wyndham-Waupaca.h7695.Hotel-Information?chkin=2025-11-19&chkout=2025-11-20&x_pwa=1&rfrr=HSR&useRewards=true&rm1=a2&selected=EXPEDIA_4&sort=RECOMMENDED&pwa_ts=1762093962404&top_cur=USD
EXPEDIA_4,Expedia.com,Ramada by Wyndham Waupaca,2025-11-19,2025-11-20,"Room, 2 Queen Beds, Accessible, Non Smoking (Tub with Grab Bars)",Queen Beds,Queen,Normal,8.0,6036.0,815.0,6851.0,"Free breakfast, Free self parking, Sleeps 4, 2 Queen Beds, High-speed internet access",https://www.expedia.co.in/Stevens-Point-Hotels-Ramada-By-Wyndham-Waupaca.h7695.Hotel-Information?chkin=2025-11-19&chkout=2025-11-20&x_pwa=1&rfrr=HSR&useRewards=true&rm1=a2&selected=EXPEDIA_4&sort=RECOMMENDED&pwa_ts=1762093962404&top_cur=USD
EXPEDIA_4,Expedia.com,Ramada by Wyndham Waupaca,2025-11-19,2025-11-20,"Suite, 1 Bedroom, Non Smoking (1 King Bed)",King Bed,King,Suite,2.0,7168.0,968.0,8136.0,"Free breakfast, Free self parking, Sleeps 4, 1 King Bed, High-speed internet access",https://www.expedia.co.in/Stevens-Point-Hotels-Ramada-By-Wyndham-Waupaca.h7695.Hotel-Information?chkin=2025-11-19&chkout=2025-11-20&x_pwa=1&rfrr=HSR&useRewards=true&rm1=a2&selected=EXPEDIA_4&sort=RECOMMENDED&pwa_ts=1762093962404&top_cur=USD
EXPEDIA_4,Expedia.com,Ramada by Wyndham Waupaca,2025-11-19,2025-11-20,"Deluxe Studio Suite, 1 King Bed, Non Smoking",King Bed,King,Suite,3.0,7546.0,1018.0,8564.0,"Free breakfast, Free self parking, Sleeps 4, 1 King Bed, High-speed internet access",https://www.expedia.co.in/Stevens-Point-Hotels-Ramada-By-Wyndham-Waupaca.h7695.Hotel-Information?chkin=2025-11-19&chkout=2025-11-20&x_pwa=1&rfrr=HSR&useRewards=true&rm1=a2&selected=EXPEDIA_4&sort=RECOMMENDED&pwa_ts=1762093962404&top_cur=USD
EXPEDIA_4,Expedia.com,Ramada by Wyndham Waupaca,2025-11-19,2025-11-20,"Room, 1 Queen Bed, Non Smoking (Efficiency)",Queen Bed,Queen,Normal,2.0,9055.0,1222.0,10277.0,"Free breakfast, Free self parking, Sleeps 4, 1 Queen Bed, High-speed internet access",https://www.expedia.co.in/Stevens-Point-Hotels-Ramada-By-Wyndham-Waupaca.h7695.Hotel-Information?chkin=2025-11-19&chkout=2025-11-20&x_pwa=1&rfrr=HSR&useRewards=true&rm1=a2&selected=EXPEDIA_4&sort=RECOMMENDED&pwa_ts=1762093962404&top_cur=USD
EXPEDIA_4,Expedia.com,Ramada by Wyndham Waupaca,2025-11-20,2025-11-21,"Room, 2 Queen Beds, Non Smoking",Queen Beds,Queen,Normal,,6112.0,825.0,6937.0,"Free breakfast, Free self parking, Sleeps 4, 2 Queen Beds, High-speed internet access",https://www.expedia.co.in/Stevens-Point-Hotels-Ramada-By-Wyndham-Waupaca.h7695.Hotel-Information?chkin=2025-11-20&chkout=2025-11-21&x_pwa=1&rfrr=HSR&useRewards=true&rm1=a2&selected=EXPEDIA_4&sort=RECOMMENDED&pwa_ts=1762094008312&top_cur=USD
EXPEDIA_4,Expedia.com,Ramada by Wyndham Waupaca,2025-11-20,2025-11-21,"Studio Suite, 1 King Bed, Non Smoking",King Bed,King,Suite,2.0,6866.0,927.0,7793.0,"Free breakfast, Free self parking, Sleeps 2, 1 King Bed, High-speed internet access",https://www.expedia.co.in/Stevens-Point-Hotels-Ramada-By-Wyndham-Waupaca.h7695.Hotel-Information?chkin=2025-11-20&chkout=2025-11-21&x_pwa=1&rfrr=HSR&useRewards=true&rm1=a2&selected=EXPEDIA_4&sort=RECOMMENDED&pwa_ts=1762094008312&top_cur=USD
EXPEDIA_4,Expedia.com,Ramada by Wyndham Waupaca,2025-11-20,2025-11-21,"Room, 1 Queen Bed, Non Smoking",Queen Bed,Queen,Normal,2.0,6112.0,825.0,6937.0,"Free breakfast, Free self parking, Sleeps 4, 1 Queen Bed, High-speed internet access",https://www.expedia.co.in/Stevens-Point-Hotels-Ramada-By-Wyndham-Waupaca.h7695.Hotel-Information?chkin=2025-11-20&chkout=2025-11-21&x_pwa=1&rfrr=HSR&useRewards=true&rm1=a2&selected=EXPEDIA_4&sort=RECOMMENDED&pwa_ts=1762094008312&top_cur=USD
EXPEDIA_4,Expedia.com,Ramada by Wyndham Waupaca,2025-11-20,2025-11-21,"Room, 1 King Bed, Non Smoking",King Bed,King,Normal,,6112.0,825.0,6937.0,"Free breakfast, Free self parking, Sleeps 2, 1 King Bed, High-speed internet access",https://www.expedia.co.in/Stevens-Point-Hotels-Ramada-By-Wyndham-Waupaca.h7695.Hotel-Information?chkin=2025-11-20&chkout=2025-11-21&x_pwa=1&rfrr=HSR&useRewards=true&rm1=a2&selected=EXPEDIA_4&sort=RECOMMENDED&pwa_ts=1762094008312&top_cur=USD
EXPEDIA_4,Expedia.com,Ramada by Wyndham Waupaca,2025-11-20,2025-11-21,"Room, 2 Queen Beds, Accessible, Non Smoking (Tub with Grab Bars)",Queen Beds,Queen,Normal,8.0,6112.0,825.0,6937.0,"Free breakfast, Free self parking, Sleeps 4, 2 Queen Beds, High-speed internet access",https://www.expedia.co.in/Stevens-Point-Hotels-Ramada-By-Wyndham-Waupaca.h7695.Hotel-Information?chkin=2025-11-20&chkout=2025-11-21&x_pwa=1&rfrr=HSR&useRewards=true&rm1=a2&selected=EXPEDIA_4&sort=RECOMMENDED&pwa_ts=1762094008312&top_cur=USD
EXPEDIA_4,Expedia.com,Ramada by Wyndham Waupaca,2025-11-20,2025-11-21,"Suite, 1 Bedroom, Non Smoking (1 King Bed)",King Bed,King,Suite,2.0,7244.0,978.0,8222.0,"Free breakfast, Free self parking, Sleeps 4, 1 King Bed, High-speed internet access",https://www.expedia.co.in/Stevens-Point-Hotels-Ramada-By-Wyndham-Waupaca.h7695.Hotel-Information?chkin=2025-11-20&chkout=2025-11-21&x_pwa=1&rfrr=HSR&useRewards=true&rm1=a2&selected=EXPEDIA_4&sort=RECOMMENDED&pwa_ts=1762094008312&top_cur=USD
EXPEDIA_4,Expedia.com,Ramada by Wyndham Waupaca,2025-11-20,2025-11-21,"Deluxe Studio Suite, 1 King Bed, Non Smoking",King Bed,King,Suite,3.0,7621.0,1029.0,8650.0,"Free breakfast, Free self parking, Sleeps 4, 1 King Bed, High-speed internet access",https://www.expedia.co.in/Stevens-Point-Hotels-Ramada-By-Wyndham-Waupaca.h7695.Hotel-Information?chkin=2025-11-20&chkout=2025-11-21&x_pwa=1&rfrr=HSR&useRewards=true&rm1=a2&selected=EXPEDIA_4&sort=RECOMMENDED&pwa_ts=1762094008312&top_cur=USD
EXPEDIA_4,Expedia.com,Ramada by Wyndham Waupaca,2025-11-20,2025-11-21,"Room, 1 Queen Bed, Non Smoking (Efficiency)",Queen Bed,Queen,Normal,2.0,9130.0,1233.0,10363.0,"Free breakfast, Free self parking, Sleeps 4, 1 Queen Bed, High-speed internet access",https://www.expedia.co.in/Stevens-Point-Hotels-Ramada-By-Wyndham-Waupaca.h7695.Hotel-Information?chkin=2025-11-20&chkout=2025-11-21&x_pwa=1&rfrr=HSR&useRewards=true&rm1=a2&selected=EXPEDIA_4&sort=RECOMMENDED&pwa_ts=1762094008312&top_cur=USD
EXPEDIA_4,Expedia.com,Ramada by Wyndham Waupaca,2025-11-21,2025-11-22,"Room, 1 King Bed, Non Smoking",King Bed,King,Normal,4.0,10564.0,1426.0,11990.0,"Free breakfast, Free self parking, Sleeps 2, 1 King Bed, High-speed internet access",https://www.expedia.co.in/Stevens-Point-Hotels-Ramada-By-Wyndham-Waupaca.h7695.Hotel-Information?chkin=2025-11-21&chkout=2025-11-22&x_pwa=1&rfrr=HSR&useRewards=true&rm1=a2&selected=EXPEDIA_4&sort=RECOMMENDED&pwa_ts=1762094055366&top_cur=USD
EXPEDIA_4,Expedia.com,Ramada by Wyndham Waupaca,2025-11-21,2025-11-22,"Room, 2 Queen Beds, Non Smoking",Queen Beds,Queen,Normal,,10941.0,1477.0,12418.0,"Free breakfast, Free self parking, Sleeps 4, 2 Queen Beds, High-speed internet access",https://www.expedia.co.in/Stevens-Point-Hotels-Ramada-By-Wyndham-Waupaca.h7695.Hotel-Information?chkin=2025-11-21&chkout=2025-11-22&x_pwa=1&rfrr=HSR&useRewards=true&rm1=a2&selected=EXPEDIA_4&sort=RECOMMENDED&pwa_ts=1762094055366&top_cur=USD
EXPEDIA_4,Expedia.com,Ramada by Wyndham Waupaca,2025-11-21,2025-11-22,"Room, 1 Queen Bed, Non Smoking",Queen Bed,Queen,Normal,2.0,10564.0,1426.0,11990.0,"Free breakfast, Free self parking, Sleeps 4, 1 Queen Bed, High-speed internet access",https://www.expedia.co.in/Stevens-Point-Hotels-Ramada-By-Wyndham-Waupaca.h7695.Hotel-Information?chkin=2025-11-21&chkout=2025-11-22&x_pwa=1&rfrr=HSR&useRewards=true&rm1=a2&selected=EXPEDIA_4&sort=RECOMMENDED&pwa_ts=1762094055366&top_cur=USD
EXPEDIA_4,Expedia.com,Ramada by Wyndham Waupaca,2025-11-21,2025-11-22,"Room, 2 Queen Beds, Accessible, Non Smoking (Tub with Grab Bars)",Queen Beds,Queen,Normal,4.0,10941.0,1477.0,12418.0,"Free breakfast, Free self parking, Sleeps 4, 2 Queen Beds, High-speed internet access",https://www.expedia.co.in/Stevens-Point-Hotels-Ramada-By-Wyndham-Waupaca.h7695.Hotel-Information?chkin=2025-11-21&chkout=2025-11-22&x_pwa=1&rfrr=HSR&useRewards=true&rm1=a2&selected=EXPEDIA_4&sort=RECOMMENDED&pwa_ts=1762094055366&top_cur=USD
EXPEDIA_4,Expedia.com,Ramada by Wyndham Waupaca,2025-11-21,2025-11-22,"Studio Suite, 1 King Bed, Non Smoking",King Bed,King,Suite,2.0,12073.0,1630.0,13703.0,"Free breakfast, Free self parking, Sleeps 2, 1 King Bed, High-speed internet access",https://www.expedia.co.in/Stevens-Point-Hotels-Ramada-By-Wyndham-Waupaca.h7695.Hotel-Information?chkin=2025-11-21&chkout=2025-11-22&x_pwa=1&rfrr=HSR&useRewards=true&rm1=a2&selected=EXPEDIA_4&sort=RECOMMENDED&pwa_ts=1762094055366&top_cur=USD
EXPEDIA_4,Expedia.com,Ramada by Wyndham Waupaca,2025-11-21,2025-11-22,"Suite, 1 Bedroom, Non Smoking (1 King Bed)",King Bed,King,Suite,2.0,13582.0,1834.0,15416.0,"Free breakfast, Free self parking, Sleeps 4, 1 King Bed, High-speed internet access",https://www.expedia.co.in/Stevens-Point-Hotels-Ramada-By-Wyndham-Waupaca.h7695.Hotel-Information?chkin=2025-11-21&chkout=2025-11-22&x_pwa=1&rfrr=HSR&useRewards=true&rm1=a2&selected=EXPEDIA_4&sort=RECOMMENDED&pwa_ts=1762094055366&top_cur=USD
EXPEDIA_4,Expedia.com,Ramada by Wyndham Waupaca,2025-11-21,2025-11-22,"Room, 1 Queen Bed, Non Smoking (Efficiency)",Queen Bed,Queen,Normal,2.0,13582.0,1834.0,15416.0,"Free breakfast, Free self parking, Sleeps 4, 1 Queen Bed, High-speed internet access",https://www.expedia.co.in/Stevens-Point-Hotels-Ramada-By-Wyndham-Waupaca.h7695.Hotel-Information?chkin=2025-11-21&chkout=2025-11-22&x_pwa=1&rfrr=HSR&useRewards=true&rm1=a2&selected=EXPEDIA_4&sort=RECOMMENDED&pwa_ts=1762094055366&top_cur=USD
EXPEDIA_4,Expedia.com,Ramada by Wyndham Waupaca,2025-11-21,2025-11-22,"Deluxe Studio Suite, 1 King Bed, Non Smoking",King Bed,King,Suite,3.0,12827.0,1732.0,14559.0,"Free breakfast, Free self parking, Sleeps 4, 1 King Bed, High-speed internet access",https://www.expedia.co.in/Stevens-Point-Hotels-Ramada-By-Wyndham-Waupaca.h7695.Hotel-Information?chkin=2025-11-21&chkout=2025-11-22&x_pwa=1&rfrr=HSR&useRewards=true&rm1=a2&selected=EXPEDIA_4&sort=RECOMMENDED&pwa_ts=1762094055366&top_cur=USD
EXPEDIA_4,Expedia.com,Ramada by Wyndham Waupaca,2025-11-22,2025-11-23,"Room, 1 King Bed, Non Smoking",King Bed,King,Normal,5.0,13808.0,1864.0,15672.0,"Free breakfast, Free self parking, Sleeps 2, 1 King Bed, High-speed internet access",https://www.expedia.co.in/Stevens-Point-Hotels-Ramada-By-Wyndham-Waupaca.h7695.Hotel-Information?chkin=2025-11-22&chkout=2025-11-23&x_pwa=1&rfrr=HSR&useRewards=true&rm1=a2&selected=EXPEDIA_4&sort=RECOMMENDED&pwa_ts=1762094096851&top_cur=USD
EXPEDIA_4,Expedia.com,Ramada by Wyndham Waupaca,2025-11-22,2025-11-23,"Room, 2 Queen Beds, Non Smoking",Queen Beds,Queen,Normal,,14186.0,1915.0,16101.0,"Free breakfast, Free self parking, Sleeps 4, 2 Queen Beds, High-speed internet access",https://www.expedia.co.in/Stevens-Point-Hotels-Ramada-By-Wyndham-Waupaca.h7695.Hotel-Information?chkin=2025-11-22&chkout=2025-11-23&x_pwa=1&rfrr=HSR&useRewards=true&rm1=a2&selected=EXPEDIA_4&sort=RECOMMENDED&pwa_ts=1762094096851&top_cur=USD
EXPEDIA_4,Expedia.com,Ramada by Wyndham Waupaca,2025-11-22,2025-11-23,"Studio Suite, 1 King Bed, Non Smoking",King Bed,King,Suite,2.0,15317.0,2068.0,17385.0,"Free breakfast, Free self parking, Sleeps 2, 1 King Bed, High-speed internet access",https://www.expedia.co.in/Stevens-Point-Hotels-Ramada-By-Wyndham-Waupaca.h7695.Hotel-Information?chkin=2025-11-22&chkout=2025-11-23&x_pwa=1&rfrr=HSR&useRewards=true&rm1=a2&selected=EXPEDIA_4&sort=RECOMMENDED&pwa_ts=1762094096851&top_cur=USD
EXPEDIA_4,Expedia.com,Ramada by Wyndham Waupaca,2025-11-22,2025-11-23,"Room, 1 Queen Bed, Non Smoking",Queen Bed,Queen,Normal,2.0,13808.0,1864.0,15672.0,"Free breakfast, Free self parking, Sleeps 4, 1 Queen Bed, High-speed internet access",https://www.expedia.co.in/Stevens-Point-Hotels-Ramada-By-Wyndham-Waupaca.h7695.Hotel-Information?chkin=2025-11-22&chkout=2025-11-23&x_pwa=1&rfrr=HSR&useRewards=true&rm1=a2&selected=EXPEDIA_4&sort=RECOMMENDED&pwa_ts=1762094096851&top_cur=USD
EXPEDIA_4,Expedia.com,Ramada by Wyndham Waupaca,2025-11-22,2025-11-23,"Room, 2 Queen Beds, Accessible, Non Smoking (Tub with Grab Bars)",Queen Beds,Queen,Normal,4.0,14186.0,1915.0,16101.0,"Free breakfast, Free self parking, Sleeps 4, 2 Queen Beds, High-speed internet access",https://www.expedia.co.in/Stevens-Point-Hotels-Ramada-By-Wyndham-Waupaca.h7695.Hotel-Information?chkin=2025-11-22&chkout=2025-11-23&x_pwa=1&rfrr=HSR&useRewards=true&rm1=a2&selected=EXPEDIA_4&sort=RECOMMENDED&pwa_ts=1762094096851&top_cur=USD
EXPEDIA_4,Expedia.com,Ramada by Wyndham Waupaca,2025-11-22,2025-11-23,"Suite, 1 Bedroom, Non Smoking (1 King Bed)",King Bed,King,Suite,2.0,16827.0,2271.0,19098.0,"Free breakfast, Free self parking, Sleeps 4, 1 King Bed, High-speed internet access",https://www.expedia.co.in/Stevens-Point-Hotels-Ramada-By-Wyndham-Waupaca.h7695.Hotel-Information?chkin=2025-11-22&chkout=2025-11-23&x_pwa=1&rfrr=HSR&useRewards=true&rm1=a2&selected=EXPEDIA_4&sort=RECOMMENDED&pwa_ts=1762094096851&top_cur=USD
EXPEDIA_4,Expedia.com,Ramada by Wyndham Waupaca,2025-11-22,2025-11-23,"Room, 1 Queen Bed, Non Smoking (Efficiency)",Queen Bed,Queen,Normal,2.0,16827.0,2271.0,19098.0,"Free breakfast, Free self parking, Sleeps 4, 1 Queen Bed, High-speed internet access",https://www.expedia.co.in/Stevens-Point-Hotels-Ramada-By-Wyndham-Waupaca.h7695.Hotel-Information?chkin=2025-11-22&chkout=2025-11-23&x_pwa=1&rfrr=HSR&useRewards=true&rm1=a2&selected=EXPEDIA_4&sort=RECOMMENDED&pwa_ts=1762094096851&top_cur=USD
EXPEDIA_4,Expedia.com,Ramada by Wyndham Waupaca,2025-11-22,2025-11-23,"Deluxe Studio Suite, 1 King Bed, Non Smoking",King Bed,King,Suite,3.0,16072.0,2170.0,18242.0,"Free breakfast, Free self parking, Sleeps 4, 1 King Bed, High-speed internet access",https://www.expedia.co.in/Stevens-Point-Hotels-Ramada-By-Wyndham-Waupaca.h7695.Hotel-Information?chkin=2025-11-22&chkout=2025-11-23&x_pwa=1&rfrr=HSR&useRewards=true&rm1=a2&selected=EXPEDIA_4&sort=RECOMMENDED&pwa_ts=1762094096851&top_cur=USD
EXPEDIA_5,Expedia.com,La Quinta Inn & Suites by Wyndham Stevens Point,2025-11-10,2025-11-11,"Room, 1 King Bed, Non Smoking",King Bed,King,Normal,,7812.0,1321.0,9133.0,"Free continental breakfast, Free self parking, Sleeps 2, 1 King Bed, Free WiFi",https://www.expedia.co.in/Stevens-Point-Hotels-La-Quinta-Inn-Suites-By-Wyndham-Stevens-Point.h50108.Hotel-Information?chkin=2025-11-10&chkout=2025-11-11&x_pwa=1&rfrr=HSR&useRewards=true&rm1=a2&selected=EXPEDIA_5&sort=RECOMMENDED&pwa_ts=1762094141921&top_cur=USD
EXPEDIA_5,Expedia.com,La Quinta Inn & Suites by Wyndham Stevens Point,2025-11-10,2025-11-11,"Room, 2 Double Beds, Non Smoking",Double Beds,Double,Normal,,8593.0,1452.0,10045.0,"Free continental breakfast, Free self parking, Sleeps 5, 2 Double Beds, Free WiFi",https://www.expedia.co.in/Stevens-Point-Hotels-La-Quinta-Inn-Suites-By-Wyndham-Stevens-Point.h50108.Hotel-Information?chkin=2025-11-10&chkout=2025-11-11&x_pwa=1&rfrr=HSR&useRewards=true&rm1=a2&selected=EXPEDIA_5&sort=RECOMMENDED&pwa_ts=1762094141921&top_cur=USD
EXPEDIA_5,Expedia.com,La Quinta Inn & Suites by Wyndham Stevens Point,2025-11-10,2025-11-11,"Room, 1 Double Bed, Accessible, Non Smoking (Mobility Accessible)",Double Bed,Double,Normal,3.0,7812.0,1321.0,9133.0,"Free continental breakfast, Free self parking, Sleeps 2, 1 Double Bed, Free WiFi",https://www.expedia.co.in/Stevens-Point-Hotels-La-Quinta-Inn-Suites-By-Wyndham-Stevens-Point.h50108.Hotel-Information?chkin=2025-11-10&chkout=2025-11-11&x_pwa=1&rfrr=HSR&useRewards=true&rm1=a2&selected=EXPEDIA_5&sort=RECOMMENDED&pwa_ts=1762094141921&top_cur=USD
EXPEDIA_5,Expedia.com,La Quinta Inn & Suites by Wyndham Stevens Point,2025-11-10,2025-11-11,1 King Bed Non-Smoking,N/A,Other,Normal,,8411.0,1422.0,9833.0,"Free continental breakfast, Free self parking, 301 sq ft, Free WiFi",https://www.expedia.co.in/Stevens-Point-Hotels-La-Quinta-Inn-Suites-By-Wyndham-Stevens-Point.h50108.Hotel-Information?chkin=2025-11-10&chkout=2025-11-11&x_pwa=1&rfrr=HSR&useRewards=true&rm1=a2&selected=EXPEDIA_5&sort=RECOMMENDED&pwa_ts=1762094141921&top_cur=USD
EXPEDIA_5,Expedia.com,La Quinta Inn & Suites by Wyndham Stevens Point,2025-11-10,2025-11-11,"Deluxe Room, 1 King Bed, Non Smoking",King Bed,King,Deluxe,5.0,9374.0,1585.0,10959.0,"Free continental breakfast, Free self parking, Sleeps 3, 1 King Bed, Free WiFi",https://www.expedia.co.in/Stevens-Point-Hotels-La-Quinta-Inn-Suites-By-Wyndham-Stevens-Point.h50108.Hotel-Information?chkin=2025-11-10&chkout=2025-11-11&x_pwa=1&rfrr=HSR&useRewards=true&rm1=a2&selected=EXPEDIA_5&sort=RECOMMENDED&pwa_ts=1762094141921&top_cur=USD
EXPEDIA_5,Expedia.com,La Quinta Inn & Suites by Wyndham Stevens Point,2025-11-10,2025-11-11,"Suite, 1 Bedroom, Non Smoking",King Bed,King,Suite,2.0,11718.0,1980.0,13698.0,"Free continental breakfast, Free self parking, Sleeps 5, 1 King Bed, Free WiFi",https://www.expedia.co.in/Stevens-Point-Hotels-La-Quinta-Inn-Suites-By-Wyndham-Stevens-Point.h50108.Hotel-Information?chkin=2025-11-10&chkout=2025-11-11&x_pwa=1&rfrr=HSR&useRewards=true&rm1=a2&selected=EXPEDIA_5&sort=RECOMMENDED&pwa_ts=1762094141921&top_cur=USD
EXPEDIA_5,Expedia.com,La Quinta Inn & Suites by Wyndham Stevens Point,2025-11-11,2025-11-12,"Room, 1 King Bed, Non Smoking",King Bed,King,Normal,,7656.0,1294.0,8950.0,"Free continental breakfast, Free self parking, Sleeps 2, 1 King Bed, Free WiFi",https://www.expedia.co.in/Stevens-Point-Hotels-La-Quinta-Inn-Suites-By-Wyndham-Stevens-Point.h50108.Hotel-Information?chkin=2025-11-11&chkout=2025-11-12&x_pwa=1&rfrr=HSR&useRewards=true&rm1=a2&selected=EXPEDIA_5&sort=RECOMMENDED&pwa_ts=1762094189061&top_cur=USD
EXPEDIA_5,Expedia.com,La Quinta Inn & Suites by Wyndham Stevens Point,2025-11-11,2025-11-12,"Room, 2 Double Beds, Non Smoking",Double Beds,Double,Normal,,8437.0,1426.0,9863.0,"Free continental breakfast, Free self parking, Sleeps 5, 2 Double Beds, Free WiFi",https://www.expedia.co.in/Stevens-Point-Hotels-La-Quinta-Inn-Suites-By-Wyndham-Stevens-Point.h50108.Hotel-Information?chkin=2025-11-11&chkout=2025-11-12&x_pwa=1&rfrr=HSR&useRewards=true&rm1=a2&selected=EXPEDIA_5&sort=RECOMMENDED&pwa_ts=1762094189061&top_cur=USD
EXPEDIA_5,Expedia.com,La Quinta Inn & Suites by Wyndham Stevens Point,2025-11-11,2025-11-12,"Room, 1 Double Bed, Accessible, Non Smoking (Mobility Accessible)",Double Bed,Double,Normal,3.0,7656.0,1294.0,8950.0,"Free continental breakfast, Free self parking, Sleeps 2, 1 Double Bed, Free WiFi",https://www.expedia.co.in/Stevens-Point-Hotels-La-Quinta-Inn-Suites-By-Wyndham-Stevens-Point.h50108.Hotel-Information?chkin=2025-11-11&chkout=2025-11-12&x_pwa=1&rfrr=HSR&useRewards=true&rm1=a2&selected=EXPEDIA_5&sort=RECOMMENDED&pwa_ts=1762094189061&top_cur=USD
EXPEDIA_5,Expedia.com,La Quinta Inn & Suites by Wyndham Stevens Point,2025-11-11,2025-11-12,1 King Bed Non-Smoking,N/A,Other,Normal,,8242.0,1393.0,9635.0,"Free continental breakfast, Free self parking, 301 sq ft, Free WiFi",https://www.expedia.co.in/Stevens-Point-Hotels-La-Quinta-Inn-Suites-By-Wyndham-Stevens-Point.h50108.Hotel-Information?chkin=2025-11-11&chkout=2025-11-12&x_pwa=1&rfrr=HSR&useRewards=true&rm1=a2&selected=EXPEDIA_5&sort=RECOMMENDED&pwa_ts=1762094189061&top_cur=USD
EXPEDIA_5,Expedia.com,La Quinta Inn & Suites by Wyndham Stevens Point,2025-11-11,2025-11-12,"Deluxe Room, 1 King Bed, Non Smoking",King Bed,King,Deluxe,5.0,9219.0,1559.0,10778.0,"Free continental breakfast, Free self parking, Sleeps 3, 1 King Bed, Free WiFi",https://www.expedia.co.in/Stevens-Point-Hotels-La-Quinta-Inn-Suites-By-Wyndham-Stevens-Point.h50108.Hotel-Information?chkin=2025-11-11&chkout=2025-11-12&x_pwa=1&rfrr=HSR&useRewards=true&rm1=a2&selected=EXPEDIA_5&sort=RECOMMENDED&pwa_ts=1762094189061&top_cur=USD
EXPEDIA_5,Expedia.com,La Quinta Inn & Suites by Wyndham Stevens Point,2025-11-11,2025-11-12,"Suite, 1 Bedroom, Non Smoking",King Bed,King,Suite,2.0,11562.0,1955.0,13517.0,"Free continental breakfast, Free self parking, Sleeps 5, 1 King Bed, Free WiFi",https://www.expedia.co.in/Stevens-Point-Hotels-La-Quinta-Inn-Suites-By-Wyndham-Stevens-Point.h50108.Hotel-Information?chkin=2025-11-11&chkout=2025-11-12&x_pwa=1&rfrr=HSR&useRewards=true&rm1=a2&selected=EXPEDIA_5&sort=RECOMMENDED&pwa_ts=1762094189061&top_cur=USD
EXPEDIA_5,Expedia.com,La Quinta Inn & Suites by Wyndham Stevens Point,2025-11-12,2025-11-13,"Room, 1 King Bed, Non Smoking",King Bed,King,Normal,,7656.0,1294.0,8950.0,"Free continental breakfast, Free self parking, Sleeps 2, 1 King Bed, Free WiFi",https://www.expedia.co.in/Stevens-Point-Hotels-La-Quinta-Inn-Suites-By-Wyndham-Stevens-Point.h50108.Hotel-Information?chkin=2025-11-12&chkout=2025-11-13&x_pwa=1&rfrr=HSR&useRewards=true&rm1=a2&selected=EXPEDIA_5&sort=RECOMMENDED&pwa_ts=1762094236338&top_cur=USD
EXPEDIA_5,Expedia.com,La Quinta Inn & Suites by Wyndham Stevens Point,2025-11-12,2025-11-13,"Room, 2 Double Beds, Non Smoking",Double Beds,Double,Normal,,8437.0,1426.0,9863.0,"Free continental breakfast, Free self parking, Sleeps 5, 2 Double Beds, Free WiFi",https://www.expedia.co.in/Stevens-Point-Hotels-La-Quinta-Inn-Suites-By-Wyndham-Stevens-Point.h50108.Hotel-Information?chkin=2025-11-12&chkout=2025-11-13&x_pwa=1&rfrr=HSR&useRewards=true&rm1=a2&selected=EXPEDIA_5&sort=RECOMMENDED&pwa_ts=1762094236338&top_cur=USD
EXPEDIA_5,Expedia.com,La Quinta Inn & Suites by Wyndham Stevens Point,2025-11-12,2025-11-13,1 King Bed Non-Smoking,N/A,Other,Normal,,8242.0,1393.0,9635.0,"Free continental breakfast, Free self parking, 301 sq ft, Free WiFi",https://www.expedia.co.in/Stevens-Point-Hotels-La-Quinta-Inn-Suites-By-Wyndham-Stevens-Point.h50108.Hotel-Information?chkin=2025-11-12&chkout=2025-11-13&x_pwa=1&rfrr=HSR&useRewards=true&rm1=a2&selected=EXPEDIA_5&sort=RECOMMENDED&pwa_ts=1762094236338&top_cur=USD
EXPEDIA_5,Expedia.com,La Quinta Inn & Suites by Wyndham Stevens Point,2025-11-12,2025-11-13,"Room, 1 Double Bed, Accessible, Non Smoking (Mobility Accessible)",Double Bed,Double,Normal,3.0,7656.0,1294.0,8950.0,"Free continental breakfast, Free self parking, Sleeps 2, 1 Double Bed, Free WiFi",https://www.expedia.co.in/Stevens-Point-Hotels-La-Quinta-Inn-Suites-By-Wyndham-Stevens-Point.h50108.Hotel-Information?chkin=2025-11-12&chkout=2025-11-13&x_pwa=1&rfrr=HSR&useRewards=true&rm1=a2&selected=EXPEDIA_5&sort=RECOMMENDED&pwa_ts=1762094236338&top_cur=USD
EXPEDIA_5,Expedia.com,La Quinta Inn & Suites by Wyndham Stevens Point,2025-11-12,2025-11-13,"Deluxe Room, 1 King Bed, Non Smoking",King Bed,King,Deluxe,5.0,9219.0,1559.0,10778.0,"Free continental breakfast, Free self parking, Sleeps 3, 1 King Bed, Free WiFi",https://www.expedia.co.in/Stevens-Point-Hotels-La-Quinta-Inn-Suites-By-Wyndham-Stevens-Point.h50108.Hotel-Information?chkin=2025-11-12&chkout=2025-11-13&x_pwa=1&rfrr=HSR&useRewards=true&rm1=a2&selected=EXPEDIA_5&sort=RECOMMENDED&pwa_ts=1762094236338&top_cur=USD
EXPEDIA_5,Expedia.com,La Quinta Inn & Suites by Wyndham Stevens Point,2025-11-12,2025-11-13,"Suite, 1 Bedroom, Non Smoking",King Bed,King,Suite,2.0,11562.0,1955.0,13517.0,"Free continental breakfast, Free self parking, Sleeps 5, 1 King Bed, Free WiFi",https://www.expedia.co.in/Stevens-Point-Hotels-La-Quinta-Inn-Suites-By-Wyndham-Stevens-Point.h50108.Hotel-Information?chkin=2025-11-12&chkout=2025-11-13&x_pwa=1&rfrr=HSR&useRewards=true&rm1=a2&selected=EXPEDIA_5&sort=RECOMMENDED&pwa_ts=1762094236338&top_cur=USD
EXPEDIA_5,Expedia.com,La Quinta Inn & Suites by Wyndham Stevens Point,2025-11-13,2025-11-14,"Room, 1 King Bed, Non Smoking",King Bed,King,Normal,,7812.0,1321.0,9133.0,"Free continental breakfast, Free self parking, Sleeps 2, 1 King Bed, Free WiFi",https://www.expedia.co.in/Stevens-Point-Hotels-La-Quinta-Inn-Suites-By-Wyndham-Stevens-Point.h50108.Hotel-Information?chkin=2025-11-13&chkout=2025-11-14&x_pwa=1&rfrr=HSR&useRewards=true&rm1=a2&selected=EXPEDIA_5&sort=RECOMMENDED&pwa_ts=1762094283801&top_cur=USD
EXPEDIA_5,Expedia.com,La Quinta Inn & Suites by Wyndham Stevens Point,2025-11-13,2025-11-14,"Room, 2 Double Beds, Non Smoking",Double Beds,Double,Normal,,8593.0,1452.0,10045.0,"Free continental breakfast, Free self parking, Sleeps 5, 2 Double Beds, Free WiFi",https://www.expedia.co.in/Stevens-Point-Hotels-La-Quinta-Inn-Suites-By-Wyndham-Stevens-Point.h50108.Hotel-Information?chkin=2025-11-13&chkout=2025-11-14&x_pwa=1&rfrr=HSR&useRewards=true&rm1=a2&selected=EXPEDIA_5&sort=RECOMMENDED&pwa_ts=1762094283801&top_cur=USD
EXPEDIA_5,Expedia.com,La Quinta Inn & Suites by Wyndham Stevens Point,2025-11-13,2025-11-14,1 King Bed Non-Smoking,N/A,Other,Normal,,8411.0,1422.0,9833.0,"Free continental breakfast, Free self parking, 301 sq ft, Free WiFi",https://www.expedia.co.in/Stevens-Point-Hotels-La-Quinta-Inn-Suites-By-Wyndham-Stevens-Point.h50108.Hotel-Information?chkin=2025-11-13&chkout=2025-11-14&x_pwa=1&rfrr=HSR&useRewards=true&rm1=a2&selected=EXPEDIA_5&sort=RECOMMENDED&pwa_ts=1762094283801&top_cur=USD
EXPEDIA_5,Expedia.com,La Quinta Inn & Suites by Wyndham Stevens Point,2025-11-13,2025-11-14,"Room, 1 Double Bed, Accessible, Non Smoking (Mobility Accessible)",Double Bed,Double,Normal,3.0,7812.0,1321.0,9133.0,"Free continental breakfast, Free self parking, Sleeps 2, 1 Double Bed, Free WiFi",https://www.expedia.co.in/Stevens-Point-Hotels-La-Quinta-Inn-Suites-By-Wyndham-Stevens-Point.h50108.Hotel-Information?chkin=2025-11-13&chkout=2025-11-14&x_pwa=1&rfrr=HSR&useRewards=true&rm1=a2&selected=EXPEDIA_5&sort=RECOMMENDED&pwa_ts=1762094283801&top_cur=USD
EXPEDIA_5,Expedia.com,La Quinta Inn & Suites by Wyndham Stevens Point,2025-11-13,2025-11-14,"Deluxe Room, 1 King Bed, Non Smoking",King Bed,King,Deluxe,5.0,9374.0,1585.0,10959.0,"Free continental breakfast, Free self parking, Sleeps 3, 1 King Bed, Free WiFi",https://www.expedia.co.in/Stevens-Point-Hotels-La-Quinta-Inn-Suites-By-Wyndham-Stevens-Point.h50108.Hotel-Information?chkin=2025-11-13&chkout=2025-11-14&x_pwa=1&rfrr=HSR&useRewards=true&rm1=a2&selected=EXPEDIA_5&sort=RECOMMENDED&pwa_ts=1762094283801&top_cur=USD
EXPEDIA_5,Expedia.com,La Quinta Inn & Suites by Wyndham Stevens Point,2025-11-13,2025-11-14,"Suite, 1 Bedroom, Non Smoking",King Bed,King,Suite,2.0,11718.0,1980.0,13698.0,"Free continental breakfast, Free self parking, Sleeps 5, 1 King Bed, Free WiFi",https://www.expedia.co.in/Stevens-Point-Hotels-La-Quinta-Inn-Suites-By-Wyndham-Stevens-Point.h50108.Hotel-Information?chkin=2025-11-13&chkout=2025-11-14&x_pwa=1&rfrr=HSR&useRewards=true&rm1=a2&selected=EXPEDIA_5&sort=RECOMMENDED&pwa_ts=1762094283801&top_cur=USD
EXPEDIA_5,Expedia.com,La Quinta By Wyndham Stevens Point,2025-11-19,2025-11-20,"Room, 1 King Bed, Non Smoking",King Bed,King,Normal,,7890.0,1334.0,9224.0,"Free continental breakfast, Free self parking, Sleeps 2, 1 King Bed, Free WiFi",https://www.expedia.co.in/Stevens-Point-Hotels-La-Quinta-Inn-Suites-By-Wyndham-Stevens-Point.h50108.Hotel-Information?chkin=2025-11-19&chkout=2025-11-20&x_pwa=1&rfrr=HSR&useRewards=true&rm1=a2&selected=EXPEDIA_5&sort=RECOMMENDED&pwa_ts=1762094644228&top_cur=USD
EXPEDIA_5,Expedia.com,La Quinta By Wyndham Stevens Point,2025-11-19,2025-11-20,"Room, 2 Double Beds, Non Smoking",Double Beds,Double,Normal,,8671.0,1466.0,10137.0,"Free continental breakfast, Free self parking, Sleeps 5, 2 Double Beds, Free WiFi",https://www.expedia.co.in/Stevens-Point-Hotels-La-Quinta-Inn-Suites-By-Wyndham-Stevens-Point.h50108.Hotel-Information?chkin=2025-11-19&chkout=2025-11-20&x_pwa=1&rfrr=HSR&useRewards=true&rm1=a2&selected=EXPEDIA_5&sort=RECOMMENDED&pwa_ts=1762094644228&top_cur=USD
EXPEDIA_5,Expedia.com,La Quinta By Wyndham Stevens Point,2025-11-19,2025-11-20,1 King Bed Non-Smoking,N/A,Other,Normal,,8494.0,1436.0,9930.0,"Free continental breakfast, Free self parking, 301 sq ft, Free WiFi",https://www.expedia.co.in/Stevens-Point-Hotels-La-Quinta-Inn-Suites-By-Wyndham-Stevens-Point.h50108.Hotel-Information?chkin=2025-11-19&chkout=2025-11-20&x_pwa=1&rfrr=HSR&useRewards=true&rm1=a2&selected=EXPEDIA_5&sort=RECOMMENDED&pwa_ts=1762094644228&top_cur=USD
EXPEDIA_5,Expedia.com,La Quinta By Wyndham Stevens Point,2025-11-19,2025-11-20,"Room, 1 Double Bed, Accessible, Non Smoking (Mobility Accessible)",Double Bed,Double,Normal,3.0,7890.0,1334.0,9224.0,"Free continental breakfast, Free self parking, Sleeps 2, 1 Double Bed, Free WiFi",https://www.expedia.co.in/Stevens-Point-Hotels-La-Quinta-Inn-Suites-By-Wyndham-Stevens-Point.h50108.Hotel-Information?chkin=2025-11-19&chkout=2025-11-20&x_pwa=1&rfrr=HSR&useRewards=true&rm1=a2&selected=EXPEDIA_5&sort=RECOMMENDED&pwa_ts=1762094644228&top_cur=USD
EXPEDIA_5,Expedia.com,La Quinta By Wyndham Stevens Point,2025-11-19,2025-11-20,"Deluxe Room, 1 King Bed, Non Smoking",King Bed,King,Deluxe,5.0,9452.0,1598.0,11050.0,"Free continental breakfast, Free self parking, Sleeps 3, 1 King Bed, Free WiFi",https://www.expedia.co.in/Stevens-Point-Hotels-La-Quinta-Inn-Suites-By-Wyndham-Stevens-Point.h50108.Hotel-Information?chkin=2025-11-19&chkout=2025-11-20&x_pwa=1&rfrr=HSR&useRewards=true&rm1=a2&selected=EXPEDIA_5&sort=RECOMMENDED&pwa_ts=1762094644228&top_cur=USD
EXPEDIA_5,Expedia.com,La Quinta By Wyndham Stevens Point,2025-11-19,2025-11-20,"Suite, 1 Bedroom, Non Smoking",King Bed,King,Suite,2.0,11796.0,1994.0,13790.0,"Free continental breakfast, Free self parking, Sleeps 5, 1 King Bed, Free WiFi",https://www.expedia.co.in/Stevens-Point-Hotels-La-Quinta-Inn-Suites-By-Wyndham-Stevens-Point.h50108.Hotel-Information?chkin=2025-11-19&chkout=2025-11-20&x_pwa=1&rfrr=HSR&useRewards=true&rm1=a2&selected=EXPEDIA_5&sort=RECOMMENDED&pwa_ts=1762094644228&top_cur=USD
EXPEDIA_5,Expedia.com,La Quinta Inn & Suites by Wyndham Stevens Point,2025-11-20,2025-11-21,"Room, 1 King Bed, Non Smoking",King Bed,King,Normal,,8046.0,1361.0,9407.0,"Free continental breakfast, Free self parking, Sleeps 2, 1 King Bed, Free WiFi",https://www.expedia.co.in/Stevens-Point-Hotels-La-Quinta-Inn-Suites-By-Wyndham-Stevens-Point.h50108.Hotel-Information?chkin=2025-11-20&chkout=2025-11-21&x_pwa=1&rfrr=HSR&useRewards=true&rm1=a2&selected=EXPEDIA_5&sort=RECOMMENDED&pwa_ts=1762094708886&top_cur=USD
EXPEDIA_5,Expedia.com,La Quinta Inn & Suites by Wyndham Stevens Point,2025-11-20,2025-11-21,"Room, 2 Double Beds, Non Smoking",Double Beds,Double,Normal,,8827.0,1492.0,10319.0,"Free continental breakfast, Free self parking, Sleeps 5, 2 Double Beds, Free WiFi",https://www.expedia.co.in/Stevens-Point-Hotels-La-Quinta-Inn-Suites-By-Wyndham-Stevens-Point.h50108.Hotel-Information?chkin=2025-11-20&chkout=2025-11-21&x_pwa=1&rfrr=HSR&useRewards=true&rm1=a2&selected=EXPEDIA_5&sort=RECOMMENDED&pwa_ts=1762094708886&top_cur=USD
EXPEDIA_5,Expedia.com,La Quinta Inn & Suites by Wyndham Stevens Point,2025-11-20,2025-11-21,1 King Bed Non-Smoking,N/A,Other,Normal,,8663.0,1465.0,10128.0,"Free continental breakfast, Free self parking, 301 sq ft, Free WiFi",https://www.expedia.co.in/Stevens-Point-Hotels-La-Quinta-Inn-Suites-By-Wyndham-Stevens-Point.h50108.Hotel-Information?chkin=2025-11-20&chkout=2025-11-21&x_pwa=1&rfrr=HSR&useRewards=true&rm1=a2&selected=EXPEDIA_5&sort=RECOMMENDED&pwa_ts=1762094708886&top_cur=USD
EXPEDIA_5,Expedia.com,La Quinta Inn & Suites by Wyndham Stevens Point,2025-11-20,2025-11-21,"Room, 1 Double Bed, Accessible, Non Smoking (Mobility Accessible)",Double Bed,Double,Normal,3.0,8046.0,1361.0,9407.0,"Free continental breakfast, Free self parking, Sleeps 2, 1 Double Bed, Free WiFi",https://www.expedia.co.in/Stevens-Point-Hotels-La-Quinta-Inn-Suites-By-Wyndham-Stevens-Point.h50108.Hotel-Information?chkin=2025-11-20&chkout=2025-11-21&x_pwa=1&rfrr=HSR&useRewards=true&rm1=a2&selected=EXPEDIA_5&sort=RECOMMENDED&pwa_ts=1762094708886&top_cur=USD
EXPEDIA_5,Expedia.com,La Quinta Inn & Suites by Wyndham Stevens Point,2025-11-20,2025-11-21,"Deluxe Room, 1 King Bed, Non Smoking",King Bed,King,Deluxe,5.0,9609.0,1624.0,11233.0,"Free continental breakfast, Free self parking, Sleeps 3, 1 King Bed, Free WiFi",https://www.expedia.co.in/Stevens-Point-Hotels-La-Quinta-Inn-Suites-By-Wyndham-Stevens-Point.h50108.Hotel-Information?chkin=2025-11-20&chkout=2025-11-21&x_pwa=1&rfrr=HSR&useRewards=true&rm1=a2&selected=EXPEDIA_5&sort=RECOMMENDED&pwa_ts=1762094708886&top_cur=USD
EXPEDIA_5,Expedia.com,La Quinta Inn & Suites by Wyndham Stevens Point,2025-11-20,2025-11-21,"Suite, 1 Bedroom, Non Smoking",King Bed,King,Suite,2.0,11952.0,2021.0,13973.0,"Free continental breakfast, Free self parking, Sleeps 5, 1 King Bed, Free WiFi",https://www.expedia.co.in/Stevens-Point-Hotels-La-Quinta-Inn-Suites-By-Wyndham-Stevens-Point.h50108.Hotel-Information?chkin=2025-11-20&chkout=2025-11-21&x_pwa=1&rfrr=HSR&useRewards=true&rm1=a2&selected=EXPEDIA_5&sort=RECOMMENDED&pwa_ts=1762094708886&top_cur=USD
EXPEDIA_5,Expedia.com,La Quinta Inn & Suites by Wyndham Stevens Point,2025-11-21,2025-11-22,"Room, 1 King Bed, Non Smoking",King Bed,King,Normal,,9999.0,1691.0,11690.0,"Free continental breakfast, Free self parking, Sleeps 2, 1 King Bed, Free WiFi",https://www.expedia.co.in/Stevens-Point-Hotels-La-Quinta-Inn-Suites-By-Wyndham-Stevens-Point.h50108.Hotel-Information?chkin=2025-11-21&chkout=2025-11-22&x_pwa=1&rfrr=HSR&useRewards=true&rm1=a2&selected=EXPEDIA_5&sort=RECOMMENDED&pwa_ts=1762094756027&top_cur=USD
EXPEDIA_5,Expedia.com,La Quinta Inn & Suites by Wyndham Stevens Point,2025-11-21,2025-11-22,"Room, 2 Double Beds, Non Smoking",Double Beds,Double,Normal,,11093.0,1876.0,12969.0,"Free continental breakfast, Free self parking, Sleeps 5, 2 Double Beds, Free WiFi",https://www.expedia.co.in/Stevens-Point-Hotels-La-Quinta-Inn-Suites-By-Wyndham-Stevens-Point.h50108.Hotel-Information?chkin=2025-11-21&chkout=2025-11-22&x_pwa=1&rfrr=HSR&useRewards=true&rm1=a2&selected=EXPEDIA_5&sort=RECOMMENDED&pwa_ts=1762094756027&top_cur=USD
EXPEDIA_5,Expedia.com,La Quinta Inn & Suites by Wyndham Stevens Point,2025-11-21,2025-11-22,1 King Bed Non-Smoking,N/A,Other,Normal,,10765.0,1820.0,12585.0,"Free continental breakfast, Free self parking, 301 sq ft, Free WiFi",https://www.expedia.co.in/Stevens-Point-Hotels-La-Quinta-Inn-Suites-By-Wyndham-Stevens-Point.h50108.Hotel-Information?chkin=2025-11-21&chkout=2025-11-22&x_pwa=1&rfrr=HSR&useRewards=true&rm1=a2&selected=EXPEDIA_5&sort=RECOMMENDED&pwa_ts=1762094756027&top_cur=USD
EXPEDIA_5,Expedia.com,La Quinta Inn & Suites by Wyndham Stevens Point,2025-11-21,2025-11-22,"Room, 1 Double Bed, Accessible, Non Smoking (Mobility Accessible)",Double Bed,Double,Normal,2.0,9999.0,1691.0,11690.0,"Free continental breakfast, Free self parking, Sleeps 2, 1 Double Bed, Free WiFi",https://www.expedia.co.in/Stevens-Point-Hotels-La-Quinta-Inn-Suites-By-Wyndham-Stevens-Point.h50108.Hotel-Information?chkin=2025-11-21&chkout=2025-11-22&x_pwa=1&rfrr=HSR&useRewards=true&rm1=a2&selected=EXPEDIA_5&sort=RECOMMENDED&pwa_ts=1762094756027&top_cur=USD
EXPEDIA_5,Expedia.com,La Quinta Inn & Suites by Wyndham Stevens Point,2025-11-21,2025-11-22,"Deluxe Room, 1 King Bed, Non Smoking",King Bed,King,Deluxe,5.0,11562.0,1955.0,13517.0,"Free continental breakfast, Free self parking, Sleeps 3, 1 King Bed, Free WiFi",https://www.expedia.co.in/Stevens-Point-Hotels-La-Quinta-Inn-Suites-By-Wyndham-Stevens-Point.h50108.Hotel-Information?chkin=2025-11-21&chkout=2025-11-22&x_pwa=1&rfrr=HSR&useRewards=true&rm1=a2&selected=EXPEDIA_5&sort=RECOMMENDED&pwa_ts=1762094756027&top_cur=USD
EXPEDIA_5,Expedia.com,La Quinta Inn & Suites by Wyndham Stevens Point,2025-11-21,2025-11-22,"Suite, 1 Bedroom, Non Smoking",King Bed,King,Suite,2.0,13905.0,2350.0,16255.0,"Free continental breakfast, Free self parking, Sleeps 5, 1 King Bed, Free WiFi",https://www.expedia.co.in/Stevens-Point-Hotels-La-Quinta-Inn-Suites-By-Wyndham-Stevens-Point.h50108.Hotel-Information?chkin=2025-11-21&chkout=2025-11-22&x_pwa=1&rfrr=HSR&useRewards=true&rm1=a2&selected=EXPEDIA_5&sort=RECOMMENDED&pwa_ts=1762094756027&top_cur=USD
EXPEDIA_5,Expedia.com,La Quinta Inn & Suites by Wyndham Stevens Point,2025-11-22,2025-11-23,"Room, 1 King Bed, Non Smoking",King Bed,King,Normal,,10234.0,1731.0,11965.0,"Free continental breakfast, Free self parking, Sleeps 2, 1 King Bed, Free WiFi",https://www.expedia.co.in/Stevens-Point-Hotels-La-Quinta-Inn-Suites-By-Wyndham-Stevens-Point.h50108.Hotel-Information?chkin=2025-11-22&chkout=2025-11-23&x_pwa=1&rfrr=HSR&useRewards=true&rm1=a2&selected=EXPEDIA_5&sort=RECOMMENDED&pwa_ts=1762094800839&top_cur=USD
EXPEDIA_5,Expedia.com,La Quinta Inn & Suites by Wyndham Stevens Point,2025-11-22,2025-11-23,"Room, 2 Double Beds, Non Smoking",Double Beds,Double,Normal,,11327.0,1916.0,13243.0,"Free continental breakfast, Free self parking, Sleeps 5, 2 Double Beds, Free WiFi",https://www.expedia.co.in/Stevens-Point-Hotels-La-Quinta-Inn-Suites-By-Wyndham-Stevens-Point.h50108.Hotel-Information?chkin=2025-11-22&chkout=2025-11-23&x_pwa=1&rfrr=HSR&useRewards=true&rm1=a2&selected=EXPEDIA_5&sort=RECOMMENDED&pwa_ts=1762094800839&top_cur=USD
EXPEDIA_5,Expedia.com,La Quinta Inn & Suites by Wyndham Stevens Point,2025-11-22,2025-11-23,1 King Bed Non-Smoking,N/A,Other,Normal,,11017.0,1863.0,12880.0,"Free continental breakfast, Free self parking, 301 sq ft, Free WiFi",https://www.expedia.co.in/Stevens-Point-Hotels-La-Quinta-Inn-Suites-By-Wyndham-Stevens-Point.h50108.Hotel-Information?chkin=2025-11-22&chkout=2025-11-23&x_pwa=1&rfrr=HSR&useRewards=true&rm1=a2&selected=EXPEDIA_5&sort=RECOMMENDED&pwa_ts=1762094800839&top_cur=USD
EXPEDIA_5,Expedia.com,La Quinta Inn & Suites by Wyndham Stevens Point,2025-11-22,2025-11-23,"Room, 1 Double Bed, Accessible, Non Smoking (Mobility Accessible)",Double Bed,Double,Normal,2.0,10234.0,1731.0,11965.0,"Free continental breakfast, Free self parking, Sleeps 2, 1 Double Bed, Free WiFi",https://www.expedia.co.in/Stevens-Point-Hotels-La-Quinta-Inn-Suites-By-Wyndham-Stevens-Point.h50108.Hotel-Information?chkin=2025-11-22&chkout=2025-11-23&x_pwa=1&rfrr=HSR&useRewards=true&rm1=a2&selected=EXPEDIA_5&sort=RECOMMENDED&pwa_ts=1762094800839&top_cur=USD
EXPEDIA_5,Expedia.com,La Quinta Inn & Suites by Wyndham Stevens Point,2025-11-22,2025-11-23,"Deluxe Room, 1 King Bed, Non Smoking",King Bed,King,Deluxe,5.0,11796.0,1994.0,13790.0,"Free continental breakfast, Free self parking, Sleeps 3, 1 King Bed, Free WiFi",https://www.expedia.co.in/Stevens-Point-Hotels-La-Quinta-Inn-Suites-By-Wyndham-Stevens-Point.h50108.Hotel-Information?chkin=2025-11-22&chkout=2025-11-23&x_pwa=1&rfrr=HSR&useRewards=true&rm1=a2&selected=EXPEDIA_5&sort=RECOMMENDED&pwa_ts=1762094800839&top_cur=USD
EXPEDIA_5,Expedia.com,La Quinta Inn & Suites by Wyndham Stevens Point,2025-11-22,2025-11-23,"Suite, 1 Bedroom, Non Smoking",King Bed,King,Suite,2.0,14140.0,2391.0,16531.0,"Free continental breakfast, Free self parking, Sleeps 5, 1 King Bed, Free WiFi",https://www.expedia.co.in/Stevens-Point-Hotels-La-Quinta-Inn-Suites-By-Wyndham-Stevens-Point.h50108.Hotel-Information?chkin=2025-11-22&chkout=2025-11-23&x_pwa=1&rfrr=HSR&useRewards=true&rm1=a2&selected=EXPEDIA_5&sort=RECOMMENDED&pwa_ts=1762094800839&top_cur=USD
