hotel_id,hotel_source,hotel_name,room_name,bed_type,bed_category,room_category,available_rooms,room_facilities,base_price,tax_price,total_price,checkin,checkout,hotel_url
BOOKING_1,booking,Us,Double Room,twin bedsand,Twin,Normal,0,"['650 m²', 'Bathtub', 'Air conditioning', 'Private bathroom', 'Flat-screen TV', 'Free Wifi', 'Bathrobe', 'Toilet', 'Towels', 'Linens', 'Desk', 'Tea/Coffee maker', 'Microwave', 'Heating', 'Wake-up service', 'Dining table', 'Clothes rack', 'Toilet paper']",7026.0,1019.0,8045.0,2025-11-10,2025-11-11,https://www.booking.com/hotel/us/econolodge-andalusia.html?aid=304142&label=gen173nr-10CAEoggI46AdIM1gEaGyIAQGYATO4ARfIAQzYAQPoAQH4AQGIAgGoAgG4ArDI-sYGwAIB0gIkODhkOWY1YzgtMTk5OS00MzI4LTgxNGYtZDFiMjg0OTQ1Y2U52AIB4AIB&sid=b4a3f7b31a243b80f8ac20db0073a78a&all_sr_blocks=1047393001_377033255_2_1_0&checkin=2025-11-01&checkout=2025-11-05&dest_id=10473930&dest_type=hotel&dist=0&group_adults=2&group_children=0&hapos=1&highlighted_blocks=1047393001_377033255_2_1_0&hpos=1&matching_block_id=1047393001_377033255_2_1_0&no_rooms=1&req_adults=2&req_children=0&room1=A%2CA&sb_price_type=total&sr_order=popularity&sr_pri_blocks=1047393001_377033255_2_1_0__31660&srepoch=1759421509&srpvid=2fc671ddeea902a0&type=total&ucfs=1&
BOOKING_1,booking,Econolodge,Double Room,twin bedsand,Twin,Normal,0,"['650 m²', 'Bathtub', 'Air conditioning', 'Private bathroom', 'Flat-screen TV', 'Free Wifi', 'Bathrobe', 'Toilet', 'Towels', 'Linens', 'Desk', 'Tea/Coffee maker', 'Microwave', 'Heating', 'Wake-up service', 'Dining table', 'Clothes rack', 'Toilet paper']",7026.0,1019.0,8045.0,2025-11-11,2025-11-12,https://www.booking.com/hotel/us/econolodge-andalusia.html?aid=304142&label=gen173nr-10CAEoggI46AdIM1gEaGyIAQGYATO4ARfIAQzYAQPoAQH4AQGIAgGoAgG4ArDI-sYGwAIB0gIkODhkOWY1YzgtMTk5OS00MzI4LTgxNGYtZDFiMjg0OTQ1Y2U52AIB4AIB&sid=b4a3f7b31a243b80f8ac20db0073a78a&all_sr_blocks=1047393001_377033255_2_1_0&checkin=2025-11-01&checkout=2025-11-05&dest_id=10473930&dest_type=hotel&dist=0&group_adults=2&group_children=0&hapos=1&highlighted_blocks=1047393001_377033255_2_1_0&hpos=1&matching_block_id=1047393001_377033255_2_1_0&no_rooms=1&req_adults=2&req_children=0&room1=A%2CA&sb_price_type=total&sr_order=popularity&sr_pri_blocks=1047393001_377033255_2_1_0__31660&srepoch=1759421509&srpvid=2fc671ddeea902a0&type=total&ucfs=1&
BOOKING_1,booking,Econolodge,"1 King Bed, Smoking",,,Normal,0,"['30m²', 'Air conditioning', 'Private bathroom', 'Free Wifi', '', 'Free toiletries', '', 'Bathrobe', '', 'Bathtub or shower', '', 'Towels', '', 'Desk', '', 'Sitting area', '', 'TV', '', 'Telephone', '', 'Ironing facilities', '', 'Microwave', '', 'Hairdryer', '', 'Cable channels', '', 'Wardrobe or closet', '', 'Window', '', 'Free in-room Wifi', '', 'Bathtub', '', 'In-room Wifi', '', 'Blackout curtains', '', 'Coffee/tea pot', '', 'Mini refrigerator']",6700.0,1071.0,7771.0,2025-11-12,2025-11-13,https://www.booking.com/hotel/us/econolodge-andalusia.html?aid=304142&label=gen173nr-10CAEoggI46AdIM1gEaGyIAQGYATO4ARfIAQzYAQPoAQH4AQGIAgGoAgG4ArDI-sYGwAIB0gIkODhkOWY1YzgtMTk5OS00MzI4LTgxNGYtZDFiMjg0OTQ1Y2U52AIB4AIB&sid=b4a3f7b31a243b80f8ac20db0073a78a&all_sr_blocks=1047393001_377033255_2_1_0&checkin=2025-11-01&checkout=2025-11-05&dest_id=10473930&dest_type=hotel&dist=0&group_adults=2&group_children=0&hapos=1&highlighted_blocks=1047393001_377033255_2_1_0&hpos=1&matching_block_id=1047393001_377033255_2_1_0&no_rooms=1&req_adults=2&req_children=0&room1=A%2CA&sb_price_type=total&sr_order=popularity&sr_pri_blocks=1047393001_377033255_2_1_0__31660&srepoch=1759421509&srpvid=2fc671ddeea902a0&type=total&ucfs=1&
BOOKING_1,booking,Econolodge,Double Room,twin bedsand,Twin,Normal,0,"['650 m²', 'Bathtub', 'Air conditioning', 'Private bathroom', 'Flat-screen TV', 'Free Wifi', 'Bathrobe', 'Toilet', 'Towels', 'Linens', 'Desk', 'Tea/Coffee maker', 'Microwave', 'Heating', 'Wake-up service', 'Dining table', 'Clothes rack', 'Toilet paper']",7026.0,1019.0,8045.0,2025-11-12,2025-11-13,https://www.booking.com/hotel/us/econolodge-andalusia.html?aid=304142&label=gen173nr-10CAEoggI46AdIM1gEaGyIAQGYATO4ARfIAQzYAQPoAQH4AQGIAgGoAgG4ArDI-sYGwAIB0gIkODhkOWY1YzgtMTk5OS00MzI4LTgxNGYtZDFiMjg0OTQ1Y2U52AIB4AIB&sid=b4a3f7b31a243b80f8ac20db0073a78a&all_sr_blocks=1047393001_377033255_2_1_0&checkin=2025-11-01&checkout=2025-11-05&dest_id=10473930&dest_type=hotel&dist=0&group_adults=2&group_children=0&hapos=1&highlighted_blocks=1047393001_377033255_2_1_0&hpos=1&matching_block_id=1047393001_377033255_2_1_0&no_rooms=1&req_adults=2&req_children=0&room1=A%2CA&sb_price_type=total&sr_order=popularity&sr_pri_blocks=1047393001_377033255_2_1_0__31660&srepoch=1759421509&srpvid=2fc671ddeea902a0&type=total&ucfs=1&
BOOKING_1,booking,Econolodge,Double Room,twin bedsand,Twin,Normal,0,"['650 m²', 'Bathtub', 'Air conditioning', 'Private bathroom', 'Flat-screen TV', 'Free Wifi', 'Bathrobe', 'Toilet', 'Towels', 'Linens', 'Desk', 'Tea/Coffee maker', 'Microwave', 'Heating', 'Wake-up service', 'Dining table', 'Clothes rack', 'Toilet paper']",7026.0,1019.0,8045.0,2025-11-13,2025-11-14,https://www.booking.com/hotel/us/econolodge-andalusia.html?aid=304142&label=gen173nr-10CAEoggI46AdIM1gEaGyIAQGYATO4ARfIAQzYAQPoAQH4AQGIAgGoAgG4ArDI-sYGwAIB0gIkODhkOWY1YzgtMTk5OS00MzI4LTgxNGYtZDFiMjg0OTQ1Y2U52AIB4AIB&sid=b4a3f7b31a243b80f8ac20db0073a78a&all_sr_blocks=1047393001_377033255_2_1_0&checkin=2025-11-01&checkout=2025-11-05&dest_id=10473930&dest_type=hotel&dist=0&group_adults=2&group_children=0&hapos=1&highlighted_blocks=1047393001_377033255_2_1_0&hpos=1&matching_block_id=1047393001_377033255_2_1_0&no_rooms=1&req_adults=2&req_children=0&room1=A%2CA&sb_price_type=total&sr_order=popularity&sr_pri_blocks=1047393001_377033255_2_1_0__31660&srepoch=1759421509&srpvid=2fc671ddeea902a0&type=total&ucfs=1&
BOOKING_1,booking,Us,Double Room,twin bedsand,Twin,Normal,0,"['650 m²', 'Bathtub', 'Air conditioning', 'Private bathroom', 'Flat-screen TV', 'Free Wifi', 'Bathrobe', 'Toilet', 'Towels', 'Linens', 'Desk', 'Tea/Coffee maker', 'Microwave', 'Heating', 'Wake-up service', 'Dining table', 'Clothes rack', 'Toilet paper']",7026.0,1019.0,8045.0,2025-11-14,2025-11-15,https://www.booking.com/hotel/us/econolodge-andalusia.html?aid=304142&label=gen173nr-10CAEoggI46AdIM1gEaGyIAQGYATO4ARfIAQzYAQPoAQH4AQGIAgGoAgG4ArDI-sYGwAIB0gIkODhkOWY1YzgtMTk5OS00MzI4LTgxNGYtZDFiMjg0OTQ1Y2U52AIB4AIB&sid=b4a3f7b31a243b80f8ac20db0073a78a&all_sr_blocks=1047393001_377033255_2_1_0&checkin=2025-11-01&checkout=2025-11-05&dest_id=10473930&dest_type=hotel&dist=0&group_adults=2&group_children=0&hapos=1&highlighted_blocks=1047393001_377033255_2_1_0&hpos=1&matching_block_id=1047393001_377033255_2_1_0&no_rooms=1&req_adults=2&req_children=0&room1=A%2CA&sb_price_type=total&sr_order=popularity&sr_pri_blocks=1047393001_377033255_2_1_0__31660&srepoch=1759421509&srpvid=2fc671ddeea902a0&type=total&ucfs=1&
BOOKING_1,booking,Econolodge,Double Room,twin bedsand,Twin,Normal,0,"['650 m²', 'Bathtub', 'Air conditioning', 'Private bathroom', 'Flat-screen TV', 'Free Wifi', 'Bathrobe', 'Toilet', 'Towels', 'Linens', 'Desk', 'Tea/Coffee maker', 'Microwave', 'Heating', 'Wake-up service', 'Dining table', 'Clothes rack', 'Toilet paper']",7026.0,1019.0,8045.0,2025-11-15,2025-11-16,https://www.booking.com/hotel/us/econolodge-andalusia.html?aid=304142&label=gen173nr-10CAEoggI46AdIM1gEaGyIAQGYATO4ARfIAQzYAQPoAQH4AQGIAgGoAgG4ArDI-sYGwAIB0gIkODhkOWY1YzgtMTk5OS00MzI4LTgxNGYtZDFiMjg0OTQ1Y2U52AIB4AIB&sid=b4a3f7b31a243b80f8ac20db0073a78a&all_sr_blocks=1047393001_377033255_2_1_0&checkin=2025-11-01&checkout=2025-11-05&dest_id=10473930&dest_type=hotel&dist=0&group_adults=2&group_children=0&hapos=1&highlighted_blocks=1047393001_377033255_2_1_0&hpos=1&matching_block_id=1047393001_377033255_2_1_0&no_rooms=1&req_adults=2&req_children=0&room1=A%2CA&sb_price_type=total&sr_order=popularity&sr_pri_blocks=1047393001_377033255_2_1_0__31660&srepoch=1759421509&srpvid=2fc671ddeea902a0&type=total&ucfs=1&
BOOKING_1,booking,Econolodge,"1 King Bed, Smoking",,,Normal,0,"['30m²', 'Air conditioning', 'Private bathroom', 'Free Wifi', '', 'Free toiletries', '', 'Bathrobe', '', 'Bathtub or shower', '', 'Towels', '', 'Desk', '', 'Sitting area', '', 'TV', '', 'Telephone', '', 'Ironing facilities', '', 'Microwave', '', 'Hairdryer', '', 'Cable channels', '', 'Wardrobe or closet', '', 'Window', '', 'Free in-room Wifi', '', 'Bathtub', '', 'Coffee/tea pot', '', 'Blackout curtains', '', 'Mini refrigerator', '', 'In-room Wifi']",6281.0,1005.0,7286.0,2025-11-16,2025-11-17,https://www.booking.com/hotel/us/econolodge-andalusia.html?aid=304142&label=gen173nr-10CAEoggI46AdIM1gEaGyIAQGYATO4ARfIAQzYAQPoAQH4AQGIAgGoAgG4ArDI-sYGwAIB0gIkODhkOWY1YzgtMTk5OS00MzI4LTgxNGYtZDFiMjg0OTQ1Y2U52AIB4AIB&sid=b4a3f7b31a243b80f8ac20db0073a78a&all_sr_blocks=1047393001_377033255_2_1_0&checkin=2025-11-01&checkout=2025-11-05&dest_id=10473930&dest_type=hotel&dist=0&group_adults=2&group_children=0&hapos=1&highlighted_blocks=1047393001_377033255_2_1_0&hpos=1&matching_block_id=1047393001_377033255_2_1_0&no_rooms=1&req_adults=2&req_children=0&room1=A%2CA&sb_price_type=total&sr_order=popularity&sr_pri_blocks=1047393001_377033255_2_1_0__31660&srepoch=1759421509&srpvid=2fc671ddeea902a0&type=total&ucfs=1&
BOOKING_1,booking,Econolodge,Double Room,twin bedsand,Twin,Normal,0,"['650 m²', 'Bathtub', 'Air conditioning', 'Private bathroom', 'Flat-screen TV', 'Free Wifi', 'Bathrobe', 'Toilet', 'Towels', 'Linens', 'Desk', 'Tea/Coffee maker', 'Microwave', 'Heating', 'Wake-up service', 'Dining table', 'Clothes rack', 'Toilet paper']",7026.0,1019.0,8045.0,2025-11-16,2025-11-17,https://www.booking.com/hotel/us/econolodge-andalusia.html?aid=304142&label=gen173nr-10CAEoggI46AdIM1gEaGyIAQGYATO4ARfIAQzYAQPoAQH4AQGIAgGoAgG4ArDI-sYGwAIB0gIkODhkOWY1YzgtMTk5OS00MzI4LTgxNGYtZDFiMjg0OTQ1Y2U52AIB4AIB&sid=b4a3f7b31a243b80f8ac20db0073a78a&all_sr_blocks=1047393001_377033255_2_1_0&checkin=2025-11-01&checkout=2025-11-05&dest_id=10473930&dest_type=hotel&dist=0&group_adults=2&group_children=0&hapos=1&highlighted_blocks=1047393001_377033255_2_1_0&hpos=1&matching_block_id=1047393001_377033255_2_1_0&no_rooms=1&req_adults=2&req_children=0&room1=A%2CA&sb_price_type=total&sr_order=popularity&sr_pri_blocks=1047393001_377033255_2_1_0__31660&srepoch=1759421509&srpvid=2fc671ddeea902a0&type=total&ucfs=1&
BOOKING_1,booking,Econolodge,Double Room,twin bedsand,Twin,Normal,0,"['650 m²', 'Bathtub', 'Air conditioning', 'Private bathroom', 'Flat-screen TV', 'Free Wifi', 'Bathrobe', 'Toilet', 'Towels', 'Linens', 'Desk', 'Tea/Coffee maker', 'Microwave', 'Heating', 'Wake-up service', 'Dining table', 'Clothes rack', 'Toilet paper']",7026.0,1019.0,8045.0,2025-11-17,2025-11-18,https://www.booking.com/hotel/us/econolodge-andalusia.html?aid=304142&label=gen173nr-10CAEoggI46AdIM1gEaGyIAQGYATO4ARfIAQzYAQPoAQH4AQGIAgGoAgG4ArDI-sYGwAIB0gIkODhkOWY1YzgtMTk5OS00MzI4LTgxNGYtZDFiMjg0OTQ1Y2U52AIB4AIB&sid=b4a3f7b31a243b80f8ac20db0073a78a&all_sr_blocks=1047393001_377033255_2_1_0&checkin=2025-11-01&checkout=2025-11-05&dest_id=10473930&dest_type=hotel&dist=0&group_adults=2&group_children=0&hapos=1&highlighted_blocks=1047393001_377033255_2_1_0&hpos=1&matching_block_id=1047393001_377033255_2_1_0&no_rooms=1&req_adults=2&req_children=0&room1=A%2CA&sb_price_type=total&sr_order=popularity&sr_pri_blocks=1047393001_377033255_2_1_0__31660&srepoch=1759421509&srpvid=2fc671ddeea902a0&type=total&ucfs=1&
BOOKING_1,booking,Us,Double Room,twin bedsand,Twin,Normal,0,"['650 m²', 'Bathtub', 'Air conditioning', 'Private bathroom', 'Flat-screen TV', 'Free Wifi', 'Bathrobe', 'Toilet', 'Towels', 'Linens', 'Desk', 'Tea/Coffee maker', 'Microwave', 'Heating', 'Wake-up service', 'Dining table', 'Clothes rack', 'Toilet paper']",7026.0,1019.0,8045.0,2025-11-18,2025-11-19,https://www.booking.com/hotel/us/econolodge-andalusia.html?aid=304142&label=gen173nr-10CAEoggI46AdIM1gEaGyIAQGYATO4ARfIAQzYAQPoAQH4AQGIAgGoAgG4ArDI-sYGwAIB0gIkODhkOWY1YzgtMTk5OS00MzI4LTgxNGYtZDFiMjg0OTQ1Y2U52AIB4AIB&sid=b4a3f7b31a243b80f8ac20db0073a78a&all_sr_blocks=1047393001_377033255_2_1_0&checkin=2025-11-01&checkout=2025-11-05&dest_id=10473930&dest_type=hotel&dist=0&group_adults=2&group_children=0&hapos=1&highlighted_blocks=1047393001_377033255_2_1_0&hpos=1&matching_block_id=1047393001_377033255_2_1_0&no_rooms=1&req_adults=2&req_children=0&room1=A%2CA&sb_price_type=total&sr_order=popularity&sr_pri_blocks=1047393001_377033255_2_1_0__31660&srepoch=1759421509&srpvid=2fc671ddeea902a0&type=total&ucfs=1&
BOOKING_1,booking,Us,Double Room,twin bedsand,Twin,Normal,0,"['650 m²', 'Bathtub', 'Air conditioning', 'Private bathroom', 'Flat-screen TV', 'Free Wifi', 'Bathrobe', 'Toilet', 'Towels', 'Linens', 'Desk', 'Tea/Coffee maker', 'Microwave', 'Heating', 'Wake-up service', 'Dining table', 'Clothes rack', 'Toilet paper']",7026.0,1019.0,8045.0,2025-11-19,2025-11-20,https://www.booking.com/hotel/us/econolodge-andalusia.html?aid=304142&label=gen173nr-10CAEoggI46AdIM1gEaGyIAQGYATO4ARfIAQzYAQPoAQH4AQGIAgGoAgG4ArDI-sYGwAIB0gIkODhkOWY1YzgtMTk5OS00MzI4LTgxNGYtZDFiMjg0OTQ1Y2U52AIB4AIB&sid=b4a3f7b31a243b80f8ac20db0073a78a&all_sr_blocks=1047393001_377033255_2_1_0&checkin=2025-11-01&checkout=2025-11-05&dest_id=10473930&dest_type=hotel&dist=0&group_adults=2&group_children=0&hapos=1&highlighted_blocks=1047393001_377033255_2_1_0&hpos=1&matching_block_id=1047393001_377033255_2_1_0&no_rooms=1&req_adults=2&req_children=0&room1=A%2CA&sb_price_type=total&sr_order=popularity&sr_pri_blocks=1047393001_377033255_2_1_0__31660&srepoch=1759421509&srpvid=2fc671ddeea902a0&type=total&ucfs=1&
BOOKING_1,booking,Econolodge,Double Room,twin bedsand,Twin,Normal,0,"['650 m²', 'Bathtub', 'Air conditioning', 'Private bathroom', 'Flat-screen TV', 'Free Wifi', 'Bathrobe', 'Toilet', 'Towels', 'Linens', 'Desk', 'Tea/Coffee maker', 'Microwave', 'Heating', 'Wake-up service', 'Dining table', 'Clothes rack', 'Toilet paper']",7026.0,1019.0,8045.0,2025-11-20,2025-11-21,https://www.booking.com/hotel/us/econolodge-andalusia.html?aid=304142&label=gen173nr-10CAEoggI46AdIM1gEaGyIAQGYATO4ARfIAQzYAQPoAQH4AQGIAgGoAgG4ArDI-sYGwAIB0gIkODhkOWY1YzgtMTk5OS00MzI4LTgxNGYtZDFiMjg0OTQ1Y2U52AIB4AIB&sid=b4a3f7b31a243b80f8ac20db0073a78a&all_sr_blocks=1047393001_377033255_2_1_0&checkin=2025-11-01&checkout=2025-11-05&dest_id=10473930&dest_type=hotel&dist=0&group_adults=2&group_children=0&hapos=1&highlighted_blocks=1047393001_377033255_2_1_0&hpos=1&matching_block_id=1047393001_377033255_2_1_0&no_rooms=1&req_adults=2&req_children=0&room1=A%2CA&sb_price_type=total&sr_order=popularity&sr_pri_blocks=1047393001_377033255_2_1_0__31660&srepoch=1759421509&srpvid=2fc671ddeea902a0&type=total&ucfs=1&
BOOKING_1,booking,Us,Double Room,twin bedsand,Twin,Normal,0,"['650 m²', 'Bathtub', 'Air conditioning', 'Private bathroom', 'Flat-screen TV', 'Free Wifi', 'Bathrobe', 'Toilet', 'Towels', 'Linens', 'Desk', 'Tea/Coffee maker', 'Microwave', 'Heating', 'Wake-up service', 'Dining table', 'Clothes rack', 'Toilet paper']",7026.0,1019.0,8045.0,2025-11-21,2025-11-22,https://www.booking.com/hotel/us/econolodge-andalusia.html?aid=304142&label=gen173nr-10CAEoggI46AdIM1gEaGyIAQGYATO4ARfIAQzYAQPoAQH4AQGIAgGoAgG4ArDI-sYGwAIB0gIkODhkOWY1YzgtMTk5OS00MzI4LTgxNGYtZDFiMjg0OTQ1Y2U52AIB4AIB&sid=b4a3f7b31a243b80f8ac20db0073a78a&all_sr_blocks=1047393001_377033255_2_1_0&checkin=2025-11-01&checkout=2025-11-05&dest_id=10473930&dest_type=hotel&dist=0&group_adults=2&group_children=0&hapos=1&highlighted_blocks=1047393001_377033255_2_1_0&hpos=1&matching_block_id=1047393001_377033255_2_1_0&no_rooms=1&req_adults=2&req_children=0&room1=A%2CA&sb_price_type=total&sr_order=popularity&sr_pri_blocks=1047393001_377033255_2_1_0__31660&srepoch=1759421509&srpvid=2fc671ddeea902a0&type=total&ucfs=1&
BOOKING_1,booking,Us,Double Room,twin bedsand,Twin,Normal,0,"['650 m²', 'Bathtub', 'Air conditioning', 'Private bathroom', 'Flat-screen TV', 'Free Wifi', 'Bathrobe', 'Toilet', 'Towels', 'Linens', 'Desk', 'Tea/Coffee maker', 'Microwave', 'Heating', 'Wake-up service', 'Dining table', 'Clothes rack', 'Toilet paper']",7026.0,1019.0,8045.0,2025-11-22,2025-11-23,https://www.booking.com/hotel/us/econolodge-andalusia.html?aid=304142&label=gen173nr-10CAEoggI46AdIM1gEaGyIAQGYATO4ARfIAQzYAQPoAQH4AQGIAgGoAgG4ArDI-sYGwAIB0gIkODhkOWY1YzgtMTk5OS00MzI4LTgxNGYtZDFiMjg0OTQ1Y2U52AIB4AIB&sid=b4a3f7b31a243b80f8ac20db0073a78a&all_sr_blocks=1047393001_377033255_2_1_0&checkin=2025-11-01&checkout=2025-11-05&dest_id=10473930&dest_type=hotel&dist=0&group_adults=2&group_children=0&hapos=1&highlighted_blocks=1047393001_377033255_2_1_0&hpos=1&matching_block_id=1047393001_377033255_2_1_0&no_rooms=1&req_adults=2&req_children=0&room1=A%2CA&sb_price_type=total&sr_order=popularity&sr_pri_blocks=1047393001_377033255_2_1_0__31660&srepoch=1759421509&srpvid=2fc671ddeea902a0&type=total&ucfs=1&
BOOKING_2,booking,Best Western Plover-Stevens Point Hotel & Conference Center,King Suite with Spa Bath,king bed,King,Suite,4,"['1 room', 'Bathtub', 'Air conditioning', 'Private bathroom', 'Flat-screen TV', 'Free Wifi', 'Toilet', 'Towels', 'Linens', 'Socket near the bed', 'Desk', 'TV', 'Telephone', 'Heating', 'Hairdryer', 'Extra long beds (> 2 metres)', 'Carpeted', 'Cable channels', 'Alarm clock', 'Wardrobe or closet', 'Toilet paper', 'Carbon monoxide detector', 'Single-room AC for guest accommodation']",9764.0,1318.0,11082.0,2025-11-10,2025-11-11,https://www.booking.com/hotel/us/best-western-plover.html?aid=304142&label=gen173nr-10CAEoggI46AdIM1gEaGyIAQGYATO4ARfIAQzYAQPoAQH4AQGIAgGoAgG4ArDI-sYGwAIB0gIkODhkOWY1YzgtMTk5OS00MzI4LTgxNGYtZDFiMjg0OTQ1Y2U52AIB4AIB&sid=b4a3f7b31a243b80f8ac20db0073a78a&checkin=2025-11-01&checkout=2025-11-05&dist=0&group_adults=2&group_children=0&hapos=1&hpos=1&no_rooms=1&req_adults=2&req_children=0&room1=A%2CA&sb_price_type=total&soh=1&sr_order=popularity&srepoch=1759421677&srpvid=8df8722f6fa0016b&type=total&ucfs=1&#no_availability_msg
BOOKING_2,booking,Best Western Plover-Stevens Point Hotel & Conference Center,King Room,king bed,King,Normal,0,"['1 room', 'Air conditioning', 'Private bathroom', 'Flat-screen TV', 'Free Wifi', 'Toilet', 'Towels', 'Linens', 'Socket near the bed', 'Desk', 'TV', 'Telephone', 'Heating', 'Hairdryer', 'Carpeted', 'Cable channels', 'Alarm clock', 'Wardrobe or closet', 'Toilet paper', 'Single-room AC for guest accommodation', 'Carbon monoxide detector']",7989.0,1078.0,9067.0,2025-11-10,2025-11-11,https://www.booking.com/hotel/us/best-western-plover.html?aid=304142&label=gen173nr-10CAEoggI46AdIM1gEaGyIAQGYATO4ARfIAQzYAQPoAQH4AQGIAgGoAgG4ArDI-sYGwAIB0gIkODhkOWY1YzgtMTk5OS00MzI4LTgxNGYtZDFiMjg0OTQ1Y2U52AIB4AIB&sid=b4a3f7b31a243b80f8ac20db0073a78a&checkin=2025-11-01&checkout=2025-11-05&dist=0&group_adults=2&group_children=0&hapos=1&hpos=1&no_rooms=1&req_adults=2&req_children=0&room1=A%2CA&sb_price_type=total&soh=1&sr_order=popularity&srepoch=1759421677&srpvid=8df8722f6fa0016b&type=total&ucfs=1&#no_availability_msg
BOOKING_2,booking,Best Western Plover-Stevens Point Hotel & Conference Center,King Room with Roll-In Shower - Disability Access/Non-Smoking,king bed,King,Normal,2,"['1 room', 'Air conditioning', 'Private bathroom', 'Flat-screen TV', 'Free Wifi', 'Toilet', 'Towels', 'Linens', 'Socket near the bed', 'Desk', 'TV', 'Telephone', 'Heating', 'Hairdryer', 'Extra long beds (> 2 metres)', 'Carpeted', 'Cable channels', 'Alarm clock', 'Wardrobe or closet', 'Toilet paper', 'Carbon monoxide detector', 'Single-room AC for guest accommodation']",7989.0,1078.0,9067.0,2025-11-10,2025-11-11,https://www.booking.com/hotel/us/best-western-plover.html?aid=304142&label=gen173nr-10CAEoggI46AdIM1gEaGyIAQGYATO4ARfIAQzYAQPoAQH4AQGIAgGoAgG4ArDI-sYGwAIB0gIkODhkOWY1YzgtMTk5OS00MzI4LTgxNGYtZDFiMjg0OTQ1Y2U52AIB4AIB&sid=b4a3f7b31a243b80f8ac20db0073a78a&checkin=2025-11-01&checkout=2025-11-05&dist=0&group_adults=2&group_children=0&hapos=1&hpos=1&no_rooms=1&req_adults=2&req_children=0&room1=A%2CA&sb_price_type=total&soh=1&sr_order=popularity&srepoch=1759421677&srpvid=8df8722f6fa0016b&type=total&ucfs=1&#no_availability_msg
BOOKING_2,booking,Best Western Plover-Stevens Point Hotel & Conference Center,Queen Room with Two Queen Beds - Non-Smoking,queen beds,Queen,Normal,0,"['1 room', 'Bathtub', 'Air conditioning', 'Private bathroom', 'Flat-screen TV', 'Free Wifi', 'Toilet', 'Towels', 'Linens', 'Socket near the bed', 'Desk', 'TV', 'Telephone', 'Heating', 'Hairdryer', 'Carpeted', 'Cable channels', 'Alarm clock', 'Wardrobe or closet', 'Toilet paper', 'Single-room AC for guest accommodation', 'Carbon monoxide detector']",8876.0,1198.0,10074.0,2025-11-10,2025-11-11,https://www.booking.com/hotel/us/best-western-plover.html?aid=304142&label=gen173nr-10CAEoggI46AdIM1gEaGyIAQGYATO4ARfIAQzYAQPoAQH4AQGIAgGoAgG4ArDI-sYGwAIB0gIkODhkOWY1YzgtMTk5OS00MzI4LTgxNGYtZDFiMjg0OTQ1Y2U52AIB4AIB&sid=b4a3f7b31a243b80f8ac20db0073a78a&checkin=2025-11-01&checkout=2025-11-05&dist=0&group_adults=2&group_children=0&hapos=1&hpos=1&no_rooms=1&req_adults=2&req_children=0&room1=A%2CA&sb_price_type=total&soh=1&sr_order=popularity&srepoch=1759421677&srpvid=8df8722f6fa0016b&type=total&ucfs=1&#no_availability_msg
BOOKING_2,booking,Best Western Plover-Stevens Point Hotel & Conference Center,Family King Suite with Sofa Bed - Non-Smoking,king bedand1 sofa bed,King,Suite,2,"['Private suite', 'Bathtub', 'Air conditioning', 'Private bathroom', 'Flat-screen TV', 'Free Wifi', 'Toilet', 'Sofa', 'Towels', 'Linens', 'Socket near the bed', 'Desk', 'TV', 'Telephone', 'Heating', 'Hairdryer', 'Carpeted', 'Cable channels', 'Alarm clock', 'Wardrobe or closet', 'Toilet paper', 'Sofa bed', 'Single-room AC for guest accommodation', 'Carbon monoxide detector']",11096.0,1498.0,12594.0,2025-11-10,2025-11-11,https://www.booking.com/hotel/us/best-western-plover.html?aid=304142&label=gen173nr-10CAEoggI46AdIM1gEaGyIAQGYATO4ARfIAQzYAQPoAQH4AQGIAgGoAgG4ArDI-sYGwAIB0gIkODhkOWY1YzgtMTk5OS00MzI4LTgxNGYtZDFiMjg0OTQ1Y2U52AIB4AIB&sid=b4a3f7b31a243b80f8ac20db0073a78a&checkin=2025-11-01&checkout=2025-11-05&dist=0&group_adults=2&group_children=0&hapos=1&hpos=1&no_rooms=1&req_adults=2&req_children=0&room1=A%2CA&sb_price_type=total&soh=1&sr_order=popularity&srepoch=1759421677&srpvid=8df8722f6fa0016b&type=total&ucfs=1&#no_availability_msg
BOOKING_2,booking,Best Western Plover-Stevens Point Hotel & Conference Center,Family Queen Suite with Sofa Bed,queen beds,Queen,Suite,2,"['Private suite', 'Bathtub', 'Air conditioning', 'Private bathroom', 'Flat-screen TV', 'Coffee machine', 'Free Wifi', 'Shower', 'Toilet', 'Towels', 'Linens', 'Socket near the bed', 'Desk', 'TV', 'Telephone', 'Tea/Coffee maker', 'Heating', 'Hairdryer', 'Carpeted', 'Cable channels', 'Alarm clock', 'Wardrobe or closet', 'Toilet paper', 'Carbon monoxide detector', 'Single-room AC for guest accommodation']",12427.0,1678.0,14105.0,2025-11-10,2025-11-11,https://www.booking.com/hotel/us/best-western-plover.html?aid=304142&label=gen173nr-10CAEoggI46AdIM1gEaGyIAQGYATO4ARfIAQzYAQPoAQH4AQGIAgGoAgG4ArDI-sYGwAIB0gIkODhkOWY1YzgtMTk5OS00MzI4LTgxNGYtZDFiMjg0OTQ1Y2U52AIB4AIB&sid=b4a3f7b31a243b80f8ac20db0073a78a&checkin=2025-11-01&checkout=2025-11-05&dist=0&group_adults=2&group_children=0&hapos=1&hpos=1&no_rooms=1&req_adults=2&req_children=0&room1=A%2CA&sb_price_type=total&soh=1&sr_order=popularity&srepoch=1759421677&srpvid=8df8722f6fa0016b&type=total&ucfs=1&#no_availability_msg
BOOKING_2,booking,Best Western Plover-Stevens Point Hotel & Conference Center,Two-Room Queen Suite,sofa bedand2 queen beds,Queen,Suite,2,"['Private suite', 'Bathtub', 'Air conditioning', 'Private bathroom', 'Flat-screen TV', 'Coffee machine', 'Free Wifi', 'Shower', 'Toilet', 'Sofa', 'Towels', 'Linens', 'Socket near the bed', 'Desk', 'TV', 'Telephone', 'Tea/Coffee maker', 'Heating', 'Hairdryer', 'Carpeted', 'Cable channels', 'Alarm clock', 'Wardrobe or closet', 'Toilet paper', 'Sofa bed', 'Single-room AC for guest accommodation', 'Carbon monoxide detector']",12871.0,1738.0,14609.0,2025-11-10,2025-11-11,https://www.booking.com/hotel/us/best-western-plover.html?aid=304142&label=gen173nr-10CAEoggI46AdIM1gEaGyIAQGYATO4ARfIAQzYAQPoAQH4AQGIAgGoAgG4ArDI-sYGwAIB0gIkODhkOWY1YzgtMTk5OS00MzI4LTgxNGYtZDFiMjg0OTQ1Y2U52AIB4AIB&sid=b4a3f7b31a243b80f8ac20db0073a78a&checkin=2025-11-01&checkout=2025-11-05&dist=0&group_adults=2&group_children=0&hapos=1&hpos=1&no_rooms=1&req_adults=2&req_children=0&room1=A%2CA&sb_price_type=total&soh=1&sr_order=popularity&srepoch=1759421677&srpvid=8df8722f6fa0016b&type=total&ucfs=1&#no_availability_msg
BOOKING_2,booking,Best Western Plover-Stevens Point Hotel & Conference Center,Queen Suite with Sofa Bed,queen beds,Queen,Suite,1,"['Private suite', 'Bathtub', 'Air conditioning', 'Private bathroom', 'Flat-screen TV', 'Free Wifi', 'Toilet', 'Towels', 'Linens', 'Socket near the bed', 'Desk', 'TV', 'Telephone', 'Heating', 'Hairdryer', 'Carpeted', 'Cable channels', 'Alarm clock', 'Wardrobe or closet', 'Toilet paper', 'Carbon monoxide detector', 'Single-room AC for guest accommodation']",11096.0,1498.0,12594.0,2025-11-10,2025-11-11,https://www.booking.com/hotel/us/best-western-plover.html?aid=304142&label=gen173nr-10CAEoggI46AdIM1gEaGyIAQGYATO4ARfIAQzYAQPoAQH4AQGIAgGoAgG4ArDI-sYGwAIB0gIkODhkOWY1YzgtMTk5OS00MzI4LTgxNGYtZDFiMjg0OTQ1Y2U52AIB4AIB&sid=b4a3f7b31a243b80f8ac20db0073a78a&checkin=2025-11-01&checkout=2025-11-05&dist=0&group_adults=2&group_children=0&hapos=1&hpos=1&no_rooms=1&req_adults=2&req_children=0&room1=A%2CA&sb_price_type=total&soh=1&sr_order=popularity&srepoch=1759421677&srpvid=8df8722f6fa0016b&type=total&ucfs=1&#no_availability_msg
BOOKING_2,booking,Us,King Room,,,Normal,0,"['Air conditioning', 'Private bathroom', 'Flat-screen TV', 'Free Wifi', '', 'Toilet', '', 'Towels', '', 'Linens', '', 'Socket near the bed', '', 'Desk', '', 'TV', '', 'Telephone', '', 'Heating', '', 'Hairdryer', '', 'Carpeted', '', 'Cable channels', '', 'Alarm clock', '', 'Wardrobe or closet', '', 'Toilet paper', '', 'Carbon monoxide detector', '', 'Single-room AC for guest accommodation']",7541.0,1018.0,8559.0,2025-11-11,2025-11-12,https://www.booking.com/hotel/us/best-western-plover.html?aid=304142&label=gen173nr-10CAEoggI46AdIM1gEaGyIAQGYATO4ARfIAQzYAQPoAQH4AQGIAgGoAgG4ArDI-sYGwAIB0gIkODhkOWY1YzgtMTk5OS00MzI4LTgxNGYtZDFiMjg0OTQ1Y2U52AIB4AIB&sid=b4a3f7b31a243b80f8ac20db0073a78a&checkin=2025-11-01&checkout=2025-11-05&dist=0&group_adults=2&group_children=0&hapos=1&hpos=1&no_rooms=1&req_adults=2&req_children=0&room1=A%2CA&sb_price_type=total&soh=1&sr_order=popularity&srepoch=1759421677&srpvid=8df8722f6fa0016b&type=total&ucfs=1&#no_availability_msg
BOOKING_2,booking,Us,King Suite with Spa Bath,king bed,King,Suite,4,"['1 room', 'Bathtub', 'Air conditioning', 'Private bathroom', 'Flat-screen TV', 'Free Wifi', 'Toilet', 'Towels', 'Linens', 'Socket near the bed', 'Desk', 'TV', 'Telephone', 'Heating', 'Hairdryer', 'Extra long beds (> 2 metres)', 'Carpeted', 'Cable channels', 'Alarm clock', 'Wardrobe or closet', 'Toilet paper', 'Single-room AC for guest accommodation', 'Carbon monoxide detector']",9764.0,1318.0,11082.0,2025-11-11,2025-11-12,https://www.booking.com/hotel/us/best-western-plover.html?aid=304142&label=gen173nr-10CAEoggI46AdIM1gEaGyIAQGYATO4ARfIAQzYAQPoAQH4AQGIAgGoAgG4ArDI-sYGwAIB0gIkODhkOWY1YzgtMTk5OS00MzI4LTgxNGYtZDFiMjg0OTQ1Y2U52AIB4AIB&sid=b4a3f7b31a243b80f8ac20db0073a78a&checkin=2025-11-01&checkout=2025-11-05&dist=0&group_adults=2&group_children=0&hapos=1&hpos=1&no_rooms=1&req_adults=2&req_children=0&room1=A%2CA&sb_price_type=total&soh=1&sr_order=popularity&srepoch=1759421677&srpvid=8df8722f6fa0016b&type=total&ucfs=1&#no_availability_msg
BOOKING_2,booking,Us,King Room with Roll-In Shower - Disability Access/Non-Smoking,king bed,King,Normal,2,"['1 room', 'Air conditioning', 'Private bathroom', 'Flat-screen TV', 'Free Wifi', 'Toilet', 'Towels', 'Linens', 'Socket near the bed', 'Desk', 'TV', 'Telephone', 'Heating', 'Hairdryer', 'Extra long beds (> 2 metres)', 'Carpeted', 'Cable channels', 'Alarm clock', 'Wardrobe or closet', 'Toilet paper', 'Single-room AC for guest accommodation', 'Carbon monoxide detector']",7989.0,1078.0,9067.0,2025-11-11,2025-11-12,https://www.booking.com/hotel/us/best-western-plover.html?aid=304142&label=gen173nr-10CAEoggI46AdIM1gEaGyIAQGYATO4ARfIAQzYAQPoAQH4AQGIAgGoAgG4ArDI-sYGwAIB0gIkODhkOWY1YzgtMTk5OS00MzI4LTgxNGYtZDFiMjg0OTQ1Y2U52AIB4AIB&sid=b4a3f7b31a243b80f8ac20db0073a78a&checkin=2025-11-01&checkout=2025-11-05&dist=0&group_adults=2&group_children=0&hapos=1&hpos=1&no_rooms=1&req_adults=2&req_children=0&room1=A%2CA&sb_price_type=total&soh=1&sr_order=popularity&srepoch=1759421677&srpvid=8df8722f6fa0016b&type=total&ucfs=1&#no_availability_msg
BOOKING_2,booking,Us,Queen Room with Two Queen Beds - Non-Smoking,queen beds,Queen,Normal,0,"['1 room', 'Bathtub', 'Air conditioning', 'Private bathroom', 'Flat-screen TV', 'Free Wifi', 'Toilet', 'Towels', 'Linens', 'Socket near the bed', 'Desk', 'TV', 'Telephone', 'Heating', 'Hairdryer', 'Carpeted', 'Cable channels', 'Alarm clock', 'Wardrobe or closet', 'Toilet paper', 'Carbon monoxide detector', 'Single-room AC for guest accommodation']",8876.0,1198.0,10074.0,2025-11-11,2025-11-12,https://www.booking.com/hotel/us/best-western-plover.html?aid=304142&label=gen173nr-10CAEoggI46AdIM1gEaGyIAQGYATO4ARfIAQzYAQPoAQH4AQGIAgGoAgG4ArDI-sYGwAIB0gIkODhkOWY1YzgtMTk5OS00MzI4LTgxNGYtZDFiMjg0OTQ1Y2U52AIB4AIB&sid=b4a3f7b31a243b80f8ac20db0073a78a&checkin=2025-11-01&checkout=2025-11-05&dist=0&group_adults=2&group_children=0&hapos=1&hpos=1&no_rooms=1&req_adults=2&req_children=0&room1=A%2CA&sb_price_type=total&soh=1&sr_order=popularity&srepoch=1759421677&srpvid=8df8722f6fa0016b&type=total&ucfs=1&#no_availability_msg
BOOKING_2,booking,Us,Family King Suite with Sofa Bed - Non-Smoking,king bedand1 sofa bed,King,Suite,2,"['Private suite', 'Bathtub', 'Air conditioning', 'Private bathroom', 'Flat-screen TV', 'Free Wifi', 'Toilet', 'Sofa', 'Towels', 'Linens', 'Socket near the bed', 'Desk', 'TV', 'Telephone', 'Heating', 'Hairdryer', 'Carpeted', 'Cable channels', 'Alarm clock', 'Wardrobe or closet', 'Toilet paper', 'Sofa bed', 'Single-room AC for guest accommodation', 'Carbon monoxide detector']",11096.0,1498.0,12594.0,2025-11-11,2025-11-12,https://www.booking.com/hotel/us/best-western-plover.html?aid=304142&label=gen173nr-10CAEoggI46AdIM1gEaGyIAQGYATO4ARfIAQzYAQPoAQH4AQGIAgGoAgG4ArDI-sYGwAIB0gIkODhkOWY1YzgtMTk5OS00MzI4LTgxNGYtZDFiMjg0OTQ1Y2U52AIB4AIB&sid=b4a3f7b31a243b80f8ac20db0073a78a&checkin=2025-11-01&checkout=2025-11-05&dist=0&group_adults=2&group_children=0&hapos=1&hpos=1&no_rooms=1&req_adults=2&req_children=0&room1=A%2CA&sb_price_type=total&soh=1&sr_order=popularity&srepoch=1759421677&srpvid=8df8722f6fa0016b&type=total&ucfs=1&#no_availability_msg
BOOKING_2,booking,Us,Family Queen Suite with Sofa Bed,queen beds,Queen,Suite,2,"['Private suite', 'Bathtub', 'Air conditioning', 'Private bathroom', 'Flat-screen TV', 'Coffee machine', 'Free Wifi', 'Shower', 'Toilet', 'Towels', 'Linens', 'Socket near the bed', 'Desk', 'TV', 'Telephone', 'Tea/Coffee maker', 'Heating', 'Hairdryer', 'Carpeted', 'Cable channels', 'Alarm clock', 'Wardrobe or closet', 'Toilet paper', 'Carbon monoxide detector', 'Single-room AC for guest accommodation']",12427.0,1678.0,14105.0,2025-11-11,2025-11-12,https://www.booking.com/hotel/us/best-western-plover.html?aid=304142&label=gen173nr-10CAEoggI46AdIM1gEaGyIAQGYATO4ARfIAQzYAQPoAQH4AQGIAgGoAgG4ArDI-sYGwAIB0gIkODhkOWY1YzgtMTk5OS00MzI4LTgxNGYtZDFiMjg0OTQ1Y2U52AIB4AIB&sid=b4a3f7b31a243b80f8ac20db0073a78a&checkin=2025-11-01&checkout=2025-11-05&dist=0&group_adults=2&group_children=0&hapos=1&hpos=1&no_rooms=1&req_adults=2&req_children=0&room1=A%2CA&sb_price_type=total&soh=1&sr_order=popularity&srepoch=1759421677&srpvid=8df8722f6fa0016b&type=total&ucfs=1&#no_availability_msg
BOOKING_2,booking,Us,Two-Room Queen Suite,sofa bedand2 queen beds,Queen,Suite,2,"['Private suite', 'Bathtub', 'Air conditioning', 'Private bathroom', 'Flat-screen TV', 'Coffee machine', 'Free Wifi', 'Shower', 'Toilet', 'Sofa', 'Towels', 'Linens', 'Socket near the bed', 'Desk', 'TV', 'Telephone', 'Tea/Coffee maker', 'Heating', 'Hairdryer', 'Carpeted', 'Cable channels', 'Alarm clock', 'Wardrobe or closet', 'Toilet paper', 'Sofa bed', 'Single-room AC for guest accommodation', 'Carbon monoxide detector']",12871.0,1738.0,14609.0,2025-11-11,2025-11-12,https://www.booking.com/hotel/us/best-western-plover.html?aid=304142&label=gen173nr-10CAEoggI46AdIM1gEaGyIAQGYATO4ARfIAQzYAQPoAQH4AQGIAgGoAgG4ArDI-sYGwAIB0gIkODhkOWY1YzgtMTk5OS00MzI4LTgxNGYtZDFiMjg0OTQ1Y2U52AIB4AIB&sid=b4a3f7b31a243b80f8ac20db0073a78a&checkin=2025-11-01&checkout=2025-11-05&dist=0&group_adults=2&group_children=0&hapos=1&hpos=1&no_rooms=1&req_adults=2&req_children=0&room1=A%2CA&sb_price_type=total&soh=1&sr_order=popularity&srepoch=1759421677&srpvid=8df8722f6fa0016b&type=total&ucfs=1&#no_availability_msg
BOOKING_2,booking,Us,Queen Suite with Sofa Bed,queen beds,Queen,Suite,1,"['Private suite', 'Bathtub', 'Air conditioning', 'Private bathroom', 'Flat-screen TV', 'Free Wifi', 'Toilet', 'Towels', 'Linens', 'Socket near the bed', 'Desk', 'TV', 'Telephone', 'Heating', 'Hairdryer', 'Carpeted', 'Cable channels', 'Alarm clock', 'Wardrobe or closet', 'Toilet paper', 'Carbon monoxide detector', 'Single-room AC for guest accommodation']",11096.0,1498.0,12594.0,2025-11-11,2025-11-12,https://www.booking.com/hotel/us/best-western-plover.html?aid=304142&label=gen173nr-10CAEoggI46AdIM1gEaGyIAQGYATO4ARfIAQzYAQPoAQH4AQGIAgGoAgG4ArDI-sYGwAIB0gIkODhkOWY1YzgtMTk5OS00MzI4LTgxNGYtZDFiMjg0OTQ1Y2U52AIB4AIB&sid=b4a3f7b31a243b80f8ac20db0073a78a&checkin=2025-11-01&checkout=2025-11-05&dist=0&group_adults=2&group_children=0&hapos=1&hpos=1&no_rooms=1&req_adults=2&req_children=0&room1=A%2CA&sb_price_type=total&soh=1&sr_order=popularity&srepoch=1759421677&srpvid=8df8722f6fa0016b&type=total&ucfs=1&#no_availability_msg
BOOKING_2,booking,Us,King Room,,,Normal,0,"['Air conditioning', 'Private bathroom', 'Flat-screen TV', 'Free Wifi', '', 'Toilet', '', 'Towels', '', 'Linens', '', 'Socket near the bed', '', 'Desk', '', 'TV', '', 'Telephone', '', 'Heating', '', 'Hairdryer', '', 'Carpeted', '', 'Cable channels', '', 'Alarm clock', '', 'Wardrobe or closet', '', 'Toilet paper', '', 'Carbon monoxide detector', '', 'Single-room AC for guest accommodation']",7121.0,961.0,8082.0,2025-11-12,2025-11-13,https://www.booking.com/hotel/us/best-western-plover.html?aid=304142&label=gen173nr-10CAEoggI46AdIM1gEaGyIAQGYATO4ARfIAQzYAQPoAQH4AQGIAgGoAgG4ArDI-sYGwAIB0gIkODhkOWY1YzgtMTk5OS00MzI4LTgxNGYtZDFiMjg0OTQ1Y2U52AIB4AIB&sid=b4a3f7b31a243b80f8ac20db0073a78a&checkin=2025-11-01&checkout=2025-11-05&dist=0&group_adults=2&group_children=0&hapos=1&hpos=1&no_rooms=1&req_adults=2&req_children=0&room1=A%2CA&sb_price_type=total&soh=1&sr_order=popularity&srepoch=1759421677&srpvid=8df8722f6fa0016b&type=total&ucfs=1&#no_availability_msg
BOOKING_2,booking,Us,King Suite with Spa Bath,king bed,King,Suite,3,"['1 room', 'Bathtub', 'Air conditioning', 'Private bathroom', 'Flat-screen TV', 'Free Wifi', 'Toilet', 'Towels', 'Linens', 'Socket near the bed', 'Desk', 'TV', 'Telephone', 'Heating', 'Hairdryer', 'Extra long beds (> 2 metres)', 'Carpeted', 'Cable channels', 'Alarm clock', 'Wardrobe or closet', 'Toilet paper', 'Carbon monoxide detector', 'Single-room AC for guest accommodation']",9764.0,1318.0,11082.0,2025-11-12,2025-11-13,https://www.booking.com/hotel/us/best-western-plover.html?aid=304142&label=gen173nr-10CAEoggI46AdIM1gEaGyIAQGYATO4ARfIAQzYAQPoAQH4AQGIAgGoAgG4ArDI-sYGwAIB0gIkODhkOWY1YzgtMTk5OS00MzI4LTgxNGYtZDFiMjg0OTQ1Y2U52AIB4AIB&sid=b4a3f7b31a243b80f8ac20db0073a78a&checkin=2025-11-01&checkout=2025-11-05&dist=0&group_adults=2&group_children=0&hapos=1&hpos=1&no_rooms=1&req_adults=2&req_children=0&room1=A%2CA&sb_price_type=total&soh=1&sr_order=popularity&srepoch=1759421677&srpvid=8df8722f6fa0016b&type=total&ucfs=1&#no_availability_msg
BOOKING_2,booking,Us,King Room with Roll-In Shower - Disability Access/Non-Smoking,king bed,King,Normal,2,"['1 room', 'Air conditioning', 'Private bathroom', 'Flat-screen TV', 'Free Wifi', 'Toilet', 'Towels', 'Linens', 'Socket near the bed', 'Desk', 'TV', 'Telephone', 'Heating', 'Hairdryer', 'Extra long beds (> 2 metres)', 'Carpeted', 'Cable channels', 'Alarm clock', 'Wardrobe or closet', 'Toilet paper', 'Single-room AC for guest accommodation', 'Carbon monoxide detector']",7989.0,1078.0,9067.0,2025-11-12,2025-11-13,https://www.booking.com/hotel/us/best-western-plover.html?aid=304142&label=gen173nr-10CAEoggI46AdIM1gEaGyIAQGYATO4ARfIAQzYAQPoAQH4AQGIAgGoAgG4ArDI-sYGwAIB0gIkODhkOWY1YzgtMTk5OS00MzI4LTgxNGYtZDFiMjg0OTQ1Y2U52AIB4AIB&sid=b4a3f7b31a243b80f8ac20db0073a78a&checkin=2025-11-01&checkout=2025-11-05&dist=0&group_adults=2&group_children=0&hapos=1&hpos=1&no_rooms=1&req_adults=2&req_children=0&room1=A%2CA&sb_price_type=total&soh=1&sr_order=popularity&srepoch=1759421677&srpvid=8df8722f6fa0016b&type=total&ucfs=1&#no_availability_msg
BOOKING_2,booking,Us,Queen Room with Two Queen Beds - Non-Smoking,queen beds,Queen,Normal,0,"['1 room', 'Bathtub', 'Air conditioning', 'Private bathroom', 'Flat-screen TV', 'Free Wifi', 'Toilet', 'Towels', 'Linens', 'Socket near the bed', 'Desk', 'TV', 'Telephone', 'Heating', 'Hairdryer', 'Carpeted', 'Cable channels', 'Alarm clock', 'Wardrobe or closet', 'Toilet paper', 'Single-room AC for guest accommodation', 'Carbon monoxide detector']",8876.0,1198.0,10074.0,2025-11-12,2025-11-13,https://www.booking.com/hotel/us/best-western-plover.html?aid=304142&label=gen173nr-10CAEoggI46AdIM1gEaGyIAQGYATO4ARfIAQzYAQPoAQH4AQGIAgGoAgG4ArDI-sYGwAIB0gIkODhkOWY1YzgtMTk5OS00MzI4LTgxNGYtZDFiMjg0OTQ1Y2U52AIB4AIB&sid=b4a3f7b31a243b80f8ac20db0073a78a&checkin=2025-11-01&checkout=2025-11-05&dist=0&group_adults=2&group_children=0&hapos=1&hpos=1&no_rooms=1&req_adults=2&req_children=0&room1=A%2CA&sb_price_type=total&soh=1&sr_order=popularity&srepoch=1759421677&srpvid=8df8722f6fa0016b&type=total&ucfs=1&#no_availability_msg
BOOKING_2,booking,Us,Family King Suite with Sofa Bed - Non-Smoking,king bedand1 sofa bed,King,Suite,2,"['Private suite', 'Bathtub', 'Air conditioning', 'Private bathroom', 'Flat-screen TV', 'Free Wifi', 'Toilet', 'Sofa', 'Towels', 'Linens', 'Socket near the bed', 'Desk', 'TV', 'Telephone', 'Heating', 'Hairdryer', 'Carpeted', 'Cable channels', 'Alarm clock', 'Wardrobe or closet', 'Toilet paper', 'Sofa bed', 'Carbon monoxide detector', 'Single-room AC for guest accommodation']",11096.0,1498.0,12594.0,2025-11-12,2025-11-13,https://www.booking.com/hotel/us/best-western-plover.html?aid=304142&label=gen173nr-10CAEoggI46AdIM1gEaGyIAQGYATO4ARfIAQzYAQPoAQH4AQGIAgGoAgG4ArDI-sYGwAIB0gIkODhkOWY1YzgtMTk5OS00MzI4LTgxNGYtZDFiMjg0OTQ1Y2U52AIB4AIB&sid=b4a3f7b31a243b80f8ac20db0073a78a&checkin=2025-11-01&checkout=2025-11-05&dist=0&group_adults=2&group_children=0&hapos=1&hpos=1&no_rooms=1&req_adults=2&req_children=0&room1=A%2CA&sb_price_type=total&soh=1&sr_order=popularity&srepoch=1759421677&srpvid=8df8722f6fa0016b&type=total&ucfs=1&#no_availability_msg
BOOKING_2,booking,Us,Family Queen Suite with Sofa Bed,queen beds,Queen,Suite,2,"['Private suite', 'Bathtub', 'Air conditioning', 'Private bathroom', 'Flat-screen TV', 'Coffee machine', 'Free Wifi', 'Shower', 'Toilet', 'Towels', 'Linens', 'Socket near the bed', 'Desk', 'TV', 'Telephone', 'Tea/Coffee maker', 'Heating', 'Hairdryer', 'Carpeted', 'Cable channels', 'Alarm clock', 'Wardrobe or closet', 'Toilet paper', 'Single-room AC for guest accommodation', 'Carbon monoxide detector']",12427.0,1678.0,14105.0,2025-11-12,2025-11-13,https://www.booking.com/hotel/us/best-western-plover.html?aid=304142&label=gen173nr-10CAEoggI46AdIM1gEaGyIAQGYATO4ARfIAQzYAQPoAQH4AQGIAgGoAgG4ArDI-sYGwAIB0gIkODhkOWY1YzgtMTk5OS00MzI4LTgxNGYtZDFiMjg0OTQ1Y2U52AIB4AIB&sid=b4a3f7b31a243b80f8ac20db0073a78a&checkin=2025-11-01&checkout=2025-11-05&dist=0&group_adults=2&group_children=0&hapos=1&hpos=1&no_rooms=1&req_adults=2&req_children=0&room1=A%2CA&sb_price_type=total&soh=1&sr_order=popularity&srepoch=1759421677&srpvid=8df8722f6fa0016b&type=total&ucfs=1&#no_availability_msg
BOOKING_2,booking,Us,Two-Room Queen Suite,sofa bedand2 queen beds,Queen,Suite,2,"['Private suite', 'Bathtub', 'Air conditioning', 'Private bathroom', 'Flat-screen TV', 'Coffee machine', 'Free Wifi', 'Shower', 'Toilet', 'Sofa', 'Towels', 'Linens', 'Socket near the bed', 'Desk', 'TV', 'Telephone', 'Tea/Coffee maker', 'Heating', 'Hairdryer', 'Carpeted', 'Cable channels', 'Alarm clock', 'Wardrobe or closet', 'Toilet paper', 'Sofa bed', 'Single-room AC for guest accommodation', 'Carbon monoxide detector']",12871.0,1738.0,14609.0,2025-11-12,2025-11-13,https://www.booking.com/hotel/us/best-western-plover.html?aid=304142&label=gen173nr-10CAEoggI46AdIM1gEaGyIAQGYATO4ARfIAQzYAQPoAQH4AQGIAgGoAgG4ArDI-sYGwAIB0gIkODhkOWY1YzgtMTk5OS00MzI4LTgxNGYtZDFiMjg0OTQ1Y2U52AIB4AIB&sid=b4a3f7b31a243b80f8ac20db0073a78a&checkin=2025-11-01&checkout=2025-11-05&dist=0&group_adults=2&group_children=0&hapos=1&hpos=1&no_rooms=1&req_adults=2&req_children=0&room1=A%2CA&sb_price_type=total&soh=1&sr_order=popularity&srepoch=1759421677&srpvid=8df8722f6fa0016b&type=total&ucfs=1&#no_availability_msg
BOOKING_2,booking,Us,Queen Suite with Sofa Bed,queen beds,Queen,Suite,1,"['Private suite', 'Bathtub', 'Air conditioning', 'Private bathroom', 'Flat-screen TV', 'Free Wifi', 'Toilet', 'Towels', 'Linens', 'Socket near the bed', 'Desk', 'TV', 'Telephone', 'Heating', 'Hairdryer', 'Carpeted', 'Cable channels', 'Alarm clock', 'Wardrobe or closet', 'Toilet paper', 'Single-room AC for guest accommodation', 'Carbon monoxide detector']",11096.0,1498.0,12594.0,2025-11-12,2025-11-13,https://www.booking.com/hotel/us/best-western-plover.html?aid=304142&label=gen173nr-10CAEoggI46AdIM1gEaGyIAQGYATO4ARfIAQzYAQPoAQH4AQGIAgGoAgG4ArDI-sYGwAIB0gIkODhkOWY1YzgtMTk5OS00MzI4LTgxNGYtZDFiMjg0OTQ1Y2U52AIB4AIB&sid=b4a3f7b31a243b80f8ac20db0073a78a&checkin=2025-11-01&checkout=2025-11-05&dist=0&group_adults=2&group_children=0&hapos=1&hpos=1&no_rooms=1&req_adults=2&req_children=0&room1=A%2CA&sb_price_type=total&soh=1&sr_order=popularity&srepoch=1759421677&srpvid=8df8722f6fa0016b&type=total&ucfs=1&#no_availability_msg
BOOKING_2,booking,Best Western Plover-Stevens Point Hotel & Conference Center,King Room,,,Normal,0,"['Air conditioning', 'Private bathroom', 'Flat-screen TV', 'Free Wifi', '', 'Toilet', '', 'Towels', '', 'Linens', '', 'Socket near the bed', '', 'Desk', '', 'TV', '', 'Telephone', '', 'Heating', '', 'Hairdryer', '', 'Carpeted', '', 'Cable channels', '', 'Alarm clock', '', 'Wardrobe or closet', '', 'Toilet paper', '', 'Single-room AC for guest accommodation', '', 'Carbon monoxide detector']",6937.0,937.0,7874.0,2025-11-13,2025-11-14,https://www.booking.com/hotel/us/best-western-plover.html?aid=304142&label=gen173nr-10CAEoggI46AdIM1gEaGyIAQGYATO4ARfIAQzYAQPoAQH4AQGIAgGoAgG4ArDI-sYGwAIB0gIkODhkOWY1YzgtMTk5OS00MzI4LTgxNGYtZDFiMjg0OTQ1Y2U52AIB4AIB&sid=b4a3f7b31a243b80f8ac20db0073a78a&checkin=2025-11-01&checkout=2025-11-05&dist=0&group_adults=2&group_children=0&hapos=1&hpos=1&no_rooms=1&req_adults=2&req_children=0&room1=A%2CA&sb_price_type=total&soh=1&sr_order=popularity&srepoch=1759421677&srpvid=8df8722f6fa0016b&type=total&ucfs=1&#no_availability_msg
BOOKING_2,booking,Best Western Plover-Stevens Point Hotel & Conference Center,King Suite with Spa Bath,king bed,King,Suite,4,"['1 room', 'Bathtub', 'Air conditioning', 'Private bathroom', 'Flat-screen TV', 'Free Wifi', 'Toilet', 'Towels', 'Linens', 'Socket near the bed', 'Desk', 'TV', 'Telephone', 'Heating', 'Hairdryer', 'Extra long beds (> 2 metres)', 'Carpeted', 'Cable channels', 'Alarm clock', 'Wardrobe or closet', 'Toilet paper', 'Single-room AC for guest accommodation', 'Carbon monoxide detector']",9764.0,1318.0,11082.0,2025-11-13,2025-11-14,https://www.booking.com/hotel/us/best-western-plover.html?aid=304142&label=gen173nr-10CAEoggI46AdIM1gEaGyIAQGYATO4ARfIAQzYAQPoAQH4AQGIAgGoAgG4ArDI-sYGwAIB0gIkODhkOWY1YzgtMTk5OS00MzI4LTgxNGYtZDFiMjg0OTQ1Y2U52AIB4AIB&sid=b4a3f7b31a243b80f8ac20db0073a78a&checkin=2025-11-01&checkout=2025-11-05&dist=0&group_adults=2&group_children=0&hapos=1&hpos=1&no_rooms=1&req_adults=2&req_children=0&room1=A%2CA&sb_price_type=total&soh=1&sr_order=popularity&srepoch=1759421677&srpvid=8df8722f6fa0016b&type=total&ucfs=1&#no_availability_msg
BOOKING_2,booking,Best Western Plover-Stevens Point Hotel & Conference Center,King Room with Roll-In Shower - Disability Access/Non-Smoking,king bed,King,Normal,2,"['1 room', 'Air conditioning', 'Private bathroom', 'Flat-screen TV', 'Free Wifi', 'Toilet', 'Towels', 'Linens', 'Socket near the bed', 'Desk', 'TV', 'Telephone', 'Heating', 'Hairdryer', 'Extra long beds (> 2 metres)', 'Carpeted', 'Cable channels', 'Alarm clock', 'Wardrobe or closet', 'Toilet paper', 'Carbon monoxide detector', 'Single-room AC for guest accommodation']",7989.0,1078.0,9067.0,2025-11-13,2025-11-14,https://www.booking.com/hotel/us/best-western-plover.html?aid=304142&label=gen173nr-10CAEoggI46AdIM1gEaGyIAQGYATO4ARfIAQzYAQPoAQH4AQGIAgGoAgG4ArDI-sYGwAIB0gIkODhkOWY1YzgtMTk5OS00MzI4LTgxNGYtZDFiMjg0OTQ1Y2U52AIB4AIB&sid=b4a3f7b31a243b80f8ac20db0073a78a&checkin=2025-11-01&checkout=2025-11-05&dist=0&group_adults=2&group_children=0&hapos=1&hpos=1&no_rooms=1&req_adults=2&req_children=0&room1=A%2CA&sb_price_type=total&soh=1&sr_order=popularity&srepoch=1759421677&srpvid=8df8722f6fa0016b&type=total&ucfs=1&#no_availability_msg
BOOKING_2,booking,Best Western Plover-Stevens Point Hotel & Conference Center,Queen Room with Two Queen Beds - Non-Smoking,queen beds,Queen,Normal,0,"['1 room', 'Bathtub', 'Air conditioning', 'Private bathroom', 'Flat-screen TV', 'Free Wifi', 'Toilet', 'Towels', 'Linens', 'Socket near the bed', 'Desk', 'TV', 'Telephone', 'Heating', 'Hairdryer', 'Carpeted', 'Cable channels', 'Alarm clock', 'Wardrobe or closet', 'Toilet paper', 'Single-room AC for guest accommodation', 'Carbon monoxide detector']",8876.0,1198.0,10074.0,2025-11-13,2025-11-14,https://www.booking.com/hotel/us/best-western-plover.html?aid=304142&label=gen173nr-10CAEoggI46AdIM1gEaGyIAQGYATO4ARfIAQzYAQPoAQH4AQGIAgGoAgG4ArDI-sYGwAIB0gIkODhkOWY1YzgtMTk5OS00MzI4LTgxNGYtZDFiMjg0OTQ1Y2U52AIB4AIB&sid=b4a3f7b31a243b80f8ac20db0073a78a&checkin=2025-11-01&checkout=2025-11-05&dist=0&group_adults=2&group_children=0&hapos=1&hpos=1&no_rooms=1&req_adults=2&req_children=0&room1=A%2CA&sb_price_type=total&soh=1&sr_order=popularity&srepoch=1759421677&srpvid=8df8722f6fa0016b&type=total&ucfs=1&#no_availability_msg
BOOKING_2,booking,Best Western Plover-Stevens Point Hotel & Conference Center,Family King Suite with Sofa Bed - Non-Smoking,king bedand1 sofa bed,King,Suite,2,"['Private suite', 'Bathtub', 'Air conditioning', 'Private bathroom', 'Flat-screen TV', 'Free Wifi', 'Toilet', 'Sofa', 'Towels', 'Linens', 'Socket near the bed', 'Desk', 'TV', 'Telephone', 'Heating', 'Hairdryer', 'Carpeted', 'Cable channels', 'Alarm clock', 'Wardrobe or closet', 'Toilet paper', 'Sofa bed', 'Single-room AC for guest accommodation', 'Carbon monoxide detector']",11096.0,1498.0,12594.0,2025-11-13,2025-11-14,https://www.booking.com/hotel/us/best-western-plover.html?aid=304142&label=gen173nr-10CAEoggI46AdIM1gEaGyIAQGYATO4ARfIAQzYAQPoAQH4AQGIAgGoAgG4ArDI-sYGwAIB0gIkODhkOWY1YzgtMTk5OS00MzI4LTgxNGYtZDFiMjg0OTQ1Y2U52AIB4AIB&sid=b4a3f7b31a243b80f8ac20db0073a78a&checkin=2025-11-01&checkout=2025-11-05&dist=0&group_adults=2&group_children=0&hapos=1&hpos=1&no_rooms=1&req_adults=2&req_children=0&room1=A%2CA&sb_price_type=total&soh=1&sr_order=popularity&srepoch=1759421677&srpvid=8df8722f6fa0016b&type=total&ucfs=1&#no_availability_msg
BOOKING_2,booking,Best Western Plover-Stevens Point Hotel & Conference Center,Family Queen Suite with Sofa Bed,queen beds,Queen,Suite,2,"['Private suite', 'Bathtub', 'Air conditioning', 'Private bathroom', 'Flat-screen TV', 'Coffee machine', 'Free Wifi', 'Shower', 'Toilet', 'Towels', 'Linens', 'Socket near the bed', 'Desk', 'TV', 'Telephone', 'Tea/Coffee maker', 'Heating', 'Hairdryer', 'Carpeted', 'Cable channels', 'Alarm clock', 'Wardrobe or closet', 'Toilet paper', 'Single-room AC for guest accommodation', 'Carbon monoxide detector']",12427.0,1678.0,14105.0,2025-11-13,2025-11-14,https://www.booking.com/hotel/us/best-western-plover.html?aid=304142&label=gen173nr-10CAEoggI46AdIM1gEaGyIAQGYATO4ARfIAQzYAQPoAQH4AQGIAgGoAgG4ArDI-sYGwAIB0gIkODhkOWY1YzgtMTk5OS00MzI4LTgxNGYtZDFiMjg0OTQ1Y2U52AIB4AIB&sid=b4a3f7b31a243b80f8ac20db0073a78a&checkin=2025-11-01&checkout=2025-11-05&dist=0&group_adults=2&group_children=0&hapos=1&hpos=1&no_rooms=1&req_adults=2&req_children=0&room1=A%2CA&sb_price_type=total&soh=1&sr_order=popularity&srepoch=1759421677&srpvid=8df8722f6fa0016b&type=total&ucfs=1&#no_availability_msg
BOOKING_2,booking,Best Western Plover-Stevens Point Hotel & Conference Center,Two-Room Queen Suite,sofa bedand2 queen beds,Queen,Suite,2,"['Private suite', 'Bathtub', 'Air conditioning', 'Private bathroom', 'Flat-screen TV', 'Coffee machine', 'Free Wifi', 'Shower', 'Toilet', 'Sofa', 'Towels', 'Linens', 'Socket near the bed', 'Desk', 'TV', 'Telephone', 'Tea/Coffee maker', 'Heating', 'Hairdryer', 'Carpeted', 'Cable channels', 'Alarm clock', 'Wardrobe or closet', 'Toilet paper', 'Sofa bed', 'Single-room AC for guest accommodation', 'Carbon monoxide detector']",12871.0,1738.0,14609.0,2025-11-13,2025-11-14,https://www.booking.com/hotel/us/best-western-plover.html?aid=304142&label=gen173nr-10CAEoggI46AdIM1gEaGyIAQGYATO4ARfIAQzYAQPoAQH4AQGIAgGoAgG4ArDI-sYGwAIB0gIkODhkOWY1YzgtMTk5OS00MzI4LTgxNGYtZDFiMjg0OTQ1Y2U52AIB4AIB&sid=b4a3f7b31a243b80f8ac20db0073a78a&checkin=2025-11-01&checkout=2025-11-05&dist=0&group_adults=2&group_children=0&hapos=1&hpos=1&no_rooms=1&req_adults=2&req_children=0&room1=A%2CA&sb_price_type=total&soh=1&sr_order=popularity&srepoch=1759421677&srpvid=8df8722f6fa0016b&type=total&ucfs=1&#no_availability_msg
BOOKING_2,booking,Best Western Plover-Stevens Point Hotel & Conference Center,Queen Suite with Sofa Bed,queen beds,Queen,Suite,1,"['Private suite', 'Bathtub', 'Air conditioning', 'Private bathroom', 'Flat-screen TV', 'Free Wifi', 'Toilet', 'Towels', 'Linens', 'Socket near the bed', 'Desk', 'TV', 'Telephone', 'Heating', 'Hairdryer', 'Carpeted', 'Cable channels', 'Alarm clock', 'Wardrobe or closet', 'Toilet paper', 'Carbon monoxide detector', 'Single-room AC for guest accommodation']",11096.0,1498.0,12594.0,2025-11-13,2025-11-14,https://www.booking.com/hotel/us/best-western-plover.html?aid=304142&label=gen173nr-10CAEoggI46AdIM1gEaGyIAQGYATO4ARfIAQzYAQPoAQH4AQGIAgGoAgG4ArDI-sYGwAIB0gIkODhkOWY1YzgtMTk5OS00MzI4LTgxNGYtZDFiMjg0OTQ1Y2U52AIB4AIB&sid=b4a3f7b31a243b80f8ac20db0073a78a&checkin=2025-11-01&checkout=2025-11-05&dist=0&group_adults=2&group_children=0&hapos=1&hpos=1&no_rooms=1&req_adults=2&req_children=0&room1=A%2CA&sb_price_type=total&soh=1&sr_order=popularity&srepoch=1759421677&srpvid=8df8722f6fa0016b&type=total&ucfs=1&#no_availability_msg
BOOKING_2,booking,Best Western Plover-Stevens Point Hotel & Conference Center,King Suite with Spa Bath,king bed,King,Suite,4,"['1 room', 'Bathtub', 'Air conditioning', 'Private bathroom', 'Flat-screen TV', 'Free Wifi', 'Toilet', 'Towels', 'Linens', 'Socket near the bed', 'Desk', 'TV', 'Telephone', 'Heating', 'Hairdryer', 'Extra long beds (> 2 metres)', 'Carpeted', 'Cable channels', 'Alarm clock', 'Wardrobe or closet', 'Toilet paper', 'Carbon monoxide detector', 'Single-room AC for guest accommodation']",9764.0,1318.0,11082.0,2025-11-14,2025-11-15,https://www.booking.com/hotel/us/best-western-plover.html?aid=304142&label=gen173nr-10CAEoggI46AdIM1gEaGyIAQGYATO4ARfIAQzYAQPoAQH4AQGIAgGoAgG4ArDI-sYGwAIB0gIkODhkOWY1YzgtMTk5OS00MzI4LTgxNGYtZDFiMjg0OTQ1Y2U52AIB4AIB&sid=b4a3f7b31a243b80f8ac20db0073a78a&checkin=2025-11-01&checkout=2025-11-05&dist=0&group_adults=2&group_children=0&hapos=1&hpos=1&no_rooms=1&req_adults=2&req_children=0&room1=A%2CA&sb_price_type=total&soh=1&sr_order=popularity&srepoch=1759421677&srpvid=8df8722f6fa0016b&type=total&ucfs=1&#no_availability_msg
BOOKING_2,booking,Best Western Plover-Stevens Point Hotel & Conference Center,King Room with Roll-In Shower - Disability Access/Non-Smoking,king bed,King,Normal,2,"['1 room', 'Air conditioning', 'Private bathroom', 'Flat-screen TV', 'Free Wifi', 'Toilet', 'Towels', 'Linens', 'Socket near the bed', 'Desk', 'TV', 'Telephone', 'Heating', 'Hairdryer', 'Extra long beds (> 2 metres)', 'Carpeted', 'Cable channels', 'Alarm clock', 'Wardrobe or closet', 'Toilet paper', 'Carbon monoxide detector', 'Single-room AC for guest accommodation']",7989.0,1078.0,9067.0,2025-11-14,2025-11-15,https://www.booking.com/hotel/us/best-western-plover.html?aid=304142&label=gen173nr-10CAEoggI46AdIM1gEaGyIAQGYATO4ARfIAQzYAQPoAQH4AQGIAgGoAgG4ArDI-sYGwAIB0gIkODhkOWY1YzgtMTk5OS00MzI4LTgxNGYtZDFiMjg0OTQ1Y2U52AIB4AIB&sid=b4a3f7b31a243b80f8ac20db0073a78a&checkin=2025-11-01&checkout=2025-11-05&dist=0&group_adults=2&group_children=0&hapos=1&hpos=1&no_rooms=1&req_adults=2&req_children=0&room1=A%2CA&sb_price_type=total&soh=1&sr_order=popularity&srepoch=1759421677&srpvid=8df8722f6fa0016b&type=total&ucfs=1&#no_availability_msg
BOOKING_2,booking,Best Western Plover-Stevens Point Hotel & Conference Center,King Room,king bed,King,Normal,0,"['1 room', 'Air conditioning', 'Private bathroom', 'Flat-screen TV', 'Free Wifi', 'Toilet', 'Towels', 'Linens', 'Socket near the bed', 'Desk', 'TV', 'Telephone', 'Heating', 'Hairdryer', 'Carpeted', 'Cable channels', 'Alarm clock', 'Wardrobe or closet', 'Toilet paper', 'Single-room AC for guest accommodation', 'Carbon monoxide detector']",9765.0,1318.0,11083.0,2025-11-14,2025-11-15,https://www.booking.com/hotel/us/best-western-plover.html?aid=304142&label=gen173nr-10CAEoggI46AdIM1gEaGyIAQGYATO4ARfIAQzYAQPoAQH4AQGIAgGoAgG4ArDI-sYGwAIB0gIkODhkOWY1YzgtMTk5OS00MzI4LTgxNGYtZDFiMjg0OTQ1Y2U52AIB4AIB&sid=b4a3f7b31a243b80f8ac20db0073a78a&checkin=2025-11-01&checkout=2025-11-05&dist=0&group_adults=2&group_children=0&hapos=1&hpos=1&no_rooms=1&req_adults=2&req_children=0&room1=A%2CA&sb_price_type=total&soh=1&sr_order=popularity&srepoch=1759421677&srpvid=8df8722f6fa0016b&type=total&ucfs=1&#no_availability_msg
BOOKING_2,booking,Best Western Plover-Stevens Point Hotel & Conference Center,Queen Room with Two Queen Beds - Non-Smoking,queen beds,Queen,Normal,0,"['1 room', 'Bathtub', 'Air conditioning', 'Private bathroom', 'Flat-screen TV', 'Free Wifi', 'Toilet', 'Towels', 'Linens', 'Socket near the bed', 'Desk', 'TV', 'Telephone', 'Heating', 'Hairdryer', 'Carpeted', 'Cable channels', 'Alarm clock', 'Wardrobe or closet', 'Toilet paper', 'Single-room AC for guest accommodation', 'Carbon monoxide detector']",9765.0,1318.0,11083.0,2025-11-14,2025-11-15,https://www.booking.com/hotel/us/best-western-plover.html?aid=304142&label=gen173nr-10CAEoggI46AdIM1gEaGyIAQGYATO4ARfIAQzYAQPoAQH4AQGIAgGoAgG4ArDI-sYGwAIB0gIkODhkOWY1YzgtMTk5OS00MzI4LTgxNGYtZDFiMjg0OTQ1Y2U52AIB4AIB&sid=b4a3f7b31a243b80f8ac20db0073a78a&checkin=2025-11-01&checkout=2025-11-05&dist=0&group_adults=2&group_children=0&hapos=1&hpos=1&no_rooms=1&req_adults=2&req_children=0&room1=A%2CA&sb_price_type=total&soh=1&sr_order=popularity&srepoch=1759421677&srpvid=8df8722f6fa0016b&type=total&ucfs=1&#no_availability_msg
BOOKING_2,booking,Best Western Plover-Stevens Point Hotel & Conference Center,Two-Room Queen Suite,sofa bedand2 queen beds,Queen,Suite,2,"['Private suite', 'Bathtub', 'Air conditioning', 'Private bathroom', 'Flat-screen TV', 'Coffee machine', 'Free Wifi', 'Shower', 'Toilet', 'Sofa', 'Towels', 'Linens', 'Socket near the bed', 'Desk', 'TV', 'Telephone', 'Tea/Coffee maker', 'Heating', 'Hairdryer', 'Carpeted', 'Cable channels', 'Alarm clock', 'Wardrobe or closet', 'Toilet paper', 'Sofa bed', 'Carbon monoxide detector', 'Single-room AC for guest accommodation']",9764.0,1318.0,11082.0,2025-11-14,2025-11-15,https://www.booking.com/hotel/us/best-western-plover.html?aid=304142&label=gen173nr-10CAEoggI46AdIM1gEaGyIAQGYATO4ARfIAQzYAQPoAQH4AQGIAgGoAgG4ArDI-sYGwAIB0gIkODhkOWY1YzgtMTk5OS00MzI4LTgxNGYtZDFiMjg0OTQ1Y2U52AIB4AIB&sid=b4a3f7b31a243b80f8ac20db0073a78a&checkin=2025-11-01&checkout=2025-11-05&dist=0&group_adults=2&group_children=0&hapos=1&hpos=1&no_rooms=1&req_adults=2&req_children=0&room1=A%2CA&sb_price_type=total&soh=1&sr_order=popularity&srepoch=1759421677&srpvid=8df8722f6fa0016b&type=total&ucfs=1&#no_availability_msg
BOOKING_2,booking,Best Western Plover-Stevens Point Hotel & Conference Center,Family King Suite with Sofa Bed - Non-Smoking,king bedand1 sofa bed,King,Suite,2,"['Private suite', 'Bathtub', 'Air conditioning', 'Private bathroom', 'Flat-screen TV', 'Free Wifi', 'Toilet', 'Sofa', 'Towels', 'Linens', 'Socket near the bed', 'Desk', 'TV', 'Telephone', 'Heating', 'Hairdryer', 'Carpeted', 'Cable channels', 'Alarm clock', 'Wardrobe or closet', 'Toilet paper', 'Sofa bed', 'Carbon monoxide detector', 'Single-room AC for guest accommodation']",11540.0,1558.0,13098.0,2025-11-14,2025-11-15,https://www.booking.com/hotel/us/best-western-plover.html?aid=304142&label=gen173nr-10CAEoggI46AdIM1gEaGyIAQGYATO4ARfIAQzYAQPoAQH4AQGIAgGoAgG4ArDI-sYGwAIB0gIkODhkOWY1YzgtMTk5OS00MzI4LTgxNGYtZDFiMjg0OTQ1Y2U52AIB4AIB&sid=b4a3f7b31a243b80f8ac20db0073a78a&checkin=2025-11-01&checkout=2025-11-05&dist=0&group_adults=2&group_children=0&hapos=1&hpos=1&no_rooms=1&req_adults=2&req_children=0&room1=A%2CA&sb_price_type=total&soh=1&sr_order=popularity&srepoch=1759421677&srpvid=8df8722f6fa0016b&type=total&ucfs=1&#no_availability_msg
BOOKING_2,booking,Best Western Plover-Stevens Point Hotel & Conference Center,Queen Suite with Sofa Bed,queen beds,Queen,Suite,1,"['Private suite', 'Bathtub', 'Air conditioning', 'Private bathroom', 'Flat-screen TV', 'Free Wifi', 'Toilet', 'Towels', 'Linens', 'Socket near the bed', 'Desk', 'TV', 'Telephone', 'Heating', 'Hairdryer', 'Carpeted', 'Cable channels', 'Alarm clock', 'Wardrobe or closet', 'Toilet paper', 'Single-room AC for guest accommodation', 'Carbon monoxide detector']",11540.0,1558.0,13098.0,2025-11-14,2025-11-15,https://www.booking.com/hotel/us/best-western-plover.html?aid=304142&label=gen173nr-10CAEoggI46AdIM1gEaGyIAQGYATO4ARfIAQzYAQPoAQH4AQGIAgGoAgG4ArDI-sYGwAIB0gIkODhkOWY1YzgtMTk5OS00MzI4LTgxNGYtZDFiMjg0OTQ1Y2U52AIB4AIB&sid=b4a3f7b31a243b80f8ac20db0073a78a&checkin=2025-11-01&checkout=2025-11-05&dist=0&group_adults=2&group_children=0&hapos=1&hpos=1&no_rooms=1&req_adults=2&req_children=0&room1=A%2CA&sb_price_type=total&soh=1&sr_order=popularity&srepoch=1759421677&srpvid=8df8722f6fa0016b&type=total&ucfs=1&#no_availability_msg
BOOKING_2,booking,Best Western Plover-Stevens Point Hotel & Conference Center,Family Queen Suite with Sofa Bed,queen beds,Queen,Suite,2,"['Private suite', 'Bathtub', 'Air conditioning', 'Private bathroom', 'Flat-screen TV', 'Coffee machine', 'Free Wifi', 'Shower', 'Toilet', 'Towels', 'Linens', 'Socket near the bed', 'Desk', 'TV', 'Telephone', 'Tea/Coffee maker', 'Heating', 'Hairdryer', 'Carpeted', 'Cable channels', 'Alarm clock', 'Wardrobe or closet', 'Toilet paper', 'Single-room AC for guest accommodation', 'Carbon monoxide detector']",11540.0,1558.0,13098.0,2025-11-14,2025-11-15,https://www.booking.com/hotel/us/best-western-plover.html?aid=304142&label=gen173nr-10CAEoggI46AdIM1gEaGyIAQGYATO4ARfIAQzYAQPoAQH4AQGIAgGoAgG4ArDI-sYGwAIB0gIkODhkOWY1YzgtMTk5OS00MzI4LTgxNGYtZDFiMjg0OTQ1Y2U52AIB4AIB&sid=b4a3f7b31a243b80f8ac20db0073a78a&checkin=2025-11-01&checkout=2025-11-05&dist=0&group_adults=2&group_children=0&hapos=1&hpos=1&no_rooms=1&req_adults=2&req_children=0&room1=A%2CA&sb_price_type=total&soh=1&sr_order=popularity&srepoch=1759421677&srpvid=8df8722f6fa0016b&type=total&ucfs=1&#no_availability_msg
BOOKING_2,booking,Us,King Suite with Spa Bath,king bed,King,Suite,4,"['1 room', 'Bathtub', 'Air conditioning', 'Private bathroom', 'Flat-screen TV', 'Free Wifi', 'Toilet', 'Towels', 'Linens', 'Socket near the bed', 'Desk', 'TV', 'Telephone', 'Heating', 'Hairdryer', 'Extra long beds (> 2 metres)', 'Carpeted', 'Cable channels', 'Alarm clock', 'Wardrobe or closet', 'Toilet paper', 'Single-room AC for guest accommodation', 'Carbon monoxide detector']",9764.0,1318.0,11082.0,2025-11-15,2025-11-16,https://www.booking.com/hotel/us/best-western-plover.html?aid=304142&label=gen173nr-10CAEoggI46AdIM1gEaGyIAQGYATO4ARfIAQzYAQPoAQH4AQGIAgGoAgG4ArDI-sYGwAIB0gIkODhkOWY1YzgtMTk5OS00MzI4LTgxNGYtZDFiMjg0OTQ1Y2U52AIB4AIB&sid=b4a3f7b31a243b80f8ac20db0073a78a&checkin=2025-11-01&checkout=2025-11-05&dist=0&group_adults=2&group_children=0&hapos=1&hpos=1&no_rooms=1&req_adults=2&req_children=0&room1=A%2CA&sb_price_type=total&soh=1&sr_order=popularity&srepoch=1759421677&srpvid=8df8722f6fa0016b&type=total&ucfs=1&#no_availability_msg
BOOKING_2,booking,Us,King Room with Roll-In Shower - Disability Access/Non-Smoking,king bed,King,Normal,2,"['1 room', 'Air conditioning', 'Private bathroom', 'Flat-screen TV', 'Free Wifi', 'Toilet', 'Towels', 'Linens', 'Socket near the bed', 'Desk', 'TV', 'Telephone', 'Heating', 'Hairdryer', 'Extra long beds (> 2 metres)', 'Carpeted', 'Cable channels', 'Alarm clock', 'Wardrobe or closet', 'Toilet paper', 'Carbon monoxide detector', 'Single-room AC for guest accommodation']",7989.0,1078.0,9067.0,2025-11-15,2025-11-16,https://www.booking.com/hotel/us/best-western-plover.html?aid=304142&label=gen173nr-10CAEoggI46AdIM1gEaGyIAQGYATO4ARfIAQzYAQPoAQH4AQGIAgGoAgG4ArDI-sYGwAIB0gIkODhkOWY1YzgtMTk5OS00MzI4LTgxNGYtZDFiMjg0OTQ1Y2U52AIB4AIB&sid=b4a3f7b31a243b80f8ac20db0073a78a&checkin=2025-11-01&checkout=2025-11-05&dist=0&group_adults=2&group_children=0&hapos=1&hpos=1&no_rooms=1&req_adults=2&req_children=0&room1=A%2CA&sb_price_type=total&soh=1&sr_order=popularity&srepoch=1759421677&srpvid=8df8722f6fa0016b&type=total&ucfs=1&#no_availability_msg
BOOKING_2,booking,Us,King Room,king bed,King,Normal,0,"['1 room', 'Air conditioning', 'Private bathroom', 'Flat-screen TV', 'Free Wifi', 'Toilet', 'Towels', 'Linens', 'Socket near the bed', 'Desk', 'TV', 'Telephone', 'Heating', 'Hairdryer', 'Carpeted', 'Cable channels', 'Alarm clock', 'Wardrobe or closet', 'Toilet paper', 'Carbon monoxide detector', 'Single-room AC for guest accommodation']",9765.0,1318.0,11083.0,2025-11-15,2025-11-16,https://www.booking.com/hotel/us/best-western-plover.html?aid=304142&label=gen173nr-10CAEoggI46AdIM1gEaGyIAQGYATO4ARfIAQzYAQPoAQH4AQGIAgGoAgG4ArDI-sYGwAIB0gIkODhkOWY1YzgtMTk5OS00MzI4LTgxNGYtZDFiMjg0OTQ1Y2U52AIB4AIB&sid=b4a3f7b31a243b80f8ac20db0073a78a&checkin=2025-11-01&checkout=2025-11-05&dist=0&group_adults=2&group_children=0&hapos=1&hpos=1&no_rooms=1&req_adults=2&req_children=0&room1=A%2CA&sb_price_type=total&soh=1&sr_order=popularity&srepoch=1759421677&srpvid=8df8722f6fa0016b&type=total&ucfs=1&#no_availability_msg
BOOKING_2,booking,Us,Queen Room with Two Queen Beds - Non-Smoking,queen beds,Queen,Normal,0,"['1 room', 'Bathtub', 'Air conditioning', 'Private bathroom', 'Flat-screen TV', 'Free Wifi', 'Toilet', 'Towels', 'Linens', 'Socket near the bed', 'Desk', 'TV', 'Telephone', 'Heating', 'Hairdryer', 'Carpeted', 'Cable channels', 'Alarm clock', 'Wardrobe or closet', 'Toilet paper', 'Single-room AC for guest accommodation', 'Carbon monoxide detector']",9765.0,1318.0,11083.0,2025-11-15,2025-11-16,https://www.booking.com/hotel/us/best-western-plover.html?aid=304142&label=gen173nr-10CAEoggI46AdIM1gEaGyIAQGYATO4ARfIAQzYAQPoAQH4AQGIAgGoAgG4ArDI-sYGwAIB0gIkODhkOWY1YzgtMTk5OS00MzI4LTgxNGYtZDFiMjg0OTQ1Y2U52AIB4AIB&sid=b4a3f7b31a243b80f8ac20db0073a78a&checkin=2025-11-01&checkout=2025-11-05&dist=0&group_adults=2&group_children=0&hapos=1&hpos=1&no_rooms=1&req_adults=2&req_children=0&room1=A%2CA&sb_price_type=total&soh=1&sr_order=popularity&srepoch=1759421677&srpvid=8df8722f6fa0016b&type=total&ucfs=1&#no_availability_msg
BOOKING_2,booking,Us,Two-Room Queen Suite,sofa bedand2 queen beds,Queen,Suite,2,"['Private suite', 'Bathtub', 'Air conditioning', 'Private bathroom', 'Flat-screen TV', 'Coffee machine', 'Free Wifi', 'Shower', 'Toilet', 'Sofa', 'Towels', 'Linens', 'Socket near the bed', 'Desk', 'TV', 'Telephone', 'Tea/Coffee maker', 'Heating', 'Hairdryer', 'Carpeted', 'Cable channels', 'Alarm clock', 'Wardrobe or closet', 'Toilet paper', 'Sofa bed', 'Carbon monoxide detector', 'Single-room AC for guest accommodation']",9764.0,1318.0,11082.0,2025-11-15,2025-11-16,https://www.booking.com/hotel/us/best-western-plover.html?aid=304142&label=gen173nr-10CAEoggI46AdIM1gEaGyIAQGYATO4ARfIAQzYAQPoAQH4AQGIAgGoAgG4ArDI-sYGwAIB0gIkODhkOWY1YzgtMTk5OS00MzI4LTgxNGYtZDFiMjg0OTQ1Y2U52AIB4AIB&sid=b4a3f7b31a243b80f8ac20db0073a78a&checkin=2025-11-01&checkout=2025-11-05&dist=0&group_adults=2&group_children=0&hapos=1&hpos=1&no_rooms=1&req_adults=2&req_children=0&room1=A%2CA&sb_price_type=total&soh=1&sr_order=popularity&srepoch=1759421677&srpvid=8df8722f6fa0016b&type=total&ucfs=1&#no_availability_msg
BOOKING_2,booking,Us,Family King Suite with Sofa Bed - Non-Smoking,king bedand1 sofa bed,King,Suite,2,"['Private suite', 'Bathtub', 'Air conditioning', 'Private bathroom', 'Flat-screen TV', 'Free Wifi', 'Toilet', 'Sofa', 'Towels', 'Linens', 'Socket near the bed', 'Desk', 'TV', 'Telephone', 'Heating', 'Hairdryer', 'Carpeted', 'Cable channels', 'Alarm clock', 'Wardrobe or closet', 'Toilet paper', 'Sofa bed', 'Carbon monoxide detector', 'Single-room AC for guest accommodation']",11540.0,1558.0,13098.0,2025-11-15,2025-11-16,https://www.booking.com/hotel/us/best-western-plover.html?aid=304142&label=gen173nr-10CAEoggI46AdIM1gEaGyIAQGYATO4ARfIAQzYAQPoAQH4AQGIAgGoAgG4ArDI-sYGwAIB0gIkODhkOWY1YzgtMTk5OS00MzI4LTgxNGYtZDFiMjg0OTQ1Y2U52AIB4AIB&sid=b4a3f7b31a243b80f8ac20db0073a78a&checkin=2025-11-01&checkout=2025-11-05&dist=0&group_adults=2&group_children=0&hapos=1&hpos=1&no_rooms=1&req_adults=2&req_children=0&room1=A%2CA&sb_price_type=total&soh=1&sr_order=popularity&srepoch=1759421677&srpvid=8df8722f6fa0016b&type=total&ucfs=1&#no_availability_msg
BOOKING_2,booking,Us,Queen Suite with Sofa Bed,queen beds,Queen,Suite,1,"['Private suite', 'Bathtub', 'Air conditioning', 'Private bathroom', 'Flat-screen TV', 'Free Wifi', 'Toilet', 'Towels', 'Linens', 'Socket near the bed', 'Desk', 'TV', 'Telephone', 'Heating', 'Hairdryer', 'Carpeted', 'Cable channels', 'Alarm clock', 'Wardrobe or closet', 'Toilet paper', 'Single-room AC for guest accommodation', 'Carbon monoxide detector']",11540.0,1558.0,13098.0,2025-11-15,2025-11-16,https://www.booking.com/hotel/us/best-western-plover.html?aid=304142&label=gen173nr-10CAEoggI46AdIM1gEaGyIAQGYATO4ARfIAQzYAQPoAQH4AQGIAgGoAgG4ArDI-sYGwAIB0gIkODhkOWY1YzgtMTk5OS00MzI4LTgxNGYtZDFiMjg0OTQ1Y2U52AIB4AIB&sid=b4a3f7b31a243b80f8ac20db0073a78a&checkin=2025-11-01&checkout=2025-11-05&dist=0&group_adults=2&group_children=0&hapos=1&hpos=1&no_rooms=1&req_adults=2&req_children=0&room1=A%2CA&sb_price_type=total&soh=1&sr_order=popularity&srepoch=1759421677&srpvid=8df8722f6fa0016b&type=total&ucfs=1&#no_availability_msg
BOOKING_2,booking,Us,Family Queen Suite with Sofa Bed,queen beds,Queen,Suite,2,"['Private suite', 'Bathtub', 'Air conditioning', 'Private bathroom', 'Flat-screen TV', 'Coffee machine', 'Free Wifi', 'Shower', 'Toilet', 'Towels', 'Linens', 'Socket near the bed', 'Desk', 'TV', 'Telephone', 'Tea/Coffee maker', 'Heating', 'Hairdryer', 'Carpeted', 'Cable channels', 'Alarm clock', 'Wardrobe or closet', 'Toilet paper', 'Carbon monoxide detector', 'Single-room AC for guest accommodation']",11540.0,1558.0,13098.0,2025-11-15,2025-11-16,https://www.booking.com/hotel/us/best-western-plover.html?aid=304142&label=gen173nr-10CAEoggI46AdIM1gEaGyIAQGYATO4ARfIAQzYAQPoAQH4AQGIAgGoAgG4ArDI-sYGwAIB0gIkODhkOWY1YzgtMTk5OS00MzI4LTgxNGYtZDFiMjg0OTQ1Y2U52AIB4AIB&sid=b4a3f7b31a243b80f8ac20db0073a78a&checkin=2025-11-01&checkout=2025-11-05&dist=0&group_adults=2&group_children=0&hapos=1&hpos=1&no_rooms=1&req_adults=2&req_children=0&room1=A%2CA&sb_price_type=total&soh=1&sr_order=popularity&srepoch=1759421677&srpvid=8df8722f6fa0016b&type=total&ucfs=1&#no_availability_msg
BOOKING_2,booking,Us,King Room,,,Normal,0,"['Air conditioning', 'Private bathroom', 'Flat-screen TV', 'Free Wifi', '', 'Toilet', '', 'Towels', '', 'Linens', '', 'Socket near the bed', '', 'Desk', '', 'TV', '', 'Telephone', '', 'Heating', '', 'Hairdryer', '', 'Carpeted', '', 'Cable channels', '', 'Alarm clock', '', 'Wardrobe or closet', '', 'Toilet paper', '', 'Carbon monoxide detector', '', 'Single-room AC for guest accommodation']",7121.0,961.0,8082.0,2025-11-16,2025-11-17,https://www.booking.com/hotel/us/best-western-plover.html?aid=304142&label=gen173nr-10CAEoggI46AdIM1gEaGyIAQGYATO4ARfIAQzYAQPoAQH4AQGIAgGoAgG4ArDI-sYGwAIB0gIkODhkOWY1YzgtMTk5OS00MzI4LTgxNGYtZDFiMjg0OTQ1Y2U52AIB4AIB&sid=b4a3f7b31a243b80f8ac20db0073a78a&checkin=2025-11-01&checkout=2025-11-05&dist=0&group_adults=2&group_children=0&hapos=1&hpos=1&no_rooms=1&req_adults=2&req_children=0&room1=A%2CA&sb_price_type=total&soh=1&sr_order=popularity&srepoch=1759421677&srpvid=8df8722f6fa0016b&type=total&ucfs=1&#no_availability_msg
BOOKING_2,booking,Us,King Suite with Spa Bath,king bed,King,Suite,4,"['1 room', 'Bathtub', 'Air conditioning', 'Private bathroom', 'Flat-screen TV', 'Free Wifi', 'Toilet', 'Towels', 'Linens', 'Socket near the bed', 'Desk', 'TV', 'Telephone', 'Heating', 'Hairdryer', 'Extra long beds (> 2 metres)', 'Carpeted', 'Cable channels', 'Alarm clock', 'Wardrobe or closet', 'Toilet paper', 'Carbon monoxide detector', 'Single-room AC for guest accommodation']",9764.0,1318.0,11082.0,2025-11-16,2025-11-17,https://www.booking.com/hotel/us/best-western-plover.html?aid=304142&label=gen173nr-10CAEoggI46AdIM1gEaGyIAQGYATO4ARfIAQzYAQPoAQH4AQGIAgGoAgG4ArDI-sYGwAIB0gIkODhkOWY1YzgtMTk5OS00MzI4LTgxNGYtZDFiMjg0OTQ1Y2U52AIB4AIB&sid=b4a3f7b31a243b80f8ac20db0073a78a&checkin=2025-11-01&checkout=2025-11-05&dist=0&group_adults=2&group_children=0&hapos=1&hpos=1&no_rooms=1&req_adults=2&req_children=0&room1=A%2CA&sb_price_type=total&soh=1&sr_order=popularity&srepoch=1759421677&srpvid=8df8722f6fa0016b&type=total&ucfs=1&#no_availability_msg
BOOKING_2,booking,Us,King Room with Roll-In Shower - Disability Access/Non-Smoking,king bed,King,Normal,2,"['1 room', 'Air conditioning', 'Private bathroom', 'Flat-screen TV', 'Free Wifi', 'Toilet', 'Towels', 'Linens', 'Socket near the bed', 'Desk', 'TV', 'Telephone', 'Heating', 'Hairdryer', 'Extra long beds (> 2 metres)', 'Carpeted', 'Cable channels', 'Alarm clock', 'Wardrobe or closet', 'Toilet paper', 'Carbon monoxide detector', 'Single-room AC for guest accommodation']",7989.0,1078.0,9067.0,2025-11-16,2025-11-17,https://www.booking.com/hotel/us/best-western-plover.html?aid=304142&label=gen173nr-10CAEoggI46AdIM1gEaGyIAQGYATO4ARfIAQzYAQPoAQH4AQGIAgGoAgG4ArDI-sYGwAIB0gIkODhkOWY1YzgtMTk5OS00MzI4LTgxNGYtZDFiMjg0OTQ1Y2U52AIB4AIB&sid=b4a3f7b31a243b80f8ac20db0073a78a&checkin=2025-11-01&checkout=2025-11-05&dist=0&group_adults=2&group_children=0&hapos=1&hpos=1&no_rooms=1&req_adults=2&req_children=0&room1=A%2CA&sb_price_type=total&soh=1&sr_order=popularity&srepoch=1759421677&srpvid=8df8722f6fa0016b&type=total&ucfs=1&#no_availability_msg
BOOKING_2,booking,Us,Queen Room with Two Queen Beds - Non-Smoking,queen beds,Queen,Normal,0,"['1 room', 'Bathtub', 'Air conditioning', 'Private bathroom', 'Flat-screen TV', 'Free Wifi', 'Toilet', 'Towels', 'Linens', 'Socket near the bed', 'Desk', 'TV', 'Telephone', 'Heating', 'Hairdryer', 'Carpeted', 'Cable channels', 'Alarm clock', 'Wardrobe or closet', 'Toilet paper', 'Carbon monoxide detector', 'Single-room AC for guest accommodation']",8876.0,1198.0,10074.0,2025-11-16,2025-11-17,https://www.booking.com/hotel/us/best-western-plover.html?aid=304142&label=gen173nr-10CAEoggI46AdIM1gEaGyIAQGYATO4ARfIAQzYAQPoAQH4AQGIAgGoAgG4ArDI-sYGwAIB0gIkODhkOWY1YzgtMTk5OS00MzI4LTgxNGYtZDFiMjg0OTQ1Y2U52AIB4AIB&sid=b4a3f7b31a243b80f8ac20db0073a78a&checkin=2025-11-01&checkout=2025-11-05&dist=0&group_adults=2&group_children=0&hapos=1&hpos=1&no_rooms=1&req_adults=2&req_children=0&room1=A%2CA&sb_price_type=total&soh=1&sr_order=popularity&srepoch=1759421677&srpvid=8df8722f6fa0016b&type=total&ucfs=1&#no_availability_msg
BOOKING_2,booking,Us,Family King Suite with Sofa Bed - Non-Smoking,king bedand1 sofa bed,King,Suite,2,"['Private suite', 'Bathtub', 'Air conditioning', 'Private bathroom', 'Flat-screen TV', 'Free Wifi', 'Toilet', 'Sofa', 'Towels', 'Linens', 'Socket near the bed', 'Desk', 'TV', 'Telephone', 'Heating', 'Hairdryer', 'Carpeted', 'Cable channels', 'Alarm clock', 'Wardrobe or closet', 'Toilet paper', 'Sofa bed', 'Carbon monoxide detector', 'Single-room AC for guest accommodation']",11096.0,1498.0,12594.0,2025-11-16,2025-11-17,https://www.booking.com/hotel/us/best-western-plover.html?aid=304142&label=gen173nr-10CAEoggI46AdIM1gEaGyIAQGYATO4ARfIAQzYAQPoAQH4AQGIAgGoAgG4ArDI-sYGwAIB0gIkODhkOWY1YzgtMTk5OS00MzI4LTgxNGYtZDFiMjg0OTQ1Y2U52AIB4AIB&sid=b4a3f7b31a243b80f8ac20db0073a78a&checkin=2025-11-01&checkout=2025-11-05&dist=0&group_adults=2&group_children=0&hapos=1&hpos=1&no_rooms=1&req_adults=2&req_children=0&room1=A%2CA&sb_price_type=total&soh=1&sr_order=popularity&srepoch=1759421677&srpvid=8df8722f6fa0016b&type=total&ucfs=1&#no_availability_msg
BOOKING_2,booking,Us,Family Queen Suite with Sofa Bed,queen beds,Queen,Suite,2,"['Private suite', 'Bathtub', 'Air conditioning', 'Private bathroom', 'Flat-screen TV', 'Coffee machine', 'Free Wifi', 'Shower', 'Toilet', 'Towels', 'Linens', 'Socket near the bed', 'Desk', 'TV', 'Telephone', 'Tea/Coffee maker', 'Heating', 'Hairdryer', 'Carpeted', 'Cable channels', 'Alarm clock', 'Wardrobe or closet', 'Toilet paper', 'Carbon monoxide detector', 'Single-room AC for guest accommodation']",12427.0,1678.0,14105.0,2025-11-16,2025-11-17,https://www.booking.com/hotel/us/best-western-plover.html?aid=304142&label=gen173nr-10CAEoggI46AdIM1gEaGyIAQGYATO4ARfIAQzYAQPoAQH4AQGIAgGoAgG4ArDI-sYGwAIB0gIkODhkOWY1YzgtMTk5OS00MzI4LTgxNGYtZDFiMjg0OTQ1Y2U52AIB4AIB&sid=b4a3f7b31a243b80f8ac20db0073a78a&checkin=2025-11-01&checkout=2025-11-05&dist=0&group_adults=2&group_children=0&hapos=1&hpos=1&no_rooms=1&req_adults=2&req_children=0&room1=A%2CA&sb_price_type=total&soh=1&sr_order=popularity&srepoch=1759421677&srpvid=8df8722f6fa0016b&type=total&ucfs=1&#no_availability_msg
BOOKING_2,booking,Us,Two-Room Queen Suite,sofa bedand2 queen beds,Queen,Suite,2,"['Private suite', 'Bathtub', 'Air conditioning', 'Private bathroom', 'Flat-screen TV', 'Coffee machine', 'Free Wifi', 'Shower', 'Toilet', 'Sofa', 'Towels', 'Linens', 'Socket near the bed', 'Desk', 'TV', 'Telephone', 'Tea/Coffee maker', 'Heating', 'Hairdryer', 'Carpeted', 'Cable channels', 'Alarm clock', 'Wardrobe or closet', 'Toilet paper', 'Sofa bed', 'Carbon monoxide detector', 'Single-room AC for guest accommodation']",12871.0,1738.0,14609.0,2025-11-16,2025-11-17,https://www.booking.com/hotel/us/best-western-plover.html?aid=304142&label=gen173nr-10CAEoggI46AdIM1gEaGyIAQGYATO4ARfIAQzYAQPoAQH4AQGIAgGoAgG4ArDI-sYGwAIB0gIkODhkOWY1YzgtMTk5OS00MzI4LTgxNGYtZDFiMjg0OTQ1Y2U52AIB4AIB&sid=b4a3f7b31a243b80f8ac20db0073a78a&checkin=2025-11-01&checkout=2025-11-05&dist=0&group_adults=2&group_children=0&hapos=1&hpos=1&no_rooms=1&req_adults=2&req_children=0&room1=A%2CA&sb_price_type=total&soh=1&sr_order=popularity&srepoch=1759421677&srpvid=8df8722f6fa0016b&type=total&ucfs=1&#no_availability_msg
BOOKING_2,booking,Us,Queen Suite with Sofa Bed,queen beds,Queen,Suite,1,"['Private suite', 'Bathtub', 'Air conditioning', 'Private bathroom', 'Flat-screen TV', 'Free Wifi', 'Toilet', 'Towels', 'Linens', 'Socket near the bed', 'Desk', 'TV', 'Telephone', 'Heating', 'Hairdryer', 'Carpeted', 'Cable channels', 'Alarm clock', 'Wardrobe or closet', 'Toilet paper', 'Single-room AC for guest accommodation', 'Carbon monoxide detector']",11096.0,1498.0,12594.0,2025-11-16,2025-11-17,https://www.booking.com/hotel/us/best-western-plover.html?aid=304142&label=gen173nr-10CAEoggI46AdIM1gEaGyIAQGYATO4ARfIAQzYAQPoAQH4AQGIAgGoAgG4ArDI-sYGwAIB0gIkODhkOWY1YzgtMTk5OS00MzI4LTgxNGYtZDFiMjg0OTQ1Y2U52AIB4AIB&sid=b4a3f7b31a243b80f8ac20db0073a78a&checkin=2025-11-01&checkout=2025-11-05&dist=0&group_adults=2&group_children=0&hapos=1&hpos=1&no_rooms=1&req_adults=2&req_children=0&room1=A%2CA&sb_price_type=total&soh=1&sr_order=popularity&srepoch=1759421677&srpvid=8df8722f6fa0016b&type=total&ucfs=1&#no_availability_msg
BOOKING_2,booking,Best Western Plover-Stevens Point Hotel & Conference Center,King Room,,,Normal,0,"['Air conditioning', 'Private bathroom', 'Flat-screen TV', 'Free Wifi', '', 'Toilet', '', 'Towels', '', 'Linens', '', 'Socket near the bed', '', 'Desk', '', 'TV', '', 'Telephone', '', 'Heating', '', 'Hairdryer', '', 'Carpeted', '', 'Cable channels', '', 'Alarm clock', '', 'Wardrobe or closet', '', 'Toilet paper', '', 'Single-room AC for guest accommodation', '', 'Carbon monoxide detector']",6937.0,937.0,7874.0,2025-11-17,2025-11-18,https://www.booking.com/hotel/us/best-western-plover.html?aid=304142&label=gen173nr-10CAEoggI46AdIM1gEaGyIAQGYATO4ARfIAQzYAQPoAQH4AQGIAgGoAgG4ArDI-sYGwAIB0gIkODhkOWY1YzgtMTk5OS00MzI4LTgxNGYtZDFiMjg0OTQ1Y2U52AIB4AIB&sid=b4a3f7b31a243b80f8ac20db0073a78a&checkin=2025-11-01&checkout=2025-11-05&dist=0&group_adults=2&group_children=0&hapos=1&hpos=1&no_rooms=1&req_adults=2&req_children=0&room1=A%2CA&sb_price_type=total&soh=1&sr_order=popularity&srepoch=1759421677&srpvid=8df8722f6fa0016b&type=total&ucfs=1&#no_availability_msg
BOOKING_2,booking,Best Western Plover-Stevens Point Hotel & Conference Center,King Suite with Spa Bath,king bed,King,Suite,3,"['1 room', 'Bathtub', 'Air conditioning', 'Private bathroom', 'Flat-screen TV', 'Free Wifi', 'Toilet', 'Towels', 'Linens', 'Socket near the bed', 'Desk', 'TV', 'Telephone', 'Heating', 'Hairdryer', 'Extra long beds (> 2 metres)', 'Carpeted', 'Cable channels', 'Alarm clock', 'Wardrobe or closet', 'Toilet paper', 'Single-room AC for guest accommodation', 'Carbon monoxide detector']",9764.0,1318.0,11082.0,2025-11-17,2025-11-18,https://www.booking.com/hotel/us/best-western-plover.html?aid=304142&label=gen173nr-10CAEoggI46AdIM1gEaGyIAQGYATO4ARfIAQzYAQPoAQH4AQGIAgGoAgG4ArDI-sYGwAIB0gIkODhkOWY1YzgtMTk5OS00MzI4LTgxNGYtZDFiMjg0OTQ1Y2U52AIB4AIB&sid=b4a3f7b31a243b80f8ac20db0073a78a&checkin=2025-11-01&checkout=2025-11-05&dist=0&group_adults=2&group_children=0&hapos=1&hpos=1&no_rooms=1&req_adults=2&req_children=0&room1=A%2CA&sb_price_type=total&soh=1&sr_order=popularity&srepoch=1759421677&srpvid=8df8722f6fa0016b&type=total&ucfs=1&#no_availability_msg
BOOKING_2,booking,Best Western Plover-Stevens Point Hotel & Conference Center,King Room with Roll-In Shower - Disability Access/Non-Smoking,king bed,King,Normal,2,"['1 room', 'Air conditioning', 'Private bathroom', 'Flat-screen TV', 'Free Wifi', 'Toilet', 'Towels', 'Linens', 'Socket near the bed', 'Desk', 'TV', 'Telephone', 'Heating', 'Hairdryer', 'Extra long beds (> 2 metres)', 'Carpeted', 'Cable channels', 'Alarm clock', 'Wardrobe or closet', 'Toilet paper', 'Single-room AC for guest accommodation', 'Carbon monoxide detector']",7989.0,1078.0,9067.0,2025-11-17,2025-11-18,https://www.booking.com/hotel/us/best-western-plover.html?aid=304142&label=gen173nr-10CAEoggI46AdIM1gEaGyIAQGYATO4ARfIAQzYAQPoAQH4AQGIAgGoAgG4ArDI-sYGwAIB0gIkODhkOWY1YzgtMTk5OS00MzI4LTgxNGYtZDFiMjg0OTQ1Y2U52AIB4AIB&sid=b4a3f7b31a243b80f8ac20db0073a78a&checkin=2025-11-01&checkout=2025-11-05&dist=0&group_adults=2&group_children=0&hapos=1&hpos=1&no_rooms=1&req_adults=2&req_children=0&room1=A%2CA&sb_price_type=total&soh=1&sr_order=popularity&srepoch=1759421677&srpvid=8df8722f6fa0016b&type=total&ucfs=1&#no_availability_msg
BOOKING_2,booking,Best Western Plover-Stevens Point Hotel & Conference Center,Queen Room with Two Queen Beds - Non-Smoking,queen beds,Queen,Normal,0,"['1 room', 'Bathtub', 'Air conditioning', 'Private bathroom', 'Flat-screen TV', 'Free Wifi', 'Toilet', 'Towels', 'Linens', 'Socket near the bed', 'Desk', 'TV', 'Telephone', 'Heating', 'Hairdryer', 'Carpeted', 'Cable channels', 'Alarm clock', 'Wardrobe or closet', 'Toilet paper', 'Carbon monoxide detector', 'Single-room AC for guest accommodation']",8876.0,1198.0,10074.0,2025-11-17,2025-11-18,https://www.booking.com/hotel/us/best-western-plover.html?aid=304142&label=gen173nr-10CAEoggI46AdIM1gEaGyIAQGYATO4ARfIAQzYAQPoAQH4AQGIAgGoAgG4ArDI-sYGwAIB0gIkODhkOWY1YzgtMTk5OS00MzI4LTgxNGYtZDFiMjg0OTQ1Y2U52AIB4AIB&sid=b4a3f7b31a243b80f8ac20db0073a78a&checkin=2025-11-01&checkout=2025-11-05&dist=0&group_adults=2&group_children=0&hapos=1&hpos=1&no_rooms=1&req_adults=2&req_children=0&room1=A%2CA&sb_price_type=total&soh=1&sr_order=popularity&srepoch=1759421677&srpvid=8df8722f6fa0016b&type=total&ucfs=1&#no_availability_msg
BOOKING_2,booking,Best Western Plover-Stevens Point Hotel & Conference Center,Family King Suite with Sofa Bed - Non-Smoking,king bedand1 sofa bed,King,Suite,2,"['Private suite', 'Bathtub', 'Air conditioning', 'Private bathroom', 'Flat-screen TV', 'Free Wifi', 'Toilet', 'Sofa', 'Towels', 'Linens', 'Socket near the bed', 'Desk', 'TV', 'Telephone', 'Heating', 'Hairdryer', 'Carpeted', 'Cable channels', 'Alarm clock', 'Wardrobe or closet', 'Toilet paper', 'Sofa bed', 'Single-room AC for guest accommodation', 'Carbon monoxide detector']",11096.0,1498.0,12594.0,2025-11-17,2025-11-18,https://www.booking.com/hotel/us/best-western-plover.html?aid=304142&label=gen173nr-10CAEoggI46AdIM1gEaGyIAQGYATO4ARfIAQzYAQPoAQH4AQGIAgGoAgG4ArDI-sYGwAIB0gIkODhkOWY1YzgtMTk5OS00MzI4LTgxNGYtZDFiMjg0OTQ1Y2U52AIB4AIB&sid=b4a3f7b31a243b80f8ac20db0073a78a&checkin=2025-11-01&checkout=2025-11-05&dist=0&group_adults=2&group_children=0&hapos=1&hpos=1&no_rooms=1&req_adults=2&req_children=0&room1=A%2CA&sb_price_type=total&soh=1&sr_order=popularity&srepoch=1759421677&srpvid=8df8722f6fa0016b&type=total&ucfs=1&#no_availability_msg
BOOKING_2,booking,Best Western Plover-Stevens Point Hotel & Conference Center,Family Queen Suite with Sofa Bed,queen beds,Queen,Suite,2,"['Private suite', 'Bathtub', 'Air conditioning', 'Private bathroom', 'Flat-screen TV', 'Coffee machine', 'Free Wifi', 'Shower', 'Toilet', 'Towels', 'Linens', 'Socket near the bed', 'Desk', 'TV', 'Telephone', 'Tea/Coffee maker', 'Heating', 'Hairdryer', 'Carpeted', 'Cable channels', 'Alarm clock', 'Wardrobe or closet', 'Toilet paper', 'Carbon monoxide detector', 'Single-room AC for guest accommodation']",12427.0,1678.0,14105.0,2025-11-17,2025-11-18,https://www.booking.com/hotel/us/best-western-plover.html?aid=304142&label=gen173nr-10CAEoggI46AdIM1gEaGyIAQGYATO4ARfIAQzYAQPoAQH4AQGIAgGoAgG4ArDI-sYGwAIB0gIkODhkOWY1YzgtMTk5OS00MzI4LTgxNGYtZDFiMjg0OTQ1Y2U52AIB4AIB&sid=b4a3f7b31a243b80f8ac20db0073a78a&checkin=2025-11-01&checkout=2025-11-05&dist=0&group_adults=2&group_children=0&hapos=1&hpos=1&no_rooms=1&req_adults=2&req_children=0&room1=A%2CA&sb_price_type=total&soh=1&sr_order=popularity&srepoch=1759421677&srpvid=8df8722f6fa0016b&type=total&ucfs=1&#no_availability_msg
BOOKING_2,booking,Best Western Plover-Stevens Point Hotel & Conference Center,Two-Room Queen Suite,sofa bedand2 queen beds,Queen,Suite,2,"['Private suite', 'Bathtub', 'Air conditioning', 'Private bathroom', 'Flat-screen TV', 'Coffee machine', 'Free Wifi', 'Shower', 'Toilet', 'Sofa', 'Towels', 'Linens', 'Socket near the bed', 'Desk', 'TV', 'Telephone', 'Tea/Coffee maker', 'Heating', 'Hairdryer', 'Carpeted', 'Cable channels', 'Alarm clock', 'Wardrobe or closet', 'Toilet paper', 'Sofa bed', 'Carbon monoxide detector', 'Single-room AC for guest accommodation']",12871.0,1738.0,14609.0,2025-11-17,2025-11-18,https://www.booking.com/hotel/us/best-western-plover.html?aid=304142&label=gen173nr-10CAEoggI46AdIM1gEaGyIAQGYATO4ARfIAQzYAQPoAQH4AQGIAgGoAgG4ArDI-sYGwAIB0gIkODhkOWY1YzgtMTk5OS00MzI4LTgxNGYtZDFiMjg0OTQ1Y2U52AIB4AIB&sid=b4a3f7b31a243b80f8ac20db0073a78a&checkin=2025-11-01&checkout=2025-11-05&dist=0&group_adults=2&group_children=0&hapos=1&hpos=1&no_rooms=1&req_adults=2&req_children=0&room1=A%2CA&sb_price_type=total&soh=1&sr_order=popularity&srepoch=1759421677&srpvid=8df8722f6fa0016b&type=total&ucfs=1&#no_availability_msg
BOOKING_2,booking,Best Western Plover-Stevens Point Hotel & Conference Center,Queen Suite with Sofa Bed,queen beds,Queen,Suite,1,"['Private suite', 'Bathtub', 'Air conditioning', 'Private bathroom', 'Flat-screen TV', 'Free Wifi', 'Toilet', 'Towels', 'Linens', 'Socket near the bed', 'Desk', 'TV', 'Telephone', 'Heating', 'Hairdryer', 'Carpeted', 'Cable channels', 'Alarm clock', 'Wardrobe or closet', 'Toilet paper', 'Single-room AC for guest accommodation', 'Carbon monoxide detector']",11096.0,1498.0,12594.0,2025-11-17,2025-11-18,https://www.booking.com/hotel/us/best-western-plover.html?aid=304142&label=gen173nr-10CAEoggI46AdIM1gEaGyIAQGYATO4ARfIAQzYAQPoAQH4AQGIAgGoAgG4ArDI-sYGwAIB0gIkODhkOWY1YzgtMTk5OS00MzI4LTgxNGYtZDFiMjg0OTQ1Y2U52AIB4AIB&sid=b4a3f7b31a243b80f8ac20db0073a78a&checkin=2025-11-01&checkout=2025-11-05&dist=0&group_adults=2&group_children=0&hapos=1&hpos=1&no_rooms=1&req_adults=2&req_children=0&room1=A%2CA&sb_price_type=total&soh=1&sr_order=popularity&srepoch=1759421677&srpvid=8df8722f6fa0016b&type=total&ucfs=1&#no_availability_msg
BOOKING_2,booking,Us,King Suite with Spa Bath,king bed,King,Suite,4,"['1 room', 'Bathtub', 'Air conditioning', 'Private bathroom', 'Flat-screen TV', 'Free Wifi', 'Toilet', 'Towels', 'Linens', 'Socket near the bed', 'Desk', 'TV', 'Telephone', 'Heating', 'Hairdryer', 'Extra long beds (> 2 metres)', 'Carpeted', 'Cable channels', 'Alarm clock', 'Wardrobe or closet', 'Toilet paper', 'Single-room AC for guest accommodation', 'Carbon monoxide detector']",9764.0,1318.0,11082.0,2025-11-18,2025-11-19,https://www.booking.com/hotel/us/best-western-plover.html?aid=304142&label=gen173nr-10CAEoggI46AdIM1gEaGyIAQGYATO4ARfIAQzYAQPoAQH4AQGIAgGoAgG4ArDI-sYGwAIB0gIkODhkOWY1YzgtMTk5OS00MzI4LTgxNGYtZDFiMjg0OTQ1Y2U52AIB4AIB&sid=b4a3f7b31a243b80f8ac20db0073a78a&checkin=2025-11-01&checkout=2025-11-05&dist=0&group_adults=2&group_children=0&hapos=1&hpos=1&no_rooms=1&req_adults=2&req_children=0&room1=A%2CA&sb_price_type=total&soh=1&sr_order=popularity&srepoch=1759421677&srpvid=8df8722f6fa0016b&type=total&ucfs=1&#no_availability_msg
BOOKING_2,booking,Us,King Room,king bed,King,Normal,0,"['1 room', 'Air conditioning', 'Private bathroom', 'Flat-screen TV', 'Free Wifi', 'Toilet', 'Towels', 'Linens', 'Socket near the bed', 'Desk', 'TV', 'Telephone', 'Heating', 'Hairdryer', 'Carpeted', 'Cable channels', 'Alarm clock', 'Wardrobe or closet', 'Toilet paper', 'Carbon monoxide detector', 'Single-room AC for guest accommodation']",7989.0,1078.0,9067.0,2025-11-18,2025-11-19,https://www.booking.com/hotel/us/best-western-plover.html?aid=304142&label=gen173nr-10CAEoggI46AdIM1gEaGyIAQGYATO4ARfIAQzYAQPoAQH4AQGIAgGoAgG4ArDI-sYGwAIB0gIkODhkOWY1YzgtMTk5OS00MzI4LTgxNGYtZDFiMjg0OTQ1Y2U52AIB4AIB&sid=b4a3f7b31a243b80f8ac20db0073a78a&checkin=2025-11-01&checkout=2025-11-05&dist=0&group_adults=2&group_children=0&hapos=1&hpos=1&no_rooms=1&req_adults=2&req_children=0&room1=A%2CA&sb_price_type=total&soh=1&sr_order=popularity&srepoch=1759421677&srpvid=8df8722f6fa0016b&type=total&ucfs=1&#no_availability_msg
BOOKING_2,booking,Us,King Room with Roll-In Shower - Disability Access/Non-Smoking,king bed,King,Normal,2,"['1 room', 'Air conditioning', 'Private bathroom', 'Flat-screen TV', 'Free Wifi', 'Toilet', 'Towels', 'Linens', 'Socket near the bed', 'Desk', 'TV', 'Telephone', 'Heating', 'Hairdryer', 'Extra long beds (> 2 metres)', 'Carpeted', 'Cable channels', 'Alarm clock', 'Wardrobe or closet', 'Toilet paper', 'Single-room AC for guest accommodation', 'Carbon monoxide detector']",7989.0,1078.0,9067.0,2025-11-18,2025-11-19,https://www.booking.com/hotel/us/best-western-plover.html?aid=304142&label=gen173nr-10CAEoggI46AdIM1gEaGyIAQGYATO4ARfIAQzYAQPoAQH4AQGIAgGoAgG4ArDI-sYGwAIB0gIkODhkOWY1YzgtMTk5OS00MzI4LTgxNGYtZDFiMjg0OTQ1Y2U52AIB4AIB&sid=b4a3f7b31a243b80f8ac20db0073a78a&checkin=2025-11-01&checkout=2025-11-05&dist=0&group_adults=2&group_children=0&hapos=1&hpos=1&no_rooms=1&req_adults=2&req_children=0&room1=A%2CA&sb_price_type=total&soh=1&sr_order=popularity&srepoch=1759421677&srpvid=8df8722f6fa0016b&type=total&ucfs=1&#no_availability_msg
BOOKING_2,booking,Us,Queen Room with Two Queen Beds - Non-Smoking,queen beds,Queen,Normal,0,"['1 room', 'Bathtub', 'Air conditioning', 'Private bathroom', 'Flat-screen TV', 'Free Wifi', 'Toilet', 'Towels', 'Linens', 'Socket near the bed', 'Desk', 'TV', 'Telephone', 'Heating', 'Hairdryer', 'Carpeted', 'Cable channels', 'Alarm clock', 'Wardrobe or closet', 'Toilet paper', 'Carbon monoxide detector', 'Single-room AC for guest accommodation']",8876.0,1198.0,10074.0,2025-11-18,2025-11-19,https://www.booking.com/hotel/us/best-western-plover.html?aid=304142&label=gen173nr-10CAEoggI46AdIM1gEaGyIAQGYATO4ARfIAQzYAQPoAQH4AQGIAgGoAgG4ArDI-sYGwAIB0gIkODhkOWY1YzgtMTk5OS00MzI4LTgxNGYtZDFiMjg0OTQ1Y2U52AIB4AIB&sid=b4a3f7b31a243b80f8ac20db0073a78a&checkin=2025-11-01&checkout=2025-11-05&dist=0&group_adults=2&group_children=0&hapos=1&hpos=1&no_rooms=1&req_adults=2&req_children=0&room1=A%2CA&sb_price_type=total&soh=1&sr_order=popularity&srepoch=1759421677&srpvid=8df8722f6fa0016b&type=total&ucfs=1&#no_availability_msg
BOOKING_2,booking,Us,Family King Suite with Sofa Bed - Non-Smoking,king bedand1 sofa bed,King,Suite,2,"['Private suite', 'Bathtub', 'Air conditioning', 'Private bathroom', 'Flat-screen TV', 'Free Wifi', 'Toilet', 'Sofa', 'Towels', 'Linens', 'Socket near the bed', 'Desk', 'TV', 'Telephone', 'Heating', 'Hairdryer', 'Carpeted', 'Cable channels', 'Alarm clock', 'Wardrobe or closet', 'Toilet paper', 'Sofa bed', 'Carbon monoxide detector', 'Single-room AC for guest accommodation']",11096.0,1498.0,12594.0,2025-11-18,2025-11-19,https://www.booking.com/hotel/us/best-western-plover.html?aid=304142&label=gen173nr-10CAEoggI46AdIM1gEaGyIAQGYATO4ARfIAQzYAQPoAQH4AQGIAgGoAgG4ArDI-sYGwAIB0gIkODhkOWY1YzgtMTk5OS00MzI4LTgxNGYtZDFiMjg0OTQ1Y2U52AIB4AIB&sid=b4a3f7b31a243b80f8ac20db0073a78a&checkin=2025-11-01&checkout=2025-11-05&dist=0&group_adults=2&group_children=0&hapos=1&hpos=1&no_rooms=1&req_adults=2&req_children=0&room1=A%2CA&sb_price_type=total&soh=1&sr_order=popularity&srepoch=1759421677&srpvid=8df8722f6fa0016b&type=total&ucfs=1&#no_availability_msg
BOOKING_2,booking,Us,Family Queen Suite with Sofa Bed,queen beds,Queen,Suite,2,"['Private suite', 'Bathtub', 'Air conditioning', 'Private bathroom', 'Flat-screen TV', 'Coffee machine', 'Free Wifi', 'Shower', 'Toilet', 'Towels', 'Linens', 'Socket near the bed', 'Desk', 'TV', 'Telephone', 'Tea/Coffee maker', 'Heating', 'Hairdryer', 'Carpeted', 'Cable channels', 'Alarm clock', 'Wardrobe or closet', 'Toilet paper', 'Carbon monoxide detector', 'Single-room AC for guest accommodation']",12427.0,1678.0,14105.0,2025-11-18,2025-11-19,https://www.booking.com/hotel/us/best-western-plover.html?aid=304142&label=gen173nr-10CAEoggI46AdIM1gEaGyIAQGYATO4ARfIAQzYAQPoAQH4AQGIAgGoAgG4ArDI-sYGwAIB0gIkODhkOWY1YzgtMTk5OS00MzI4LTgxNGYtZDFiMjg0OTQ1Y2U52AIB4AIB&sid=b4a3f7b31a243b80f8ac20db0073a78a&checkin=2025-11-01&checkout=2025-11-05&dist=0&group_adults=2&group_children=0&hapos=1&hpos=1&no_rooms=1&req_adults=2&req_children=0&room1=A%2CA&sb_price_type=total&soh=1&sr_order=popularity&srepoch=1759421677&srpvid=8df8722f6fa0016b&type=total&ucfs=1&#no_availability_msg
BOOKING_2,booking,Us,Two-Room Queen Suite,sofa bedand2 queen beds,Queen,Suite,2,"['Private suite', 'Bathtub', 'Air conditioning', 'Private bathroom', 'Flat-screen TV', 'Coffee machine', 'Free Wifi', 'Shower', 'Toilet', 'Sofa', 'Towels', 'Linens', 'Socket near the bed', 'Desk', 'TV', 'Telephone', 'Tea/Coffee maker', 'Heating', 'Hairdryer', 'Carpeted', 'Cable channels', 'Alarm clock', 'Wardrobe or closet', 'Toilet paper', 'Sofa bed', 'Single-room AC for guest accommodation', 'Carbon monoxide detector']",12871.0,1738.0,14609.0,2025-11-18,2025-11-19,https://www.booking.com/hotel/us/best-western-plover.html?aid=304142&label=gen173nr-10CAEoggI46AdIM1gEaGyIAQGYATO4ARfIAQzYAQPoAQH4AQGIAgGoAgG4ArDI-sYGwAIB0gIkODhkOWY1YzgtMTk5OS00MzI4LTgxNGYtZDFiMjg0OTQ1Y2U52AIB4AIB&sid=b4a3f7b31a243b80f8ac20db0073a78a&checkin=2025-11-01&checkout=2025-11-05&dist=0&group_adults=2&group_children=0&hapos=1&hpos=1&no_rooms=1&req_adults=2&req_children=0&room1=A%2CA&sb_price_type=total&soh=1&sr_order=popularity&srepoch=1759421677&srpvid=8df8722f6fa0016b&type=total&ucfs=1&#no_availability_msg
BOOKING_2,booking,Us,Queen Suite with Sofa Bed,queen beds,Queen,Suite,1,"['Private suite', 'Bathtub', 'Air conditioning', 'Private bathroom', 'Flat-screen TV', 'Free Wifi', 'Toilet', 'Towels', 'Linens', 'Socket near the bed', 'Desk', 'TV', 'Telephone', 'Heating', 'Hairdryer', 'Carpeted', 'Cable channels', 'Alarm clock', 'Wardrobe or closet', 'Toilet paper', 'Carbon monoxide detector', 'Single-room AC for guest accommodation']",11096.0,1498.0,12594.0,2025-11-18,2025-11-19,https://www.booking.com/hotel/us/best-western-plover.html?aid=304142&label=gen173nr-10CAEoggI46AdIM1gEaGyIAQGYATO4ARfIAQzYAQPoAQH4AQGIAgGoAgG4ArDI-sYGwAIB0gIkODhkOWY1YzgtMTk5OS00MzI4LTgxNGYtZDFiMjg0OTQ1Y2U52AIB4AIB&sid=b4a3f7b31a243b80f8ac20db0073a78a&checkin=2025-11-01&checkout=2025-11-05&dist=0&group_adults=2&group_children=0&hapos=1&hpos=1&no_rooms=1&req_adults=2&req_children=0&room1=A%2CA&sb_price_type=total&soh=1&sr_order=popularity&srepoch=1759421677&srpvid=8df8722f6fa0016b&type=total&ucfs=1&#no_availability_msg
BOOKING_2,booking,Best Western Plover-Stevens Point Hotel & Conference Center,King Suite with Spa Bath,king bed,King,Suite,4,"['1 room', 'Bathtub', 'Air conditioning', 'Private bathroom', 'Flat-screen TV', 'Free Wifi', 'Toilet', 'Towels', 'Linens', 'Socket near the bed', 'Desk', 'TV', 'Telephone', 'Heating', 'Hairdryer', 'Extra long beds (> 2 metres)', 'Carpeted', 'Cable channels', 'Alarm clock', 'Wardrobe or closet', 'Toilet paper', 'Carbon monoxide detector', 'Single-room AC for guest accommodation']",9764.0,1318.0,11082.0,2025-11-19,2025-11-20,https://www.booking.com/hotel/us/best-western-plover.html?aid=304142&label=gen173nr-10CAEoggI46AdIM1gEaGyIAQGYATO4ARfIAQzYAQPoAQH4AQGIAgGoAgG4ArDI-sYGwAIB0gIkODhkOWY1YzgtMTk5OS00MzI4LTgxNGYtZDFiMjg0OTQ1Y2U52AIB4AIB&sid=b4a3f7b31a243b80f8ac20db0073a78a&checkin=2025-11-01&checkout=2025-11-05&dist=0&group_adults=2&group_children=0&hapos=1&hpos=1&no_rooms=1&req_adults=2&req_children=0&room1=A%2CA&sb_price_type=total&soh=1&sr_order=popularity&srepoch=1759421677&srpvid=8df8722f6fa0016b&type=total&ucfs=1&#no_availability_msg
BOOKING_2,booking,Best Western Plover-Stevens Point Hotel & Conference Center,King Room,king bed,King,Normal,0,"['1 room', 'Air conditioning', 'Private bathroom', 'Flat-screen TV', 'Free Wifi', 'Toilet', 'Towels', 'Linens', 'Socket near the bed', 'Desk', 'TV', 'Telephone', 'Heating', 'Hairdryer', 'Carpeted', 'Cable channels', 'Alarm clock', 'Wardrobe or closet', 'Toilet paper', 'Carbon monoxide detector', 'Single-room AC for guest accommodation']",7989.0,1078.0,9067.0,2025-11-19,2025-11-20,https://www.booking.com/hotel/us/best-western-plover.html?aid=304142&label=gen173nr-10CAEoggI46AdIM1gEaGyIAQGYATO4ARfIAQzYAQPoAQH4AQGIAgGoAgG4ArDI-sYGwAIB0gIkODhkOWY1YzgtMTk5OS00MzI4LTgxNGYtZDFiMjg0OTQ1Y2U52AIB4AIB&sid=b4a3f7b31a243b80f8ac20db0073a78a&checkin=2025-11-01&checkout=2025-11-05&dist=0&group_adults=2&group_children=0&hapos=1&hpos=1&no_rooms=1&req_adults=2&req_children=0&room1=A%2CA&sb_price_type=total&soh=1&sr_order=popularity&srepoch=1759421677&srpvid=8df8722f6fa0016b&type=total&ucfs=1&#no_availability_msg
BOOKING_2,booking,Best Western Plover-Stevens Point Hotel & Conference Center,King Room with Roll-In Shower - Disability Access/Non-Smoking,king bed,King,Normal,2,"['1 room', 'Air conditioning', 'Private bathroom', 'Flat-screen TV', 'Free Wifi', 'Toilet', 'Towels', 'Linens', 'Socket near the bed', 'Desk', 'TV', 'Telephone', 'Heating', 'Hairdryer', 'Extra long beds (> 2 metres)', 'Carpeted', 'Cable channels', 'Alarm clock', 'Wardrobe or closet', 'Toilet paper', 'Carbon monoxide detector', 'Single-room AC for guest accommodation']",7989.0,1078.0,9067.0,2025-11-19,2025-11-20,https://www.booking.com/hotel/us/best-western-plover.html?aid=304142&label=gen173nr-10CAEoggI46AdIM1gEaGyIAQGYATO4ARfIAQzYAQPoAQH4AQGIAgGoAgG4ArDI-sYGwAIB0gIkODhkOWY1YzgtMTk5OS00MzI4LTgxNGYtZDFiMjg0OTQ1Y2U52AIB4AIB&sid=b4a3f7b31a243b80f8ac20db0073a78a&checkin=2025-11-01&checkout=2025-11-05&dist=0&group_adults=2&group_children=0&hapos=1&hpos=1&no_rooms=1&req_adults=2&req_children=0&room1=A%2CA&sb_price_type=total&soh=1&sr_order=popularity&srepoch=1759421677&srpvid=8df8722f6fa0016b&type=total&ucfs=1&#no_availability_msg
BOOKING_2,booking,Best Western Plover-Stevens Point Hotel & Conference Center,Queen Room with Two Queen Beds - Non-Smoking,queen beds,Queen,Normal,0,"['1 room', 'Bathtub', 'Air conditioning', 'Private bathroom', 'Flat-screen TV', 'Free Wifi', 'Toilet', 'Towels', 'Linens', 'Socket near the bed', 'Desk', 'TV', 'Telephone', 'Heating', 'Hairdryer', 'Carpeted', 'Cable channels', 'Alarm clock', 'Wardrobe or closet', 'Toilet paper', 'Single-room AC for guest accommodation', 'Carbon monoxide detector']",8876.0,1198.0,10074.0,2025-11-19,2025-11-20,https://www.booking.com/hotel/us/best-western-plover.html?aid=304142&label=gen173nr-10CAEoggI46AdIM1gEaGyIAQGYATO4ARfIAQzYAQPoAQH4AQGIAgGoAgG4ArDI-sYGwAIB0gIkODhkOWY1YzgtMTk5OS00MzI4LTgxNGYtZDFiMjg0OTQ1Y2U52AIB4AIB&sid=b4a3f7b31a243b80f8ac20db0073a78a&checkin=2025-11-01&checkout=2025-11-05&dist=0&group_adults=2&group_children=0&hapos=1&hpos=1&no_rooms=1&req_adults=2&req_children=0&room1=A%2CA&sb_price_type=total&soh=1&sr_order=popularity&srepoch=1759421677&srpvid=8df8722f6fa0016b&type=total&ucfs=1&#no_availability_msg
BOOKING_2,booking,Best Western Plover-Stevens Point Hotel & Conference Center,Family King Suite with Sofa Bed - Non-Smoking,king bedand1 sofa bed,King,Suite,2,"['Private suite', 'Bathtub', 'Air conditioning', 'Private bathroom', 'Flat-screen TV', 'Free Wifi', 'Toilet', 'Sofa', 'Towels', 'Linens', 'Socket near the bed', 'Desk', 'TV', 'Telephone', 'Heating', 'Hairdryer', 'Carpeted', 'Cable channels', 'Alarm clock', 'Wardrobe or closet', 'Toilet paper', 'Sofa bed', 'Single-room AC for guest accommodation', 'Carbon monoxide detector']",11096.0,1498.0,12594.0,2025-11-19,2025-11-20,https://www.booking.com/hotel/us/best-western-plover.html?aid=304142&label=gen173nr-10CAEoggI46AdIM1gEaGyIAQGYATO4ARfIAQzYAQPoAQH4AQGIAgGoAgG4ArDI-sYGwAIB0gIkODhkOWY1YzgtMTk5OS00MzI4LTgxNGYtZDFiMjg0OTQ1Y2U52AIB4AIB&sid=b4a3f7b31a243b80f8ac20db0073a78a&checkin=2025-11-01&checkout=2025-11-05&dist=0&group_adults=2&group_children=0&hapos=1&hpos=1&no_rooms=1&req_adults=2&req_children=0&room1=A%2CA&sb_price_type=total&soh=1&sr_order=popularity&srepoch=1759421677&srpvid=8df8722f6fa0016b&type=total&ucfs=1&#no_availability_msg
BOOKING_2,booking,Best Western Plover-Stevens Point Hotel & Conference Center,Family Queen Suite with Sofa Bed,queen beds,Queen,Suite,2,"['Private suite', 'Bathtub', 'Air conditioning', 'Private bathroom', 'Flat-screen TV', 'Coffee machine', 'Free Wifi', 'Shower', 'Toilet', 'Towels', 'Linens', 'Socket near the bed', 'Desk', 'TV', 'Telephone', 'Tea/Coffee maker', 'Heating', 'Hairdryer', 'Carpeted', 'Cable channels', 'Alarm clock', 'Wardrobe or closet', 'Toilet paper', 'Carbon monoxide detector', 'Single-room AC for guest accommodation']",12427.0,1678.0,14105.0,2025-11-19,2025-11-20,https://www.booking.com/hotel/us/best-western-plover.html?aid=304142&label=gen173nr-10CAEoggI46AdIM1gEaGyIAQGYATO4ARfIAQzYAQPoAQH4AQGIAgGoAgG4ArDI-sYGwAIB0gIkODhkOWY1YzgtMTk5OS00MzI4LTgxNGYtZDFiMjg0OTQ1Y2U52AIB4AIB&sid=b4a3f7b31a243b80f8ac20db0073a78a&checkin=2025-11-01&checkout=2025-11-05&dist=0&group_adults=2&group_children=0&hapos=1&hpos=1&no_rooms=1&req_adults=2&req_children=0&room1=A%2CA&sb_price_type=total&soh=1&sr_order=popularity&srepoch=1759421677&srpvid=8df8722f6fa0016b&type=total&ucfs=1&#no_availability_msg
BOOKING_2,booking,Best Western Plover-Stevens Point Hotel & Conference Center,Two-Room Queen Suite,sofa bedand2 queen beds,Queen,Suite,2,"['Private suite', 'Bathtub', 'Air conditioning', 'Private bathroom', 'Flat-screen TV', 'Coffee machine', 'Free Wifi', 'Shower', 'Toilet', 'Sofa', 'Towels', 'Linens', 'Socket near the bed', 'Desk', 'TV', 'Telephone', 'Tea/Coffee maker', 'Heating', 'Hairdryer', 'Carpeted', 'Cable channels', 'Alarm clock', 'Wardrobe or closet', 'Toilet paper', 'Sofa bed', 'Carbon monoxide detector', 'Single-room AC for guest accommodation']",12871.0,1738.0,14609.0,2025-11-19,2025-11-20,https://www.booking.com/hotel/us/best-western-plover.html?aid=304142&label=gen173nr-10CAEoggI46AdIM1gEaGyIAQGYATO4ARfIAQzYAQPoAQH4AQGIAgGoAgG4ArDI-sYGwAIB0gIkODhkOWY1YzgtMTk5OS00MzI4LTgxNGYtZDFiMjg0OTQ1Y2U52AIB4AIB&sid=b4a3f7b31a243b80f8ac20db0073a78a&checkin=2025-11-01&checkout=2025-11-05&dist=0&group_adults=2&group_children=0&hapos=1&hpos=1&no_rooms=1&req_adults=2&req_children=0&room1=A%2CA&sb_price_type=total&soh=1&sr_order=popularity&srepoch=1759421677&srpvid=8df8722f6fa0016b&type=total&ucfs=1&#no_availability_msg
BOOKING_2,booking,Best Western Plover-Stevens Point Hotel & Conference Center,Queen Suite with Sofa Bed,queen beds,Queen,Suite,1,"['Private suite', 'Bathtub', 'Air conditioning', 'Private bathroom', 'Flat-screen TV', 'Free Wifi', 'Toilet', 'Towels', 'Linens', 'Socket near the bed', 'Desk', 'TV', 'Telephone', 'Heating', 'Hairdryer', 'Carpeted', 'Cable channels', 'Alarm clock', 'Wardrobe or closet', 'Toilet paper', 'Single-room AC for guest accommodation', 'Carbon monoxide detector']",11096.0,1498.0,12594.0,2025-11-19,2025-11-20,https://www.booking.com/hotel/us/best-western-plover.html?aid=304142&label=gen173nr-10CAEoggI46AdIM1gEaGyIAQGYATO4ARfIAQzYAQPoAQH4AQGIAgGoAgG4ArDI-sYGwAIB0gIkODhkOWY1YzgtMTk5OS00MzI4LTgxNGYtZDFiMjg0OTQ1Y2U52AIB4AIB&sid=b4a3f7b31a243b80f8ac20db0073a78a&checkin=2025-11-01&checkout=2025-11-05&dist=0&group_adults=2&group_children=0&hapos=1&hpos=1&no_rooms=1&req_adults=2&req_children=0&room1=A%2CA&sb_price_type=total&soh=1&sr_order=popularity&srepoch=1759421677&srpvid=8df8722f6fa0016b&type=total&ucfs=1&#no_availability_msg
BOOKING_2,booking,Us,King Suite with Spa Bath,king bed,King,Suite,4,"['1 room', 'Bathtub', 'Air conditioning', 'Private bathroom', 'Flat-screen TV', 'Free Wifi', 'Toilet', 'Towels', 'Linens', 'Socket near the bed', 'Desk', 'TV', 'Telephone', 'Heating', 'Hairdryer', 'Extra long beds (> 2 metres)', 'Carpeted', 'Cable channels', 'Alarm clock', 'Wardrobe or closet', 'Toilet paper', 'Carbon monoxide detector', 'Single-room AC for guest accommodation']",9764.0,1318.0,11082.0,2025-11-20,2025-11-21,https://www.booking.com/hotel/us/best-western-plover.html?aid=304142&label=gen173nr-10CAEoggI46AdIM1gEaGyIAQGYATO4ARfIAQzYAQPoAQH4AQGIAgGoAgG4ArDI-sYGwAIB0gIkODhkOWY1YzgtMTk5OS00MzI4LTgxNGYtZDFiMjg0OTQ1Y2U52AIB4AIB&sid=b4a3f7b31a243b80f8ac20db0073a78a&checkin=2025-11-01&checkout=2025-11-05&dist=0&group_adults=2&group_children=0&hapos=1&hpos=1&no_rooms=1&req_adults=2&req_children=0&room1=A%2CA&sb_price_type=total&soh=1&sr_order=popularity&srepoch=1759421677&srpvid=8df8722f6fa0016b&type=total&ucfs=1&#no_availability_msg
BOOKING_2,booking,Us,King Room,king bed,King,Normal,0,"['1 room', 'Air conditioning', 'Private bathroom', 'Flat-screen TV', 'Free Wifi', 'Toilet', 'Towels', 'Linens', 'Socket near the bed', 'Desk', 'TV', 'Telephone', 'Heating', 'Hairdryer', 'Carpeted', 'Cable channels', 'Alarm clock', 'Wardrobe or closet', 'Toilet paper', 'Single-room AC for guest accommodation', 'Carbon monoxide detector']",7989.0,1078.0,9067.0,2025-11-20,2025-11-21,https://www.booking.com/hotel/us/best-western-plover.html?aid=304142&label=gen173nr-10CAEoggI46AdIM1gEaGyIAQGYATO4ARfIAQzYAQPoAQH4AQGIAgGoAgG4ArDI-sYGwAIB0gIkODhkOWY1YzgtMTk5OS00MzI4LTgxNGYtZDFiMjg0OTQ1Y2U52AIB4AIB&sid=b4a3f7b31a243b80f8ac20db0073a78a&checkin=2025-11-01&checkout=2025-11-05&dist=0&group_adults=2&group_children=0&hapos=1&hpos=1&no_rooms=1&req_adults=2&req_children=0&room1=A%2CA&sb_price_type=total&soh=1&sr_order=popularity&srepoch=1759421677&srpvid=8df8722f6fa0016b&type=total&ucfs=1&#no_availability_msg
BOOKING_2,booking,Us,King Room with Roll-In Shower - Disability Access/Non-Smoking,king bed,King,Normal,2,"['1 room', 'Air conditioning', 'Private bathroom', 'Flat-screen TV', 'Free Wifi', 'Toilet', 'Towels', 'Linens', 'Socket near the bed', 'Desk', 'TV', 'Telephone', 'Heating', 'Hairdryer', 'Extra long beds (> 2 metres)', 'Carpeted', 'Cable channels', 'Alarm clock', 'Wardrobe or closet', 'Toilet paper', 'Single-room AC for guest accommodation', 'Carbon monoxide detector']",7989.0,1078.0,9067.0,2025-11-20,2025-11-21,https://www.booking.com/hotel/us/best-western-plover.html?aid=304142&label=gen173nr-10CAEoggI46AdIM1gEaGyIAQGYATO4ARfIAQzYAQPoAQH4AQGIAgGoAgG4ArDI-sYGwAIB0gIkODhkOWY1YzgtMTk5OS00MzI4LTgxNGYtZDFiMjg0OTQ1Y2U52AIB4AIB&sid=b4a3f7b31a243b80f8ac20db0073a78a&checkin=2025-11-01&checkout=2025-11-05&dist=0&group_adults=2&group_children=0&hapos=1&hpos=1&no_rooms=1&req_adults=2&req_children=0&room1=A%2CA&sb_price_type=total&soh=1&sr_order=popularity&srepoch=1759421677&srpvid=8df8722f6fa0016b&type=total&ucfs=1&#no_availability_msg
BOOKING_2,booking,Us,Queen Room with Two Queen Beds - Non-Smoking,queen beds,Queen,Normal,0,"['1 room', 'Bathtub', 'Air conditioning', 'Private bathroom', 'Flat-screen TV', 'Free Wifi', 'Toilet', 'Towels', 'Linens', 'Socket near the bed', 'Desk', 'TV', 'Telephone', 'Heating', 'Hairdryer', 'Carpeted', 'Cable channels', 'Alarm clock', 'Wardrobe or closet', 'Toilet paper', 'Single-room AC for guest accommodation', 'Carbon monoxide detector']",8876.0,1198.0,10074.0,2025-11-20,2025-11-21,https://www.booking.com/hotel/us/best-western-plover.html?aid=304142&label=gen173nr-10CAEoggI46AdIM1gEaGyIAQGYATO4ARfIAQzYAQPoAQH4AQGIAgGoAgG4ArDI-sYGwAIB0gIkODhkOWY1YzgtMTk5OS00MzI4LTgxNGYtZDFiMjg0OTQ1Y2U52AIB4AIB&sid=b4a3f7b31a243b80f8ac20db0073a78a&checkin=2025-11-01&checkout=2025-11-05&dist=0&group_adults=2&group_children=0&hapos=1&hpos=1&no_rooms=1&req_adults=2&req_children=0&room1=A%2CA&sb_price_type=total&soh=1&sr_order=popularity&srepoch=1759421677&srpvid=8df8722f6fa0016b&type=total&ucfs=1&#no_availability_msg
BOOKING_2,booking,Us,Family King Suite with Sofa Bed - Non-Smoking,king bedand1 sofa bed,King,Suite,2,"['Private suite', 'Bathtub', 'Air conditioning', 'Private bathroom', 'Flat-screen TV', 'Free Wifi', 'Toilet', 'Sofa', 'Towels', 'Linens', 'Socket near the bed', 'Desk', 'TV', 'Telephone', 'Heating', 'Hairdryer', 'Carpeted', 'Cable channels', 'Alarm clock', 'Wardrobe or closet', 'Toilet paper', 'Sofa bed', 'Carbon monoxide detector', 'Single-room AC for guest accommodation']",11096.0,1498.0,12594.0,2025-11-20,2025-11-21,https://www.booking.com/hotel/us/best-western-plover.html?aid=304142&label=gen173nr-10CAEoggI46AdIM1gEaGyIAQGYATO4ARfIAQzYAQPoAQH4AQGIAgGoAgG4ArDI-sYGwAIB0gIkODhkOWY1YzgtMTk5OS00MzI4LTgxNGYtZDFiMjg0OTQ1Y2U52AIB4AIB&sid=b4a3f7b31a243b80f8ac20db0073a78a&checkin=2025-11-01&checkout=2025-11-05&dist=0&group_adults=2&group_children=0&hapos=1&hpos=1&no_rooms=1&req_adults=2&req_children=0&room1=A%2CA&sb_price_type=total&soh=1&sr_order=popularity&srepoch=1759421677&srpvid=8df8722f6fa0016b&type=total&ucfs=1&#no_availability_msg
BOOKING_2,booking,Us,Family Queen Suite with Sofa Bed,queen beds,Queen,Suite,2,"['Private suite', 'Bathtub', 'Air conditioning', 'Private bathroom', 'Flat-screen TV', 'Coffee machine', 'Free Wifi', 'Shower', 'Toilet', 'Towels', 'Linens', 'Socket near the bed', 'Desk', 'TV', 'Telephone', 'Tea/Coffee maker', 'Heating', 'Hairdryer', 'Carpeted', 'Cable channels', 'Alarm clock', 'Wardrobe or closet', 'Toilet paper', 'Single-room AC for guest accommodation', 'Carbon monoxide detector']",12427.0,1678.0,14105.0,2025-11-20,2025-11-21,https://www.booking.com/hotel/us/best-western-plover.html?aid=304142&label=gen173nr-10CAEoggI46AdIM1gEaGyIAQGYATO4ARfIAQzYAQPoAQH4AQGIAgGoAgG4ArDI-sYGwAIB0gIkODhkOWY1YzgtMTk5OS00MzI4LTgxNGYtZDFiMjg0OTQ1Y2U52AIB4AIB&sid=b4a3f7b31a243b80f8ac20db0073a78a&checkin=2025-11-01&checkout=2025-11-05&dist=0&group_adults=2&group_children=0&hapos=1&hpos=1&no_rooms=1&req_adults=2&req_children=0&room1=A%2CA&sb_price_type=total&soh=1&sr_order=popularity&srepoch=1759421677&srpvid=8df8722f6fa0016b&type=total&ucfs=1&#no_availability_msg
BOOKING_2,booking,Us,Two-Room Queen Suite,sofa bedand2 queen beds,Queen,Suite,2,"['Private suite', 'Bathtub', 'Air conditioning', 'Private bathroom', 'Flat-screen TV', 'Coffee machine', 'Free Wifi', 'Shower', 'Toilet', 'Sofa', 'Towels', 'Linens', 'Socket near the bed', 'Desk', 'TV', 'Telephone', 'Tea/Coffee maker', 'Heating', 'Hairdryer', 'Carpeted', 'Cable channels', 'Alarm clock', 'Wardrobe or closet', 'Toilet paper', 'Sofa bed', 'Single-room AC for guest accommodation', 'Carbon monoxide detector']",12871.0,1738.0,14609.0,2025-11-20,2025-11-21,https://www.booking.com/hotel/us/best-western-plover.html?aid=304142&label=gen173nr-10CAEoggI46AdIM1gEaGyIAQGYATO4ARfIAQzYAQPoAQH4AQGIAgGoAgG4ArDI-sYGwAIB0gIkODhkOWY1YzgtMTk5OS00MzI4LTgxNGYtZDFiMjg0OTQ1Y2U52AIB4AIB&sid=b4a3f7b31a243b80f8ac20db0073a78a&checkin=2025-11-01&checkout=2025-11-05&dist=0&group_adults=2&group_children=0&hapos=1&hpos=1&no_rooms=1&req_adults=2&req_children=0&room1=A%2CA&sb_price_type=total&soh=1&sr_order=popularity&srepoch=1759421677&srpvid=8df8722f6fa0016b&type=total&ucfs=1&#no_availability_msg
BOOKING_2,booking,Us,Queen Suite with Sofa Bed,queen beds,Queen,Suite,1,"['Private suite', 'Bathtub', 'Air conditioning', 'Private bathroom', 'Flat-screen TV', 'Free Wifi', 'Toilet', 'Towels', 'Linens', 'Socket near the bed', 'Desk', 'TV', 'Telephone', 'Heating', 'Hairdryer', 'Carpeted', 'Cable channels', 'Alarm clock', 'Wardrobe or closet', 'Toilet paper', 'Carbon monoxide detector', 'Single-room AC for guest accommodation']",11096.0,1498.0,12594.0,2025-11-20,2025-11-21,https://www.booking.com/hotel/us/best-western-plover.html?aid=304142&label=gen173nr-10CAEoggI46AdIM1gEaGyIAQGYATO4ARfIAQzYAQPoAQH4AQGIAgGoAgG4ArDI-sYGwAIB0gIkODhkOWY1YzgtMTk5OS00MzI4LTgxNGYtZDFiMjg0OTQ1Y2U52AIB4AIB&sid=b4a3f7b31a243b80f8ac20db0073a78a&checkin=2025-11-01&checkout=2025-11-05&dist=0&group_adults=2&group_children=0&hapos=1&hpos=1&no_rooms=1&req_adults=2&req_children=0&room1=A%2CA&sb_price_type=total&soh=1&sr_order=popularity&srepoch=1759421677&srpvid=8df8722f6fa0016b&type=total&ucfs=1&#no_availability_msg
BOOKING_2,booking,Best Western Plover-Stevens Point Hotel & Conference Center,King Suite with Spa Bath,king bed,King,Suite,4,"['1 room', 'Bathtub', 'Air conditioning', 'Private bathroom', 'Flat-screen TV', 'Free Wifi', 'Toilet', 'Towels', 'Linens', 'Socket near the bed', 'Desk', 'TV', 'Telephone', 'Heating', 'Hairdryer', 'Extra long beds (> 2 metres)', 'Carpeted', 'Cable channels', 'Alarm clock', 'Wardrobe or closet', 'Toilet paper', 'Single-room AC for guest accommodation', 'Carbon monoxide detector']",9764.0,1318.0,11082.0,2025-11-21,2025-11-22,https://www.booking.com/hotel/us/best-western-plover.html?aid=304142&label=gen173nr-10CAEoggI46AdIM1gEaGyIAQGYATO4ARfIAQzYAQPoAQH4AQGIAgGoAgG4ArDI-sYGwAIB0gIkODhkOWY1YzgtMTk5OS00MzI4LTgxNGYtZDFiMjg0OTQ1Y2U52AIB4AIB&sid=b4a3f7b31a243b80f8ac20db0073a78a&checkin=2025-11-01&checkout=2025-11-05&dist=0&group_adults=2&group_children=0&hapos=1&hpos=1&no_rooms=1&req_adults=2&req_children=0&room1=A%2CA&sb_price_type=total&soh=1&sr_order=popularity&srepoch=1759421677&srpvid=8df8722f6fa0016b&type=total&ucfs=1&#no_availability_msg
BOOKING_2,booking,Best Western Plover-Stevens Point Hotel & Conference Center,King Room with Roll-In Shower - Disability Access/Non-Smoking,king bed,King,Normal,1,"['1 room', 'Air conditioning', 'Private bathroom', 'Flat-screen TV', 'Free Wifi', 'Toilet', 'Towels', 'Linens', 'Socket near the bed', 'Desk', 'TV', 'Telephone', 'Heating', 'Hairdryer', 'Extra long beds (> 2 metres)', 'Carpeted', 'Cable channels', 'Alarm clock', 'Wardrobe or closet', 'Toilet paper', 'Carbon monoxide detector', 'Single-room AC for guest accommodation']",7989.0,1078.0,9067.0,2025-11-21,2025-11-22,https://www.booking.com/hotel/us/best-western-plover.html?aid=304142&label=gen173nr-10CAEoggI46AdIM1gEaGyIAQGYATO4ARfIAQzYAQPoAQH4AQGIAgGoAgG4ArDI-sYGwAIB0gIkODhkOWY1YzgtMTk5OS00MzI4LTgxNGYtZDFiMjg0OTQ1Y2U52AIB4AIB&sid=b4a3f7b31a243b80f8ac20db0073a78a&checkin=2025-11-01&checkout=2025-11-05&dist=0&group_adults=2&group_children=0&hapos=1&hpos=1&no_rooms=1&req_adults=2&req_children=0&room1=A%2CA&sb_price_type=total&soh=1&sr_order=popularity&srepoch=1759421677&srpvid=8df8722f6fa0016b&type=total&ucfs=1&#no_availability_msg
BOOKING_2,booking,Best Western Plover-Stevens Point Hotel & Conference Center,King Room,king bed,King,Normal,0,"['1 room', 'Air conditioning', 'Private bathroom', 'Flat-screen TV', 'Free Wifi', 'Toilet', 'Towels', 'Linens', 'Socket near the bed', 'Desk', 'TV', 'Telephone', 'Heating', 'Hairdryer', 'Carpeted', 'Cable channels', 'Alarm clock', 'Wardrobe or closet', 'Toilet paper', 'Carbon monoxide detector', 'Single-room AC for guest accommodation']",9765.0,1318.0,11083.0,2025-11-21,2025-11-22,https://www.booking.com/hotel/us/best-western-plover.html?aid=304142&label=gen173nr-10CAEoggI46AdIM1gEaGyIAQGYATO4ARfIAQzYAQPoAQH4AQGIAgGoAgG4ArDI-sYGwAIB0gIkODhkOWY1YzgtMTk5OS00MzI4LTgxNGYtZDFiMjg0OTQ1Y2U52AIB4AIB&sid=b4a3f7b31a243b80f8ac20db0073a78a&checkin=2025-11-01&checkout=2025-11-05&dist=0&group_adults=2&group_children=0&hapos=1&hpos=1&no_rooms=1&req_adults=2&req_children=0&room1=A%2CA&sb_price_type=total&soh=1&sr_order=popularity&srepoch=1759421677&srpvid=8df8722f6fa0016b&type=total&ucfs=1&#no_availability_msg
BOOKING_2,booking,Best Western Plover-Stevens Point Hotel & Conference Center,Family King Suite with Sofa Bed - Non-Smoking,king bedand1 sofa bed,King,Suite,1,"['Private suite', 'Bathtub', 'Air conditioning', 'Private bathroom', 'Flat-screen TV', 'Free Wifi', 'Toilet', 'Sofa', 'Towels', 'Linens', 'Socket near the bed', 'Desk', 'TV', 'Telephone', 'Heating', 'Hairdryer', 'Carpeted', 'Cable channels', 'Alarm clock', 'Wardrobe or closet', 'Toilet paper', 'Sofa bed', 'Single-room AC for guest accommodation', 'Carbon monoxide detector']",11540.0,1558.0,13098.0,2025-11-21,2025-11-22,https://www.booking.com/hotel/us/best-western-plover.html?aid=304142&label=gen173nr-10CAEoggI46AdIM1gEaGyIAQGYATO4ARfIAQzYAQPoAQH4AQGIAgGoAgG4ArDI-sYGwAIB0gIkODhkOWY1YzgtMTk5OS00MzI4LTgxNGYtZDFiMjg0OTQ1Y2U52AIB4AIB&sid=b4a3f7b31a243b80f8ac20db0073a78a&checkin=2025-11-01&checkout=2025-11-05&dist=0&group_adults=2&group_children=0&hapos=1&hpos=1&no_rooms=1&req_adults=2&req_children=0&room1=A%2CA&sb_price_type=total&soh=1&sr_order=popularity&srepoch=1759421677&srpvid=8df8722f6fa0016b&type=total&ucfs=1&#no_availability_msg
BOOKING_2,booking,Best Western Plover-Stevens Point Hotel & Conference Center,Queen Suite with Sofa Bed,queen beds,Queen,Suite,1,"['Private suite', 'Bathtub', 'Air conditioning', 'Private bathroom', 'Flat-screen TV', 'Free Wifi', 'Toilet', 'Towels', 'Linens', 'Socket near the bed', 'Desk', 'TV', 'Telephone', 'Heating', 'Hairdryer', 'Carpeted', 'Cable channels', 'Alarm clock', 'Wardrobe or closet', 'Toilet paper', 'Single-room AC for guest accommodation', 'Carbon monoxide detector']",11540.0,1558.0,13098.0,2025-11-21,2025-11-22,https://www.booking.com/hotel/us/best-western-plover.html?aid=304142&label=gen173nr-10CAEoggI46AdIM1gEaGyIAQGYATO4ARfIAQzYAQPoAQH4AQGIAgGoAgG4ArDI-sYGwAIB0gIkODhkOWY1YzgtMTk5OS00MzI4LTgxNGYtZDFiMjg0OTQ1Y2U52AIB4AIB&sid=b4a3f7b31a243b80f8ac20db0073a78a&checkin=2025-11-01&checkout=2025-11-05&dist=0&group_adults=2&group_children=0&hapos=1&hpos=1&no_rooms=1&req_adults=2&req_children=0&room1=A%2CA&sb_price_type=total&soh=1&sr_order=popularity&srepoch=1759421677&srpvid=8df8722f6fa0016b&type=total&ucfs=1&#no_availability_msg
BOOKING_2,booking,Best Western Plover-Stevens Point Hotel & Conference Center,Family Queen Suite with Sofa Bed,queen beds,Queen,Suite,1,"['Private suite', 'Bathtub', 'Air conditioning', 'Private bathroom', 'Flat-screen TV', 'Coffee machine', 'Free Wifi', 'Shower', 'Toilet', 'Towels', 'Linens', 'Socket near the bed', 'Desk', 'TV', 'Telephone', 'Tea/Coffee maker', 'Heating', 'Hairdryer', 'Carpeted', 'Cable channels', 'Alarm clock', 'Wardrobe or closet', 'Toilet paper', 'Carbon monoxide detector', 'Single-room AC for guest accommodation']",11540.0,1558.0,13098.0,2025-11-21,2025-11-22,https://www.booking.com/hotel/us/best-western-plover.html?aid=304142&label=gen173nr-10CAEoggI46AdIM1gEaGyIAQGYATO4ARfIAQzYAQPoAQH4AQGIAgGoAgG4ArDI-sYGwAIB0gIkODhkOWY1YzgtMTk5OS00MzI4LTgxNGYtZDFiMjg0OTQ1Y2U52AIB4AIB&sid=b4a3f7b31a243b80f8ac20db0073a78a&checkin=2025-11-01&checkout=2025-11-05&dist=0&group_adults=2&group_children=0&hapos=1&hpos=1&no_rooms=1&req_adults=2&req_children=0&room1=A%2CA&sb_price_type=total&soh=1&sr_order=popularity&srepoch=1759421677&srpvid=8df8722f6fa0016b&type=total&ucfs=1&#no_availability_msg
BOOKING_2,booking,Us,King Room with Roll-In Shower - Disability Access/Non-Smoking,,,Normal,0,"['Air conditioning', 'Private bathroom', 'Flat-screen TV', 'Free Wifi', '', 'Toilet', '', 'Towels', '', 'Linens', '', 'Socket near the bed', '', 'Desk', '', 'TV', '', 'Telephone', '', 'Heating', '', 'Hairdryer', '', 'Extra long beds (> 2 metres)', '', 'Carpeted', '', 'Cable channels', '', 'Alarm clock', '', 'Wardrobe or closet', '', 'Toilet paper', '', 'Single-room AC for guest accommodation', '', 'Carbon monoxide detector']",7121.0,961.0,8082.0,2025-11-22,2025-11-23,https://www.booking.com/hotel/us/best-western-plover.html?aid=304142&label=gen173nr-10CAEoggI46AdIM1gEaGyIAQGYATO4ARfIAQzYAQPoAQH4AQGIAgGoAgG4ArDI-sYGwAIB0gIkODhkOWY1YzgtMTk5OS00MzI4LTgxNGYtZDFiMjg0OTQ1Y2U52AIB4AIB&sid=b4a3f7b31a243b80f8ac20db0073a78a&checkin=2025-11-01&checkout=2025-11-05&dist=0&group_adults=2&group_children=0&hapos=1&hpos=1&no_rooms=1&req_adults=2&req_children=0&room1=A%2CA&sb_price_type=total&soh=1&sr_order=popularity&srepoch=1759421677&srpvid=8df8722f6fa0016b&type=total&ucfs=1&#no_availability_msg
BOOKING_2,booking,Us,King Suite with Spa Bath,king bed,King,Suite,4,"['1 room', 'Bathtub', 'Air conditioning', 'Private bathroom', 'Flat-screen TV', 'Free Wifi', 'Toilet', 'Towels', 'Linens', 'Socket near the bed', 'Desk', 'TV', 'Telephone', 'Heating', 'Hairdryer', 'Extra long beds (> 2 metres)', 'Carpeted', 'Cable channels', 'Alarm clock', 'Wardrobe or closet', 'Toilet paper', 'Carbon monoxide detector', 'Single-room AC for guest accommodation']",9764.0,1318.0,11082.0,2025-11-22,2025-11-23,https://www.booking.com/hotel/us/best-western-plover.html?aid=304142&label=gen173nr-10CAEoggI46AdIM1gEaGyIAQGYATO4ARfIAQzYAQPoAQH4AQGIAgGoAgG4ArDI-sYGwAIB0gIkODhkOWY1YzgtMTk5OS00MzI4LTgxNGYtZDFiMjg0OTQ1Y2U52AIB4AIB&sid=b4a3f7b31a243b80f8ac20db0073a78a&checkin=2025-11-01&checkout=2025-11-05&dist=0&group_adults=2&group_children=0&hapos=1&hpos=1&no_rooms=1&req_adults=2&req_children=0&room1=A%2CA&sb_price_type=total&soh=1&sr_order=popularity&srepoch=1759421677&srpvid=8df8722f6fa0016b&type=total&ucfs=1&#no_availability_msg
BOOKING_2,booking,Us,King Room,king bed,King,Normal,0,"['1 room', 'Air conditioning', 'Private bathroom', 'Flat-screen TV', 'Free Wifi', 'Toilet', 'Towels', 'Linens', 'Socket near the bed', 'Desk', 'TV', 'Telephone', 'Heating', 'Hairdryer', 'Carpeted', 'Cable channels', 'Alarm clock', 'Wardrobe or closet', 'Toilet paper', 'Single-room AC for guest accommodation', 'Carbon monoxide detector']",9765.0,1318.0,11083.0,2025-11-22,2025-11-23,https://www.booking.com/hotel/us/best-western-plover.html?aid=304142&label=gen173nr-10CAEoggI46AdIM1gEaGyIAQGYATO4ARfIAQzYAQPoAQH4AQGIAgGoAgG4ArDI-sYGwAIB0gIkODhkOWY1YzgtMTk5OS00MzI4LTgxNGYtZDFiMjg0OTQ1Y2U52AIB4AIB&sid=b4a3f7b31a243b80f8ac20db0073a78a&checkin=2025-11-01&checkout=2025-11-05&dist=0&group_adults=2&group_children=0&hapos=1&hpos=1&no_rooms=1&req_adults=2&req_children=0&room1=A%2CA&sb_price_type=total&soh=1&sr_order=popularity&srepoch=1759421677&srpvid=8df8722f6fa0016b&type=total&ucfs=1&#no_availability_msg
BOOKING_2,booking,Us,Queen Room with Two Queen Beds - Non-Smoking,queen beds,Queen,Normal,0,"['1 room', 'Bathtub', 'Air conditioning', 'Private bathroom', 'Flat-screen TV', 'Free Wifi', 'Toilet', 'Towels', 'Linens', 'Socket near the bed', 'Desk', 'TV', 'Telephone', 'Heating', 'Hairdryer', 'Carpeted', 'Cable channels', 'Alarm clock', 'Wardrobe or closet', 'Toilet paper', 'Carbon monoxide detector', 'Single-room AC for guest accommodation']",9765.0,1318.0,11083.0,2025-11-22,2025-11-23,https://www.booking.com/hotel/us/best-western-plover.html?aid=304142&label=gen173nr-10CAEoggI46AdIM1gEaGyIAQGYATO4ARfIAQzYAQPoAQH4AQGIAgGoAgG4ArDI-sYGwAIB0gIkODhkOWY1YzgtMTk5OS00MzI4LTgxNGYtZDFiMjg0OTQ1Y2U52AIB4AIB&sid=b4a3f7b31a243b80f8ac20db0073a78a&checkin=2025-11-01&checkout=2025-11-05&dist=0&group_adults=2&group_children=0&hapos=1&hpos=1&no_rooms=1&req_adults=2&req_children=0&room1=A%2CA&sb_price_type=total&soh=1&sr_order=popularity&srepoch=1759421677&srpvid=8df8722f6fa0016b&type=total&ucfs=1&#no_availability_msg
BOOKING_2,booking,Us,Family King Suite with Sofa Bed - Non-Smoking,king bedand1 sofa bed,King,Suite,1,"['Private suite', 'Bathtub', 'Air conditioning', 'Private bathroom', 'Flat-screen TV', 'Free Wifi', 'Toilet', 'Sofa', 'Towels', 'Linens', 'Socket near the bed', 'Desk', 'TV', 'Telephone', 'Heating', 'Hairdryer', 'Carpeted', 'Cable channels', 'Alarm clock', 'Wardrobe or closet', 'Toilet paper', 'Sofa bed', 'Carbon monoxide detector', 'Single-room AC for guest accommodation']",11540.0,1558.0,13098.0,2025-11-22,2025-11-23,https://www.booking.com/hotel/us/best-western-plover.html?aid=304142&label=gen173nr-10CAEoggI46AdIM1gEaGyIAQGYATO4ARfIAQzYAQPoAQH4AQGIAgGoAgG4ArDI-sYGwAIB0gIkODhkOWY1YzgtMTk5OS00MzI4LTgxNGYtZDFiMjg0OTQ1Y2U52AIB4AIB&sid=b4a3f7b31a243b80f8ac20db0073a78a&checkin=2025-11-01&checkout=2025-11-05&dist=0&group_adults=2&group_children=0&hapos=1&hpos=1&no_rooms=1&req_adults=2&req_children=0&room1=A%2CA&sb_price_type=total&soh=1&sr_order=popularity&srepoch=1759421677&srpvid=8df8722f6fa0016b&type=total&ucfs=1&#no_availability_msg
BOOKING_2,booking,Us,Queen Suite with Sofa Bed,queen beds,Queen,Suite,1,"['Private suite', 'Bathtub', 'Air conditioning', 'Private bathroom', 'Flat-screen TV', 'Free Wifi', 'Toilet', 'Towels', 'Linens', 'Socket near the bed', 'Desk', 'TV', 'Telephone', 'Heating', 'Hairdryer', 'Carpeted', 'Cable channels', 'Alarm clock', 'Wardrobe or closet', 'Toilet paper', 'Single-room AC for guest accommodation', 'Carbon monoxide detector']",11540.0,1558.0,13098.0,2025-11-22,2025-11-23,https://www.booking.com/hotel/us/best-western-plover.html?aid=304142&label=gen173nr-10CAEoggI46AdIM1gEaGyIAQGYATO4ARfIAQzYAQPoAQH4AQGIAgGoAgG4ArDI-sYGwAIB0gIkODhkOWY1YzgtMTk5OS00MzI4LTgxNGYtZDFiMjg0OTQ1Y2U52AIB4AIB&sid=b4a3f7b31a243b80f8ac20db0073a78a&checkin=2025-11-01&checkout=2025-11-05&dist=0&group_adults=2&group_children=0&hapos=1&hpos=1&no_rooms=1&req_adults=2&req_children=0&room1=A%2CA&sb_price_type=total&soh=1&sr_order=popularity&srepoch=1759421677&srpvid=8df8722f6fa0016b&type=total&ucfs=1&#no_availability_msg
BOOKING_3,booking,Us,King Suite,king bedand1 sofa bed,King,Suite,5,"['Private suite', '40 m²', 'Free Wifi', 'Desk', 'Refrigerator', 'Ironing facilities', 'Satellite channels', 'Tea/Coffee maker', 'Radio', 'Microwave', 'Heating', 'Hairdryer', 'Cable channels']",13243.0,1788.0,15031.0,2025-11-10,2025-11-11,https://www.booking.com/hotel/us/hotel-foxfire-drive-waupaca.html?aid=304142&label=gen173nr-10CBkoggI46AdIM1gEaGyIAQGYATO4ARfIAQzYAQPoAQH4AQGIAgGoAgG4ApeMjsgGwAIB0gIkMjlmODgzOGUtNTk5OC00MjNhLTg3OTUtN2M0MDViOGZmZmU12AIB4AIB&sid=b4a3f7b31a243b80f8ac20db0073a78a&all_sr_blocks=49230404_0_2_1_0&checkin=2025-11-01&checkout=2025-11-05&dest_id=492304&dest_type=hotel&dist=0&group_adults=2&group_children=0&hapos=1&highlighted_blocks=49230404_0_2_1_0&hpos=1&matching_block_id=49230404_0_2_1_0&no_rooms=1&req_adults=2&req_children=0&room1=A%2CA&sb_price_type=total&sr_order=popularity&sr_pri_blocks=49230404_0_2_1_0__52691&srepoch=1761840509&srpvid=2c457177b03c0322&type=total&ucfs=1&
BOOKING_3,booking,Us,Queen Suite - Non-Smoking,sofa bedand,Sofa,Suite,5,"['40 m²', 'Free Wifi', 'Refrigerator', 'Ironing facilities', 'Satellite channels', 'Tea/Coffee maker', 'Radio', 'Microwave', 'Heating', 'Hairdryer', 'Cable channels']",11734.0,1584.0,13318.0,2025-11-10,2025-11-11,https://www.booking.com/hotel/us/hotel-foxfire-drive-waupaca.html?aid=304142&label=gen173nr-10CBkoggI46AdIM1gEaGyIAQGYATO4ARfIAQzYAQPoAQH4AQGIAgGoAgG4ApeMjsgGwAIB0gIkMjlmODgzOGUtNTk5OC00MjNhLTg3OTUtN2M0MDViOGZmZmU12AIB4AIB&sid=b4a3f7b31a243b80f8ac20db0073a78a&all_sr_blocks=49230404_0_2_1_0&checkin=2025-11-01&checkout=2025-11-05&dest_id=492304&dest_type=hotel&dist=0&group_adults=2&group_children=0&hapos=1&highlighted_blocks=49230404_0_2_1_0&hpos=1&matching_block_id=49230404_0_2_1_0&no_rooms=1&req_adults=2&req_children=0&room1=A%2CA&sb_price_type=total&sr_order=popularity&sr_pri_blocks=49230404_0_2_1_0__52691&srepoch=1761840509&srpvid=2c457177b03c0322&type=total&ucfs=1&
BOOKING_3,booking,Us,Queen Suite with Two Queen Beds - Accessible/Non-Smoking,queen beds,Queen,Suite,1,"['Private suite', '40 m²', 'Free Wifi', 'Refrigerator', 'Tea/Coffee maker', 'Radio', 'Microwave', 'Hairdryer']",11734.0,1584.0,13318.0,2025-11-10,2025-11-11,https://www.booking.com/hotel/us/hotel-foxfire-drive-waupaca.html?aid=304142&label=gen173nr-10CBkoggI46AdIM1gEaGyIAQGYATO4ARfIAQzYAQPoAQH4AQGIAgGoAgG4ApeMjsgGwAIB0gIkMjlmODgzOGUtNTk5OC00MjNhLTg3OTUtN2M0MDViOGZmZmU12AIB4AIB&sid=b4a3f7b31a243b80f8ac20db0073a78a&all_sr_blocks=49230404_0_2_1_0&checkin=2025-11-01&checkout=2025-11-05&dest_id=492304&dest_type=hotel&dist=0&group_adults=2&group_children=0&hapos=1&highlighted_blocks=49230404_0_2_1_0&hpos=1&matching_block_id=49230404_0_2_1_0&no_rooms=1&req_adults=2&req_children=0&room1=A%2CA&sb_price_type=total&sr_order=popularity&sr_pri_blocks=49230404_0_2_1_0__52691&srepoch=1761840509&srpvid=2c457177b03c0322&type=total&ucfs=1&
BOOKING_3,booking,Us,King Suite - Disability Access/Non-Smoking,king bedand,King,Suite,3,"['40 m²', 'Free Wifi', 'Refrigerator', 'Ironing facilities', 'Satellite channels', 'Tea/Coffee maker', 'Radio', 'Microwave', 'Heating', 'Hairdryer', 'Cable channels']",13243.0,1788.0,15031.0,2025-11-10,2025-11-11,https://www.booking.com/hotel/us/hotel-foxfire-drive-waupaca.html?aid=304142&label=gen173nr-10CBkoggI46AdIM1gEaGyIAQGYATO4ARfIAQzYAQPoAQH4AQGIAgGoAgG4ApeMjsgGwAIB0gIkMjlmODgzOGUtNTk5OC00MjNhLTg3OTUtN2M0MDViOGZmZmU12AIB4AIB&sid=b4a3f7b31a243b80f8ac20db0073a78a&all_sr_blocks=49230404_0_2_1_0&checkin=2025-11-01&checkout=2025-11-05&dest_id=492304&dest_type=hotel&dist=0&group_adults=2&group_children=0&hapos=1&highlighted_blocks=49230404_0_2_1_0&hpos=1&matching_block_id=49230404_0_2_1_0&no_rooms=1&req_adults=2&req_children=0&room1=A%2CA&sb_price_type=total&sr_order=popularity&sr_pri_blocks=49230404_0_2_1_0__52691&srepoch=1761840509&srpvid=2c457177b03c0322&type=total&ucfs=1&
BOOKING_3,booking,Us,King Suite with Tub,king bed,King,Suite,5,"['Private suite', '40 m²', 'Free Wifi', 'Fireplace', 'TV', 'Refrigerator', 'Ironing facilities', 'Satellite channels', 'Tea/Coffee maker', 'Radio', 'Microwave', 'Heating', 'Hairdryer', 'Cable channels']",13997.0,1890.0,15887.0,2025-11-10,2025-11-11,https://www.booking.com/hotel/us/hotel-foxfire-drive-waupaca.html?aid=304142&label=gen173nr-10CBkoggI46AdIM1gEaGyIAQGYATO4ARfIAQzYAQPoAQH4AQGIAgGoAgG4ApeMjsgGwAIB0gIkMjlmODgzOGUtNTk5OC00MjNhLTg3OTUtN2M0MDViOGZmZmU12AIB4AIB&sid=b4a3f7b31a243b80f8ac20db0073a78a&all_sr_blocks=49230404_0_2_1_0&checkin=2025-11-01&checkout=2025-11-05&dest_id=492304&dest_type=hotel&dist=0&group_adults=2&group_children=0&hapos=1&highlighted_blocks=49230404_0_2_1_0&hpos=1&matching_block_id=49230404_0_2_1_0&no_rooms=1&req_adults=2&req_children=0&room1=A%2CA&sb_price_type=total&sr_order=popularity&sr_pri_blocks=49230404_0_2_1_0__52691&srepoch=1761840509&srpvid=2c457177b03c0322&type=total&ucfs=1&
BOOKING_3,booking,Us,King Suite with Sofa Bed,king bed,King,Suite,5,"['Private suite', '40 m²', 'Free Wifi', 'Desk', 'TV', 'Refrigerator', 'Ironing facilities', 'Satellite channels', 'Tea/Coffee maker', 'Radio', 'Microwave', 'Heating', 'Hairdryer', 'Cable channels']",13997.0,1890.0,15887.0,2025-11-10,2025-11-11,https://www.booking.com/hotel/us/hotel-foxfire-drive-waupaca.html?aid=304142&label=gen173nr-10CBkoggI46AdIM1gEaGyIAQGYATO4ARfIAQzYAQPoAQH4AQGIAgGoAgG4ApeMjsgGwAIB0gIkMjlmODgzOGUtNTk5OC00MjNhLTg3OTUtN2M0MDViOGZmZmU12AIB4AIB&sid=b4a3f7b31a243b80f8ac20db0073a78a&all_sr_blocks=49230404_0_2_1_0&checkin=2025-11-01&checkout=2025-11-05&dest_id=492304&dest_type=hotel&dist=0&group_adults=2&group_children=0&hapos=1&highlighted_blocks=49230404_0_2_1_0&hpos=1&matching_block_id=49230404_0_2_1_0&no_rooms=1&req_adults=2&req_children=0&room1=A%2CA&sb_price_type=total&sr_order=popularity&sr_pri_blocks=49230404_0_2_1_0__52691&srepoch=1761840509&srpvid=2c457177b03c0322&type=total&ucfs=1&
BOOKING_3,booking,Us,King Suite,king bedand1 sofa bed,King,Suite,5,"['Private suite', '40 m²', 'Free Wifi', 'Desk', 'Refrigerator', 'Ironing facilities', 'Satellite channels', 'Tea/Coffee maker', 'Radio', 'Microwave', 'Heating', 'Hairdryer', 'Cable channels']",13166.0,1777.0,14943.0,2025-11-11,2025-11-12,https://www.booking.com/hotel/us/hotel-foxfire-drive-waupaca.html?aid=304142&label=gen173nr-10CBkoggI46AdIM1gEaGyIAQGYATO4ARfIAQzYAQPoAQH4AQGIAgGoAgG4ApeMjsgGwAIB0gIkMjlmODgzOGUtNTk5OC00MjNhLTg3OTUtN2M0MDViOGZmZmU12AIB4AIB&sid=b4a3f7b31a243b80f8ac20db0073a78a&all_sr_blocks=49230404_0_2_1_0&checkin=2025-11-01&checkout=2025-11-05&dest_id=492304&dest_type=hotel&dist=0&group_adults=2&group_children=0&hapos=1&highlighted_blocks=49230404_0_2_1_0&hpos=1&matching_block_id=49230404_0_2_1_0&no_rooms=1&req_adults=2&req_children=0&room1=A%2CA&sb_price_type=total&sr_order=popularity&sr_pri_blocks=49230404_0_2_1_0__52691&srepoch=1761840509&srpvid=2c457177b03c0322&type=total&ucfs=1&
BOOKING_3,booking,Us,Queen Suite - Non-Smoking,sofa bedand,Sofa,Suite,5,"['40 m²', 'Free Wifi', 'Refrigerator', 'Ironing facilities', 'Satellite channels', 'Tea/Coffee maker', 'Radio', 'Microwave', 'Heating', 'Hairdryer', 'Cable channels']",11657.0,1574.0,13231.0,2025-11-11,2025-11-12,https://www.booking.com/hotel/us/hotel-foxfire-drive-waupaca.html?aid=304142&label=gen173nr-10CBkoggI46AdIM1gEaGyIAQGYATO4ARfIAQzYAQPoAQH4AQGIAgGoAgG4ApeMjsgGwAIB0gIkMjlmODgzOGUtNTk5OC00MjNhLTg3OTUtN2M0MDViOGZmZmU12AIB4AIB&sid=b4a3f7b31a243b80f8ac20db0073a78a&all_sr_blocks=49230404_0_2_1_0&checkin=2025-11-01&checkout=2025-11-05&dest_id=492304&dest_type=hotel&dist=0&group_adults=2&group_children=0&hapos=1&highlighted_blocks=49230404_0_2_1_0&hpos=1&matching_block_id=49230404_0_2_1_0&no_rooms=1&req_adults=2&req_children=0&room1=A%2CA&sb_price_type=total&sr_order=popularity&sr_pri_blocks=49230404_0_2_1_0__52691&srepoch=1761840509&srpvid=2c457177b03c0322&type=total&ucfs=1&
BOOKING_3,booking,Us,Queen Suite with Two Queen Beds - Accessible/Non-Smoking,queen beds,Queen,Suite,1,"['Private suite', '40 m²', 'Free Wifi', 'Refrigerator', 'Tea/Coffee maker', 'Radio', 'Microwave', 'Hairdryer']",11657.0,1574.0,13231.0,2025-11-11,2025-11-12,https://www.booking.com/hotel/us/hotel-foxfire-drive-waupaca.html?aid=304142&label=gen173nr-10CBkoggI46AdIM1gEaGyIAQGYATO4ARfIAQzYAQPoAQH4AQGIAgGoAgG4ApeMjsgGwAIB0gIkMjlmODgzOGUtNTk5OC00MjNhLTg3OTUtN2M0MDViOGZmZmU12AIB4AIB&sid=b4a3f7b31a243b80f8ac20db0073a78a&all_sr_blocks=49230404_0_2_1_0&checkin=2025-11-01&checkout=2025-11-05&dest_id=492304&dest_type=hotel&dist=0&group_adults=2&group_children=0&hapos=1&highlighted_blocks=49230404_0_2_1_0&hpos=1&matching_block_id=49230404_0_2_1_0&no_rooms=1&req_adults=2&req_children=0&room1=A%2CA&sb_price_type=total&sr_order=popularity&sr_pri_blocks=49230404_0_2_1_0__52691&srepoch=1761840509&srpvid=2c457177b03c0322&type=total&ucfs=1&
BOOKING_3,booking,Us,King Suite - Disability Access/Non-Smoking,king bedand,King,Suite,2,"['40 m²', 'Free Wifi', 'Refrigerator', 'Ironing facilities', 'Satellite channels', 'Tea/Coffee maker', 'Radio', 'Microwave', 'Heating', 'Hairdryer', 'Cable channels']",13166.0,1777.0,14943.0,2025-11-11,2025-11-12,https://www.booking.com/hotel/us/hotel-foxfire-drive-waupaca.html?aid=304142&label=gen173nr-10CBkoggI46AdIM1gEaGyIAQGYATO4ARfIAQzYAQPoAQH4AQGIAgGoAgG4ApeMjsgGwAIB0gIkMjlmODgzOGUtNTk5OC00MjNhLTg3OTUtN2M0MDViOGZmZmU12AIB4AIB&sid=b4a3f7b31a243b80f8ac20db0073a78a&all_sr_blocks=49230404_0_2_1_0&checkin=2025-11-01&checkout=2025-11-05&dest_id=492304&dest_type=hotel&dist=0&group_adults=2&group_children=0&hapos=1&highlighted_blocks=49230404_0_2_1_0&hpos=1&matching_block_id=49230404_0_2_1_0&no_rooms=1&req_adults=2&req_children=0&room1=A%2CA&sb_price_type=total&sr_order=popularity&sr_pri_blocks=49230404_0_2_1_0__52691&srepoch=1761840509&srpvid=2c457177b03c0322&type=total&ucfs=1&
BOOKING_3,booking,Us,King Suite with Tub,king bed,King,Suite,5,"['Private suite', '40 m²', 'Free Wifi', 'Fireplace', 'TV', 'Refrigerator', 'Ironing facilities', 'Satellite channels', 'Tea/Coffee maker', 'Radio', 'Microwave', 'Heating', 'Hairdryer', 'Cable channels']",13920.0,1879.0,15799.0,2025-11-11,2025-11-12,https://www.booking.com/hotel/us/hotel-foxfire-drive-waupaca.html?aid=304142&label=gen173nr-10CBkoggI46AdIM1gEaGyIAQGYATO4ARfIAQzYAQPoAQH4AQGIAgGoAgG4ApeMjsgGwAIB0gIkMjlmODgzOGUtNTk5OC00MjNhLTg3OTUtN2M0MDViOGZmZmU12AIB4AIB&sid=b4a3f7b31a243b80f8ac20db0073a78a&all_sr_blocks=49230404_0_2_1_0&checkin=2025-11-01&checkout=2025-11-05&dest_id=492304&dest_type=hotel&dist=0&group_adults=2&group_children=0&hapos=1&highlighted_blocks=49230404_0_2_1_0&hpos=1&matching_block_id=49230404_0_2_1_0&no_rooms=1&req_adults=2&req_children=0&room1=A%2CA&sb_price_type=total&sr_order=popularity&sr_pri_blocks=49230404_0_2_1_0__52691&srepoch=1761840509&srpvid=2c457177b03c0322&type=total&ucfs=1&
BOOKING_3,booking,Us,King Suite with Sofa Bed,king bed,King,Suite,5,"['Private suite', '40 m²', 'Free Wifi', 'Desk', 'TV', 'Refrigerator', 'Ironing facilities', 'Satellite channels', 'Tea/Coffee maker', 'Radio', 'Microwave', 'Heating', 'Hairdryer', 'Cable channels']",13920.0,1879.0,15799.0,2025-11-11,2025-11-12,https://www.booking.com/hotel/us/hotel-foxfire-drive-waupaca.html?aid=304142&label=gen173nr-10CBkoggI46AdIM1gEaGyIAQGYATO4ARfIAQzYAQPoAQH4AQGIAgGoAgG4ApeMjsgGwAIB0gIkMjlmODgzOGUtNTk5OC00MjNhLTg3OTUtN2M0MDViOGZmZmU12AIB4AIB&sid=b4a3f7b31a243b80f8ac20db0073a78a&all_sr_blocks=49230404_0_2_1_0&checkin=2025-11-01&checkout=2025-11-05&dest_id=492304&dest_type=hotel&dist=0&group_adults=2&group_children=0&hapos=1&highlighted_blocks=49230404_0_2_1_0&hpos=1&matching_block_id=49230404_0_2_1_0&no_rooms=1&req_adults=2&req_children=0&room1=A%2CA&sb_price_type=total&sr_order=popularity&sr_pri_blocks=49230404_0_2_1_0__52691&srepoch=1761840509&srpvid=2c457177b03c0322&type=total&ucfs=1&
BOOKING_3,booking,Comfort Suites at Par 4 Resort,Queen Suite - Non-Smoking,,,Suite,0,"['40 m²', 'Free Wifi', '', 'Refrigerator', '', 'Ironing facilities', '', 'Satellite channels', '', 'Tea/Coffee maker', '', 'Radio', '', 'Microwave', '', 'Heating', '', 'Hairdryer', '', 'Cable channels']",10708.0,1446.0,12154.0,2025-11-12,2025-11-13,https://www.booking.com/hotel/us/hotel-foxfire-drive-waupaca.html?aid=304142&label=gen173nr-10CBkoggI46AdIM1gEaGyIAQGYATO4ARfIAQzYAQPoAQH4AQGIAgGoAgG4ApeMjsgGwAIB0gIkMjlmODgzOGUtNTk5OC00MjNhLTg3OTUtN2M0MDViOGZmZmU12AIB4AIB&sid=b4a3f7b31a243b80f8ac20db0073a78a&all_sr_blocks=49230404_0_2_1_0&checkin=2025-11-01&checkout=2025-11-05&dest_id=492304&dest_type=hotel&dist=0&group_adults=2&group_children=0&hapos=1&highlighted_blocks=49230404_0_2_1_0&hpos=1&matching_block_id=49230404_0_2_1_0&no_rooms=1&req_adults=2&req_children=0&room1=A%2CA&sb_price_type=total&sr_order=popularity&sr_pri_blocks=49230404_0_2_1_0__52691&srepoch=1761840509&srpvid=2c457177b03c0322&type=total&ucfs=1&
BOOKING_3,booking,Comfort Suites at Par 4 Resort,King Suite,king bedand1 sofa bed,King,Suite,5,"['Private suite', '40 m²', 'Free Wifi', 'Desk', 'Refrigerator', 'Ironing facilities', 'Satellite channels', 'Tea/Coffee maker', 'Radio', 'Microwave', 'Heating', 'Hairdryer', 'Cable channels']",13166.0,1777.0,14943.0,2025-11-12,2025-11-13,https://www.booking.com/hotel/us/hotel-foxfire-drive-waupaca.html?aid=304142&label=gen173nr-10CBkoggI46AdIM1gEaGyIAQGYATO4ARfIAQzYAQPoAQH4AQGIAgGoAgG4ApeMjsgGwAIB0gIkMjlmODgzOGUtNTk5OC00MjNhLTg3OTUtN2M0MDViOGZmZmU12AIB4AIB&sid=b4a3f7b31a243b80f8ac20db0073a78a&all_sr_blocks=49230404_0_2_1_0&checkin=2025-11-01&checkout=2025-11-05&dest_id=492304&dest_type=hotel&dist=0&group_adults=2&group_children=0&hapos=1&highlighted_blocks=49230404_0_2_1_0&hpos=1&matching_block_id=49230404_0_2_1_0&no_rooms=1&req_adults=2&req_children=0&room1=A%2CA&sb_price_type=total&sr_order=popularity&sr_pri_blocks=49230404_0_2_1_0__52691&srepoch=1761840509&srpvid=2c457177b03c0322&type=total&ucfs=1&
BOOKING_3,booking,Comfort Suites at Par 4 Resort,Queen Suite with Two Queen Beds - Accessible/Non-Smoking,queen beds,Queen,Suite,1,"['Private suite', '40 m²', 'Free Wifi', 'Refrigerator', 'Tea/Coffee maker', 'Radio', 'Microwave', 'Hairdryer']",11657.0,1574.0,13231.0,2025-11-12,2025-11-13,https://www.booking.com/hotel/us/hotel-foxfire-drive-waupaca.html?aid=304142&label=gen173nr-10CBkoggI46AdIM1gEaGyIAQGYATO4ARfIAQzYAQPoAQH4AQGIAgGoAgG4ApeMjsgGwAIB0gIkMjlmODgzOGUtNTk5OC00MjNhLTg3OTUtN2M0MDViOGZmZmU12AIB4AIB&sid=b4a3f7b31a243b80f8ac20db0073a78a&all_sr_blocks=49230404_0_2_1_0&checkin=2025-11-01&checkout=2025-11-05&dest_id=492304&dest_type=hotel&dist=0&group_adults=2&group_children=0&hapos=1&highlighted_blocks=49230404_0_2_1_0&hpos=1&matching_block_id=49230404_0_2_1_0&no_rooms=1&req_adults=2&req_children=0&room1=A%2CA&sb_price_type=total&sr_order=popularity&sr_pri_blocks=49230404_0_2_1_0__52691&srepoch=1761840509&srpvid=2c457177b03c0322&type=total&ucfs=1&
BOOKING_3,booking,Comfort Suites at Par 4 Resort,King Suite - Disability Access/Non-Smoking,king bedand,King,Suite,3,"['40 m²', 'Free Wifi', 'Refrigerator', 'Ironing facilities', 'Satellite channels', 'Tea/Coffee maker', 'Radio', 'Microwave', 'Heating', 'Hairdryer', 'Cable channels']",13166.0,1777.0,14943.0,2025-11-12,2025-11-13,https://www.booking.com/hotel/us/hotel-foxfire-drive-waupaca.html?aid=304142&label=gen173nr-10CBkoggI46AdIM1gEaGyIAQGYATO4ARfIAQzYAQPoAQH4AQGIAgGoAgG4ApeMjsgGwAIB0gIkMjlmODgzOGUtNTk5OC00MjNhLTg3OTUtN2M0MDViOGZmZmU12AIB4AIB&sid=b4a3f7b31a243b80f8ac20db0073a78a&all_sr_blocks=49230404_0_2_1_0&checkin=2025-11-01&checkout=2025-11-05&dest_id=492304&dest_type=hotel&dist=0&group_adults=2&group_children=0&hapos=1&highlighted_blocks=49230404_0_2_1_0&hpos=1&matching_block_id=49230404_0_2_1_0&no_rooms=1&req_adults=2&req_children=0&room1=A%2CA&sb_price_type=total&sr_order=popularity&sr_pri_blocks=49230404_0_2_1_0__52691&srepoch=1761840509&srpvid=2c457177b03c0322&type=total&ucfs=1&
BOOKING_3,booking,Comfort Suites at Par 4 Resort,King Suite with Tub,king bed,King,Suite,5,"['Private suite', '40 m²', 'Free Wifi', 'Fireplace', 'TV', 'Refrigerator', 'Ironing facilities', 'Satellite channels', 'Tea/Coffee maker', 'Radio', 'Microwave', 'Heating', 'Hairdryer', 'Cable channels']",13920.0,1879.0,15799.0,2025-11-12,2025-11-13,https://www.booking.com/hotel/us/hotel-foxfire-drive-waupaca.html?aid=304142&label=gen173nr-10CBkoggI46AdIM1gEaGyIAQGYATO4ARfIAQzYAQPoAQH4AQGIAgGoAgG4ApeMjsgGwAIB0gIkMjlmODgzOGUtNTk5OC00MjNhLTg3OTUtN2M0MDViOGZmZmU12AIB4AIB&sid=b4a3f7b31a243b80f8ac20db0073a78a&all_sr_blocks=49230404_0_2_1_0&checkin=2025-11-01&checkout=2025-11-05&dest_id=492304&dest_type=hotel&dist=0&group_adults=2&group_children=0&hapos=1&highlighted_blocks=49230404_0_2_1_0&hpos=1&matching_block_id=49230404_0_2_1_0&no_rooms=1&req_adults=2&req_children=0&room1=A%2CA&sb_price_type=total&sr_order=popularity&sr_pri_blocks=49230404_0_2_1_0__52691&srepoch=1761840509&srpvid=2c457177b03c0322&type=total&ucfs=1&
BOOKING_3,booking,Comfort Suites at Par 4 Resort,King Suite with Sofa Bed,king bed,King,Suite,5,"['Private suite', '40 m²', 'Free Wifi', 'Desk', 'TV', 'Refrigerator', 'Ironing facilities', 'Satellite channels', 'Tea/Coffee maker', 'Radio', 'Microwave', 'Heating', 'Hairdryer', 'Cable channels']",13920.0,1879.0,15799.0,2025-11-12,2025-11-13,https://www.booking.com/hotel/us/hotel-foxfire-drive-waupaca.html?aid=304142&label=gen173nr-10CBkoggI46AdIM1gEaGyIAQGYATO4ARfIAQzYAQPoAQH4AQGIAgGoAgG4ApeMjsgGwAIB0gIkMjlmODgzOGUtNTk5OC00MjNhLTg3OTUtN2M0MDViOGZmZmU12AIB4AIB&sid=b4a3f7b31a243b80f8ac20db0073a78a&all_sr_blocks=49230404_0_2_1_0&checkin=2025-11-01&checkout=2025-11-05&dest_id=492304&dest_type=hotel&dist=0&group_adults=2&group_children=0&hapos=1&highlighted_blocks=49230404_0_2_1_0&hpos=1&matching_block_id=49230404_0_2_1_0&no_rooms=1&req_adults=2&req_children=0&room1=A%2CA&sb_price_type=total&sr_order=popularity&sr_pri_blocks=49230404_0_2_1_0__52691&srepoch=1761840509&srpvid=2c457177b03c0322&type=total&ucfs=1&
BOOKING_3,booking,Comfort Suites at Par 4 Resort,King Suite,king bedand1 sofa bed,King,Suite,5,"['Private suite', '40 m²', 'Free Wifi', 'Desk', 'Refrigerator', 'Ironing facilities', 'Satellite channels', 'Tea/Coffee maker', 'Radio', 'Microwave', 'Heating', 'Hairdryer', 'Cable channels']",12713.0,1716.0,14429.0,2025-11-13,2025-11-14,https://www.booking.com/hotel/us/hotel-foxfire-drive-waupaca.html?aid=304142&label=gen173nr-10CBkoggI46AdIM1gEaGyIAQGYATO4ARfIAQzYAQPoAQH4AQGIAgGoAgG4ApeMjsgGwAIB0gIkMjlmODgzOGUtNTk5OC00MjNhLTg3OTUtN2M0MDViOGZmZmU12AIB4AIB&sid=b4a3f7b31a243b80f8ac20db0073a78a&all_sr_blocks=49230404_0_2_1_0&checkin=2025-11-01&checkout=2025-11-05&dest_id=492304&dest_type=hotel&dist=0&group_adults=2&group_children=0&hapos=1&highlighted_blocks=49230404_0_2_1_0&hpos=1&matching_block_id=49230404_0_2_1_0&no_rooms=1&req_adults=2&req_children=0&room1=A%2CA&sb_price_type=total&sr_order=popularity&sr_pri_blocks=49230404_0_2_1_0__52691&srepoch=1761840509&srpvid=2c457177b03c0322&type=total&ucfs=1&
BOOKING_3,booking,Comfort Suites at Par 4 Resort,Queen Suite - Non-Smoking,sofa bedand,Sofa,Suite,5,"['40 m²', 'Free Wifi', 'Refrigerator', 'Ironing facilities', 'Satellite channels', 'Tea/Coffee maker', 'Radio', 'Microwave', 'Heating', 'Hairdryer', 'Cable channels']",11204.0,1513.0,12717.0,2025-11-13,2025-11-14,https://www.booking.com/hotel/us/hotel-foxfire-drive-waupaca.html?aid=304142&label=gen173nr-10CBkoggI46AdIM1gEaGyIAQGYATO4ARfIAQzYAQPoAQH4AQGIAgGoAgG4ApeMjsgGwAIB0gIkMjlmODgzOGUtNTk5OC00MjNhLTg3OTUtN2M0MDViOGZmZmU12AIB4AIB&sid=b4a3f7b31a243b80f8ac20db0073a78a&all_sr_blocks=49230404_0_2_1_0&checkin=2025-11-01&checkout=2025-11-05&dest_id=492304&dest_type=hotel&dist=0&group_adults=2&group_children=0&hapos=1&highlighted_blocks=49230404_0_2_1_0&hpos=1&matching_block_id=49230404_0_2_1_0&no_rooms=1&req_adults=2&req_children=0&room1=A%2CA&sb_price_type=total&sr_order=popularity&sr_pri_blocks=49230404_0_2_1_0__52691&srepoch=1761840509&srpvid=2c457177b03c0322&type=total&ucfs=1&
BOOKING_3,booking,Comfort Suites at Par 4 Resort,Queen Suite with Two Queen Beds - Accessible/Non-Smoking,queen beds,Queen,Suite,1,"['Private suite', '40 m²', 'Free Wifi', 'Refrigerator', 'Tea/Coffee maker', 'Radio', 'Microwave', 'Hairdryer']",11204.0,1513.0,12717.0,2025-11-13,2025-11-14,https://www.booking.com/hotel/us/hotel-foxfire-drive-waupaca.html?aid=304142&label=gen173nr-10CBkoggI46AdIM1gEaGyIAQGYATO4ARfIAQzYAQPoAQH4AQGIAgGoAgG4ApeMjsgGwAIB0gIkMjlmODgzOGUtNTk5OC00MjNhLTg3OTUtN2M0MDViOGZmZmU12AIB4AIB&sid=b4a3f7b31a243b80f8ac20db0073a78a&all_sr_blocks=49230404_0_2_1_0&checkin=2025-11-01&checkout=2025-11-05&dest_id=492304&dest_type=hotel&dist=0&group_adults=2&group_children=0&hapos=1&highlighted_blocks=49230404_0_2_1_0&hpos=1&matching_block_id=49230404_0_2_1_0&no_rooms=1&req_adults=2&req_children=0&room1=A%2CA&sb_price_type=total&sr_order=popularity&sr_pri_blocks=49230404_0_2_1_0__52691&srepoch=1761840509&srpvid=2c457177b03c0322&type=total&ucfs=1&
BOOKING_3,booking,Comfort Suites at Par 4 Resort,King Suite - Disability Access/Non-Smoking,king bedand,King,Suite,3,"['40 m²', 'Free Wifi', 'Refrigerator', 'Ironing facilities', 'Satellite channels', 'Tea/Coffee maker', 'Radio', 'Microwave', 'Heating', 'Hairdryer', 'Cable channels']",12713.0,1716.0,14429.0,2025-11-13,2025-11-14,https://www.booking.com/hotel/us/hotel-foxfire-drive-waupaca.html?aid=304142&label=gen173nr-10CBkoggI46AdIM1gEaGyIAQGYATO4ARfIAQzYAQPoAQH4AQGIAgGoAgG4ApeMjsgGwAIB0gIkMjlmODgzOGUtNTk5OC00MjNhLTg3OTUtN2M0MDViOGZmZmU12AIB4AIB&sid=b4a3f7b31a243b80f8ac20db0073a78a&all_sr_blocks=49230404_0_2_1_0&checkin=2025-11-01&checkout=2025-11-05&dest_id=492304&dest_type=hotel&dist=0&group_adults=2&group_children=0&hapos=1&highlighted_blocks=49230404_0_2_1_0&hpos=1&matching_block_id=49230404_0_2_1_0&no_rooms=1&req_adults=2&req_children=0&room1=A%2CA&sb_price_type=total&sr_order=popularity&sr_pri_blocks=49230404_0_2_1_0__52691&srepoch=1761840509&srpvid=2c457177b03c0322&type=total&ucfs=1&
BOOKING_3,booking,Comfort Suites at Par 4 Resort,King Suite with Tub,king bed,King,Suite,5,"['Private suite', '40 m²', 'Free Wifi', 'Fireplace', 'TV', 'Refrigerator', 'Ironing facilities', 'Satellite channels', 'Tea/Coffee maker', 'Radio', 'Microwave', 'Heating', 'Hairdryer', 'Cable channels']",13467.0,1818.0,15285.0,2025-11-13,2025-11-14,https://www.booking.com/hotel/us/hotel-foxfire-drive-waupaca.html?aid=304142&label=gen173nr-10CBkoggI46AdIM1gEaGyIAQGYATO4ARfIAQzYAQPoAQH4AQGIAgGoAgG4ApeMjsgGwAIB0gIkMjlmODgzOGUtNTk5OC00MjNhLTg3OTUtN2M0MDViOGZmZmU12AIB4AIB&sid=b4a3f7b31a243b80f8ac20db0073a78a&all_sr_blocks=49230404_0_2_1_0&checkin=2025-11-01&checkout=2025-11-05&dest_id=492304&dest_type=hotel&dist=0&group_adults=2&group_children=0&hapos=1&highlighted_blocks=49230404_0_2_1_0&hpos=1&matching_block_id=49230404_0_2_1_0&no_rooms=1&req_adults=2&req_children=0&room1=A%2CA&sb_price_type=total&sr_order=popularity&sr_pri_blocks=49230404_0_2_1_0__52691&srepoch=1761840509&srpvid=2c457177b03c0322&type=total&ucfs=1&
BOOKING_3,booking,Comfort Suites at Par 4 Resort,King Suite with Sofa Bed,king bed,King,Suite,5,"['Private suite', '40 m²', 'Free Wifi', 'Desk', 'TV', 'Refrigerator', 'Ironing facilities', 'Satellite channels', 'Tea/Coffee maker', 'Radio', 'Microwave', 'Heating', 'Hairdryer', 'Cable channels']",13467.0,1818.0,15285.0,2025-11-13,2025-11-14,https://www.booking.com/hotel/us/hotel-foxfire-drive-waupaca.html?aid=304142&label=gen173nr-10CBkoggI46AdIM1gEaGyIAQGYATO4ARfIAQzYAQPoAQH4AQGIAgGoAgG4ApeMjsgGwAIB0gIkMjlmODgzOGUtNTk5OC00MjNhLTg3OTUtN2M0MDViOGZmZmU12AIB4AIB&sid=b4a3f7b31a243b80f8ac20db0073a78a&all_sr_blocks=49230404_0_2_1_0&checkin=2025-11-01&checkout=2025-11-05&dest_id=492304&dest_type=hotel&dist=0&group_adults=2&group_children=0&hapos=1&highlighted_blocks=49230404_0_2_1_0&hpos=1&matching_block_id=49230404_0_2_1_0&no_rooms=1&req_adults=2&req_children=0&room1=A%2CA&sb_price_type=total&sr_order=popularity&sr_pri_blocks=49230404_0_2_1_0__52691&srepoch=1761840509&srpvid=2c457177b03c0322&type=total&ucfs=1&
BOOKING_3,booking,Us,Queen Suite - Non-Smoking,,,Suite,0,"['40 m²', 'Free Wifi', '', 'Refrigerator', '', 'Ironing facilities', '', 'Satellite channels', '', 'Tea/Coffee maker', '', 'Radio', '', 'Microwave', '', 'Heating', '', 'Hairdryer', '', 'Cable channels']",11513.0,1554.0,13067.0,2025-11-14,2025-11-15,https://www.booking.com/hotel/us/hotel-foxfire-drive-waupaca.html?aid=304142&label=gen173nr-10CBkoggI46AdIM1gEaGyIAQGYATO4ARfIAQzYAQPoAQH4AQGIAgGoAgG4ApeMjsgGwAIB0gIkMjlmODgzOGUtNTk5OC00MjNhLTg3OTUtN2M0MDViOGZmZmU12AIB4AIB&sid=b4a3f7b31a243b80f8ac20db0073a78a&all_sr_blocks=49230404_0_2_1_0&checkin=2025-11-01&checkout=2025-11-05&dest_id=492304&dest_type=hotel&dist=0&group_adults=2&group_children=0&hapos=1&highlighted_blocks=49230404_0_2_1_0&hpos=1&matching_block_id=49230404_0_2_1_0&no_rooms=1&req_adults=2&req_children=0&room1=A%2CA&sb_price_type=total&sr_order=popularity&sr_pri_blocks=49230404_0_2_1_0__52691&srepoch=1761840509&srpvid=2c457177b03c0322&type=total&ucfs=1&
BOOKING_3,booking,Us,King Suite,king bedand1 sofa bed,King,Suite,5,"['Private suite', '40 m²', 'Free Wifi', 'Desk', 'Refrigerator', 'Ironing facilities', 'Satellite channels', 'Tea/Coffee maker', 'Radio', 'Microwave', 'Heating', 'Hairdryer', 'Cable channels']",12677.0,1711.0,14388.0,2025-11-14,2025-11-15,https://www.booking.com/hotel/us/hotel-foxfire-drive-waupaca.html?aid=304142&label=gen173nr-10CBkoggI46AdIM1gEaGyIAQGYATO4ARfIAQzYAQPoAQH4AQGIAgGoAgG4ApeMjsgGwAIB0gIkMjlmODgzOGUtNTk5OC00MjNhLTg3OTUtN2M0MDViOGZmZmU12AIB4AIB&sid=b4a3f7b31a243b80f8ac20db0073a78a&all_sr_blocks=49230404_0_2_1_0&checkin=2025-11-01&checkout=2025-11-05&dest_id=492304&dest_type=hotel&dist=0&group_adults=2&group_children=0&hapos=1&highlighted_blocks=49230404_0_2_1_0&hpos=1&matching_block_id=49230404_0_2_1_0&no_rooms=1&req_adults=2&req_children=0&room1=A%2CA&sb_price_type=total&sr_order=popularity&sr_pri_blocks=49230404_0_2_1_0__52691&srepoch=1761840509&srpvid=2c457177b03c0322&type=total&ucfs=1&
BOOKING_3,booking,Us,Queen Suite with Two Queen Beds - Accessible/Non-Smoking,queen beds,Queen,Suite,1,"['Private suite', '40 m²', 'Free Wifi', 'Refrigerator', 'Tea/Coffee maker', 'Radio', 'Microwave', 'Hairdryer']",12526.0,1691.0,14217.0,2025-11-14,2025-11-15,https://www.booking.com/hotel/us/hotel-foxfire-drive-waupaca.html?aid=304142&label=gen173nr-10CBkoggI46AdIM1gEaGyIAQGYATO4ARfIAQzYAQPoAQH4AQGIAgGoAgG4ApeMjsgGwAIB0gIkMjlmODgzOGUtNTk5OC00MjNhLTg3OTUtN2M0MDViOGZmZmU12AIB4AIB&sid=b4a3f7b31a243b80f8ac20db0073a78a&all_sr_blocks=49230404_0_2_1_0&checkin=2025-11-01&checkout=2025-11-05&dest_id=492304&dest_type=hotel&dist=0&group_adults=2&group_children=0&hapos=1&highlighted_blocks=49230404_0_2_1_0&hpos=1&matching_block_id=49230404_0_2_1_0&no_rooms=1&req_adults=2&req_children=0&room1=A%2CA&sb_price_type=total&sr_order=popularity&sr_pri_blocks=49230404_0_2_1_0__52691&srepoch=1761840509&srpvid=2c457177b03c0322&type=total&ucfs=1&
BOOKING_3,booking,Us,King Suite - Disability Access/Non-Smoking,king bedand,King,Suite,4,"['40 m²', 'Free Wifi', 'Refrigerator', 'Ironing facilities', 'Satellite channels', 'Tea/Coffee maker', 'Radio', 'Microwave', 'Heating', 'Hairdryer', 'Cable channels']",12677.0,1711.0,14388.0,2025-11-14,2025-11-15,https://www.booking.com/hotel/us/hotel-foxfire-drive-waupaca.html?aid=304142&label=gen173nr-10CBkoggI46AdIM1gEaGyIAQGYATO4ARfIAQzYAQPoAQH4AQGIAgGoAgG4ApeMjsgGwAIB0gIkMjlmODgzOGUtNTk5OC00MjNhLTg3OTUtN2M0MDViOGZmZmU12AIB4AIB&sid=b4a3f7b31a243b80f8ac20db0073a78a&all_sr_blocks=49230404_0_2_1_0&checkin=2025-11-01&checkout=2025-11-05&dest_id=492304&dest_type=hotel&dist=0&group_adults=2&group_children=0&hapos=1&highlighted_blocks=49230404_0_2_1_0&hpos=1&matching_block_id=49230404_0_2_1_0&no_rooms=1&req_adults=2&req_children=0&room1=A%2CA&sb_price_type=total&sr_order=popularity&sr_pri_blocks=49230404_0_2_1_0__52691&srepoch=1761840509&srpvid=2c457177b03c0322&type=total&ucfs=1&
BOOKING_3,booking,Us,King Suite with Tub,king bed,King,Suite,5,"['Private suite', '40 m²', 'Free Wifi', 'Fireplace', 'TV', 'Refrigerator', 'Ironing facilities', 'Satellite channels', 'Tea/Coffee maker', 'Radio', 'Microwave', 'Heating', 'Hairdryer', 'Cable channels']",13280.0,1793.0,15073.0,2025-11-14,2025-11-15,https://www.booking.com/hotel/us/hotel-foxfire-drive-waupaca.html?aid=304142&label=gen173nr-10CBkoggI46AdIM1gEaGyIAQGYATO4ARfIAQzYAQPoAQH4AQGIAgGoAgG4ApeMjsgGwAIB0gIkMjlmODgzOGUtNTk5OC00MjNhLTg3OTUtN2M0MDViOGZmZmU12AIB4AIB&sid=b4a3f7b31a243b80f8ac20db0073a78a&all_sr_blocks=49230404_0_2_1_0&checkin=2025-11-01&checkout=2025-11-05&dest_id=492304&dest_type=hotel&dist=0&group_adults=2&group_children=0&hapos=1&highlighted_blocks=49230404_0_2_1_0&hpos=1&matching_block_id=49230404_0_2_1_0&no_rooms=1&req_adults=2&req_children=0&room1=A%2CA&sb_price_type=total&sr_order=popularity&sr_pri_blocks=49230404_0_2_1_0__52691&srepoch=1761840509&srpvid=2c457177b03c0322&type=total&ucfs=1&
BOOKING_3,booking,Us,King Suite with Sofa Bed,king bed,King,Suite,5,"['Private suite', '40 m²', 'Free Wifi', 'Desk', 'TV', 'Refrigerator', 'Ironing facilities', 'Satellite channels', 'Tea/Coffee maker', 'Radio', 'Microwave', 'Heating', 'Hairdryer', 'Cable channels']",13280.0,1793.0,15073.0,2025-11-14,2025-11-15,https://www.booking.com/hotel/us/hotel-foxfire-drive-waupaca.html?aid=304142&label=gen173nr-10CBkoggI46AdIM1gEaGyIAQGYATO4ARfIAQzYAQPoAQH4AQGIAgGoAgG4ApeMjsgGwAIB0gIkMjlmODgzOGUtNTk5OC00MjNhLTg3OTUtN2M0MDViOGZmZmU12AIB4AIB&sid=b4a3f7b31a243b80f8ac20db0073a78a&all_sr_blocks=49230404_0_2_1_0&checkin=2025-11-01&checkout=2025-11-05&dest_id=492304&dest_type=hotel&dist=0&group_adults=2&group_children=0&hapos=1&highlighted_blocks=49230404_0_2_1_0&hpos=1&matching_block_id=49230404_0_2_1_0&no_rooms=1&req_adults=2&req_children=0&room1=A%2CA&sb_price_type=total&sr_order=popularity&sr_pri_blocks=49230404_0_2_1_0__52691&srepoch=1761840509&srpvid=2c457177b03c0322&type=total&ucfs=1&
BOOKING_3,booking,Comfort Suites at Par 4 Resort,Queen Suite - Non-Smoking,,,Suite,0,"['40 m²', 'Free Wifi', '', 'Refrigerator', '', 'Ironing facilities', '', 'Satellite channels', '', 'Tea/Coffee maker', '', 'Radio', '', 'Microwave', '', 'Heating', '', 'Hairdryer', '', 'Cable channels']",11093.0,1498.0,12591.0,2025-11-15,2025-11-16,https://www.booking.com/hotel/us/hotel-foxfire-drive-waupaca.html?aid=304142&label=gen173nr-10CBkoggI46AdIM1gEaGyIAQGYATO4ARfIAQzYAQPoAQH4AQGIAgGoAgG4ApeMjsgGwAIB0gIkMjlmODgzOGUtNTk5OC00MjNhLTg3OTUtN2M0MDViOGZmZmU12AIB4AIB&sid=b4a3f7b31a243b80f8ac20db0073a78a&all_sr_blocks=49230404_0_2_1_0&checkin=2025-11-01&checkout=2025-11-05&dest_id=492304&dest_type=hotel&dist=0&group_adults=2&group_children=0&hapos=1&highlighted_blocks=49230404_0_2_1_0&hpos=1&matching_block_id=49230404_0_2_1_0&no_rooms=1&req_adults=2&req_children=0&room1=A%2CA&sb_price_type=total&sr_order=popularity&sr_pri_blocks=49230404_0_2_1_0__52691&srepoch=1761840509&srpvid=2c457177b03c0322&type=total&ucfs=1&
BOOKING_3,booking,Comfort Suites at Par 4 Resort,King Suite,king bedand1 sofa bed,King,Suite,5,"['Private suite', '40 m²', 'Free Wifi', 'Desk', 'Refrigerator', 'Ironing facilities', 'Satellite channels', 'Tea/Coffee maker', 'Radio', 'Microwave', 'Heating', 'Hairdryer', 'Cable channels']",12685.0,1712.0,14397.0,2025-11-15,2025-11-16,https://www.booking.com/hotel/us/hotel-foxfire-drive-waupaca.html?aid=304142&label=gen173nr-10CBkoggI46AdIM1gEaGyIAQGYATO4ARfIAQzYAQPoAQH4AQGIAgGoAgG4ApeMjsgGwAIB0gIkMjlmODgzOGUtNTk5OC00MjNhLTg3OTUtN2M0MDViOGZmZmU12AIB4AIB&sid=b4a3f7b31a243b80f8ac20db0073a78a&all_sr_blocks=49230404_0_2_1_0&checkin=2025-11-01&checkout=2025-11-05&dest_id=492304&dest_type=hotel&dist=0&group_adults=2&group_children=0&hapos=1&highlighted_blocks=49230404_0_2_1_0&hpos=1&matching_block_id=49230404_0_2_1_0&no_rooms=1&req_adults=2&req_children=0&room1=A%2CA&sb_price_type=total&sr_order=popularity&sr_pri_blocks=49230404_0_2_1_0__52691&srepoch=1761840509&srpvid=2c457177b03c0322&type=total&ucfs=1&
BOOKING_3,booking,Comfort Suites at Par 4 Resort,Queen Suite with Two Queen Beds - Accessible/Non-Smoking,queen beds,Queen,Suite,1,"['Private suite', '40 m²', 'Free Wifi', 'Refrigerator', 'Tea/Coffee maker', 'Radio', 'Microwave', 'Hairdryer']",12534.0,1692.0,14226.0,2025-11-15,2025-11-16,https://www.booking.com/hotel/us/hotel-foxfire-drive-waupaca.html?aid=304142&label=gen173nr-10CBkoggI46AdIM1gEaGyIAQGYATO4ARfIAQzYAQPoAQH4AQGIAgGoAgG4ApeMjsgGwAIB0gIkMjlmODgzOGUtNTk5OC00MjNhLTg3OTUtN2M0MDViOGZmZmU12AIB4AIB&sid=b4a3f7b31a243b80f8ac20db0073a78a&all_sr_blocks=49230404_0_2_1_0&checkin=2025-11-01&checkout=2025-11-05&dest_id=492304&dest_type=hotel&dist=0&group_adults=2&group_children=0&hapos=1&highlighted_blocks=49230404_0_2_1_0&hpos=1&matching_block_id=49230404_0_2_1_0&no_rooms=1&req_adults=2&req_children=0&room1=A%2CA&sb_price_type=total&sr_order=popularity&sr_pri_blocks=49230404_0_2_1_0__52691&srepoch=1761840509&srpvid=2c457177b03c0322&type=total&ucfs=1&
BOOKING_3,booking,Comfort Suites at Par 4 Resort,King Suite - Disability Access/Non-Smoking,king bedand,King,Suite,4,"['40 m²', 'Free Wifi', 'Refrigerator', 'Ironing facilities', 'Satellite channels', 'Tea/Coffee maker', 'Radio', 'Microwave', 'Heating', 'Hairdryer', 'Cable channels']",12685.0,1712.0,14397.0,2025-11-15,2025-11-16,https://www.booking.com/hotel/us/hotel-foxfire-drive-waupaca.html?aid=304142&label=gen173nr-10CBkoggI46AdIM1gEaGyIAQGYATO4ARfIAQzYAQPoAQH4AQGIAgGoAgG4ApeMjsgGwAIB0gIkMjlmODgzOGUtNTk5OC00MjNhLTg3OTUtN2M0MDViOGZmZmU12AIB4AIB&sid=b4a3f7b31a243b80f8ac20db0073a78a&all_sr_blocks=49230404_0_2_1_0&checkin=2025-11-01&checkout=2025-11-05&dest_id=492304&dest_type=hotel&dist=0&group_adults=2&group_children=0&hapos=1&highlighted_blocks=49230404_0_2_1_0&hpos=1&matching_block_id=49230404_0_2_1_0&no_rooms=1&req_adults=2&req_children=0&room1=A%2CA&sb_price_type=total&sr_order=popularity&sr_pri_blocks=49230404_0_2_1_0__52691&srepoch=1761840509&srpvid=2c457177b03c0322&type=total&ucfs=1&
BOOKING_3,booking,Comfort Suites at Par 4 Resort,King Suite with Tub,king bed,King,Suite,5,"['Private suite', '40 m²', 'Free Wifi', 'Fireplace', 'TV', 'Refrigerator', 'Ironing facilities', 'Satellite channels', 'Tea/Coffee maker', 'Radio', 'Microwave', 'Heating', 'Hairdryer', 'Cable channels']",13288.0,1794.0,15082.0,2025-11-15,2025-11-16,https://www.booking.com/hotel/us/hotel-foxfire-drive-waupaca.html?aid=304142&label=gen173nr-10CBkoggI46AdIM1gEaGyIAQGYATO4ARfIAQzYAQPoAQH4AQGIAgGoAgG4ApeMjsgGwAIB0gIkMjlmODgzOGUtNTk5OC00MjNhLTg3OTUtN2M0MDViOGZmZmU12AIB4AIB&sid=b4a3f7b31a243b80f8ac20db0073a78a&all_sr_blocks=49230404_0_2_1_0&checkin=2025-11-01&checkout=2025-11-05&dest_id=492304&dest_type=hotel&dist=0&group_adults=2&group_children=0&hapos=1&highlighted_blocks=49230404_0_2_1_0&hpos=1&matching_block_id=49230404_0_2_1_0&no_rooms=1&req_adults=2&req_children=0&room1=A%2CA&sb_price_type=total&sr_order=popularity&sr_pri_blocks=49230404_0_2_1_0__52691&srepoch=1761840509&srpvid=2c457177b03c0322&type=total&ucfs=1&
BOOKING_3,booking,Comfort Suites at Par 4 Resort,King Suite with Sofa Bed,king bed,King,Suite,5,"['Private suite', '40 m²', 'Free Wifi', 'Desk', 'TV', 'Refrigerator', 'Ironing facilities', 'Satellite channels', 'Tea/Coffee maker', 'Radio', 'Microwave', 'Heating', 'Hairdryer', 'Cable channels']",13288.0,1794.0,15082.0,2025-11-15,2025-11-16,https://www.booking.com/hotel/us/hotel-foxfire-drive-waupaca.html?aid=304142&label=gen173nr-10CBkoggI46AdIM1gEaGyIAQGYATO4ARfIAQzYAQPoAQH4AQGIAgGoAgG4ApeMjsgGwAIB0gIkMjlmODgzOGUtNTk5OC00MjNhLTg3OTUtN2M0MDViOGZmZmU12AIB4AIB&sid=b4a3f7b31a243b80f8ac20db0073a78a&all_sr_blocks=49230404_0_2_1_0&checkin=2025-11-01&checkout=2025-11-05&dest_id=492304&dest_type=hotel&dist=0&group_adults=2&group_children=0&hapos=1&highlighted_blocks=49230404_0_2_1_0&hpos=1&matching_block_id=49230404_0_2_1_0&no_rooms=1&req_adults=2&req_children=0&room1=A%2CA&sb_price_type=total&sr_order=popularity&sr_pri_blocks=49230404_0_2_1_0__52691&srepoch=1761840509&srpvid=2c457177b03c0322&type=total&ucfs=1&
BOOKING_3,booking,Us,King Suite,king bedand1 sofa bed,King,Suite,5,"['Private suite', '40 m²', 'Free Wifi', 'Desk', 'Refrigerator', 'Ironing facilities', 'Satellite channels', 'Tea/Coffee maker', 'Radio', 'Microwave', 'Heating', 'Hairdryer', 'Cable channels']",10696.0,1444.0,12140.0,2025-11-16,2025-11-17,https://www.booking.com/hotel/us/hotel-foxfire-drive-waupaca.html?aid=304142&label=gen173nr-10CBkoggI46AdIM1gEaGyIAQGYATO4ARfIAQzYAQPoAQH4AQGIAgGoAgG4ApeMjsgGwAIB0gIkMjlmODgzOGUtNTk5OC00MjNhLTg3OTUtN2M0MDViOGZmZmU12AIB4AIB&sid=b4a3f7b31a243b80f8ac20db0073a78a&all_sr_blocks=49230404_0_2_1_0&checkin=2025-11-01&checkout=2025-11-05&dest_id=492304&dest_type=hotel&dist=0&group_adults=2&group_children=0&hapos=1&highlighted_blocks=49230404_0_2_1_0&hpos=1&matching_block_id=49230404_0_2_1_0&no_rooms=1&req_adults=2&req_children=0&room1=A%2CA&sb_price_type=total&sr_order=popularity&sr_pri_blocks=49230404_0_2_1_0__52691&srepoch=1761840509&srpvid=2c457177b03c0322&type=total&ucfs=1&
BOOKING_3,booking,Us,Queen Suite - Non-Smoking,sofa bedand,Sofa,Suite,5,"['40 m²', 'Free Wifi', 'Refrigerator', 'Ironing facilities', 'Satellite channels', 'Tea/Coffee maker', 'Radio', 'Microwave', 'Heating', 'Hairdryer', 'Cable channels']",9187.0,1240.0,10427.0,2025-11-16,2025-11-17,https://www.booking.com/hotel/us/hotel-foxfire-drive-waupaca.html?aid=304142&label=gen173nr-10CBkoggI46AdIM1gEaGyIAQGYATO4ARfIAQzYAQPoAQH4AQGIAgGoAgG4ApeMjsgGwAIB0gIkMjlmODgzOGUtNTk5OC00MjNhLTg3OTUtN2M0MDViOGZmZmU12AIB4AIB&sid=b4a3f7b31a243b80f8ac20db0073a78a&all_sr_blocks=49230404_0_2_1_0&checkin=2025-11-01&checkout=2025-11-05&dest_id=492304&dest_type=hotel&dist=0&group_adults=2&group_children=0&hapos=1&highlighted_blocks=49230404_0_2_1_0&hpos=1&matching_block_id=49230404_0_2_1_0&no_rooms=1&req_adults=2&req_children=0&room1=A%2CA&sb_price_type=total&sr_order=popularity&sr_pri_blocks=49230404_0_2_1_0__52691&srepoch=1761840509&srpvid=2c457177b03c0322&type=total&ucfs=1&
BOOKING_3,booking,Us,Queen Suite with Two Queen Beds - Accessible/Non-Smoking,queen beds,Queen,Suite,1,"['Private suite', '40 m²', 'Free Wifi', 'Refrigerator', 'Tea/Coffee maker', 'Radio', 'Microwave', 'Hairdryer']",9187.0,1240.0,10427.0,2025-11-16,2025-11-17,https://www.booking.com/hotel/us/hotel-foxfire-drive-waupaca.html?aid=304142&label=gen173nr-10CBkoggI46AdIM1gEaGyIAQGYATO4ARfIAQzYAQPoAQH4AQGIAgGoAgG4ApeMjsgGwAIB0gIkMjlmODgzOGUtNTk5OC00MjNhLTg3OTUtN2M0MDViOGZmZmU12AIB4AIB&sid=b4a3f7b31a243b80f8ac20db0073a78a&all_sr_blocks=49230404_0_2_1_0&checkin=2025-11-01&checkout=2025-11-05&dest_id=492304&dest_type=hotel&dist=0&group_adults=2&group_children=0&hapos=1&highlighted_blocks=49230404_0_2_1_0&hpos=1&matching_block_id=49230404_0_2_1_0&no_rooms=1&req_adults=2&req_children=0&room1=A%2CA&sb_price_type=total&sr_order=popularity&sr_pri_blocks=49230404_0_2_1_0__52691&srepoch=1761840509&srpvid=2c457177b03c0322&type=total&ucfs=1&
BOOKING_3,booking,Us,King Suite - Disability Access/Non-Smoking,king bedand,King,Suite,4,"['40 m²', 'Free Wifi', 'Refrigerator', 'Ironing facilities', 'Satellite channels', 'Tea/Coffee maker', 'Radio', 'Microwave', 'Heating', 'Hairdryer', 'Cable channels']",10696.0,1444.0,12140.0,2025-11-16,2025-11-17,https://www.booking.com/hotel/us/hotel-foxfire-drive-waupaca.html?aid=304142&label=gen173nr-10CBkoggI46AdIM1gEaGyIAQGYATO4ARfIAQzYAQPoAQH4AQGIAgGoAgG4ApeMjsgGwAIB0gIkMjlmODgzOGUtNTk5OC00MjNhLTg3OTUtN2M0MDViOGZmZmU12AIB4AIB&sid=b4a3f7b31a243b80f8ac20db0073a78a&all_sr_blocks=49230404_0_2_1_0&checkin=2025-11-01&checkout=2025-11-05&dest_id=492304&dest_type=hotel&dist=0&group_adults=2&group_children=0&hapos=1&highlighted_blocks=49230404_0_2_1_0&hpos=1&matching_block_id=49230404_0_2_1_0&no_rooms=1&req_adults=2&req_children=0&room1=A%2CA&sb_price_type=total&sr_order=popularity&sr_pri_blocks=49230404_0_2_1_0__52691&srepoch=1761840509&srpvid=2c457177b03c0322&type=total&ucfs=1&
BOOKING_3,booking,Us,King Suite with Tub,king bed,King,Suite,5,"['Private suite', '40 m²', 'Free Wifi', 'Fireplace', 'TV', 'Refrigerator', 'Ironing facilities', 'Satellite channels', 'Tea/Coffee maker', 'Radio', 'Microwave', 'Heating', 'Hairdryer', 'Cable channels']",11451.0,1546.0,12997.0,2025-11-16,2025-11-17,https://www.booking.com/hotel/us/hotel-foxfire-drive-waupaca.html?aid=304142&label=gen173nr-10CBkoggI46AdIM1gEaGyIAQGYATO4ARfIAQzYAQPoAQH4AQGIAgGoAgG4ApeMjsgGwAIB0gIkMjlmODgzOGUtNTk5OC00MjNhLTg3OTUtN2M0MDViOGZmZmU12AIB4AIB&sid=b4a3f7b31a243b80f8ac20db0073a78a&all_sr_blocks=49230404_0_2_1_0&checkin=2025-11-01&checkout=2025-11-05&dest_id=492304&dest_type=hotel&dist=0&group_adults=2&group_children=0&hapos=1&highlighted_blocks=49230404_0_2_1_0&hpos=1&matching_block_id=49230404_0_2_1_0&no_rooms=1&req_adults=2&req_children=0&room1=A%2CA&sb_price_type=total&sr_order=popularity&sr_pri_blocks=49230404_0_2_1_0__52691&srepoch=1761840509&srpvid=2c457177b03c0322&type=total&ucfs=1&
BOOKING_3,booking,Us,King Suite with Sofa Bed,king bed,King,Suite,5,"['Private suite', '40 m²', 'Free Wifi', 'Desk', 'TV', 'Refrigerator', 'Ironing facilities', 'Satellite channels', 'Tea/Coffee maker', 'Radio', 'Microwave', 'Heating', 'Hairdryer', 'Cable channels']",11451.0,1546.0,12997.0,2025-11-16,2025-11-17,https://www.booking.com/hotel/us/hotel-foxfire-drive-waupaca.html?aid=304142&label=gen173nr-10CBkoggI46AdIM1gEaGyIAQGYATO4ARfIAQzYAQPoAQH4AQGIAgGoAgG4ApeMjsgGwAIB0gIkMjlmODgzOGUtNTk5OC00MjNhLTg3OTUtN2M0MDViOGZmZmU12AIB4AIB&sid=b4a3f7b31a243b80f8ac20db0073a78a&all_sr_blocks=49230404_0_2_1_0&checkin=2025-11-01&checkout=2025-11-05&dest_id=492304&dest_type=hotel&dist=0&group_adults=2&group_children=0&hapos=1&highlighted_blocks=49230404_0_2_1_0&hpos=1&matching_block_id=49230404_0_2_1_0&no_rooms=1&req_adults=2&req_children=0&room1=A%2CA&sb_price_type=total&sr_order=popularity&sr_pri_blocks=49230404_0_2_1_0__52691&srepoch=1761840509&srpvid=2c457177b03c0322&type=total&ucfs=1&
BOOKING_3,booking,Us,King Suite,king bedand1 sofa bed,King,Suite,5,"['Private suite', '40 m²', 'Free Wifi', 'Desk', 'Refrigerator', 'Ironing facilities', 'Satellite channels', 'Tea/Coffee maker', 'Radio', 'Microwave', 'Heating', 'Hairdryer', 'Cable channels']",12209.0,1648.0,13857.0,2025-11-17,2025-11-18,https://www.booking.com/hotel/us/hotel-foxfire-drive-waupaca.html?aid=304142&label=gen173nr-10CBkoggI46AdIM1gEaGyIAQGYATO4ARfIAQzYAQPoAQH4AQGIAgGoAgG4ApeMjsgGwAIB0gIkMjlmODgzOGUtNTk5OC00MjNhLTg3OTUtN2M0MDViOGZmZmU12AIB4AIB&sid=b4a3f7b31a243b80f8ac20db0073a78a&all_sr_blocks=49230404_0_2_1_0&checkin=2025-11-01&checkout=2025-11-05&dest_id=492304&dest_type=hotel&dist=0&group_adults=2&group_children=0&hapos=1&highlighted_blocks=49230404_0_2_1_0&hpos=1&matching_block_id=49230404_0_2_1_0&no_rooms=1&req_adults=2&req_children=0&room1=A%2CA&sb_price_type=total&sr_order=popularity&sr_pri_blocks=49230404_0_2_1_0__52691&srepoch=1761840509&srpvid=2c457177b03c0322&type=total&ucfs=1&
BOOKING_3,booking,Us,Queen Suite - Non-Smoking,sofa bedand,Sofa,Suite,5,"['40 m²', 'Free Wifi', 'Refrigerator', 'Ironing facilities', 'Satellite channels', 'Tea/Coffee maker', 'Radio', 'Microwave', 'Heating', 'Hairdryer', 'Cable channels']",10700.0,1444.0,12144.0,2025-11-17,2025-11-18,https://www.booking.com/hotel/us/hotel-foxfire-drive-waupaca.html?aid=304142&label=gen173nr-10CBkoggI46AdIM1gEaGyIAQGYATO4ARfIAQzYAQPoAQH4AQGIAgGoAgG4ApeMjsgGwAIB0gIkMjlmODgzOGUtNTk5OC00MjNhLTg3OTUtN2M0MDViOGZmZmU12AIB4AIB&sid=b4a3f7b31a243b80f8ac20db0073a78a&all_sr_blocks=49230404_0_2_1_0&checkin=2025-11-01&checkout=2025-11-05&dest_id=492304&dest_type=hotel&dist=0&group_adults=2&group_children=0&hapos=1&highlighted_blocks=49230404_0_2_1_0&hpos=1&matching_block_id=49230404_0_2_1_0&no_rooms=1&req_adults=2&req_children=0&room1=A%2CA&sb_price_type=total&sr_order=popularity&sr_pri_blocks=49230404_0_2_1_0__52691&srepoch=1761840509&srpvid=2c457177b03c0322&type=total&ucfs=1&
BOOKING_3,booking,Us,Queen Suite with Two Queen Beds - Accessible/Non-Smoking,queen beds,Queen,Suite,1,"['Private suite', '40 m²', 'Free Wifi', 'Refrigerator', 'Tea/Coffee maker', 'Radio', 'Microwave', 'Hairdryer']",10700.0,1444.0,12144.0,2025-11-17,2025-11-18,https://www.booking.com/hotel/us/hotel-foxfire-drive-waupaca.html?aid=304142&label=gen173nr-10CBkoggI46AdIM1gEaGyIAQGYATO4ARfIAQzYAQPoAQH4AQGIAgGoAgG4ApeMjsgGwAIB0gIkMjlmODgzOGUtNTk5OC00MjNhLTg3OTUtN2M0MDViOGZmZmU12AIB4AIB&sid=b4a3f7b31a243b80f8ac20db0073a78a&all_sr_blocks=49230404_0_2_1_0&checkin=2025-11-01&checkout=2025-11-05&dest_id=492304&dest_type=hotel&dist=0&group_adults=2&group_children=0&hapos=1&highlighted_blocks=49230404_0_2_1_0&hpos=1&matching_block_id=49230404_0_2_1_0&no_rooms=1&req_adults=2&req_children=0&room1=A%2CA&sb_price_type=total&sr_order=popularity&sr_pri_blocks=49230404_0_2_1_0__52691&srepoch=1761840509&srpvid=2c457177b03c0322&type=total&ucfs=1&
BOOKING_3,booking,Us,King Suite - Disability Access/Non-Smoking,king bedand,King,Suite,3,"['40 m²', 'Free Wifi', 'Refrigerator', 'Ironing facilities', 'Satellite channels', 'Tea/Coffee maker', 'Radio', 'Microwave', 'Heating', 'Hairdryer', 'Cable channels']",12209.0,1648.0,13857.0,2025-11-17,2025-11-18,https://www.booking.com/hotel/us/hotel-foxfire-drive-waupaca.html?aid=304142&label=gen173nr-10CBkoggI46AdIM1gEaGyIAQGYATO4ARfIAQzYAQPoAQH4AQGIAgGoAgG4ApeMjsgGwAIB0gIkMjlmODgzOGUtNTk5OC00MjNhLTg3OTUtN2M0MDViOGZmZmU12AIB4AIB&sid=b4a3f7b31a243b80f8ac20db0073a78a&all_sr_blocks=49230404_0_2_1_0&checkin=2025-11-01&checkout=2025-11-05&dest_id=492304&dest_type=hotel&dist=0&group_adults=2&group_children=0&hapos=1&highlighted_blocks=49230404_0_2_1_0&hpos=1&matching_block_id=49230404_0_2_1_0&no_rooms=1&req_adults=2&req_children=0&room1=A%2CA&sb_price_type=total&sr_order=popularity&sr_pri_blocks=49230404_0_2_1_0__52691&srepoch=1761840509&srpvid=2c457177b03c0322&type=total&ucfs=1&
BOOKING_3,booking,Us,King Suite with Tub,king bed,King,Suite,5,"['Private suite', '40 m²', 'Free Wifi', 'Fireplace', 'TV', 'Refrigerator', 'Ironing facilities', 'Satellite channels', 'Tea/Coffee maker', 'Radio', 'Microwave', 'Heating', 'Hairdryer', 'Cable channels']",12963.0,1750.0,14713.0,2025-11-17,2025-11-18,https://www.booking.com/hotel/us/hotel-foxfire-drive-waupaca.html?aid=304142&label=gen173nr-10CBkoggI46AdIM1gEaGyIAQGYATO4ARfIAQzYAQPoAQH4AQGIAgGoAgG4ApeMjsgGwAIB0gIkMjlmODgzOGUtNTk5OC00MjNhLTg3OTUtN2M0MDViOGZmZmU12AIB4AIB&sid=b4a3f7b31a243b80f8ac20db0073a78a&all_sr_blocks=49230404_0_2_1_0&checkin=2025-11-01&checkout=2025-11-05&dest_id=492304&dest_type=hotel&dist=0&group_adults=2&group_children=0&hapos=1&highlighted_blocks=49230404_0_2_1_0&hpos=1&matching_block_id=49230404_0_2_1_0&no_rooms=1&req_adults=2&req_children=0&room1=A%2CA&sb_price_type=total&sr_order=popularity&sr_pri_blocks=49230404_0_2_1_0__52691&srepoch=1761840509&srpvid=2c457177b03c0322&type=total&ucfs=1&
BOOKING_3,booking,Us,King Suite with Sofa Bed,king bed,King,Suite,5,"['Private suite', '40 m²', 'Free Wifi', 'Desk', 'TV', 'Refrigerator', 'Ironing facilities', 'Satellite channels', 'Tea/Coffee maker', 'Radio', 'Microwave', 'Heating', 'Hairdryer', 'Cable channels']",12963.0,1750.0,14713.0,2025-11-17,2025-11-18,https://www.booking.com/hotel/us/hotel-foxfire-drive-waupaca.html?aid=304142&label=gen173nr-10CBkoggI46AdIM1gEaGyIAQGYATO4ARfIAQzYAQPoAQH4AQGIAgGoAgG4ApeMjsgGwAIB0gIkMjlmODgzOGUtNTk5OC00MjNhLTg3OTUtN2M0MDViOGZmZmU12AIB4AIB&sid=b4a3f7b31a243b80f8ac20db0073a78a&all_sr_blocks=49230404_0_2_1_0&checkin=2025-11-01&checkout=2025-11-05&dest_id=492304&dest_type=hotel&dist=0&group_adults=2&group_children=0&hapos=1&highlighted_blocks=49230404_0_2_1_0&hpos=1&matching_block_id=49230404_0_2_1_0&no_rooms=1&req_adults=2&req_children=0&room1=A%2CA&sb_price_type=total&sr_order=popularity&sr_pri_blocks=49230404_0_2_1_0__52691&srepoch=1761840509&srpvid=2c457177b03c0322&type=total&ucfs=1&
BOOKING_3,booking,Comfort Suites at Par 4 Resort,Queen Suite - Non-Smoking,,,Suite,0,"['40 m²', 'Free Wifi', '', 'Refrigerator', '', 'Ironing facilities', '', 'Satellite channels', '', 'Tea/Coffee maker', '', 'Radio', '', 'Microwave', '', 'Heating', '', 'Hairdryer', '', 'Cable channels']",9829.0,1327.0,11156.0,2025-11-18,2025-11-19,https://www.booking.com/hotel/us/hotel-foxfire-drive-waupaca.html?aid=304142&label=gen173nr-10CBkoggI46AdIM1gEaGyIAQGYATO4ARfIAQzYAQPoAQH4AQGIAgGoAgG4ApeMjsgGwAIB0gIkMjlmODgzOGUtNTk5OC00MjNhLTg3OTUtN2M0MDViOGZmZmU12AIB4AIB&sid=b4a3f7b31a243b80f8ac20db0073a78a&all_sr_blocks=49230404_0_2_1_0&checkin=2025-11-01&checkout=2025-11-05&dest_id=492304&dest_type=hotel&dist=0&group_adults=2&group_children=0&hapos=1&highlighted_blocks=49230404_0_2_1_0&hpos=1&matching_block_id=49230404_0_2_1_0&no_rooms=1&req_adults=2&req_children=0&room1=A%2CA&sb_price_type=total&sr_order=popularity&sr_pri_blocks=49230404_0_2_1_0__52691&srepoch=1761840509&srpvid=2c457177b03c0322&type=total&ucfs=1&
BOOKING_3,booking,Comfort Suites at Par 4 Resort,King Suite,king bedand1 sofa bed,King,Suite,5,"['Private suite', '40 m²', 'Free Wifi', 'Desk', 'Refrigerator', 'Ironing facilities', 'Satellite channels', 'Tea/Coffee maker', 'Radio', 'Microwave', 'Heating', 'Hairdryer', 'Cable channels']",12209.0,1648.0,13857.0,2025-11-18,2025-11-19,https://www.booking.com/hotel/us/hotel-foxfire-drive-waupaca.html?aid=304142&label=gen173nr-10CBkoggI46AdIM1gEaGyIAQGYATO4ARfIAQzYAQPoAQH4AQGIAgGoAgG4ApeMjsgGwAIB0gIkMjlmODgzOGUtNTk5OC00MjNhLTg3OTUtN2M0MDViOGZmZmU12AIB4AIB&sid=b4a3f7b31a243b80f8ac20db0073a78a&all_sr_blocks=49230404_0_2_1_0&checkin=2025-11-01&checkout=2025-11-05&dest_id=492304&dest_type=hotel&dist=0&group_adults=2&group_children=0&hapos=1&highlighted_blocks=49230404_0_2_1_0&hpos=1&matching_block_id=49230404_0_2_1_0&no_rooms=1&req_adults=2&req_children=0&room1=A%2CA&sb_price_type=total&sr_order=popularity&sr_pri_blocks=49230404_0_2_1_0__52691&srepoch=1761840509&srpvid=2c457177b03c0322&type=total&ucfs=1&
BOOKING_3,booking,Comfort Suites at Par 4 Resort,Queen Suite with Two Queen Beds - Accessible/Non-Smoking,queen beds,Queen,Suite,1,"['Private suite', '40 m²', 'Free Wifi', 'Refrigerator', 'Tea/Coffee maker', 'Radio', 'Microwave', 'Hairdryer']",10700.0,1444.0,12144.0,2025-11-18,2025-11-19,https://www.booking.com/hotel/us/hotel-foxfire-drive-waupaca.html?aid=304142&label=gen173nr-10CBkoggI46AdIM1gEaGyIAQGYATO4ARfIAQzYAQPoAQH4AQGIAgGoAgG4ApeMjsgGwAIB0gIkMjlmODgzOGUtNTk5OC00MjNhLTg3OTUtN2M0MDViOGZmZmU12AIB4AIB&sid=b4a3f7b31a243b80f8ac20db0073a78a&all_sr_blocks=49230404_0_2_1_0&checkin=2025-11-01&checkout=2025-11-05&dest_id=492304&dest_type=hotel&dist=0&group_adults=2&group_children=0&hapos=1&highlighted_blocks=49230404_0_2_1_0&hpos=1&matching_block_id=49230404_0_2_1_0&no_rooms=1&req_adults=2&req_children=0&room1=A%2CA&sb_price_type=total&sr_order=popularity&sr_pri_blocks=49230404_0_2_1_0__52691&srepoch=1761840509&srpvid=2c457177b03c0322&type=total&ucfs=1&
BOOKING_3,booking,Comfort Suites at Par 4 Resort,King Suite - Disability Access/Non-Smoking,king bedand,King,Suite,3,"['40 m²', 'Free Wifi', 'Refrigerator', 'Ironing facilities', 'Satellite channels', 'Tea/Coffee maker', 'Radio', 'Microwave', 'Heating', 'Hairdryer', 'Cable channels']",12209.0,1648.0,13857.0,2025-11-18,2025-11-19,https://www.booking.com/hotel/us/hotel-foxfire-drive-waupaca.html?aid=304142&label=gen173nr-10CBkoggI46AdIM1gEaGyIAQGYATO4ARfIAQzYAQPoAQH4AQGIAgGoAgG4ApeMjsgGwAIB0gIkMjlmODgzOGUtNTk5OC00MjNhLTg3OTUtN2M0MDViOGZmZmU12AIB4AIB&sid=b4a3f7b31a243b80f8ac20db0073a78a&all_sr_blocks=49230404_0_2_1_0&checkin=2025-11-01&checkout=2025-11-05&dest_id=492304&dest_type=hotel&dist=0&group_adults=2&group_children=0&hapos=1&highlighted_blocks=49230404_0_2_1_0&hpos=1&matching_block_id=49230404_0_2_1_0&no_rooms=1&req_adults=2&req_children=0&room1=A%2CA&sb_price_type=total&sr_order=popularity&sr_pri_blocks=49230404_0_2_1_0__52691&srepoch=1761840509&srpvid=2c457177b03c0322&type=total&ucfs=1&
BOOKING_3,booking,Comfort Suites at Par 4 Resort,King Suite with Tub,king bed,King,Suite,5,"['Private suite', '40 m²', 'Free Wifi', 'Fireplace', 'TV', 'Refrigerator', 'Ironing facilities', 'Satellite channels', 'Tea/Coffee maker', 'Radio', 'Microwave', 'Heating', 'Hairdryer', 'Cable channels']",12963.0,1750.0,14713.0,2025-11-18,2025-11-19,https://www.booking.com/hotel/us/hotel-foxfire-drive-waupaca.html?aid=304142&label=gen173nr-10CBkoggI46AdIM1gEaGyIAQGYATO4ARfIAQzYAQPoAQH4AQGIAgGoAgG4ApeMjsgGwAIB0gIkMjlmODgzOGUtNTk5OC00MjNhLTg3OTUtN2M0MDViOGZmZmU12AIB4AIB&sid=b4a3f7b31a243b80f8ac20db0073a78a&all_sr_blocks=49230404_0_2_1_0&checkin=2025-11-01&checkout=2025-11-05&dest_id=492304&dest_type=hotel&dist=0&group_adults=2&group_children=0&hapos=1&highlighted_blocks=49230404_0_2_1_0&hpos=1&matching_block_id=49230404_0_2_1_0&no_rooms=1&req_adults=2&req_children=0&room1=A%2CA&sb_price_type=total&sr_order=popularity&sr_pri_blocks=49230404_0_2_1_0__52691&srepoch=1761840509&srpvid=2c457177b03c0322&type=total&ucfs=1&
BOOKING_3,booking,Comfort Suites at Par 4 Resort,King Suite with Sofa Bed,king bed,King,Suite,5,"['Private suite', '40 m²', 'Free Wifi', 'Desk', 'TV', 'Refrigerator', 'Ironing facilities', 'Satellite channels', 'Tea/Coffee maker', 'Radio', 'Microwave', 'Heating', 'Hairdryer', 'Cable channels']",12963.0,1750.0,14713.0,2025-11-18,2025-11-19,https://www.booking.com/hotel/us/hotel-foxfire-drive-waupaca.html?aid=304142&label=gen173nr-10CBkoggI46AdIM1gEaGyIAQGYATO4ARfIAQzYAQPoAQH4AQGIAgGoAgG4ApeMjsgGwAIB0gIkMjlmODgzOGUtNTk5OC00MjNhLTg3OTUtN2M0MDViOGZmZmU12AIB4AIB&sid=b4a3f7b31a243b80f8ac20db0073a78a&all_sr_blocks=49230404_0_2_1_0&checkin=2025-11-01&checkout=2025-11-05&dest_id=492304&dest_type=hotel&dist=0&group_adults=2&group_children=0&hapos=1&highlighted_blocks=49230404_0_2_1_0&hpos=1&matching_block_id=49230404_0_2_1_0&no_rooms=1&req_adults=2&req_children=0&room1=A%2CA&sb_price_type=total&sr_order=popularity&sr_pri_blocks=49230404_0_2_1_0__52691&srepoch=1761840509&srpvid=2c457177b03c0322&type=total&ucfs=1&
BOOKING_3,booking,Comfort Suites at Par 4 Resort,King Suite,king bedand1 sofa bed,King,Suite,5,"['Private suite', '40 m²', 'Free Wifi', 'Desk', 'Refrigerator', 'Ironing facilities', 'Satellite channels', 'Tea/Coffee maker', 'Radio', 'Microwave', 'Heating', 'Hairdryer', 'Cable channels']",12212.0,1649.0,13861.0,2025-11-19,2025-11-20,https://www.booking.com/hotel/us/hotel-foxfire-drive-waupaca.html?aid=304142&label=gen173nr-10CBkoggI46AdIM1gEaGyIAQGYATO4ARfIAQzYAQPoAQH4AQGIAgGoAgG4ApeMjsgGwAIB0gIkMjlmODgzOGUtNTk5OC00MjNhLTg3OTUtN2M0MDViOGZmZmU12AIB4AIB&sid=b4a3f7b31a243b80f8ac20db0073a78a&all_sr_blocks=49230404_0_2_1_0&checkin=2025-11-01&checkout=2025-11-05&dest_id=492304&dest_type=hotel&dist=0&group_adults=2&group_children=0&hapos=1&highlighted_blocks=49230404_0_2_1_0&hpos=1&matching_block_id=49230404_0_2_1_0&no_rooms=1&req_adults=2&req_children=0&room1=A%2CA&sb_price_type=total&sr_order=popularity&sr_pri_blocks=49230404_0_2_1_0__52691&srepoch=1761840509&srpvid=2c457177b03c0322&type=total&ucfs=1&
BOOKING_3,booking,Comfort Suites at Par 4 Resort,Queen Suite - Non-Smoking,sofa bedand,Sofa,Suite,5,"['40 m²', 'Free Wifi', 'Refrigerator', 'Ironing facilities', 'Satellite channels', 'Tea/Coffee maker', 'Radio', 'Microwave', 'Heating', 'Hairdryer', 'Cable channels']",10703.0,1445.0,12148.0,2025-11-19,2025-11-20,https://www.booking.com/hotel/us/hotel-foxfire-drive-waupaca.html?aid=304142&label=gen173nr-10CBkoggI46AdIM1gEaGyIAQGYATO4ARfIAQzYAQPoAQH4AQGIAgGoAgG4ApeMjsgGwAIB0gIkMjlmODgzOGUtNTk5OC00MjNhLTg3OTUtN2M0MDViOGZmZmU12AIB4AIB&sid=b4a3f7b31a243b80f8ac20db0073a78a&all_sr_blocks=49230404_0_2_1_0&checkin=2025-11-01&checkout=2025-11-05&dest_id=492304&dest_type=hotel&dist=0&group_adults=2&group_children=0&hapos=1&highlighted_blocks=49230404_0_2_1_0&hpos=1&matching_block_id=49230404_0_2_1_0&no_rooms=1&req_adults=2&req_children=0&room1=A%2CA&sb_price_type=total&sr_order=popularity&sr_pri_blocks=49230404_0_2_1_0__52691&srepoch=1761840509&srpvid=2c457177b03c0322&type=total&ucfs=1&
BOOKING_3,booking,Comfort Suites at Par 4 Resort,Queen Suite with Two Queen Beds - Accessible/Non-Smoking,queen beds,Queen,Suite,1,"['Private suite', '40 m²', 'Free Wifi', 'Refrigerator', 'Tea/Coffee maker', 'Radio', 'Microwave', 'Hairdryer']",10703.0,1445.0,12148.0,2025-11-19,2025-11-20,https://www.booking.com/hotel/us/hotel-foxfire-drive-waupaca.html?aid=304142&label=gen173nr-10CBkoggI46AdIM1gEaGyIAQGYATO4ARfIAQzYAQPoAQH4AQGIAgGoAgG4ApeMjsgGwAIB0gIkMjlmODgzOGUtNTk5OC00MjNhLTg3OTUtN2M0MDViOGZmZmU12AIB4AIB&sid=b4a3f7b31a243b80f8ac20db0073a78a&all_sr_blocks=49230404_0_2_1_0&checkin=2025-11-01&checkout=2025-11-05&dest_id=492304&dest_type=hotel&dist=0&group_adults=2&group_children=0&hapos=1&highlighted_blocks=49230404_0_2_1_0&hpos=1&matching_block_id=49230404_0_2_1_0&no_rooms=1&req_adults=2&req_children=0&room1=A%2CA&sb_price_type=total&sr_order=popularity&sr_pri_blocks=49230404_0_2_1_0__52691&srepoch=1761840509&srpvid=2c457177b03c0322&type=total&ucfs=1&
BOOKING_3,booking,Comfort Suites at Par 4 Resort,King Suite - Disability Access/Non-Smoking,king bedand,King,Suite,3,"['40 m²', 'Free Wifi', 'Refrigerator', 'Ironing facilities', 'Satellite channels', 'Tea/Coffee maker', 'Radio', 'Microwave', 'Heating', 'Hairdryer', 'Cable channels']",12212.0,1649.0,13861.0,2025-11-19,2025-11-20,https://www.booking.com/hotel/us/hotel-foxfire-drive-waupaca.html?aid=304142&label=gen173nr-10CBkoggI46AdIM1gEaGyIAQGYATO4ARfIAQzYAQPoAQH4AQGIAgGoAgG4ApeMjsgGwAIB0gIkMjlmODgzOGUtNTk5OC00MjNhLTg3OTUtN2M0MDViOGZmZmU12AIB4AIB&sid=b4a3f7b31a243b80f8ac20db0073a78a&all_sr_blocks=49230404_0_2_1_0&checkin=2025-11-01&checkout=2025-11-05&dest_id=492304&dest_type=hotel&dist=0&group_adults=2&group_children=0&hapos=1&highlighted_blocks=49230404_0_2_1_0&hpos=1&matching_block_id=49230404_0_2_1_0&no_rooms=1&req_adults=2&req_children=0&room1=A%2CA&sb_price_type=total&sr_order=popularity&sr_pri_blocks=49230404_0_2_1_0__52691&srepoch=1761840509&srpvid=2c457177b03c0322&type=total&ucfs=1&
BOOKING_3,booking,Comfort Suites at Par 4 Resort,King Suite with Tub,king bed,King,Suite,5,"['Private suite', '40 m²', 'Free Wifi', 'Fireplace', 'TV', 'Refrigerator', 'Ironing facilities', 'Satellite channels', 'Tea/Coffee maker', 'Radio', 'Microwave', 'Heating', 'Hairdryer', 'Cable channels']",12967.0,1751.0,14718.0,2025-11-19,2025-11-20,https://www.booking.com/hotel/us/hotel-foxfire-drive-waupaca.html?aid=304142&label=gen173nr-10CBkoggI46AdIM1gEaGyIAQGYATO4ARfIAQzYAQPoAQH4AQGIAgGoAgG4ApeMjsgGwAIB0gIkMjlmODgzOGUtNTk5OC00MjNhLTg3OTUtN2M0MDViOGZmZmU12AIB4AIB&sid=b4a3f7b31a243b80f8ac20db0073a78a&all_sr_blocks=49230404_0_2_1_0&checkin=2025-11-01&checkout=2025-11-05&dest_id=492304&dest_type=hotel&dist=0&group_adults=2&group_children=0&hapos=1&highlighted_blocks=49230404_0_2_1_0&hpos=1&matching_block_id=49230404_0_2_1_0&no_rooms=1&req_adults=2&req_children=0&room1=A%2CA&sb_price_type=total&sr_order=popularity&sr_pri_blocks=49230404_0_2_1_0__52691&srepoch=1761840509&srpvid=2c457177b03c0322&type=total&ucfs=1&
BOOKING_3,booking,Comfort Suites at Par 4 Resort,King Suite with Sofa Bed,king bed,King,Suite,5,"['Private suite', '40 m²', 'Free Wifi', 'Desk', 'TV', 'Refrigerator', 'Ironing facilities', 'Satellite channels', 'Tea/Coffee maker', 'Radio', 'Microwave', 'Heating', 'Hairdryer', 'Cable channels']",12967.0,1751.0,14718.0,2025-11-19,2025-11-20,https://www.booking.com/hotel/us/hotel-foxfire-drive-waupaca.html?aid=304142&label=gen173nr-10CBkoggI46AdIM1gEaGyIAQGYATO4ARfIAQzYAQPoAQH4AQGIAgGoAgG4ApeMjsgGwAIB0gIkMjlmODgzOGUtNTk5OC00MjNhLTg3OTUtN2M0MDViOGZmZmU12AIB4AIB&sid=b4a3f7b31a243b80f8ac20db0073a78a&all_sr_blocks=49230404_0_2_1_0&checkin=2025-11-01&checkout=2025-11-05&dest_id=492304&dest_type=hotel&dist=0&group_adults=2&group_children=0&hapos=1&highlighted_blocks=49230404_0_2_1_0&hpos=1&matching_block_id=49230404_0_2_1_0&no_rooms=1&req_adults=2&req_children=0&room1=A%2CA&sb_price_type=total&sr_order=popularity&sr_pri_blocks=49230404_0_2_1_0__52691&srepoch=1761840509&srpvid=2c457177b03c0322&type=total&ucfs=1&
BOOKING_3,booking,Us,King Suite,king bedand1 sofa bed,King,Suite,5,"['Private suite', '40 m²', 'Free Wifi', 'Desk', 'Refrigerator', 'Ironing facilities', 'Satellite channels', 'Tea/Coffee maker', 'Radio', 'Microwave', 'Heating', 'Hairdryer', 'Cable channels']",11409.0,1540.0,12949.0,2025-11-20,2025-11-21,https://www.booking.com/hotel/us/hotel-foxfire-drive-waupaca.html?aid=304142&label=gen173nr-10CBkoggI46AdIM1gEaGyIAQGYATO4ARfIAQzYAQPoAQH4AQGIAgGoAgG4ApeMjsgGwAIB0gIkMjlmODgzOGUtNTk5OC00MjNhLTg3OTUtN2M0MDViOGZmZmU12AIB4AIB&sid=b4a3f7b31a243b80f8ac20db0073a78a&all_sr_blocks=49230404_0_2_1_0&checkin=2025-11-01&checkout=2025-11-05&dest_id=492304&dest_type=hotel&dist=0&group_adults=2&group_children=0&hapos=1&highlighted_blocks=49230404_0_2_1_0&hpos=1&matching_block_id=49230404_0_2_1_0&no_rooms=1&req_adults=2&req_children=0&room1=A%2CA&sb_price_type=total&sr_order=popularity&sr_pri_blocks=49230404_0_2_1_0__52691&srepoch=1761840509&srpvid=2c457177b03c0322&type=total&ucfs=1&
BOOKING_3,booking,Us,Queen Suite - Non-Smoking,sofa bedand,Sofa,Suite,5,"['40 m²', 'Free Wifi', 'Refrigerator', 'Ironing facilities', 'Satellite channels', 'Tea/Coffee maker', 'Radio', 'Microwave', 'Heating', 'Hairdryer', 'Cable channels']",9900.0,1336.0,11236.0,2025-11-20,2025-11-21,https://www.booking.com/hotel/us/hotel-foxfire-drive-waupaca.html?aid=304142&label=gen173nr-10CBkoggI46AdIM1gEaGyIAQGYATO4ARfIAQzYAQPoAQH4AQGIAgGoAgG4ApeMjsgGwAIB0gIkMjlmODgzOGUtNTk5OC00MjNhLTg3OTUtN2M0MDViOGZmZmU12AIB4AIB&sid=b4a3f7b31a243b80f8ac20db0073a78a&all_sr_blocks=49230404_0_2_1_0&checkin=2025-11-01&checkout=2025-11-05&dest_id=492304&dest_type=hotel&dist=0&group_adults=2&group_children=0&hapos=1&highlighted_blocks=49230404_0_2_1_0&hpos=1&matching_block_id=49230404_0_2_1_0&no_rooms=1&req_adults=2&req_children=0&room1=A%2CA&sb_price_type=total&sr_order=popularity&sr_pri_blocks=49230404_0_2_1_0__52691&srepoch=1761840509&srpvid=2c457177b03c0322&type=total&ucfs=1&
BOOKING_3,booking,Us,Queen Suite with Two Queen Beds - Accessible/Non-Smoking,queen beds,Queen,Suite,1,"['Private suite', '40 m²', 'Free Wifi', 'Refrigerator', 'Tea/Coffee maker', 'Radio', 'Microwave', 'Hairdryer']",9900.0,1336.0,11236.0,2025-11-20,2025-11-21,https://www.booking.com/hotel/us/hotel-foxfire-drive-waupaca.html?aid=304142&label=gen173nr-10CBkoggI46AdIM1gEaGyIAQGYATO4ARfIAQzYAQPoAQH4AQGIAgGoAgG4ApeMjsgGwAIB0gIkMjlmODgzOGUtNTk5OC00MjNhLTg3OTUtN2M0MDViOGZmZmU12AIB4AIB&sid=b4a3f7b31a243b80f8ac20db0073a78a&all_sr_blocks=49230404_0_2_1_0&checkin=2025-11-01&checkout=2025-11-05&dest_id=492304&dest_type=hotel&dist=0&group_adults=2&group_children=0&hapos=1&highlighted_blocks=49230404_0_2_1_0&hpos=1&matching_block_id=49230404_0_2_1_0&no_rooms=1&req_adults=2&req_children=0&room1=A%2CA&sb_price_type=total&sr_order=popularity&sr_pri_blocks=49230404_0_2_1_0__52691&srepoch=1761840509&srpvid=2c457177b03c0322&type=total&ucfs=1&
BOOKING_3,booking,Us,King Suite - Disability Access/Non-Smoking,king bedand,King,Suite,3,"['40 m²', 'Free Wifi', 'Refrigerator', 'Ironing facilities', 'Satellite channels', 'Tea/Coffee maker', 'Radio', 'Microwave', 'Heating', 'Hairdryer', 'Cable channels']",11409.0,1540.0,12949.0,2025-11-20,2025-11-21,https://www.booking.com/hotel/us/hotel-foxfire-drive-waupaca.html?aid=304142&label=gen173nr-10CBkoggI46AdIM1gEaGyIAQGYATO4ARfIAQzYAQPoAQH4AQGIAgGoAgG4ApeMjsgGwAIB0gIkMjlmODgzOGUtNTk5OC00MjNhLTg3OTUtN2M0MDViOGZmZmU12AIB4AIB&sid=b4a3f7b31a243b80f8ac20db0073a78a&all_sr_blocks=49230404_0_2_1_0&checkin=2025-11-01&checkout=2025-11-05&dest_id=492304&dest_type=hotel&dist=0&group_adults=2&group_children=0&hapos=1&highlighted_blocks=49230404_0_2_1_0&hpos=1&matching_block_id=49230404_0_2_1_0&no_rooms=1&req_adults=2&req_children=0&room1=A%2CA&sb_price_type=total&sr_order=popularity&sr_pri_blocks=49230404_0_2_1_0__52691&srepoch=1761840509&srpvid=2c457177b03c0322&type=total&ucfs=1&
BOOKING_3,booking,Us,King Suite with Tub,king bed,King,Suite,5,"['Private suite', '40 m²', 'Free Wifi', 'Fireplace', 'TV', 'Refrigerator', 'Ironing facilities', 'Satellite channels', 'Tea/Coffee maker', 'Radio', 'Microwave', 'Heating', 'Hairdryer', 'Cable channels']",12163.0,1642.0,13805.0,2025-11-20,2025-11-21,https://www.booking.com/hotel/us/hotel-foxfire-drive-waupaca.html?aid=304142&label=gen173nr-10CBkoggI46AdIM1gEaGyIAQGYATO4ARfIAQzYAQPoAQH4AQGIAgGoAgG4ApeMjsgGwAIB0gIkMjlmODgzOGUtNTk5OC00MjNhLTg3OTUtN2M0MDViOGZmZmU12AIB4AIB&sid=b4a3f7b31a243b80f8ac20db0073a78a&all_sr_blocks=49230404_0_2_1_0&checkin=2025-11-01&checkout=2025-11-05&dest_id=492304&dest_type=hotel&dist=0&group_adults=2&group_children=0&hapos=1&highlighted_blocks=49230404_0_2_1_0&hpos=1&matching_block_id=49230404_0_2_1_0&no_rooms=1&req_adults=2&req_children=0&room1=A%2CA&sb_price_type=total&sr_order=popularity&sr_pri_blocks=49230404_0_2_1_0__52691&srepoch=1761840509&srpvid=2c457177b03c0322&type=total&ucfs=1&
BOOKING_3,booking,Us,King Suite with Sofa Bed,king bed,King,Suite,5,"['Private suite', '40 m²', 'Free Wifi', 'Desk', 'TV', 'Refrigerator', 'Ironing facilities', 'Satellite channels', 'Tea/Coffee maker', 'Radio', 'Microwave', 'Heating', 'Hairdryer', 'Cable channels']",12163.0,1642.0,13805.0,2025-11-20,2025-11-21,https://www.booking.com/hotel/us/hotel-foxfire-drive-waupaca.html?aid=304142&label=gen173nr-10CBkoggI46AdIM1gEaGyIAQGYATO4ARfIAQzYAQPoAQH4AQGIAgGoAgG4ApeMjsgGwAIB0gIkMjlmODgzOGUtNTk5OC00MjNhLTg3OTUtN2M0MDViOGZmZmU12AIB4AIB&sid=b4a3f7b31a243b80f8ac20db0073a78a&all_sr_blocks=49230404_0_2_1_0&checkin=2025-11-01&checkout=2025-11-05&dest_id=492304&dest_type=hotel&dist=0&group_adults=2&group_children=0&hapos=1&highlighted_blocks=49230404_0_2_1_0&hpos=1&matching_block_id=49230404_0_2_1_0&no_rooms=1&req_adults=2&req_children=0&room1=A%2CA&sb_price_type=total&sr_order=popularity&sr_pri_blocks=49230404_0_2_1_0__52691&srepoch=1761840509&srpvid=2c457177b03c0322&type=total&ucfs=1&
BOOKING_3,booking,Comfort Suites at Par 4 Resort,King Suite,king bedand1 sofa bed,King,Suite,5,"['Private suite', '40 m²', 'Free Wifi', 'Desk', 'Refrigerator', 'Ironing facilities', 'Satellite channels', 'Tea/Coffee maker', 'Radio', 'Microwave', 'Heating', 'Hairdryer', 'Cable channels']",12598.0,1701.0,14299.0,2025-11-21,2025-11-22,https://www.booking.com/hotel/us/hotel-foxfire-drive-waupaca.html?aid=304142&label=gen173nr-10CBkoggI46AdIM1gEaGyIAQGYATO4ARfIAQzYAQPoAQH4AQGIAgGoAgG4ApeMjsgGwAIB0gIkMjlmODgzOGUtNTk5OC00MjNhLTg3OTUtN2M0MDViOGZmZmU12AIB4AIB&sid=b4a3f7b31a243b80f8ac20db0073a78a&all_sr_blocks=49230404_0_2_1_0&checkin=2025-11-01&checkout=2025-11-05&dest_id=492304&dest_type=hotel&dist=0&group_adults=2&group_children=0&hapos=1&highlighted_blocks=49230404_0_2_1_0&hpos=1&matching_block_id=49230404_0_2_1_0&no_rooms=1&req_adults=2&req_children=0&room1=A%2CA&sb_price_type=total&sr_order=popularity&sr_pri_blocks=49230404_0_2_1_0__52691&srepoch=1761840509&srpvid=2c457177b03c0322&type=total&ucfs=1&
BOOKING_3,booking,Comfort Suites at Par 4 Resort,Queen Suite - Non-Smoking,sofa bedand,Sofa,Suite,5,"['40 m²', 'Free Wifi', 'Refrigerator', 'Ironing facilities', 'Satellite channels', 'Tea/Coffee maker', 'Radio', 'Microwave', 'Heating', 'Hairdryer', 'Cable channels']",12447.0,1680.0,14127.0,2025-11-21,2025-11-22,https://www.booking.com/hotel/us/hotel-foxfire-drive-waupaca.html?aid=304142&label=gen173nr-10CBkoggI46AdIM1gEaGyIAQGYATO4ARfIAQzYAQPoAQH4AQGIAgGoAgG4ApeMjsgGwAIB0gIkMjlmODgzOGUtNTk5OC00MjNhLTg3OTUtN2M0MDViOGZmZmU12AIB4AIB&sid=b4a3f7b31a243b80f8ac20db0073a78a&all_sr_blocks=49230404_0_2_1_0&checkin=2025-11-01&checkout=2025-11-05&dest_id=492304&dest_type=hotel&dist=0&group_adults=2&group_children=0&hapos=1&highlighted_blocks=49230404_0_2_1_0&hpos=1&matching_block_id=49230404_0_2_1_0&no_rooms=1&req_adults=2&req_children=0&room1=A%2CA&sb_price_type=total&sr_order=popularity&sr_pri_blocks=49230404_0_2_1_0__52691&srepoch=1761840509&srpvid=2c457177b03c0322&type=total&ucfs=1&
BOOKING_3,booking,Comfort Suites at Par 4 Resort,King Suite - Disability Access/Non-Smoking,king bedand,King,Suite,4,"['40 m²', 'Free Wifi', 'Refrigerator', 'Ironing facilities', 'Satellite channels', 'Tea/Coffee maker', 'Radio', 'Microwave', 'Heating', 'Hairdryer', 'Cable channels']",12598.0,1701.0,14299.0,2025-11-21,2025-11-22,https://www.booking.com/hotel/us/hotel-foxfire-drive-waupaca.html?aid=304142&label=gen173nr-10CBkoggI46AdIM1gEaGyIAQGYATO4ARfIAQzYAQPoAQH4AQGIAgGoAgG4ApeMjsgGwAIB0gIkMjlmODgzOGUtNTk5OC00MjNhLTg3OTUtN2M0MDViOGZmZmU12AIB4AIB&sid=b4a3f7b31a243b80f8ac20db0073a78a&all_sr_blocks=49230404_0_2_1_0&checkin=2025-11-01&checkout=2025-11-05&dest_id=492304&dest_type=hotel&dist=0&group_adults=2&group_children=0&hapos=1&highlighted_blocks=49230404_0_2_1_0&hpos=1&matching_block_id=49230404_0_2_1_0&no_rooms=1&req_adults=2&req_children=0&room1=A%2CA&sb_price_type=total&sr_order=popularity&sr_pri_blocks=49230404_0_2_1_0__52691&srepoch=1761840509&srpvid=2c457177b03c0322&type=total&ucfs=1&
BOOKING_3,booking,Comfort Suites at Par 4 Resort,King Suite with Tub,king bed,King,Suite,5,"['Private suite', '40 m²', 'Free Wifi', 'Fireplace', 'TV', 'Refrigerator', 'Ironing facilities', 'Satellite channels', 'Tea/Coffee maker', 'Radio', 'Microwave', 'Heating', 'Hairdryer', 'Cable channels']",13201.0,1782.0,14983.0,2025-11-21,2025-11-22,https://www.booking.com/hotel/us/hotel-foxfire-drive-waupaca.html?aid=304142&label=gen173nr-10CBkoggI46AdIM1gEaGyIAQGYATO4ARfIAQzYAQPoAQH4AQGIAgGoAgG4ApeMjsgGwAIB0gIkMjlmODgzOGUtNTk5OC00MjNhLTg3OTUtN2M0MDViOGZmZmU12AIB4AIB&sid=b4a3f7b31a243b80f8ac20db0073a78a&all_sr_blocks=49230404_0_2_1_0&checkin=2025-11-01&checkout=2025-11-05&dest_id=492304&dest_type=hotel&dist=0&group_adults=2&group_children=0&hapos=1&highlighted_blocks=49230404_0_2_1_0&hpos=1&matching_block_id=49230404_0_2_1_0&no_rooms=1&req_adults=2&req_children=0&room1=A%2CA&sb_price_type=total&sr_order=popularity&sr_pri_blocks=49230404_0_2_1_0__52691&srepoch=1761840509&srpvid=2c457177b03c0322&type=total&ucfs=1&
BOOKING_3,booking,Comfort Suites at Par 4 Resort,King Suite with Sofa Bed,king bed,King,Suite,5,"['Private suite', '40 m²', 'Free Wifi', 'Desk', 'TV', 'Refrigerator', 'Ironing facilities', 'Satellite channels', 'Tea/Coffee maker', 'Radio', 'Microwave', 'Heating', 'Hairdryer', 'Cable channels']",13201.0,1782.0,14983.0,2025-11-21,2025-11-22,https://www.booking.com/hotel/us/hotel-foxfire-drive-waupaca.html?aid=304142&label=gen173nr-10CBkoggI46AdIM1gEaGyIAQGYATO4ARfIAQzYAQPoAQH4AQGIAgGoAgG4ApeMjsgGwAIB0gIkMjlmODgzOGUtNTk5OC00MjNhLTg3OTUtN2M0MDViOGZmZmU12AIB4AIB&sid=b4a3f7b31a243b80f8ac20db0073a78a&all_sr_blocks=49230404_0_2_1_0&checkin=2025-11-01&checkout=2025-11-05&dest_id=492304&dest_type=hotel&dist=0&group_adults=2&group_children=0&hapos=1&highlighted_blocks=49230404_0_2_1_0&hpos=1&matching_block_id=49230404_0_2_1_0&no_rooms=1&req_adults=2&req_children=0&room1=A%2CA&sb_price_type=total&sr_order=popularity&sr_pri_blocks=49230404_0_2_1_0__52691&srepoch=1761840509&srpvid=2c457177b03c0322&type=total&ucfs=1&
BOOKING_3,booking,Us,Queen Suite - Non-Smoking,,,Suite,0,"['40 m²', 'Free Wifi', '', 'Refrigerator', '', 'Ironing facilities', '', 'Satellite channels', '', 'Tea/Coffee maker', '', 'Radio', '', 'Microwave', '', 'Heating', '', 'Hairdryer', '', 'Cable channels']",13066.0,1764.0,14830.0,2025-11-22,2025-11-23,https://www.booking.com/hotel/us/hotel-foxfire-drive-waupaca.html?aid=304142&label=gen173nr-10CBkoggI46AdIM1gEaGyIAQGYATO4ARfIAQzYAQPoAQH4AQGIAgGoAgG4ApeMjsgGwAIB0gIkMjlmODgzOGUtNTk5OC00MjNhLTg3OTUtN2M0MDViOGZmZmU12AIB4AIB&sid=b4a3f7b31a243b80f8ac20db0073a78a&all_sr_blocks=49230404_0_2_1_0&checkin=2025-11-01&checkout=2025-11-05&dest_id=492304&dest_type=hotel&dist=0&group_adults=2&group_children=0&hapos=1&highlighted_blocks=49230404_0_2_1_0&hpos=1&matching_block_id=49230404_0_2_1_0&no_rooms=1&req_adults=2&req_children=0&room1=A%2CA&sb_price_type=total&sr_order=popularity&sr_pri_blocks=49230404_0_2_1_0__52691&srepoch=1761840509&srpvid=2c457177b03c0322&type=total&ucfs=1&
BOOKING_3,booking,Us,King Suite,king bedand1 sofa bed,King,Suite,5,"['Private suite', '40 m²', 'Free Wifi', 'Desk', 'Refrigerator', 'Ironing facilities', 'Satellite channels', 'Tea/Coffee maker', 'Radio', 'Microwave', 'Heating', 'Hairdryer', 'Cable channels']",14763.0,1993.0,16756.0,2025-11-22,2025-11-23,https://www.booking.com/hotel/us/hotel-foxfire-drive-waupaca.html?aid=304142&label=gen173nr-10CBkoggI46AdIM1gEaGyIAQGYATO4ARfIAQzYAQPoAQH4AQGIAgGoAgG4ApeMjsgGwAIB0gIkMjlmODgzOGUtNTk5OC00MjNhLTg3OTUtN2M0MDViOGZmZmU12AIB4AIB&sid=b4a3f7b31a243b80f8ac20db0073a78a&all_sr_blocks=49230404_0_2_1_0&checkin=2025-11-01&checkout=2025-11-05&dest_id=492304&dest_type=hotel&dist=0&group_adults=2&group_children=0&hapos=1&highlighted_blocks=49230404_0_2_1_0&hpos=1&matching_block_id=49230404_0_2_1_0&no_rooms=1&req_adults=2&req_children=0&room1=A%2CA&sb_price_type=total&sr_order=popularity&sr_pri_blocks=49230404_0_2_1_0__52691&srepoch=1761840509&srpvid=2c457177b03c0322&type=total&ucfs=1&
BOOKING_3,booking,Us,King Suite - Disability Access/Non-Smoking,king bedand,King,Suite,2,"['40 m²', 'Free Wifi', 'Refrigerator', 'Ironing facilities', 'Satellite channels', 'Tea/Coffee maker', 'Radio', 'Microwave', 'Heating', 'Hairdryer', 'Cable channels']",14763.0,1993.0,16756.0,2025-11-22,2025-11-23,https://www.booking.com/hotel/us/hotel-foxfire-drive-waupaca.html?aid=304142&label=gen173nr-10CBkoggI46AdIM1gEaGyIAQGYATO4ARfIAQzYAQPoAQH4AQGIAgGoAgG4ApeMjsgGwAIB0gIkMjlmODgzOGUtNTk5OC00MjNhLTg3OTUtN2M0MDViOGZmZmU12AIB4AIB&sid=b4a3f7b31a243b80f8ac20db0073a78a&all_sr_blocks=49230404_0_2_1_0&checkin=2025-11-01&checkout=2025-11-05&dest_id=492304&dest_type=hotel&dist=0&group_adults=2&group_children=0&hapos=1&highlighted_blocks=49230404_0_2_1_0&hpos=1&matching_block_id=49230404_0_2_1_0&no_rooms=1&req_adults=2&req_children=0&room1=A%2CA&sb_price_type=total&sr_order=popularity&sr_pri_blocks=49230404_0_2_1_0__52691&srepoch=1761840509&srpvid=2c457177b03c0322&type=total&ucfs=1&
BOOKING_3,booking,Us,King Suite with Tub,king bed,King,Suite,5,"['Private suite', '40 m²', 'Free Wifi', 'Fireplace', 'TV', 'Refrigerator', 'Ironing facilities', 'Satellite channels', 'Tea/Coffee maker', 'Radio', 'Microwave', 'Heating', 'Hairdryer', 'Cable channels']",15366.0,2074.0,17440.0,2025-11-22,2025-11-23,https://www.booking.com/hotel/us/hotel-foxfire-drive-waupaca.html?aid=304142&label=gen173nr-10CBkoggI46AdIM1gEaGyIAQGYATO4ARfIAQzYAQPoAQH4AQGIAgGoAgG4ApeMjsgGwAIB0gIkMjlmODgzOGUtNTk5OC00MjNhLTg3OTUtN2M0MDViOGZmZmU12AIB4AIB&sid=b4a3f7b31a243b80f8ac20db0073a78a&all_sr_blocks=49230404_0_2_1_0&checkin=2025-11-01&checkout=2025-11-05&dest_id=492304&dest_type=hotel&dist=0&group_adults=2&group_children=0&hapos=1&highlighted_blocks=49230404_0_2_1_0&hpos=1&matching_block_id=49230404_0_2_1_0&no_rooms=1&req_adults=2&req_children=0&room1=A%2CA&sb_price_type=total&sr_order=popularity&sr_pri_blocks=49230404_0_2_1_0__52691&srepoch=1761840509&srpvid=2c457177b03c0322&type=total&ucfs=1&
BOOKING_3,booking,Us,King Suite with Sofa Bed,king bed,King,Suite,5,"['Private suite', '40 m²', 'Free Wifi', 'Desk', 'TV', 'Refrigerator', 'Ironing facilities', 'Satellite channels', 'Tea/Coffee maker', 'Radio', 'Microwave', 'Heating', 'Hairdryer', 'Cable channels']",15366.0,2074.0,17440.0,2025-11-22,2025-11-23,https://www.booking.com/hotel/us/hotel-foxfire-drive-waupaca.html?aid=304142&label=gen173nr-10CBkoggI46AdIM1gEaGyIAQGYATO4ARfIAQzYAQPoAQH4AQGIAgGoAgG4ApeMjsgGwAIB0gIkMjlmODgzOGUtNTk5OC00MjNhLTg3OTUtN2M0MDViOGZmZmU12AIB4AIB&sid=b4a3f7b31a243b80f8ac20db0073a78a&all_sr_blocks=49230404_0_2_1_0&checkin=2025-11-01&checkout=2025-11-05&dest_id=492304&dest_type=hotel&dist=0&group_adults=2&group_children=0&hapos=1&highlighted_blocks=49230404_0_2_1_0&hpos=1&matching_block_id=49230404_0_2_1_0&no_rooms=1&req_adults=2&req_children=0&room1=A%2CA&sb_price_type=total&sr_order=popularity&sr_pri_blocks=49230404_0_2_1_0__52691&srepoch=1761840509&srpvid=2c457177b03c0322&type=total&ucfs=1&
BOOKING_4,booking,Ramada by Wyndham Waupaca,Queen Room with Two Queen Beds - Non-Smoking,queen beds,Queen,Normal,0,"['1 room', '250 m²', 'Air conditioning', 'Attached bathroom', 'Flat-screen TV', 'Soundproof', 'Coffee machine', 'Free Wifi', 'Free toiletries', 'Toilet', 'Bathtub or shower', 'Towels', 'Linens', 'Tile/Marble floor', 'High chair', 'Sitting area', 'TV', 'Refrigerator', 'Telephone', 'Ironing facilities', 'Iron', 'Radio', 'Microwave', 'Heating', 'Hairdryer', 'Wake-up service/Alarm clock', 'Carpeted', 'Cable channels', 'Alarm clock', 'Dryer', 'Wireless internet', 'Clothes rack', 'Toilet paper', 'Entire unit wheelchair accessible', 'Single-room AC for guest accommodation']",9885.0,1334.0,11219.0,2025-11-10,2025-11-11,https://www.booking.com/hotel/us/grand-season-inn-waupaca.html?aid=304142&label=gen173nr-10CBkoggI46AdIM1gEaGyIAQGYATO4ARfIAQzYAQPoAQH4AQGIAgGoAgG4ApeMjsgGwAIB0gIkMjlmODgzOGUtNTk5OC00MjNhLTg3OTUtN2M0MDViOGZmZmU12AIB4AIB&sid=b4a3f7b31a243b80f8ac20db0073a78a&checkin=2025-11-01&checkout=2025-11-05&dist=0&group_adults=2&group_children=0&hapos=1&hpos=1&no_rooms=1&req_adults=2&req_children=0&room1=A%2CA&sb_price_type=total&soh=1&sr_order=popularity&srepoch=1761842376&srpvid=26dd7514751709f0&type=total&ucfs=1&#no_availability_msg
BOOKING_4,booking,Ramada by Wyndham Waupaca,King Room - Non-Smoking,king bed,King,Normal,6,"['1 room', '185 m²', 'Air conditioning', 'Attached bathroom', 'Flat-screen TV', 'Soundproof', 'Coffee machine', 'Free Wifi', 'Free toiletries', 'Toilet', 'Bathtub or shower', 'Towels', 'Linens', 'Tile/Marble floor', 'High chair', 'Sitting area', 'TV', 'Refrigerator', 'Telephone', 'Ironing facilities', 'Iron', 'Radio', 'Microwave', 'Heating', 'Hairdryer', 'Wake-up service/Alarm clock', 'Carpeted', 'Cable channels', 'Alarm clock', 'Dryer', 'Wireless internet', 'Clothes rack', 'Toilet paper', 'Entire unit wheelchair accessible', 'Single-room AC for guest accommodation']",9885.0,1334.0,11219.0,2025-11-10,2025-11-11,https://www.booking.com/hotel/us/grand-season-inn-waupaca.html?aid=304142&label=gen173nr-10CBkoggI46AdIM1gEaGyIAQGYATO4ARfIAQzYAQPoAQH4AQGIAgGoAgG4ApeMjsgGwAIB0gIkMjlmODgzOGUtNTk5OC00MjNhLTg3OTUtN2M0MDViOGZmZmU12AIB4AIB&sid=b4a3f7b31a243b80f8ac20db0073a78a&checkin=2025-11-01&checkout=2025-11-05&dist=0&group_adults=2&group_children=0&hapos=1&hpos=1&no_rooms=1&req_adults=2&req_children=0&room1=A%2CA&sb_price_type=total&soh=1&sr_order=popularity&srepoch=1761842376&srpvid=26dd7514751709f0&type=total&ucfs=1&#no_availability_msg
BOOKING_4,booking,Ramada by Wyndham Waupaca,Queen Room - Non-Smoking,sofa bedand,Sofa,Normal,2,"['1 room', '185 m²', 'Air conditioning', 'Attached bathroom', 'Flat-screen TV', 'Soundproof', 'Coffee machine', 'Free Wifi', 'Free toiletries', 'Toilet', 'Sofa', 'Bathtub or shower', 'Towels', 'Linens', 'Tile/Marble floor', 'High chair', 'Sitting area', 'TV', 'Refrigerator', 'Telephone', 'Ironing facilities', 'Iron', 'Radio', 'Microwave', 'Heating', 'Hairdryer', 'Wake-up service/Alarm clock', 'Carpeted', 'Cable channels', 'Alarm clock', 'Dryer', 'Wireless internet', 'Clothes rack', 'Toilet paper', 'Entire unit wheelchair accessible', 'Single-room AC for guest accommodation']",9885.0,1334.0,11219.0,2025-11-10,2025-11-11,https://www.booking.com/hotel/us/grand-season-inn-waupaca.html?aid=304142&label=gen173nr-10CBkoggI46AdIM1gEaGyIAQGYATO4ARfIAQzYAQPoAQH4AQGIAgGoAgG4ApeMjsgGwAIB0gIkMjlmODgzOGUtNTk5OC00MjNhLTg3OTUtN2M0MDViOGZmZmU12AIB4AIB&sid=b4a3f7b31a243b80f8ac20db0073a78a&checkin=2025-11-01&checkout=2025-11-05&dist=0&group_adults=2&group_children=0&hapos=1&hpos=1&no_rooms=1&req_adults=2&req_children=0&room1=A%2CA&sb_price_type=total&soh=1&sr_order=popularity&srepoch=1761842376&srpvid=26dd7514751709f0&type=total&ucfs=1&#no_availability_msg
BOOKING_4,booking,Ramada by Wyndham Waupaca,Queen Room with Two Queen Beds and Bath Tub - Mobility Accessible/Non-Smoking,queen beds,Queen,Normal,0,"['1 room', '185 m²', 'Air conditioning', 'Attached bathroom', 'Flat-screen TV', 'Soundproof', 'Coffee machine', 'Free Wifi', 'Free toiletries', 'Toilet', 'Bathtub or shower', 'Towels', 'Linens', 'Tile/Marble floor', 'High chair', 'Sitting area', 'TV', 'Refrigerator', 'Telephone', 'Ironing facilities', 'Iron', 'Radio', 'Microwave', 'Heating', 'Hairdryer', 'Wake-up service/Alarm clock', 'Carpeted', 'Cable channels', 'Alarm clock', 'Dryer', 'Wireless internet', 'Clothes rack', 'Toilet paper', 'Entire unit wheelchair accessible', 'Single-room AC for guest accommodation']",9885.0,1334.0,11219.0,2025-11-10,2025-11-11,https://www.booking.com/hotel/us/grand-season-inn-waupaca.html?aid=304142&label=gen173nr-10CBkoggI46AdIM1gEaGyIAQGYATO4ARfIAQzYAQPoAQH4AQGIAgGoAgG4ApeMjsgGwAIB0gIkMjlmODgzOGUtNTk5OC00MjNhLTg3OTUtN2M0MDViOGZmZmU12AIB4AIB&sid=b4a3f7b31a243b80f8ac20db0073a78a&checkin=2025-11-01&checkout=2025-11-05&dist=0&group_adults=2&group_children=0&hapos=1&hpos=1&no_rooms=1&req_adults=2&req_children=0&room1=A%2CA&sb_price_type=total&soh=1&sr_order=popularity&srepoch=1761842376&srpvid=26dd7514751709f0&type=total&ucfs=1&#no_availability_msg
BOOKING_4,booking,Ramada by Wyndham Waupaca,King Studio Suite - Non-Smoking,king bed,King,Suite,2,"['1 room', '350 m²', 'Air conditioning', 'Attached bathroom', 'Flat-screen TV', 'Soundproof', 'Coffee machine', 'Free Wifi', 'Free toiletries', 'Toilet', 'Bathtub or shower', 'Towels', 'Linens', 'Tile/Marble floor', 'High chair', 'Sitting area', 'TV', 'Refrigerator', 'Telephone', 'Ironing facilities', 'Iron', 'Radio', 'Microwave', 'Heating', 'Hairdryer', 'Wake-up service/Alarm clock', 'Carpeted', 'Cable channels', 'Alarm clock', 'Dryer', 'Wireless internet', 'Clothes rack', 'Toilet paper', 'Entire unit wheelchair accessible', 'Single-room AC for guest accommodation']",10639.0,1436.0,12075.0,2025-11-10,2025-11-11,https://www.booking.com/hotel/us/grand-season-inn-waupaca.html?aid=304142&label=gen173nr-10CBkoggI46AdIM1gEaGyIAQGYATO4ARfIAQzYAQPoAQH4AQGIAgGoAgG4ApeMjsgGwAIB0gIkMjlmODgzOGUtNTk5OC00MjNhLTg3OTUtN2M0MDViOGZmZmU12AIB4AIB&sid=b4a3f7b31a243b80f8ac20db0073a78a&checkin=2025-11-01&checkout=2025-11-05&dist=0&group_adults=2&group_children=0&hapos=1&hpos=1&no_rooms=1&req_adults=2&req_children=0&room1=A%2CA&sb_price_type=total&soh=1&sr_order=popularity&srepoch=1761842376&srpvid=26dd7514751709f0&type=total&ucfs=1&#no_availability_msg
BOOKING_4,booking,Ramada by Wyndham Waupaca,One-Bedroom King Suite - Non-Smoking,king bedand,King,Suite,2,"['1 room', '350 m²', 'Air conditioning', 'Attached bathroom', 'Flat-screen TV', 'Soundproof', 'Coffee machine', 'Free Wifi', 'Free toiletries', 'Toilet', 'Sofa', 'Bathtub or shower', 'Towels', 'Linens', 'Tile/Marble floor', 'High chair', 'Sitting area', 'TV', 'Refrigerator', 'Telephone', 'Ironing facilities', 'Iron', 'Radio', 'Microwave', 'Heating', 'Hairdryer', 'Wake-up service/Alarm clock', 'Carpeted', 'Cable channels', 'Alarm clock', 'Dryer', 'Wireless internet', 'Clothes rack', 'Toilet paper', 'Entire unit wheelchair accessible', 'Single-room AC for guest accommodation']",11017.0,1487.0,12504.0,2025-11-10,2025-11-11,https://www.booking.com/hotel/us/grand-season-inn-waupaca.html?aid=304142&label=gen173nr-10CBkoggI46AdIM1gEaGyIAQGYATO4ARfIAQzYAQPoAQH4AQGIAgGoAgG4ApeMjsgGwAIB0gIkMjlmODgzOGUtNTk5OC00MjNhLTg3OTUtN2M0MDViOGZmZmU12AIB4AIB&sid=b4a3f7b31a243b80f8ac20db0073a78a&checkin=2025-11-01&checkout=2025-11-05&dist=0&group_adults=2&group_children=0&hapos=1&hpos=1&no_rooms=1&req_adults=2&req_children=0&room1=A%2CA&sb_price_type=total&soh=1&sr_order=popularity&srepoch=1761842376&srpvid=26dd7514751709f0&type=total&ucfs=1&#no_availability_msg
BOOKING_4,booking,Ramada by Wyndham Waupaca,Deluxe King Studio Suite - Non-Smoking,queen beds,Queen,Suite,3,"['1 room', '350 m²', 'Air conditioning', 'Attached bathroom', 'Flat-screen TV', 'Soundproof', 'Coffee machine', 'Free Wifi', 'Free toiletries', 'Toilet', 'Bathtub or shower', 'Towels', 'Linens', 'Tile/Marble floor', 'High chair', 'Sitting area', 'TV', 'Refrigerator', 'Telephone', 'Ironing facilities', 'Iron', 'Radio', 'Microwave', 'Heating', 'Hairdryer', 'Wake-up service/Alarm clock', 'Carpeted', 'Cable channels', 'Alarm clock', 'Dryer', 'Wireless internet', 'Clothes rack', 'Toilet paper', 'Entire unit wheelchair accessible', 'Single-room AC for guest accommodation']",11394.0,1538.0,12932.0,2025-11-10,2025-11-11,https://www.booking.com/hotel/us/grand-season-inn-waupaca.html?aid=304142&label=gen173nr-10CBkoggI46AdIM1gEaGyIAQGYATO4ARfIAQzYAQPoAQH4AQGIAgGoAgG4ApeMjsgGwAIB0gIkMjlmODgzOGUtNTk5OC00MjNhLTg3OTUtN2M0MDViOGZmZmU12AIB4AIB&sid=b4a3f7b31a243b80f8ac20db0073a78a&checkin=2025-11-01&checkout=2025-11-05&dist=0&group_adults=2&group_children=0&hapos=1&hpos=1&no_rooms=1&req_adults=2&req_children=0&room1=A%2CA&sb_price_type=total&soh=1&sr_order=popularity&srepoch=1761842376&srpvid=26dd7514751709f0&type=total&ucfs=1&#no_availability_msg
BOOKING_4,booking,Ramada by Wyndham Waupaca,Efficiency Queen Room - Non-Smoking,queen bed,Queen,Normal,2,"['Entire studio', 'Private kitchen', 'Private bathroom', 'Air conditioning', 'Minibar', 'Free Wifi', 'Free toiletries', 'Kitchen', 'Toilet', 'Sofa', 'Sitting area', 'TV', 'Refrigerator', 'Tea/Coffee maker', 'Iron', 'Microwave', 'Heating', 'Hairdryer', 'Kitchenware', 'Cable channels', 'Wardrobe or closet', 'Oven', 'Stovetop', 'Wireless internet', 'Dining area']",12903.0,1742.0,14645.0,2025-11-10,2025-11-11,https://www.booking.com/hotel/us/grand-season-inn-waupaca.html?aid=304142&label=gen173nr-10CBkoggI46AdIM1gEaGyIAQGYATO4ARfIAQzYAQPoAQH4AQGIAgGoAgG4ApeMjsgGwAIB0gIkMjlmODgzOGUtNTk5OC00MjNhLTg3OTUtN2M0MDViOGZmZmU12AIB4AIB&sid=b4a3f7b31a243b80f8ac20db0073a78a&checkin=2025-11-01&checkout=2025-11-05&dist=0&group_adults=2&group_children=0&hapos=1&hpos=1&no_rooms=1&req_adults=2&req_children=0&room1=A%2CA&sb_price_type=total&soh=1&sr_order=popularity&srepoch=1761842376&srpvid=26dd7514751709f0&type=total&ucfs=1&#no_availability_msg
BOOKING_4,booking,Us,Queen Room with Two Queen Beds - Non-Smoking,queen beds,Queen,Normal,0,"['1 room', '250 m²', 'Air conditioning', 'Attached bathroom', 'Flat-screen TV', 'Soundproof', 'Coffee machine', 'Free Wifi', 'Free toiletries', 'Toilet', 'Bathtub or shower', 'Towels', 'Linens', 'Tile/Marble floor', 'High chair', 'Sitting area', 'TV', 'Refrigerator', 'Telephone', 'Ironing facilities', 'Iron', 'Radio', 'Microwave', 'Heating', 'Hairdryer', 'Wake-up service/Alarm clock', 'Carpeted', 'Cable channels', 'Alarm clock', 'Dryer', 'Wireless internet', 'Clothes rack', 'Toilet paper', 'Entire unit wheelchair accessible', 'Single-room AC for guest accommodation']",6112.0,825.0,6937.0,2025-11-11,2025-11-12,https://www.booking.com/hotel/us/grand-season-inn-waupaca.html?aid=304142&label=gen173nr-10CBkoggI46AdIM1gEaGyIAQGYATO4ARfIAQzYAQPoAQH4AQGIAgGoAgG4ApeMjsgGwAIB0gIkMjlmODgzOGUtNTk5OC00MjNhLTg3OTUtN2M0MDViOGZmZmU12AIB4AIB&sid=b4a3f7b31a243b80f8ac20db0073a78a&checkin=2025-11-01&checkout=2025-11-05&dist=0&group_adults=2&group_children=0&hapos=1&hpos=1&no_rooms=1&req_adults=2&req_children=0&room1=A%2CA&sb_price_type=total&soh=1&sr_order=popularity&srepoch=1761842376&srpvid=26dd7514751709f0&type=total&ucfs=1&#no_availability_msg
BOOKING_4,booking,Us,King Room - Non-Smoking,king bed,King,Normal,7,"['1 room', '185 m²', 'Air conditioning', 'Attached bathroom', 'Flat-screen TV', 'Soundproof', 'Coffee machine', 'Free Wifi', 'Free toiletries', 'Toilet', 'Bathtub or shower', 'Towels', 'Linens', 'Tile/Marble floor', 'High chair', 'Sitting area', 'TV', 'Refrigerator', 'Telephone', 'Ironing facilities', 'Iron', 'Radio', 'Microwave', 'Heating', 'Hairdryer', 'Wake-up service/Alarm clock', 'Carpeted', 'Cable channels', 'Alarm clock', 'Dryer', 'Wireless internet', 'Clothes rack', 'Toilet paper', 'Entire unit wheelchair accessible', 'Single-room AC for guest accommodation']",6112.0,825.0,6937.0,2025-11-11,2025-11-12,https://www.booking.com/hotel/us/grand-season-inn-waupaca.html?aid=304142&label=gen173nr-10CBkoggI46AdIM1gEaGyIAQGYATO4ARfIAQzYAQPoAQH4AQGIAgGoAgG4ApeMjsgGwAIB0gIkMjlmODgzOGUtNTk5OC00MjNhLTg3OTUtN2M0MDViOGZmZmU12AIB4AIB&sid=b4a3f7b31a243b80f8ac20db0073a78a&checkin=2025-11-01&checkout=2025-11-05&dist=0&group_adults=2&group_children=0&hapos=1&hpos=1&no_rooms=1&req_adults=2&req_children=0&room1=A%2CA&sb_price_type=total&soh=1&sr_order=popularity&srepoch=1761842376&srpvid=26dd7514751709f0&type=total&ucfs=1&#no_availability_msg
BOOKING_4,booking,Us,Queen Room - Non-Smoking,sofa bedand,Sofa,Normal,2,"['1 room', '185 m²', 'Air conditioning', 'Attached bathroom', 'Flat-screen TV', 'Soundproof', 'Coffee machine', 'Free Wifi', 'Free toiletries', 'Toilet', 'Sofa', 'Bathtub or shower', 'Towels', 'Linens', 'Tile/Marble floor', 'High chair', 'Sitting area', 'TV', 'Refrigerator', 'Telephone', 'Ironing facilities', 'Iron', 'Radio', 'Microwave', 'Heating', 'Hairdryer', 'Wake-up service/Alarm clock', 'Carpeted', 'Cable channels', 'Alarm clock', 'Dryer', 'Wireless internet', 'Clothes rack', 'Toilet paper', 'Entire unit wheelchair accessible', 'Single-room AC for guest accommodation']",6112.0,825.0,6937.0,2025-11-11,2025-11-12,https://www.booking.com/hotel/us/grand-season-inn-waupaca.html?aid=304142&label=gen173nr-10CBkoggI46AdIM1gEaGyIAQGYATO4ARfIAQzYAQPoAQH4AQGIAgGoAgG4ApeMjsgGwAIB0gIkMjlmODgzOGUtNTk5OC00MjNhLTg3OTUtN2M0MDViOGZmZmU12AIB4AIB&sid=b4a3f7b31a243b80f8ac20db0073a78a&checkin=2025-11-01&checkout=2025-11-05&dist=0&group_adults=2&group_children=0&hapos=1&hpos=1&no_rooms=1&req_adults=2&req_children=0&room1=A%2CA&sb_price_type=total&soh=1&sr_order=popularity&srepoch=1761842376&srpvid=26dd7514751709f0&type=total&ucfs=1&#no_availability_msg
BOOKING_4,booking,Us,Queen Room with Two Queen Beds and Bath Tub - Mobility Accessible/Non-Smoking,queen beds,Queen,Normal,0,"['1 room', '185 m²', 'Air conditioning', 'Attached bathroom', 'Flat-screen TV', 'Soundproof', 'Coffee machine', 'Free Wifi', 'Free toiletries', 'Toilet', 'Bathtub or shower', 'Towels', 'Linens', 'Tile/Marble floor', 'High chair', 'Sitting area', 'TV', 'Refrigerator', 'Telephone', 'Ironing facilities', 'Iron', 'Radio', 'Microwave', 'Heating', 'Hairdryer', 'Wake-up service/Alarm clock', 'Carpeted', 'Cable channels', 'Alarm clock', 'Dryer', 'Wireless internet', 'Clothes rack', 'Toilet paper', 'Entire unit wheelchair accessible', 'Single-room AC for guest accommodation']",6112.0,825.0,6937.0,2025-11-11,2025-11-12,https://www.booking.com/hotel/us/grand-season-inn-waupaca.html?aid=304142&label=gen173nr-10CBkoggI46AdIM1gEaGyIAQGYATO4ARfIAQzYAQPoAQH4AQGIAgGoAgG4ApeMjsgGwAIB0gIkMjlmODgzOGUtNTk5OC00MjNhLTg3OTUtN2M0MDViOGZmZmU12AIB4AIB&sid=b4a3f7b31a243b80f8ac20db0073a78a&checkin=2025-11-01&checkout=2025-11-05&dist=0&group_adults=2&group_children=0&hapos=1&hpos=1&no_rooms=1&req_adults=2&req_children=0&room1=A%2CA&sb_price_type=total&soh=1&sr_order=popularity&srepoch=1761842376&srpvid=26dd7514751709f0&type=total&ucfs=1&#no_availability_msg
BOOKING_4,booking,Us,King Studio Suite - Non-Smoking,king bed,King,Suite,2,"['1 room', '350 m²', 'Air conditioning', 'Attached bathroom', 'Flat-screen TV', 'Soundproof', 'Coffee machine', 'Free Wifi', 'Free toiletries', 'Toilet', 'Bathtub or shower', 'Towels', 'Linens', 'Tile/Marble floor', 'High chair', 'Sitting area', 'TV', 'Refrigerator', 'Telephone', 'Ironing facilities', 'Iron', 'Radio', 'Microwave', 'Heating', 'Hairdryer', 'Wake-up service/Alarm clock', 'Carpeted', 'Cable channels', 'Alarm clock', 'Dryer', 'Wireless internet', 'Clothes rack', 'Toilet paper', 'Entire unit wheelchair accessible', 'Single-room AC for guest accommodation']",6866.0,927.0,7793.0,2025-11-11,2025-11-12,https://www.booking.com/hotel/us/grand-season-inn-waupaca.html?aid=304142&label=gen173nr-10CBkoggI46AdIM1gEaGyIAQGYATO4ARfIAQzYAQPoAQH4AQGIAgGoAgG4ApeMjsgGwAIB0gIkMjlmODgzOGUtNTk5OC00MjNhLTg3OTUtN2M0MDViOGZmZmU12AIB4AIB&sid=b4a3f7b31a243b80f8ac20db0073a78a&checkin=2025-11-01&checkout=2025-11-05&dist=0&group_adults=2&group_children=0&hapos=1&hpos=1&no_rooms=1&req_adults=2&req_children=0&room1=A%2CA&sb_price_type=total&soh=1&sr_order=popularity&srepoch=1761842376&srpvid=26dd7514751709f0&type=total&ucfs=1&#no_availability_msg
BOOKING_4,booking,Us,One-Bedroom King Suite - Non-Smoking,king bedand,King,Suite,2,"['1 room', '350 m²', 'Air conditioning', 'Attached bathroom', 'Flat-screen TV', 'Soundproof', 'Coffee machine', 'Free Wifi', 'Free toiletries', 'Toilet', 'Sofa', 'Bathtub or shower', 'Towels', 'Linens', 'Tile/Marble floor', 'High chair', 'Sitting area', 'TV', 'Refrigerator', 'Telephone', 'Ironing facilities', 'Iron', 'Radio', 'Microwave', 'Heating', 'Hairdryer', 'Wake-up service/Alarm clock', 'Carpeted', 'Cable channels', 'Alarm clock', 'Dryer', 'Wireless internet', 'Clothes rack', 'Toilet paper', 'Entire unit wheelchair accessible', 'Single-room AC for guest accommodation']",7244.0,978.0,8222.0,2025-11-11,2025-11-12,https://www.booking.com/hotel/us/grand-season-inn-waupaca.html?aid=304142&label=gen173nr-10CBkoggI46AdIM1gEaGyIAQGYATO4ARfIAQzYAQPoAQH4AQGIAgGoAgG4ApeMjsgGwAIB0gIkMjlmODgzOGUtNTk5OC00MjNhLTg3OTUtN2M0MDViOGZmZmU12AIB4AIB&sid=b4a3f7b31a243b80f8ac20db0073a78a&checkin=2025-11-01&checkout=2025-11-05&dist=0&group_adults=2&group_children=0&hapos=1&hpos=1&no_rooms=1&req_adults=2&req_children=0&room1=A%2CA&sb_price_type=total&soh=1&sr_order=popularity&srepoch=1761842376&srpvid=26dd7514751709f0&type=total&ucfs=1&#no_availability_msg
BOOKING_4,booking,Us,Deluxe King Studio Suite - Non-Smoking,queen beds,Queen,Suite,3,"['1 room', '350 m²', 'Air conditioning', 'Attached bathroom', 'Flat-screen TV', 'Soundproof', 'Coffee machine', 'Free Wifi', 'Free toiletries', 'Toilet', 'Bathtub or shower', 'Towels', 'Linens', 'Tile/Marble floor', 'High chair', 'Sitting area', 'TV', 'Refrigerator', 'Telephone', 'Ironing facilities', 'Iron', 'Radio', 'Microwave', 'Heating', 'Hairdryer', 'Wake-up service/Alarm clock', 'Carpeted', 'Cable channels', 'Alarm clock', 'Dryer', 'Wireless internet', 'Clothes rack', 'Toilet paper', 'Entire unit wheelchair accessible', 'Single-room AC for guest accommodation']",7621.0,1029.0,8650.0,2025-11-11,2025-11-12,https://www.booking.com/hotel/us/grand-season-inn-waupaca.html?aid=304142&label=gen173nr-10CBkoggI46AdIM1gEaGyIAQGYATO4ARfIAQzYAQPoAQH4AQGIAgGoAgG4ApeMjsgGwAIB0gIkMjlmODgzOGUtNTk5OC00MjNhLTg3OTUtN2M0MDViOGZmZmU12AIB4AIB&sid=b4a3f7b31a243b80f8ac20db0073a78a&checkin=2025-11-01&checkout=2025-11-05&dist=0&group_adults=2&group_children=0&hapos=1&hpos=1&no_rooms=1&req_adults=2&req_children=0&room1=A%2CA&sb_price_type=total&soh=1&sr_order=popularity&srepoch=1761842376&srpvid=26dd7514751709f0&type=total&ucfs=1&#no_availability_msg
BOOKING_4,booking,Us,Efficiency Queen Room - Non-Smoking,queen bed,Queen,Normal,2,"['Entire studio', 'Private kitchen', 'Private bathroom', 'Air conditioning', 'Minibar', 'Free Wifi', 'Free toiletries', 'Kitchen', 'Toilet', 'Sofa', 'Sitting area', 'TV', 'Refrigerator', 'Tea/Coffee maker', 'Iron', 'Microwave', 'Heating', 'Hairdryer', 'Kitchenware', 'Cable channels', 'Wardrobe or closet', 'Oven', 'Stovetop', 'Wireless internet', 'Dining area']",9130.0,1233.0,10363.0,2025-11-11,2025-11-12,https://www.booking.com/hotel/us/grand-season-inn-waupaca.html?aid=304142&label=gen173nr-10CBkoggI46AdIM1gEaGyIAQGYATO4ARfIAQzYAQPoAQH4AQGIAgGoAgG4ApeMjsgGwAIB0gIkMjlmODgzOGUtNTk5OC00MjNhLTg3OTUtN2M0MDViOGZmZmU12AIB4AIB&sid=b4a3f7b31a243b80f8ac20db0073a78a&checkin=2025-11-01&checkout=2025-11-05&dist=0&group_adults=2&group_children=0&hapos=1&hpos=1&no_rooms=1&req_adults=2&req_children=0&room1=A%2CA&sb_price_type=total&soh=1&sr_order=popularity&srepoch=1761842376&srpvid=26dd7514751709f0&type=total&ucfs=1&#no_availability_msg
BOOKING_4,booking,Ramada by Wyndham Waupaca,Queen Room with Two Queen Beds - Non-Smoking,queen beds,Queen,Normal,0,"['1 room', '250 m²', 'Air conditioning', 'Attached bathroom', 'Flat-screen TV', 'Soundproof', 'Coffee machine', 'Free Wifi', 'Free toiletries', 'Toilet', 'Bathtub or shower', 'Towels', 'Linens', 'Tile/Marble floor', 'High chair', 'Sitting area', 'TV', 'Refrigerator', 'Telephone', 'Ironing facilities', 'Iron', 'Radio', 'Microwave', 'Heating', 'Hairdryer', 'Wake-up service/Alarm clock', 'Carpeted', 'Cable channels', 'Alarm clock', 'Dryer', 'Wireless internet', 'Clothes rack', 'Toilet paper', 'Entire unit wheelchair accessible', 'Single-room AC for guest accommodation']",6112.0,825.0,6937.0,2025-11-12,2025-11-13,https://www.booking.com/hotel/us/grand-season-inn-waupaca.html?aid=304142&label=gen173nr-10CBkoggI46AdIM1gEaGyIAQGYATO4ARfIAQzYAQPoAQH4AQGIAgGoAgG4ApeMjsgGwAIB0gIkMjlmODgzOGUtNTk5OC00MjNhLTg3OTUtN2M0MDViOGZmZmU12AIB4AIB&sid=b4a3f7b31a243b80f8ac20db0073a78a&checkin=2025-11-01&checkout=2025-11-05&dist=0&group_adults=2&group_children=0&hapos=1&hpos=1&no_rooms=1&req_adults=2&req_children=0&room1=A%2CA&sb_price_type=total&soh=1&sr_order=popularity&srepoch=1761842376&srpvid=26dd7514751709f0&type=total&ucfs=1&#no_availability_msg
BOOKING_4,booking,Ramada by Wyndham Waupaca,King Room - Non-Smoking,king bed,King,Normal,7,"['1 room', '185 m²', 'Air conditioning', 'Attached bathroom', 'Flat-screen TV', 'Soundproof', 'Coffee machine', 'Free Wifi', 'Free toiletries', 'Toilet', 'Bathtub or shower', 'Towels', 'Linens', 'Tile/Marble floor', 'High chair', 'Sitting area', 'TV', 'Refrigerator', 'Telephone', 'Ironing facilities', 'Iron', 'Radio', 'Microwave', 'Heating', 'Hairdryer', 'Wake-up service/Alarm clock', 'Carpeted', 'Cable channels', 'Alarm clock', 'Dryer', 'Wireless internet', 'Clothes rack', 'Toilet paper', 'Entire unit wheelchair accessible', 'Single-room AC for guest accommodation']",6112.0,825.0,6937.0,2025-11-12,2025-11-13,https://www.booking.com/hotel/us/grand-season-inn-waupaca.html?aid=304142&label=gen173nr-10CBkoggI46AdIM1gEaGyIAQGYATO4ARfIAQzYAQPoAQH4AQGIAgGoAgG4ApeMjsgGwAIB0gIkMjlmODgzOGUtNTk5OC00MjNhLTg3OTUtN2M0MDViOGZmZmU12AIB4AIB&sid=b4a3f7b31a243b80f8ac20db0073a78a&checkin=2025-11-01&checkout=2025-11-05&dist=0&group_adults=2&group_children=0&hapos=1&hpos=1&no_rooms=1&req_adults=2&req_children=0&room1=A%2CA&sb_price_type=total&soh=1&sr_order=popularity&srepoch=1761842376&srpvid=26dd7514751709f0&type=total&ucfs=1&#no_availability_msg
BOOKING_4,booking,Ramada by Wyndham Waupaca,Queen Room - Non-Smoking,sofa bedand,Sofa,Normal,2,"['1 room', '185 m²', 'Air conditioning', 'Attached bathroom', 'Flat-screen TV', 'Soundproof', 'Coffee machine', 'Free Wifi', 'Free toiletries', 'Toilet', 'Sofa', 'Bathtub or shower', 'Towels', 'Linens', 'Tile/Marble floor', 'High chair', 'Sitting area', 'TV', 'Refrigerator', 'Telephone', 'Ironing facilities', 'Iron', 'Radio', 'Microwave', 'Heating', 'Hairdryer', 'Wake-up service/Alarm clock', 'Carpeted', 'Cable channels', 'Alarm clock', 'Dryer', 'Wireless internet', 'Clothes rack', 'Toilet paper', 'Entire unit wheelchair accessible', 'Single-room AC for guest accommodation']",6112.0,825.0,6937.0,2025-11-12,2025-11-13,https://www.booking.com/hotel/us/grand-season-inn-waupaca.html?aid=304142&label=gen173nr-10CBkoggI46AdIM1gEaGyIAQGYATO4ARfIAQzYAQPoAQH4AQGIAgGoAgG4ApeMjsgGwAIB0gIkMjlmODgzOGUtNTk5OC00MjNhLTg3OTUtN2M0MDViOGZmZmU12AIB4AIB&sid=b4a3f7b31a243b80f8ac20db0073a78a&checkin=2025-11-01&checkout=2025-11-05&dist=0&group_adults=2&group_children=0&hapos=1&hpos=1&no_rooms=1&req_adults=2&req_children=0&room1=A%2CA&sb_price_type=total&soh=1&sr_order=popularity&srepoch=1761842376&srpvid=26dd7514751709f0&type=total&ucfs=1&#no_availability_msg
BOOKING_4,booking,Ramada by Wyndham Waupaca,Queen Room with Two Queen Beds and Bath Tub - Mobility Accessible/Non-Smoking,queen beds,Queen,Normal,3,"['1 room', '185 m²', 'Air conditioning', 'Attached bathroom', 'Flat-screen TV', 'Soundproof', 'Coffee machine', 'Free Wifi', 'Free toiletries', 'Toilet', 'Bathtub or shower', 'Towels', 'Linens', 'Tile/Marble floor', 'High chair', 'Sitting area', 'TV', 'Refrigerator', 'Telephone', 'Ironing facilities', 'Iron', 'Radio', 'Microwave', 'Heating', 'Hairdryer', 'Wake-up service/Alarm clock', 'Carpeted', 'Cable channels', 'Alarm clock', 'Dryer', 'Wireless internet', 'Clothes rack', 'Toilet paper', 'Entire unit wheelchair accessible', 'Single-room AC for guest accommodation']",6112.0,825.0,6937.0,2025-11-12,2025-11-13,https://www.booking.com/hotel/us/grand-season-inn-waupaca.html?aid=304142&label=gen173nr-10CBkoggI46AdIM1gEaGyIAQGYATO4ARfIAQzYAQPoAQH4AQGIAgGoAgG4ApeMjsgGwAIB0gIkMjlmODgzOGUtNTk5OC00MjNhLTg3OTUtN2M0MDViOGZmZmU12AIB4AIB&sid=b4a3f7b31a243b80f8ac20db0073a78a&checkin=2025-11-01&checkout=2025-11-05&dist=0&group_adults=2&group_children=0&hapos=1&hpos=1&no_rooms=1&req_adults=2&req_children=0&room1=A%2CA&sb_price_type=total&soh=1&sr_order=popularity&srepoch=1761842376&srpvid=26dd7514751709f0&type=total&ucfs=1&#no_availability_msg
BOOKING_4,booking,Ramada by Wyndham Waupaca,King Studio Suite - Non-Smoking,king bed,King,Suite,2,"['1 room', '350 m²', 'Air conditioning', 'Attached bathroom', 'Flat-screen TV', 'Soundproof', 'Coffee machine', 'Free Wifi', 'Free toiletries', 'Toilet', 'Bathtub or shower', 'Towels', 'Linens', 'Tile/Marble floor', 'High chair', 'Sitting area', 'TV', 'Refrigerator', 'Telephone', 'Ironing facilities', 'Iron', 'Radio', 'Microwave', 'Heating', 'Hairdryer', 'Wake-up service/Alarm clock', 'Carpeted', 'Cable channels', 'Alarm clock', 'Dryer', 'Wireless internet', 'Clothes rack', 'Toilet paper', 'Entire unit wheelchair accessible', 'Single-room AC for guest accommodation']",6866.0,927.0,7793.0,2025-11-12,2025-11-13,https://www.booking.com/hotel/us/grand-season-inn-waupaca.html?aid=304142&label=gen173nr-10CBkoggI46AdIM1gEaGyIAQGYATO4ARfIAQzYAQPoAQH4AQGIAgGoAgG4ApeMjsgGwAIB0gIkMjlmODgzOGUtNTk5OC00MjNhLTg3OTUtN2M0MDViOGZmZmU12AIB4AIB&sid=b4a3f7b31a243b80f8ac20db0073a78a&checkin=2025-11-01&checkout=2025-11-05&dist=0&group_adults=2&group_children=0&hapos=1&hpos=1&no_rooms=1&req_adults=2&req_children=0&room1=A%2CA&sb_price_type=total&soh=1&sr_order=popularity&srepoch=1761842376&srpvid=26dd7514751709f0&type=total&ucfs=1&#no_availability_msg
BOOKING_4,booking,Ramada by Wyndham Waupaca,One-Bedroom King Suite - Non-Smoking,king bedand,King,Suite,1,"['1 room', '350 m²', 'Air conditioning', 'Attached bathroom', 'Flat-screen TV', 'Soundproof', 'Coffee machine', 'Free Wifi', 'Free toiletries', 'Toilet', 'Sofa', 'Bathtub or shower', 'Towels', 'Linens', 'Tile/Marble floor', 'High chair', 'Sitting area', 'TV', 'Refrigerator', 'Telephone', 'Ironing facilities', 'Iron', 'Radio', 'Microwave', 'Heating', 'Hairdryer', 'Wake-up service/Alarm clock', 'Carpeted', 'Cable channels', 'Alarm clock', 'Dryer', 'Wireless internet', 'Clothes rack', 'Toilet paper', 'Entire unit wheelchair accessible', 'Single-room AC for guest accommodation']",7244.0,978.0,8222.0,2025-11-12,2025-11-13,https://www.booking.com/hotel/us/grand-season-inn-waupaca.html?aid=304142&label=gen173nr-10CBkoggI46AdIM1gEaGyIAQGYATO4ARfIAQzYAQPoAQH4AQGIAgGoAgG4ApeMjsgGwAIB0gIkMjlmODgzOGUtNTk5OC00MjNhLTg3OTUtN2M0MDViOGZmZmU12AIB4AIB&sid=b4a3f7b31a243b80f8ac20db0073a78a&checkin=2025-11-01&checkout=2025-11-05&dist=0&group_adults=2&group_children=0&hapos=1&hpos=1&no_rooms=1&req_adults=2&req_children=0&room1=A%2CA&sb_price_type=total&soh=1&sr_order=popularity&srepoch=1761842376&srpvid=26dd7514751709f0&type=total&ucfs=1&#no_availability_msg
BOOKING_4,booking,Ramada by Wyndham Waupaca,Deluxe King Studio Suite - Non-Smoking,queen beds,Queen,Suite,3,"['1 room', '350 m²', 'Air conditioning', 'Attached bathroom', 'Flat-screen TV', 'Soundproof', 'Coffee machine', 'Free Wifi', 'Free toiletries', 'Toilet', 'Bathtub or shower', 'Towels', 'Linens', 'Tile/Marble floor', 'High chair', 'Sitting area', 'TV', 'Refrigerator', 'Telephone', 'Ironing facilities', 'Iron', 'Radio', 'Microwave', 'Heating', 'Hairdryer', 'Wake-up service/Alarm clock', 'Carpeted', 'Cable channels', 'Alarm clock', 'Dryer', 'Wireless internet', 'Clothes rack', 'Toilet paper', 'Entire unit wheelchair accessible', 'Single-room AC for guest accommodation']",7621.0,1029.0,8650.0,2025-11-12,2025-11-13,https://www.booking.com/hotel/us/grand-season-inn-waupaca.html?aid=304142&label=gen173nr-10CBkoggI46AdIM1gEaGyIAQGYATO4ARfIAQzYAQPoAQH4AQGIAgGoAgG4ApeMjsgGwAIB0gIkMjlmODgzOGUtNTk5OC00MjNhLTg3OTUtN2M0MDViOGZmZmU12AIB4AIB&sid=b4a3f7b31a243b80f8ac20db0073a78a&checkin=2025-11-01&checkout=2025-11-05&dist=0&group_adults=2&group_children=0&hapos=1&hpos=1&no_rooms=1&req_adults=2&req_children=0&room1=A%2CA&sb_price_type=total&soh=1&sr_order=popularity&srepoch=1761842376&srpvid=26dd7514751709f0&type=total&ucfs=1&#no_availability_msg
BOOKING_4,booking,Ramada by Wyndham Waupaca,Efficiency Queen Room - Non-Smoking,queen bed,Queen,Normal,2,"['Entire studio', 'Private kitchen', 'Private bathroom', 'Air conditioning', 'Minibar', 'Free Wifi', 'Free toiletries', 'Kitchen', 'Toilet', 'Sofa', 'Sitting area', 'TV', 'Refrigerator', 'Tea/Coffee maker', 'Iron', 'Microwave', 'Heating', 'Hairdryer', 'Kitchenware', 'Cable channels', 'Wardrobe or closet', 'Oven', 'Stovetop', 'Wireless internet', 'Dining area']",9130.0,1233.0,10363.0,2025-11-12,2025-11-13,https://www.booking.com/hotel/us/grand-season-inn-waupaca.html?aid=304142&label=gen173nr-10CBkoggI46AdIM1gEaGyIAQGYATO4ARfIAQzYAQPoAQH4AQGIAgGoAgG4ApeMjsgGwAIB0gIkMjlmODgzOGUtNTk5OC00MjNhLTg3OTUtN2M0MDViOGZmZmU12AIB4AIB&sid=b4a3f7b31a243b80f8ac20db0073a78a&checkin=2025-11-01&checkout=2025-11-05&dist=0&group_adults=2&group_children=0&hapos=1&hpos=1&no_rooms=1&req_adults=2&req_children=0&room1=A%2CA&sb_price_type=total&soh=1&sr_order=popularity&srepoch=1761842376&srpvid=26dd7514751709f0&type=total&ucfs=1&#no_availability_msg
BOOKING_4,booking,Ramada by Wyndham Waupaca,Queen Room with Two Queen Beds - Non-Smoking,queen beds,Queen,Normal,0,"['1 room', '250 m²', 'Air conditioning', 'Attached bathroom', 'Flat-screen TV', 'Soundproof', 'Coffee machine', 'Free Wifi', 'Free toiletries', 'Toilet', 'Bathtub or shower', 'Towels', 'Linens', 'Tile/Marble floor', 'High chair', 'Sitting area', 'TV', 'Refrigerator', 'Telephone', 'Ironing facilities', 'Iron', 'Radio', 'Microwave', 'Heating', 'Hairdryer', 'Wake-up service/Alarm clock', 'Carpeted', 'Cable channels', 'Alarm clock', 'Dryer', 'Wireless internet', 'Clothes rack', 'Toilet paper', 'Entire unit wheelchair accessible', 'Single-room AC for guest accommodation']",6187.0,835.0,7022.0,2025-11-13,2025-11-14,https://www.booking.com/hotel/us/grand-season-inn-waupaca.html?aid=304142&label=gen173nr-10CBkoggI46AdIM1gEaGyIAQGYATO4ARfIAQzYAQPoAQH4AQGIAgGoAgG4ApeMjsgGwAIB0gIkMjlmODgzOGUtNTk5OC00MjNhLTg3OTUtN2M0MDViOGZmZmU12AIB4AIB&sid=b4a3f7b31a243b80f8ac20db0073a78a&checkin=2025-11-01&checkout=2025-11-05&dist=0&group_adults=2&group_children=0&hapos=1&hpos=1&no_rooms=1&req_adults=2&req_children=0&room1=A%2CA&sb_price_type=total&soh=1&sr_order=popularity&srepoch=1761842376&srpvid=26dd7514751709f0&type=total&ucfs=1&#no_availability_msg
BOOKING_4,booking,Ramada by Wyndham Waupaca,King Room - Non-Smoking,king bed,King,Normal,7,"['1 room', '185 m²', 'Air conditioning', 'Attached bathroom', 'Flat-screen TV', 'Soundproof', 'Coffee machine', 'Free Wifi', 'Free toiletries', 'Toilet', 'Bathtub or shower', 'Towels', 'Linens', 'Tile/Marble floor', 'High chair', 'Sitting area', 'TV', 'Refrigerator', 'Telephone', 'Ironing facilities', 'Iron', 'Radio', 'Microwave', 'Heating', 'Hairdryer', 'Wake-up service/Alarm clock', 'Carpeted', 'Cable channels', 'Alarm clock', 'Dryer', 'Wireless internet', 'Clothes rack', 'Toilet paper', 'Entire unit wheelchair accessible', 'Single-room AC for guest accommodation']",6187.0,835.0,7022.0,2025-11-13,2025-11-14,https://www.booking.com/hotel/us/grand-season-inn-waupaca.html?aid=304142&label=gen173nr-10CBkoggI46AdIM1gEaGyIAQGYATO4ARfIAQzYAQPoAQH4AQGIAgGoAgG4ApeMjsgGwAIB0gIkMjlmODgzOGUtNTk5OC00MjNhLTg3OTUtN2M0MDViOGZmZmU12AIB4AIB&sid=b4a3f7b31a243b80f8ac20db0073a78a&checkin=2025-11-01&checkout=2025-11-05&dist=0&group_adults=2&group_children=0&hapos=1&hpos=1&no_rooms=1&req_adults=2&req_children=0&room1=A%2CA&sb_price_type=total&soh=1&sr_order=popularity&srepoch=1761842376&srpvid=26dd7514751709f0&type=total&ucfs=1&#no_availability_msg
BOOKING_4,booking,Ramada by Wyndham Waupaca,Queen Room - Non-Smoking,sofa bedand,Sofa,Normal,2,"['1 room', '185 m²', 'Air conditioning', 'Attached bathroom', 'Flat-screen TV', 'Soundproof', 'Coffee machine', 'Free Wifi', 'Free toiletries', 'Toilet', 'Sofa', 'Bathtub or shower', 'Towels', 'Linens', 'Tile/Marble floor', 'High chair', 'Sitting area', 'TV', 'Refrigerator', 'Telephone', 'Ironing facilities', 'Iron', 'Radio', 'Microwave', 'Heating', 'Hairdryer', 'Wake-up service/Alarm clock', 'Carpeted', 'Cable channels', 'Alarm clock', 'Dryer', 'Wireless internet', 'Clothes rack', 'Toilet paper', 'Entire unit wheelchair accessible', 'Single-room AC for guest accommodation']",6187.0,835.0,7022.0,2025-11-13,2025-11-14,https://www.booking.com/hotel/us/grand-season-inn-waupaca.html?aid=304142&label=gen173nr-10CBkoggI46AdIM1gEaGyIAQGYATO4ARfIAQzYAQPoAQH4AQGIAgGoAgG4ApeMjsgGwAIB0gIkMjlmODgzOGUtNTk5OC00MjNhLTg3OTUtN2M0MDViOGZmZmU12AIB4AIB&sid=b4a3f7b31a243b80f8ac20db0073a78a&checkin=2025-11-01&checkout=2025-11-05&dist=0&group_adults=2&group_children=0&hapos=1&hpos=1&no_rooms=1&req_adults=2&req_children=0&room1=A%2CA&sb_price_type=total&soh=1&sr_order=popularity&srepoch=1761842376&srpvid=26dd7514751709f0&type=total&ucfs=1&#no_availability_msg
BOOKING_4,booking,Ramada by Wyndham Waupaca,Queen Room with Two Queen Beds and Bath Tub - Mobility Accessible/Non-Smoking,queen beds,Queen,Normal,3,"['1 room', '185 m²', 'Air conditioning', 'Attached bathroom', 'Flat-screen TV', 'Soundproof', 'Coffee machine', 'Free Wifi', 'Free toiletries', 'Toilet', 'Bathtub or shower', 'Towels', 'Linens', 'Tile/Marble floor', 'High chair', 'Sitting area', 'TV', 'Refrigerator', 'Telephone', 'Ironing facilities', 'Iron', 'Radio', 'Microwave', 'Heating', 'Hairdryer', 'Wake-up service/Alarm clock', 'Carpeted', 'Cable channels', 'Alarm clock', 'Dryer', 'Wireless internet', 'Clothes rack', 'Toilet paper', 'Entire unit wheelchair accessible', 'Single-room AC for guest accommodation']",6187.0,835.0,7022.0,2025-11-13,2025-11-14,https://www.booking.com/hotel/us/grand-season-inn-waupaca.html?aid=304142&label=gen173nr-10CBkoggI46AdIM1gEaGyIAQGYATO4ARfIAQzYAQPoAQH4AQGIAgGoAgG4ApeMjsgGwAIB0gIkMjlmODgzOGUtNTk5OC00MjNhLTg3OTUtN2M0MDViOGZmZmU12AIB4AIB&sid=b4a3f7b31a243b80f8ac20db0073a78a&checkin=2025-11-01&checkout=2025-11-05&dist=0&group_adults=2&group_children=0&hapos=1&hpos=1&no_rooms=1&req_adults=2&req_children=0&room1=A%2CA&sb_price_type=total&soh=1&sr_order=popularity&srepoch=1761842376&srpvid=26dd7514751709f0&type=total&ucfs=1&#no_availability_msg
BOOKING_4,booking,Ramada by Wyndham Waupaca,King Studio Suite - Non-Smoking,king bed,King,Suite,2,"['1 room', '350 m²', 'Air conditioning', 'Attached bathroom', 'Flat-screen TV', 'Soundproof', 'Coffee machine', 'Free Wifi', 'Free toiletries', 'Toilet', 'Bathtub or shower', 'Towels', 'Linens', 'Tile/Marble floor', 'High chair', 'Sitting area', 'TV', 'Refrigerator', 'Telephone', 'Ironing facilities', 'Iron', 'Radio', 'Microwave', 'Heating', 'Hairdryer', 'Wake-up service/Alarm clock', 'Carpeted', 'Cable channels', 'Alarm clock', 'Dryer', 'Wireless internet', 'Clothes rack', 'Toilet paper', 'Entire unit wheelchair accessible', 'Single-room AC for guest accommodation']",6942.0,937.0,7879.0,2025-11-13,2025-11-14,https://www.booking.com/hotel/us/grand-season-inn-waupaca.html?aid=304142&label=gen173nr-10CBkoggI46AdIM1gEaGyIAQGYATO4ARfIAQzYAQPoAQH4AQGIAgGoAgG4ApeMjsgGwAIB0gIkMjlmODgzOGUtNTk5OC00MjNhLTg3OTUtN2M0MDViOGZmZmU12AIB4AIB&sid=b4a3f7b31a243b80f8ac20db0073a78a&checkin=2025-11-01&checkout=2025-11-05&dist=0&group_adults=2&group_children=0&hapos=1&hpos=1&no_rooms=1&req_adults=2&req_children=0&room1=A%2CA&sb_price_type=total&soh=1&sr_order=popularity&srepoch=1761842376&srpvid=26dd7514751709f0&type=total&ucfs=1&#no_availability_msg
BOOKING_4,booking,Ramada by Wyndham Waupaca,One-Bedroom King Suite - Non-Smoking,king bedand,King,Suite,1,"['1 room', '350 m²', 'Air conditioning', 'Attached bathroom', 'Flat-screen TV', 'Soundproof', 'Coffee machine', 'Free Wifi', 'Free toiletries', 'Toilet', 'Sofa', 'Bathtub or shower', 'Towels', 'Linens', 'Tile/Marble floor', 'High chair', 'Sitting area', 'TV', 'Refrigerator', 'Telephone', 'Ironing facilities', 'Iron', 'Radio', 'Microwave', 'Heating', 'Hairdryer', 'Wake-up service/Alarm clock', 'Carpeted', 'Cable channels', 'Alarm clock', 'Dryer', 'Wireless internet', 'Clothes rack', 'Toilet paper', 'Entire unit wheelchair accessible', 'Single-room AC for guest accommodation']",7319.0,988.0,8307.0,2025-11-13,2025-11-14,https://www.booking.com/hotel/us/grand-season-inn-waupaca.html?aid=304142&label=gen173nr-10CBkoggI46AdIM1gEaGyIAQGYATO4ARfIAQzYAQPoAQH4AQGIAgGoAgG4ApeMjsgGwAIB0gIkMjlmODgzOGUtNTk5OC00MjNhLTg3OTUtN2M0MDViOGZmZmU12AIB4AIB&sid=b4a3f7b31a243b80f8ac20db0073a78a&checkin=2025-11-01&checkout=2025-11-05&dist=0&group_adults=2&group_children=0&hapos=1&hpos=1&no_rooms=1&req_adults=2&req_children=0&room1=A%2CA&sb_price_type=total&soh=1&sr_order=popularity&srepoch=1761842376&srpvid=26dd7514751709f0&type=total&ucfs=1&#no_availability_msg
BOOKING_4,booking,Ramada by Wyndham Waupaca,Deluxe King Studio Suite - Non-Smoking,queen beds,Queen,Suite,3,"['1 room', '350 m²', 'Air conditioning', 'Attached bathroom', 'Flat-screen TV', 'Soundproof', 'Coffee machine', 'Free Wifi', 'Free toiletries', 'Toilet', 'Bathtub or shower', 'Towels', 'Linens', 'Tile/Marble floor', 'High chair', 'Sitting area', 'TV', 'Refrigerator', 'Telephone', 'Ironing facilities', 'Iron', 'Radio', 'Microwave', 'Heating', 'Hairdryer', 'Wake-up service/Alarm clock', 'Carpeted', 'Cable channels', 'Alarm clock', 'Dryer', 'Wireless internet', 'Clothes rack', 'Toilet paper', 'Entire unit wheelchair accessible', 'Single-room AC for guest accommodation']",7696.0,1039.0,8735.0,2025-11-13,2025-11-14,https://www.booking.com/hotel/us/grand-season-inn-waupaca.html?aid=304142&label=gen173nr-10CBkoggI46AdIM1gEaGyIAQGYATO4ARfIAQzYAQPoAQH4AQGIAgGoAgG4ApeMjsgGwAIB0gIkMjlmODgzOGUtNTk5OC00MjNhLTg3OTUtN2M0MDViOGZmZmU12AIB4AIB&sid=b4a3f7b31a243b80f8ac20db0073a78a&checkin=2025-11-01&checkout=2025-11-05&dist=0&group_adults=2&group_children=0&hapos=1&hpos=1&no_rooms=1&req_adults=2&req_children=0&room1=A%2CA&sb_price_type=total&soh=1&sr_order=popularity&srepoch=1761842376&srpvid=26dd7514751709f0&type=total&ucfs=1&#no_availability_msg
BOOKING_4,booking,Ramada by Wyndham Waupaca,Efficiency Queen Room - Non-Smoking,queen bed,Queen,Normal,2,"['Entire studio', 'Private kitchen', 'Private bathroom', 'Air conditioning', 'Minibar', 'Free Wifi', 'Free toiletries', 'Kitchen', 'Toilet', 'Sofa', 'Sitting area', 'TV', 'Refrigerator', 'Tea/Coffee maker', 'Iron', 'Microwave', 'Heating', 'Hairdryer', 'Kitchenware', 'Cable channels', 'Wardrobe or closet', 'Oven', 'Stovetop', 'Wireless internet', 'Dining area']",9206.0,1243.0,10449.0,2025-11-13,2025-11-14,https://www.booking.com/hotel/us/grand-season-inn-waupaca.html?aid=304142&label=gen173nr-10CBkoggI46AdIM1gEaGyIAQGYATO4ARfIAQzYAQPoAQH4AQGIAgGoAgG4ApeMjsgGwAIB0gIkMjlmODgzOGUtNTk5OC00MjNhLTg3OTUtN2M0MDViOGZmZmU12AIB4AIB&sid=b4a3f7b31a243b80f8ac20db0073a78a&checkin=2025-11-01&checkout=2025-11-05&dist=0&group_adults=2&group_children=0&hapos=1&hpos=1&no_rooms=1&req_adults=2&req_children=0&room1=A%2CA&sb_price_type=total&soh=1&sr_order=popularity&srepoch=1761842376&srpvid=26dd7514751709f0&type=total&ucfs=1&#no_availability_msg
BOOKING_4,booking,Us,Queen Room with Two Queen Beds - Non-Smoking,queen beds,Queen,Normal,0,"['1 room', '250 m²', 'Air conditioning', 'Attached bathroom', 'Flat-screen TV', 'Soundproof', 'Coffee machine', 'Free Wifi', 'Free toiletries', 'Toilet', 'Bathtub or shower', 'Towels', 'Linens', 'Tile/Marble floor', 'High chair', 'Sitting area', 'TV', 'Refrigerator', 'Telephone', 'Ironing facilities', 'Iron', 'Radio', 'Microwave', 'Heating', 'Hairdryer', 'Wake-up service/Alarm clock', 'Carpeted', 'Cable channels', 'Alarm clock', 'Dryer', 'Wireless internet', 'Clothes rack', 'Toilet paper', 'Entire unit wheelchair accessible', 'Single-room AC for guest accommodation']",10866.0,1467.0,12333.0,2025-11-14,2025-11-15,https://www.booking.com/hotel/us/grand-season-inn-waupaca.html?aid=304142&label=gen173nr-10CBkoggI46AdIM1gEaGyIAQGYATO4ARfIAQzYAQPoAQH4AQGIAgGoAgG4ApeMjsgGwAIB0gIkMjlmODgzOGUtNTk5OC00MjNhLTg3OTUtN2M0MDViOGZmZmU12AIB4AIB&sid=b4a3f7b31a243b80f8ac20db0073a78a&checkin=2025-11-01&checkout=2025-11-05&dist=0&group_adults=2&group_children=0&hapos=1&hpos=1&no_rooms=1&req_adults=2&req_children=0&room1=A%2CA&sb_price_type=total&soh=1&sr_order=popularity&srepoch=1761842376&srpvid=26dd7514751709f0&type=total&ucfs=1&#no_availability_msg
BOOKING_4,booking,Us,King Room - Non-Smoking,king bed,King,Normal,0,"['1 room', '185 m²', 'Air conditioning', 'Attached bathroom', 'Flat-screen TV', 'Soundproof', 'Coffee machine', 'Free Wifi', 'Free toiletries', 'Toilet', 'Bathtub or shower', 'Towels', 'Linens', 'Tile/Marble floor', 'High chair', 'Sitting area', 'TV', 'Refrigerator', 'Telephone', 'Ironing facilities', 'Iron', 'Radio', 'Microwave', 'Heating', 'Hairdryer', 'Wake-up service/Alarm clock', 'Carpeted', 'Cable channels', 'Alarm clock', 'Dryer', 'Wireless internet', 'Clothes rack', 'Toilet paper', 'Entire unit wheelchair accessible', 'Single-room AC for guest accommodation']",10488.0,1416.0,11904.0,2025-11-14,2025-11-15,https://www.booking.com/hotel/us/grand-season-inn-waupaca.html?aid=304142&label=gen173nr-10CBkoggI46AdIM1gEaGyIAQGYATO4ARfIAQzYAQPoAQH4AQGIAgGoAgG4ApeMjsgGwAIB0gIkMjlmODgzOGUtNTk5OC00MjNhLTg3OTUtN2M0MDViOGZmZmU12AIB4AIB&sid=b4a3f7b31a243b80f8ac20db0073a78a&checkin=2025-11-01&checkout=2025-11-05&dist=0&group_adults=2&group_children=0&hapos=1&hpos=1&no_rooms=1&req_adults=2&req_children=0&room1=A%2CA&sb_price_type=total&soh=1&sr_order=popularity&srepoch=1761842376&srpvid=26dd7514751709f0&type=total&ucfs=1&#no_availability_msg
BOOKING_4,booking,Us,Queen Room - Non-Smoking,sofa bedand,Sofa,Normal,2,"['1 room', '185 m²', 'Air conditioning', 'Attached bathroom', 'Flat-screen TV', 'Soundproof', 'Coffee machine', 'Free Wifi', 'Free toiletries', 'Toilet', 'Sofa', 'Bathtub or shower', 'Towels', 'Linens', 'Tile/Marble floor', 'High chair', 'Sitting area', 'TV', 'Refrigerator', 'Telephone', 'Ironing facilities', 'Iron', 'Radio', 'Microwave', 'Heating', 'Hairdryer', 'Wake-up service/Alarm clock', 'Carpeted', 'Cable channels', 'Alarm clock', 'Dryer', 'Wireless internet', 'Clothes rack', 'Toilet paper', 'Entire unit wheelchair accessible', 'Single-room AC for guest accommodation']",10488.0,1416.0,11904.0,2025-11-14,2025-11-15,https://www.booking.com/hotel/us/grand-season-inn-waupaca.html?aid=304142&label=gen173nr-10CBkoggI46AdIM1gEaGyIAQGYATO4ARfIAQzYAQPoAQH4AQGIAgGoAgG4ApeMjsgGwAIB0gIkMjlmODgzOGUtNTk5OC00MjNhLTg3OTUtN2M0MDViOGZmZmU12AIB4AIB&sid=b4a3f7b31a243b80f8ac20db0073a78a&checkin=2025-11-01&checkout=2025-11-05&dist=0&group_adults=2&group_children=0&hapos=1&hpos=1&no_rooms=1&req_adults=2&req_children=0&room1=A%2CA&sb_price_type=total&soh=1&sr_order=popularity&srepoch=1761842376&srpvid=26dd7514751709f0&type=total&ucfs=1&#no_availability_msg
BOOKING_4,booking,Us,Queen Room with Two Queen Beds and Bath Tub - Mobility Accessible/Non-Smoking,queen beds,Queen,Normal,3,"['1 room', '185 m²', 'Air conditioning', 'Attached bathroom', 'Flat-screen TV', 'Soundproof', 'Coffee machine', 'Free Wifi', 'Free toiletries', 'Toilet', 'Bathtub or shower', 'Towels', 'Linens', 'Tile/Marble floor', 'High chair', 'Sitting area', 'TV', 'Refrigerator', 'Telephone', 'Ironing facilities', 'Iron', 'Radio', 'Microwave', 'Heating', 'Hairdryer', 'Wake-up service/Alarm clock', 'Carpeted', 'Cable channels', 'Alarm clock', 'Dryer', 'Wireless internet', 'Clothes rack', 'Toilet paper', 'Entire unit wheelchair accessible', 'Single-room AC for guest accommodation']",10866.0,1467.0,12333.0,2025-11-14,2025-11-15,https://www.booking.com/hotel/us/grand-season-inn-waupaca.html?aid=304142&label=gen173nr-10CBkoggI46AdIM1gEaGyIAQGYATO4ARfIAQzYAQPoAQH4AQGIAgGoAgG4ApeMjsgGwAIB0gIkMjlmODgzOGUtNTk5OC00MjNhLTg3OTUtN2M0MDViOGZmZmU12AIB4AIB&sid=b4a3f7b31a243b80f8ac20db0073a78a&checkin=2025-11-01&checkout=2025-11-05&dist=0&group_adults=2&group_children=0&hapos=1&hpos=1&no_rooms=1&req_adults=2&req_children=0&room1=A%2CA&sb_price_type=total&soh=1&sr_order=popularity&srepoch=1761842376&srpvid=26dd7514751709f0&type=total&ucfs=1&#no_availability_msg
BOOKING_4,booking,Us,King Studio Suite - Non-Smoking,king bed,King,Suite,2,"['1 room', '350 m²', 'Air conditioning', 'Attached bathroom', 'Flat-screen TV', 'Soundproof', 'Coffee machine', 'Free Wifi', 'Free toiletries', 'Toilet', 'Bathtub or shower', 'Towels', 'Linens', 'Tile/Marble floor', 'High chair', 'Sitting area', 'TV', 'Refrigerator', 'Telephone', 'Ironing facilities', 'Iron', 'Radio', 'Microwave', 'Heating', 'Hairdryer', 'Wake-up service/Alarm clock', 'Carpeted', 'Cable channels', 'Alarm clock', 'Dryer', 'Wireless internet', 'Clothes rack', 'Toilet paper', 'Entire unit wheelchair accessible', 'Single-room AC for guest accommodation']",11997.0,1620.0,13617.0,2025-11-14,2025-11-15,https://www.booking.com/hotel/us/grand-season-inn-waupaca.html?aid=304142&label=gen173nr-10CBkoggI46AdIM1gEaGyIAQGYATO4ARfIAQzYAQPoAQH4AQGIAgGoAgG4ApeMjsgGwAIB0gIkMjlmODgzOGUtNTk5OC00MjNhLTg3OTUtN2M0MDViOGZmZmU12AIB4AIB&sid=b4a3f7b31a243b80f8ac20db0073a78a&checkin=2025-11-01&checkout=2025-11-05&dist=0&group_adults=2&group_children=0&hapos=1&hpos=1&no_rooms=1&req_adults=2&req_children=0&room1=A%2CA&sb_price_type=total&soh=1&sr_order=popularity&srepoch=1761842376&srpvid=26dd7514751709f0&type=total&ucfs=1&#no_availability_msg
BOOKING_4,booking,Us,Deluxe King Studio Suite - Non-Smoking,queen beds,Queen,Suite,3,"['1 room', '350 m²', 'Air conditioning', 'Attached bathroom', 'Flat-screen TV', 'Soundproof', 'Coffee machine', 'Free Wifi', 'Free toiletries', 'Toilet', 'Bathtub or shower', 'Towels', 'Linens', 'Tile/Marble floor', 'High chair', 'Sitting area', 'TV', 'Refrigerator', 'Telephone', 'Ironing facilities', 'Iron', 'Radio', 'Microwave', 'Heating', 'Hairdryer', 'Wake-up service/Alarm clock', 'Carpeted', 'Cable channels', 'Alarm clock', 'Dryer', 'Wireless internet', 'Clothes rack', 'Toilet paper', 'Entire unit wheelchair accessible', 'Single-room AC for guest accommodation']",12752.0,1722.0,14474.0,2025-11-14,2025-11-15,https://www.booking.com/hotel/us/grand-season-inn-waupaca.html?aid=304142&label=gen173nr-10CBkoggI46AdIM1gEaGyIAQGYATO4ARfIAQzYAQPoAQH4AQGIAgGoAgG4ApeMjsgGwAIB0gIkMjlmODgzOGUtNTk5OC00MjNhLTg3OTUtN2M0MDViOGZmZmU12AIB4AIB&sid=b4a3f7b31a243b80f8ac20db0073a78a&checkin=2025-11-01&checkout=2025-11-05&dist=0&group_adults=2&group_children=0&hapos=1&hpos=1&no_rooms=1&req_adults=2&req_children=0&room1=A%2CA&sb_price_type=total&soh=1&sr_order=popularity&srepoch=1761842376&srpvid=26dd7514751709f0&type=total&ucfs=1&#no_availability_msg
BOOKING_4,booking,Us,One-Bedroom King Suite - Non-Smoking,king bedand,King,Suite,1,"['1 room', '350 m²', 'Air conditioning', 'Attached bathroom', 'Flat-screen TV', 'Soundproof', 'Coffee machine', 'Free Wifi', 'Free toiletries', 'Toilet', 'Sofa', 'Bathtub or shower', 'Towels', 'Linens', 'Tile/Marble floor', 'High chair', 'Sitting area', 'TV', 'Refrigerator', 'Telephone', 'Ironing facilities', 'Iron', 'Radio', 'Microwave', 'Heating', 'Hairdryer', 'Wake-up service/Alarm clock', 'Carpeted', 'Cable channels', 'Alarm clock', 'Dryer', 'Wireless internet', 'Clothes rack', 'Toilet paper', 'Entire unit wheelchair accessible', 'Single-room AC for guest accommodation']",13507.0,1823.0,15330.0,2025-11-14,2025-11-15,https://www.booking.com/hotel/us/grand-season-inn-waupaca.html?aid=304142&label=gen173nr-10CBkoggI46AdIM1gEaGyIAQGYATO4ARfIAQzYAQPoAQH4AQGIAgGoAgG4ApeMjsgGwAIB0gIkMjlmODgzOGUtNTk5OC00MjNhLTg3OTUtN2M0MDViOGZmZmU12AIB4AIB&sid=b4a3f7b31a243b80f8ac20db0073a78a&checkin=2025-11-01&checkout=2025-11-05&dist=0&group_adults=2&group_children=0&hapos=1&hpos=1&no_rooms=1&req_adults=2&req_children=0&room1=A%2CA&sb_price_type=total&soh=1&sr_order=popularity&srepoch=1761842376&srpvid=26dd7514751709f0&type=total&ucfs=1&#no_availability_msg
BOOKING_4,booking,Us,Efficiency Queen Room - Non-Smoking,queen bed,Queen,Normal,2,"['Entire studio', 'Private kitchen', 'Private bathroom', 'Air conditioning', 'Minibar', 'Free Wifi', 'Free toiletries', 'Kitchen', 'Toilet', 'Sofa', 'Sitting area', 'TV', 'Refrigerator', 'Tea/Coffee maker', 'Iron', 'Microwave', 'Heating', 'Hairdryer', 'Kitchenware', 'Cable channels', 'Wardrobe or closet', 'Oven', 'Stovetop', 'Wireless internet', 'Dining area']",13507.0,1823.0,15330.0,2025-11-14,2025-11-15,https://www.booking.com/hotel/us/grand-season-inn-waupaca.html?aid=304142&label=gen173nr-10CBkoggI46AdIM1gEaGyIAQGYATO4ARfIAQzYAQPoAQH4AQGIAgGoAgG4ApeMjsgGwAIB0gIkMjlmODgzOGUtNTk5OC00MjNhLTg3OTUtN2M0MDViOGZmZmU12AIB4AIB&sid=b4a3f7b31a243b80f8ac20db0073a78a&checkin=2025-11-01&checkout=2025-11-05&dist=0&group_adults=2&group_children=0&hapos=1&hpos=1&no_rooms=1&req_adults=2&req_children=0&room1=A%2CA&sb_price_type=total&soh=1&sr_order=popularity&srepoch=1761842376&srpvid=26dd7514751709f0&type=total&ucfs=1&#no_availability_msg
BOOKING_4,booking,Us,Queen Room with Two Queen Beds - Non-Smoking,queen beds,Queen,Normal,0,"['1 room', '250 m²', 'Air conditioning', 'Attached bathroom', 'Flat-screen TV', 'Soundproof', 'Coffee machine', 'Free Wifi', 'Free toiletries', 'Toilet', 'Bathtub or shower', 'Towels', 'Linens', 'Tile/Marble floor', 'High chair', 'Sitting area', 'TV', 'Refrigerator', 'Telephone', 'Ironing facilities', 'Iron', 'Radio', 'Microwave', 'Heating', 'Hairdryer', 'Wake-up service/Alarm clock', 'Carpeted', 'Cable channels', 'Alarm clock', 'Dryer', 'Wireless internet', 'Clothes rack', 'Toilet paper', 'Entire unit wheelchair accessible', 'Single-room AC for guest accommodation']",10866.0,1467.0,12333.0,2025-11-15,2025-11-16,https://www.booking.com/hotel/us/grand-season-inn-waupaca.html?aid=304142&label=gen173nr-10CBkoggI46AdIM1gEaGyIAQGYATO4ARfIAQzYAQPoAQH4AQGIAgGoAgG4ApeMjsgGwAIB0gIkMjlmODgzOGUtNTk5OC00MjNhLTg3OTUtN2M0MDViOGZmZmU12AIB4AIB&sid=b4a3f7b31a243b80f8ac20db0073a78a&checkin=2025-11-01&checkout=2025-11-05&dist=0&group_adults=2&group_children=0&hapos=1&hpos=1&no_rooms=1&req_adults=2&req_children=0&room1=A%2CA&sb_price_type=total&soh=1&sr_order=popularity&srepoch=1761842376&srpvid=26dd7514751709f0&type=total&ucfs=1&#no_availability_msg
BOOKING_4,booking,Us,King Room - Non-Smoking,king bed,King,Normal,0,"['1 room', '185 m²', 'Air conditioning', 'Attached bathroom', 'Flat-screen TV', 'Soundproof', 'Coffee machine', 'Free Wifi', 'Free toiletries', 'Toilet', 'Bathtub or shower', 'Towels', 'Linens', 'Tile/Marble floor', 'High chair', 'Sitting area', 'TV', 'Refrigerator', 'Telephone', 'Ironing facilities', 'Iron', 'Radio', 'Microwave', 'Heating', 'Hairdryer', 'Wake-up service/Alarm clock', 'Carpeted', 'Cable channels', 'Alarm clock', 'Dryer', 'Wireless internet', 'Clothes rack', 'Toilet paper', 'Entire unit wheelchair accessible', 'Single-room AC for guest accommodation']",10488.0,1416.0,11904.0,2025-11-15,2025-11-16,https://www.booking.com/hotel/us/grand-season-inn-waupaca.html?aid=304142&label=gen173nr-10CBkoggI46AdIM1gEaGyIAQGYATO4ARfIAQzYAQPoAQH4AQGIAgGoAgG4ApeMjsgGwAIB0gIkMjlmODgzOGUtNTk5OC00MjNhLTg3OTUtN2M0MDViOGZmZmU12AIB4AIB&sid=b4a3f7b31a243b80f8ac20db0073a78a&checkin=2025-11-01&checkout=2025-11-05&dist=0&group_adults=2&group_children=0&hapos=1&hpos=1&no_rooms=1&req_adults=2&req_children=0&room1=A%2CA&sb_price_type=total&soh=1&sr_order=popularity&srepoch=1761842376&srpvid=26dd7514751709f0&type=total&ucfs=1&#no_availability_msg
BOOKING_4,booking,Us,Queen Room - Non-Smoking,sofa bedand,Sofa,Normal,2,"['1 room', '185 m²', 'Air conditioning', 'Attached bathroom', 'Flat-screen TV', 'Soundproof', 'Coffee machine', 'Free Wifi', 'Free toiletries', 'Toilet', 'Sofa', 'Bathtub or shower', 'Towels', 'Linens', 'Tile/Marble floor', 'High chair', 'Sitting area', 'TV', 'Refrigerator', 'Telephone', 'Ironing facilities', 'Iron', 'Radio', 'Microwave', 'Heating', 'Hairdryer', 'Wake-up service/Alarm clock', 'Carpeted', 'Cable channels', 'Alarm clock', 'Dryer', 'Wireless internet', 'Clothes rack', 'Toilet paper', 'Entire unit wheelchair accessible', 'Single-room AC for guest accommodation']",10488.0,1416.0,11904.0,2025-11-15,2025-11-16,https://www.booking.com/hotel/us/grand-season-inn-waupaca.html?aid=304142&label=gen173nr-10CBkoggI46AdIM1gEaGyIAQGYATO4ARfIAQzYAQPoAQH4AQGIAgGoAgG4ApeMjsgGwAIB0gIkMjlmODgzOGUtNTk5OC00MjNhLTg3OTUtN2M0MDViOGZmZmU12AIB4AIB&sid=b4a3f7b31a243b80f8ac20db0073a78a&checkin=2025-11-01&checkout=2025-11-05&dist=0&group_adults=2&group_children=0&hapos=1&hpos=1&no_rooms=1&req_adults=2&req_children=0&room1=A%2CA&sb_price_type=total&soh=1&sr_order=popularity&srepoch=1761842376&srpvid=26dd7514751709f0&type=total&ucfs=1&#no_availability_msg
BOOKING_4,booking,Us,Queen Room with Two Queen Beds and Bath Tub - Mobility Accessible/Non-Smoking,queen beds,Queen,Normal,3,"['1 room', '185 m²', 'Air conditioning', 'Attached bathroom', 'Flat-screen TV', 'Soundproof', 'Coffee machine', 'Free Wifi', 'Free toiletries', 'Toilet', 'Bathtub or shower', 'Towels', 'Linens', 'Tile/Marble floor', 'High chair', 'Sitting area', 'TV', 'Refrigerator', 'Telephone', 'Ironing facilities', 'Iron', 'Radio', 'Microwave', 'Heating', 'Hairdryer', 'Wake-up service/Alarm clock', 'Carpeted', 'Cable channels', 'Alarm clock', 'Dryer', 'Wireless internet', 'Clothes rack', 'Toilet paper', 'Entire unit wheelchair accessible', 'Single-room AC for guest accommodation']",10866.0,1467.0,12333.0,2025-11-15,2025-11-16,https://www.booking.com/hotel/us/grand-season-inn-waupaca.html?aid=304142&label=gen173nr-10CBkoggI46AdIM1gEaGyIAQGYATO4ARfIAQzYAQPoAQH4AQGIAgGoAgG4ApeMjsgGwAIB0gIkMjlmODgzOGUtNTk5OC00MjNhLTg3OTUtN2M0MDViOGZmZmU12AIB4AIB&sid=b4a3f7b31a243b80f8ac20db0073a78a&checkin=2025-11-01&checkout=2025-11-05&dist=0&group_adults=2&group_children=0&hapos=1&hpos=1&no_rooms=1&req_adults=2&req_children=0&room1=A%2CA&sb_price_type=total&soh=1&sr_order=popularity&srepoch=1761842376&srpvid=26dd7514751709f0&type=total&ucfs=1&#no_availability_msg
BOOKING_4,booking,Us,King Studio Suite - Non-Smoking,king bed,King,Suite,2,"['1 room', '350 m²', 'Air conditioning', 'Attached bathroom', 'Flat-screen TV', 'Soundproof', 'Coffee machine', 'Free Wifi', 'Free toiletries', 'Toilet', 'Bathtub or shower', 'Towels', 'Linens', 'Tile/Marble floor', 'High chair', 'Sitting area', 'TV', 'Refrigerator', 'Telephone', 'Ironing facilities', 'Iron', 'Radio', 'Microwave', 'Heating', 'Hairdryer', 'Wake-up service/Alarm clock', 'Carpeted', 'Cable channels', 'Alarm clock', 'Dryer', 'Wireless internet', 'Clothes rack', 'Toilet paper', 'Entire unit wheelchair accessible', 'Single-room AC for guest accommodation']",11997.0,1620.0,13617.0,2025-11-15,2025-11-16,https://www.booking.com/hotel/us/grand-season-inn-waupaca.html?aid=304142&label=gen173nr-10CBkoggI46AdIM1gEaGyIAQGYATO4ARfIAQzYAQPoAQH4AQGIAgGoAgG4ApeMjsgGwAIB0gIkMjlmODgzOGUtNTk5OC00MjNhLTg3OTUtN2M0MDViOGZmZmU12AIB4AIB&sid=b4a3f7b31a243b80f8ac20db0073a78a&checkin=2025-11-01&checkout=2025-11-05&dist=0&group_adults=2&group_children=0&hapos=1&hpos=1&no_rooms=1&req_adults=2&req_children=0&room1=A%2CA&sb_price_type=total&soh=1&sr_order=popularity&srepoch=1761842376&srpvid=26dd7514751709f0&type=total&ucfs=1&#no_availability_msg
BOOKING_4,booking,Us,Deluxe King Studio Suite - Non-Smoking,queen beds,Queen,Suite,3,"['1 room', '350 m²', 'Air conditioning', 'Attached bathroom', 'Flat-screen TV', 'Soundproof', 'Coffee machine', 'Free Wifi', 'Free toiletries', 'Toilet', 'Bathtub or shower', 'Towels', 'Linens', 'Tile/Marble floor', 'High chair', 'Sitting area', 'TV', 'Refrigerator', 'Telephone', 'Ironing facilities', 'Iron', 'Radio', 'Microwave', 'Heating', 'Hairdryer', 'Wake-up service/Alarm clock', 'Carpeted', 'Cable channels', 'Alarm clock', 'Dryer', 'Wireless internet', 'Clothes rack', 'Toilet paper', 'Entire unit wheelchair accessible', 'Single-room AC for guest accommodation']",12752.0,1722.0,14474.0,2025-11-15,2025-11-16,https://www.booking.com/hotel/us/grand-season-inn-waupaca.html?aid=304142&label=gen173nr-10CBkoggI46AdIM1gEaGyIAQGYATO4ARfIAQzYAQPoAQH4AQGIAgGoAgG4ApeMjsgGwAIB0gIkMjlmODgzOGUtNTk5OC00MjNhLTg3OTUtN2M0MDViOGZmZmU12AIB4AIB&sid=b4a3f7b31a243b80f8ac20db0073a78a&checkin=2025-11-01&checkout=2025-11-05&dist=0&group_adults=2&group_children=0&hapos=1&hpos=1&no_rooms=1&req_adults=2&req_children=0&room1=A%2CA&sb_price_type=total&soh=1&sr_order=popularity&srepoch=1761842376&srpvid=26dd7514751709f0&type=total&ucfs=1&#no_availability_msg
BOOKING_4,booking,Us,One-Bedroom King Suite - Non-Smoking,king bedand,King,Suite,1,"['1 room', '350 m²', 'Air conditioning', 'Attached bathroom', 'Flat-screen TV', 'Soundproof', 'Coffee machine', 'Free Wifi', 'Free toiletries', 'Toilet', 'Sofa', 'Bathtub or shower', 'Towels', 'Linens', 'Tile/Marble floor', 'High chair', 'Sitting area', 'TV', 'Refrigerator', 'Telephone', 'Ironing facilities', 'Iron', 'Radio', 'Microwave', 'Heating', 'Hairdryer', 'Wake-up service/Alarm clock', 'Carpeted', 'Cable channels', 'Alarm clock', 'Dryer', 'Wireless internet', 'Clothes rack', 'Toilet paper', 'Entire unit wheelchair accessible', 'Single-room AC for guest accommodation']",13507.0,1823.0,15330.0,2025-11-15,2025-11-16,https://www.booking.com/hotel/us/grand-season-inn-waupaca.html?aid=304142&label=gen173nr-10CBkoggI46AdIM1gEaGyIAQGYATO4ARfIAQzYAQPoAQH4AQGIAgGoAgG4ApeMjsgGwAIB0gIkMjlmODgzOGUtNTk5OC00MjNhLTg3OTUtN2M0MDViOGZmZmU12AIB4AIB&sid=b4a3f7b31a243b80f8ac20db0073a78a&checkin=2025-11-01&checkout=2025-11-05&dist=0&group_adults=2&group_children=0&hapos=1&hpos=1&no_rooms=1&req_adults=2&req_children=0&room1=A%2CA&sb_price_type=total&soh=1&sr_order=popularity&srepoch=1761842376&srpvid=26dd7514751709f0&type=total&ucfs=1&#no_availability_msg
BOOKING_4,booking,Us,Efficiency Queen Room - Non-Smoking,queen bed,Queen,Normal,2,"['Entire studio', 'Private kitchen', 'Private bathroom', 'Air conditioning', 'Minibar', 'Free Wifi', 'Free toiletries', 'Kitchen', 'Toilet', 'Sofa', 'Sitting area', 'TV', 'Refrigerator', 'Tea/Coffee maker', 'Iron', 'Microwave', 'Heating', 'Hairdryer', 'Kitchenware', 'Cable channels', 'Wardrobe or closet', 'Oven', 'Stovetop', 'Wireless internet', 'Dining area']",13507.0,1823.0,15330.0,2025-11-15,2025-11-16,https://www.booking.com/hotel/us/grand-season-inn-waupaca.html?aid=304142&label=gen173nr-10CBkoggI46AdIM1gEaGyIAQGYATO4ARfIAQzYAQPoAQH4AQGIAgGoAgG4ApeMjsgGwAIB0gIkMjlmODgzOGUtNTk5OC00MjNhLTg3OTUtN2M0MDViOGZmZmU12AIB4AIB&sid=b4a3f7b31a243b80f8ac20db0073a78a&checkin=2025-11-01&checkout=2025-11-05&dist=0&group_adults=2&group_children=0&hapos=1&hpos=1&no_rooms=1&req_adults=2&req_children=0&room1=A%2CA&sb_price_type=total&soh=1&sr_order=popularity&srepoch=1761842376&srpvid=26dd7514751709f0&type=total&ucfs=1&#no_availability_msg
BOOKING_4,booking,Us,Queen Room with Two Queen Beds - Non-Smoking,queen beds,Queen,Normal,0,"['1 room', '250 m²', 'Air conditioning', 'Attached bathroom', 'Flat-screen TV', 'Soundproof', 'Coffee machine', 'Free Wifi', 'Free toiletries', 'Toilet', 'Bathtub or shower', 'Towels', 'Linens', 'Tile/Marble floor', 'High chair', 'Sitting area', 'TV', 'Refrigerator', 'Telephone', 'Ironing facilities', 'Iron', 'Radio', 'Microwave', 'Heating', 'Hairdryer', 'Wake-up service/Alarm clock', 'Carpeted', 'Cable channels', 'Alarm clock', 'Dryer', 'Wireless internet', 'Clothes rack', 'Toilet paper', 'Entire unit wheelchair accessible', 'Single-room AC for guest accommodation']",6263.0,845.0,7108.0,2025-11-16,2025-11-17,https://www.booking.com/hotel/us/grand-season-inn-waupaca.html?aid=304142&label=gen173nr-10CBkoggI46AdIM1gEaGyIAQGYATO4ARfIAQzYAQPoAQH4AQGIAgGoAgG4ApeMjsgGwAIB0gIkMjlmODgzOGUtNTk5OC00MjNhLTg3OTUtN2M0MDViOGZmZmU12AIB4AIB&sid=b4a3f7b31a243b80f8ac20db0073a78a&checkin=2025-11-01&checkout=2025-11-05&dist=0&group_adults=2&group_children=0&hapos=1&hpos=1&no_rooms=1&req_adults=2&req_children=0&room1=A%2CA&sb_price_type=total&soh=1&sr_order=popularity&srepoch=1761842376&srpvid=26dd7514751709f0&type=total&ucfs=1&#no_availability_msg
BOOKING_4,booking,Us,King Room - Non-Smoking,king bed,King,Normal,0,"['1 room', '185 m²', 'Air conditioning', 'Attached bathroom', 'Flat-screen TV', 'Soundproof', 'Coffee machine', 'Free Wifi', 'Free toiletries', 'Toilet', 'Bathtub or shower', 'Towels', 'Linens', 'Tile/Marble floor', 'High chair', 'Sitting area', 'TV', 'Refrigerator', 'Telephone', 'Ironing facilities', 'Iron', 'Radio', 'Microwave', 'Heating', 'Hairdryer', 'Wake-up service/Alarm clock', 'Carpeted', 'Cable channels', 'Alarm clock', 'Dryer', 'Wireless internet', 'Clothes rack', 'Toilet paper', 'Entire unit wheelchair accessible', 'Single-room AC for guest accommodation']",6263.0,845.0,7108.0,2025-11-16,2025-11-17,https://www.booking.com/hotel/us/grand-season-inn-waupaca.html?aid=304142&label=gen173nr-10CBkoggI46AdIM1gEaGyIAQGYATO4ARfIAQzYAQPoAQH4AQGIAgGoAgG4ApeMjsgGwAIB0gIkMjlmODgzOGUtNTk5OC00MjNhLTg3OTUtN2M0MDViOGZmZmU12AIB4AIB&sid=b4a3f7b31a243b80f8ac20db0073a78a&checkin=2025-11-01&checkout=2025-11-05&dist=0&group_adults=2&group_children=0&hapos=1&hpos=1&no_rooms=1&req_adults=2&req_children=0&room1=A%2CA&sb_price_type=total&soh=1&sr_order=popularity&srepoch=1761842376&srpvid=26dd7514751709f0&type=total&ucfs=1&#no_availability_msg
BOOKING_4,booking,Us,Queen Room - Non-Smoking,sofa bedand,Sofa,Normal,2,"['1 room', '185 m²', 'Air conditioning', 'Attached bathroom', 'Flat-screen TV', 'Soundproof', 'Coffee machine', 'Free Wifi', 'Free toiletries', 'Toilet', 'Sofa', 'Bathtub or shower', 'Towels', 'Linens', 'Tile/Marble floor', 'High chair', 'Sitting area', 'TV', 'Refrigerator', 'Telephone', 'Ironing facilities', 'Iron', 'Radio', 'Microwave', 'Heating', 'Hairdryer', 'Wake-up service/Alarm clock', 'Carpeted', 'Cable channels', 'Alarm clock', 'Dryer', 'Wireless internet', 'Clothes rack', 'Toilet paper', 'Entire unit wheelchair accessible', 'Single-room AC for guest accommodation']",6263.0,845.0,7108.0,2025-11-16,2025-11-17,https://www.booking.com/hotel/us/grand-season-inn-waupaca.html?aid=304142&label=gen173nr-10CBkoggI46AdIM1gEaGyIAQGYATO4ARfIAQzYAQPoAQH4AQGIAgGoAgG4ApeMjsgGwAIB0gIkMjlmODgzOGUtNTk5OC00MjNhLTg3OTUtN2M0MDViOGZmZmU12AIB4AIB&sid=b4a3f7b31a243b80f8ac20db0073a78a&checkin=2025-11-01&checkout=2025-11-05&dist=0&group_adults=2&group_children=0&hapos=1&hpos=1&no_rooms=1&req_adults=2&req_children=0&room1=A%2CA&sb_price_type=total&soh=1&sr_order=popularity&srepoch=1761842376&srpvid=26dd7514751709f0&type=total&ucfs=1&#no_availability_msg
BOOKING_4,booking,Us,Queen Room with Two Queen Beds and Bath Tub - Mobility Accessible/Non-Smoking,queen beds,Queen,Normal,7,"['1 room', '185 m²', 'Air conditioning', 'Attached bathroom', 'Flat-screen TV', 'Soundproof', 'Coffee machine', 'Free Wifi', 'Free toiletries', 'Toilet', 'Bathtub or shower', 'Towels', 'Linens', 'Tile/Marble floor', 'High chair', 'Sitting area', 'TV', 'Refrigerator', 'Telephone', 'Ironing facilities', 'Iron', 'Radio', 'Microwave', 'Heating', 'Hairdryer', 'Wake-up service/Alarm clock', 'Carpeted', 'Cable channels', 'Alarm clock', 'Dryer', 'Wireless internet', 'Clothes rack', 'Toilet paper', 'Entire unit wheelchair accessible', 'Single-room AC for guest accommodation']",6263.0,845.0,7108.0,2025-11-16,2025-11-17,https://www.booking.com/hotel/us/grand-season-inn-waupaca.html?aid=304142&label=gen173nr-10CBkoggI46AdIM1gEaGyIAQGYATO4ARfIAQzYAQPoAQH4AQGIAgGoAgG4ApeMjsgGwAIB0gIkMjlmODgzOGUtNTk5OC00MjNhLTg3OTUtN2M0MDViOGZmZmU12AIB4AIB&sid=b4a3f7b31a243b80f8ac20db0073a78a&checkin=2025-11-01&checkout=2025-11-05&dist=0&group_adults=2&group_children=0&hapos=1&hpos=1&no_rooms=1&req_adults=2&req_children=0&room1=A%2CA&sb_price_type=total&soh=1&sr_order=popularity&srepoch=1761842376&srpvid=26dd7514751709f0&type=total&ucfs=1&#no_availability_msg
BOOKING_4,booking,Us,King Studio Suite - Non-Smoking,king bed,King,Suite,2,"['1 room', '350 m²', 'Air conditioning', 'Attached bathroom', 'Flat-screen TV', 'Soundproof', 'Coffee machine', 'Free Wifi', 'Free toiletries', 'Toilet', 'Bathtub or shower', 'Towels', 'Linens', 'Tile/Marble floor', 'High chair', 'Sitting area', 'TV', 'Refrigerator', 'Telephone', 'Ironing facilities', 'Iron', 'Radio', 'Microwave', 'Heating', 'Hairdryer', 'Wake-up service/Alarm clock', 'Carpeted', 'Cable channels', 'Alarm clock', 'Dryer', 'Wireless internet', 'Clothes rack', 'Toilet paper', 'Entire unit wheelchair accessible', 'Single-room AC for guest accommodation']",7017.0,947.0,7964.0,2025-11-16,2025-11-17,https://www.booking.com/hotel/us/grand-season-inn-waupaca.html?aid=304142&label=gen173nr-10CBkoggI46AdIM1gEaGyIAQGYATO4ARfIAQzYAQPoAQH4AQGIAgGoAgG4ApeMjsgGwAIB0gIkMjlmODgzOGUtNTk5OC00MjNhLTg3OTUtN2M0MDViOGZmZmU12AIB4AIB&sid=b4a3f7b31a243b80f8ac20db0073a78a&checkin=2025-11-01&checkout=2025-11-05&dist=0&group_adults=2&group_children=0&hapos=1&hpos=1&no_rooms=1&req_adults=2&req_children=0&room1=A%2CA&sb_price_type=total&soh=1&sr_order=popularity&srepoch=1761842376&srpvid=26dd7514751709f0&type=total&ucfs=1&#no_availability_msg
BOOKING_4,booking,Us,One-Bedroom King Suite - Non-Smoking,king bedand,King,Suite,2,"['1 room', '350 m²', 'Air conditioning', 'Attached bathroom', 'Flat-screen TV', 'Soundproof', 'Coffee machine', 'Free Wifi', 'Free toiletries', 'Toilet', 'Sofa', 'Bathtub or shower', 'Towels', 'Linens', 'Tile/Marble floor', 'High chair', 'Sitting area', 'TV', 'Refrigerator', 'Telephone', 'Ironing facilities', 'Iron', 'Radio', 'Microwave', 'Heating', 'Hairdryer', 'Wake-up service/Alarm clock', 'Carpeted', 'Cable channels', 'Alarm clock', 'Dryer', 'Wireless internet', 'Clothes rack', 'Toilet paper', 'Entire unit wheelchair accessible', 'Single-room AC for guest accommodation']",7395.0,998.0,8393.0,2025-11-16,2025-11-17,https://www.booking.com/hotel/us/grand-season-inn-waupaca.html?aid=304142&label=gen173nr-10CBkoggI46AdIM1gEaGyIAQGYATO4ARfIAQzYAQPoAQH4AQGIAgGoAgG4ApeMjsgGwAIB0gIkMjlmODgzOGUtNTk5OC00MjNhLTg3OTUtN2M0MDViOGZmZmU12AIB4AIB&sid=b4a3f7b31a243b80f8ac20db0073a78a&checkin=2025-11-01&checkout=2025-11-05&dist=0&group_adults=2&group_children=0&hapos=1&hpos=1&no_rooms=1&req_adults=2&req_children=0&room1=A%2CA&sb_price_type=total&soh=1&sr_order=popularity&srepoch=1761842376&srpvid=26dd7514751709f0&type=total&ucfs=1&#no_availability_msg
BOOKING_4,booking,Us,Deluxe King Studio Suite - Non-Smoking,queen beds,Queen,Suite,3,"['1 room', '350 m²', 'Air conditioning', 'Attached bathroom', 'Flat-screen TV', 'Soundproof', 'Coffee machine', 'Free Wifi', 'Free toiletries', 'Toilet', 'Bathtub or shower', 'Towels', 'Linens', 'Tile/Marble floor', 'High chair', 'Sitting area', 'TV', 'Refrigerator', 'Telephone', 'Ironing facilities', 'Iron', 'Radio', 'Microwave', 'Heating', 'Hairdryer', 'Wake-up service/Alarm clock', 'Carpeted', 'Cable channels', 'Alarm clock', 'Dryer', 'Wireless internet', 'Clothes rack', 'Toilet paper', 'Entire unit wheelchair accessible', 'Single-room AC for guest accommodation']",7772.0,1049.0,8821.0,2025-11-16,2025-11-17,https://www.booking.com/hotel/us/grand-season-inn-waupaca.html?aid=304142&label=gen173nr-10CBkoggI46AdIM1gEaGyIAQGYATO4ARfIAQzYAQPoAQH4AQGIAgGoAgG4ApeMjsgGwAIB0gIkMjlmODgzOGUtNTk5OC00MjNhLTg3OTUtN2M0MDViOGZmZmU12AIB4AIB&sid=b4a3f7b31a243b80f8ac20db0073a78a&checkin=2025-11-01&checkout=2025-11-05&dist=0&group_adults=2&group_children=0&hapos=1&hpos=1&no_rooms=1&req_adults=2&req_children=0&room1=A%2CA&sb_price_type=total&soh=1&sr_order=popularity&srepoch=1761842376&srpvid=26dd7514751709f0&type=total&ucfs=1&#no_availability_msg
BOOKING_4,booking,Us,Efficiency Queen Room - Non-Smoking,queen bed,Queen,Normal,2,"['Entire studio', 'Private kitchen', 'Private bathroom', 'Air conditioning', 'Minibar', 'Free Wifi', 'Free toiletries', 'Kitchen', 'Toilet', 'Sofa', 'Sitting area', 'TV', 'Refrigerator', 'Tea/Coffee maker', 'Iron', 'Microwave', 'Heating', 'Hairdryer', 'Kitchenware', 'Cable channels', 'Wardrobe or closet', 'Oven', 'Stovetop', 'Wireless internet', 'Dining area']",9281.0,1253.0,10534.0,2025-11-16,2025-11-17,https://www.booking.com/hotel/us/grand-season-inn-waupaca.html?aid=304142&label=gen173nr-10CBkoggI46AdIM1gEaGyIAQGYATO4ARfIAQzYAQPoAQH4AQGIAgGoAgG4ApeMjsgGwAIB0gIkMjlmODgzOGUtNTk5OC00MjNhLTg3OTUtN2M0MDViOGZmZmU12AIB4AIB&sid=b4a3f7b31a243b80f8ac20db0073a78a&checkin=2025-11-01&checkout=2025-11-05&dist=0&group_adults=2&group_children=0&hapos=1&hpos=1&no_rooms=1&req_adults=2&req_children=0&room1=A%2CA&sb_price_type=total&soh=1&sr_order=popularity&srepoch=1761842376&srpvid=26dd7514751709f0&type=total&ucfs=1&#no_availability_msg
BOOKING_4,booking,Us,Queen Room with Two Queen Beds - Non-Smoking,queen beds,Queen,Normal,0,"['1 room', '250 m²', 'Air conditioning', 'Attached bathroom', 'Flat-screen TV', 'Soundproof', 'Coffee machine', 'Free Wifi', 'Free toiletries', 'Toilet', 'Bathtub or shower', 'Towels', 'Linens', 'Tile/Marble floor', 'High chair', 'Sitting area', 'TV', 'Refrigerator', 'Telephone', 'Ironing facilities', 'Iron', 'Radio', 'Microwave', 'Heating', 'Hairdryer', 'Wake-up service/Alarm clock', 'Carpeted', 'Cable channels', 'Alarm clock', 'Dryer', 'Wireless internet', 'Clothes rack', 'Toilet paper', 'Entire unit wheelchair accessible', 'Single-room AC for guest accommodation']",6036.0,815.0,6851.0,2025-11-17,2025-11-18,https://www.booking.com/hotel/us/grand-season-inn-waupaca.html?aid=304142&label=gen173nr-10CBkoggI46AdIM1gEaGyIAQGYATO4ARfIAQzYAQPoAQH4AQGIAgGoAgG4ApeMjsgGwAIB0gIkMjlmODgzOGUtNTk5OC00MjNhLTg3OTUtN2M0MDViOGZmZmU12AIB4AIB&sid=b4a3f7b31a243b80f8ac20db0073a78a&checkin=2025-11-01&checkout=2025-11-05&dist=0&group_adults=2&group_children=0&hapos=1&hpos=1&no_rooms=1&req_adults=2&req_children=0&room1=A%2CA&sb_price_type=total&soh=1&sr_order=popularity&srepoch=1761842376&srpvid=26dd7514751709f0&type=total&ucfs=1&#no_availability_msg
BOOKING_4,booking,Us,King Room - Non-Smoking,king bed,King,Normal,0,"['1 room', '185 m²', 'Air conditioning', 'Attached bathroom', 'Flat-screen TV', 'Soundproof', 'Coffee machine', 'Free Wifi', 'Free toiletries', 'Toilet', 'Bathtub or shower', 'Towels', 'Linens', 'Tile/Marble floor', 'High chair', 'Sitting area', 'TV', 'Refrigerator', 'Telephone', 'Ironing facilities', 'Iron', 'Radio', 'Microwave', 'Heating', 'Hairdryer', 'Wake-up service/Alarm clock', 'Carpeted', 'Cable channels', 'Alarm clock', 'Dryer', 'Wireless internet', 'Clothes rack', 'Toilet paper', 'Entire unit wheelchair accessible', 'Single-room AC for guest accommodation']",6036.0,815.0,6851.0,2025-11-17,2025-11-18,https://www.booking.com/hotel/us/grand-season-inn-waupaca.html?aid=304142&label=gen173nr-10CBkoggI46AdIM1gEaGyIAQGYATO4ARfIAQzYAQPoAQH4AQGIAgGoAgG4ApeMjsgGwAIB0gIkMjlmODgzOGUtNTk5OC00MjNhLTg3OTUtN2M0MDViOGZmZmU12AIB4AIB&sid=b4a3f7b31a243b80f8ac20db0073a78a&checkin=2025-11-01&checkout=2025-11-05&dist=0&group_adults=2&group_children=0&hapos=1&hpos=1&no_rooms=1&req_adults=2&req_children=0&room1=A%2CA&sb_price_type=total&soh=1&sr_order=popularity&srepoch=1761842376&srpvid=26dd7514751709f0&type=total&ucfs=1&#no_availability_msg
BOOKING_4,booking,Us,Queen Room - Non-Smoking,sofa bedand,Sofa,Normal,2,"['1 room', '185 m²', 'Air conditioning', 'Attached bathroom', 'Flat-screen TV', 'Soundproof', 'Coffee machine', 'Free Wifi', 'Free toiletries', 'Toilet', 'Sofa', 'Bathtub or shower', 'Towels', 'Linens', 'Tile/Marble floor', 'High chair', 'Sitting area', 'TV', 'Refrigerator', 'Telephone', 'Ironing facilities', 'Iron', 'Radio', 'Microwave', 'Heating', 'Hairdryer', 'Wake-up service/Alarm clock', 'Carpeted', 'Cable channels', 'Alarm clock', 'Dryer', 'Wireless internet', 'Clothes rack', 'Toilet paper', 'Entire unit wheelchair accessible', 'Single-room AC for guest accommodation']",6036.0,815.0,6851.0,2025-11-17,2025-11-18,https://www.booking.com/hotel/us/grand-season-inn-waupaca.html?aid=304142&label=gen173nr-10CBkoggI46AdIM1gEaGyIAQGYATO4ARfIAQzYAQPoAQH4AQGIAgGoAgG4ApeMjsgGwAIB0gIkMjlmODgzOGUtNTk5OC00MjNhLTg3OTUtN2M0MDViOGZmZmU12AIB4AIB&sid=b4a3f7b31a243b80f8ac20db0073a78a&checkin=2025-11-01&checkout=2025-11-05&dist=0&group_adults=2&group_children=0&hapos=1&hpos=1&no_rooms=1&req_adults=2&req_children=0&room1=A%2CA&sb_price_type=total&soh=1&sr_order=popularity&srepoch=1761842376&srpvid=26dd7514751709f0&type=total&ucfs=1&#no_availability_msg
BOOKING_4,booking,Us,Queen Room with Two Queen Beds and Bath Tub - Mobility Accessible/Non-Smoking,queen beds,Queen,Normal,0,"['1 room', '185 m²', 'Air conditioning', 'Attached bathroom', 'Flat-screen TV', 'Soundproof', 'Coffee machine', 'Free Wifi', 'Free toiletries', 'Toilet', 'Bathtub or shower', 'Towels', 'Linens', 'Tile/Marble floor', 'High chair', 'Sitting area', 'TV', 'Refrigerator', 'Telephone', 'Ironing facilities', 'Iron', 'Radio', 'Microwave', 'Heating', 'Hairdryer', 'Wake-up service/Alarm clock', 'Carpeted', 'Cable channels', 'Alarm clock', 'Dryer', 'Wireless internet', 'Clothes rack', 'Toilet paper', 'Entire unit wheelchair accessible', 'Single-room AC for guest accommodation']",6036.0,815.0,6851.0,2025-11-17,2025-11-18,https://www.booking.com/hotel/us/grand-season-inn-waupaca.html?aid=304142&label=gen173nr-10CBkoggI46AdIM1gEaGyIAQGYATO4ARfIAQzYAQPoAQH4AQGIAgGoAgG4ApeMjsgGwAIB0gIkMjlmODgzOGUtNTk5OC00MjNhLTg3OTUtN2M0MDViOGZmZmU12AIB4AIB&sid=b4a3f7b31a243b80f8ac20db0073a78a&checkin=2025-11-01&checkout=2025-11-05&dist=0&group_adults=2&group_children=0&hapos=1&hpos=1&no_rooms=1&req_adults=2&req_children=0&room1=A%2CA&sb_price_type=total&soh=1&sr_order=popularity&srepoch=1761842376&srpvid=26dd7514751709f0&type=total&ucfs=1&#no_availability_msg
BOOKING_4,booking,Us,King Studio Suite - Non-Smoking,king bed,King,Suite,2,"['1 room', '350 m²', 'Air conditioning', 'Attached bathroom', 'Flat-screen TV', 'Soundproof', 'Coffee machine', 'Free Wifi', 'Free toiletries', 'Toilet', 'Bathtub or shower', 'Towels', 'Linens', 'Tile/Marble floor', 'High chair', 'Sitting area', 'TV', 'Refrigerator', 'Telephone', 'Ironing facilities', 'Iron', 'Radio', 'Microwave', 'Heating', 'Hairdryer', 'Wake-up service/Alarm clock', 'Carpeted', 'Cable channels', 'Alarm clock', 'Dryer', 'Wireless internet', 'Clothes rack', 'Toilet paper', 'Entire unit wheelchair accessible', 'Single-room AC for guest accommodation']",6791.0,917.0,7708.0,2025-11-17,2025-11-18,https://www.booking.com/hotel/us/grand-season-inn-waupaca.html?aid=304142&label=gen173nr-10CBkoggI46AdIM1gEaGyIAQGYATO4ARfIAQzYAQPoAQH4AQGIAgGoAgG4ApeMjsgGwAIB0gIkMjlmODgzOGUtNTk5OC00MjNhLTg3OTUtN2M0MDViOGZmZmU12AIB4AIB&sid=b4a3f7b31a243b80f8ac20db0073a78a&checkin=2025-11-01&checkout=2025-11-05&dist=0&group_adults=2&group_children=0&hapos=1&hpos=1&no_rooms=1&req_adults=2&req_children=0&room1=A%2CA&sb_price_type=total&soh=1&sr_order=popularity&srepoch=1761842376&srpvid=26dd7514751709f0&type=total&ucfs=1&#no_availability_msg
BOOKING_4,booking,Us,One-Bedroom King Suite - Non-Smoking,king bedand,King,Suite,2,"['1 room', '350 m²', 'Air conditioning', 'Attached bathroom', 'Flat-screen TV', 'Soundproof', 'Coffee machine', 'Free Wifi', 'Free toiletries', 'Toilet', 'Sofa', 'Bathtub or shower', 'Towels', 'Linens', 'Tile/Marble floor', 'High chair', 'Sitting area', 'TV', 'Refrigerator', 'Telephone', 'Ironing facilities', 'Iron', 'Radio', 'Microwave', 'Heating', 'Hairdryer', 'Wake-up service/Alarm clock', 'Carpeted', 'Cable channels', 'Alarm clock', 'Dryer', 'Wireless internet', 'Clothes rack', 'Toilet paper', 'Entire unit wheelchair accessible', 'Single-room AC for guest accommodation']",7168.0,968.0,8136.0,2025-11-17,2025-11-18,https://www.booking.com/hotel/us/grand-season-inn-waupaca.html?aid=304142&label=gen173nr-10CBkoggI46AdIM1gEaGyIAQGYATO4ARfIAQzYAQPoAQH4AQGIAgGoAgG4ApeMjsgGwAIB0gIkMjlmODgzOGUtNTk5OC00MjNhLTg3OTUtN2M0MDViOGZmZmU12AIB4AIB&sid=b4a3f7b31a243b80f8ac20db0073a78a&checkin=2025-11-01&checkout=2025-11-05&dist=0&group_adults=2&group_children=0&hapos=1&hpos=1&no_rooms=1&req_adults=2&req_children=0&room1=A%2CA&sb_price_type=total&soh=1&sr_order=popularity&srepoch=1761842376&srpvid=26dd7514751709f0&type=total&ucfs=1&#no_availability_msg
BOOKING_4,booking,Us,Deluxe King Studio Suite - Non-Smoking,queen beds,Queen,Suite,3,"['1 room', '350 m²', 'Air conditioning', 'Attached bathroom', 'Flat-screen TV', 'Soundproof', 'Coffee machine', 'Free Wifi', 'Free toiletries', 'Toilet', 'Bathtub or shower', 'Towels', 'Linens', 'Tile/Marble floor', 'High chair', 'Sitting area', 'TV', 'Refrigerator', 'Telephone', 'Ironing facilities', 'Iron', 'Radio', 'Microwave', 'Heating', 'Hairdryer', 'Wake-up service/Alarm clock', 'Carpeted', 'Cable channels', 'Alarm clock', 'Dryer', 'Wireless internet', 'Clothes rack', 'Toilet paper', 'Entire unit wheelchair accessible', 'Single-room AC for guest accommodation']",7546.0,1019.0,8565.0,2025-11-17,2025-11-18,https://www.booking.com/hotel/us/grand-season-inn-waupaca.html?aid=304142&label=gen173nr-10CBkoggI46AdIM1gEaGyIAQGYATO4ARfIAQzYAQPoAQH4AQGIAgGoAgG4ApeMjsgGwAIB0gIkMjlmODgzOGUtNTk5OC00MjNhLTg3OTUtN2M0MDViOGZmZmU12AIB4AIB&sid=b4a3f7b31a243b80f8ac20db0073a78a&checkin=2025-11-01&checkout=2025-11-05&dist=0&group_adults=2&group_children=0&hapos=1&hpos=1&no_rooms=1&req_adults=2&req_children=0&room1=A%2CA&sb_price_type=total&soh=1&sr_order=popularity&srepoch=1761842376&srpvid=26dd7514751709f0&type=total&ucfs=1&#no_availability_msg
BOOKING_4,booking,Us,Efficiency Queen Room - Non-Smoking,queen bed,Queen,Normal,2,"['Entire studio', 'Private kitchen', 'Private bathroom', 'Air conditioning', 'Minibar', 'Free Wifi', 'Free toiletries', 'Kitchen', 'Toilet', 'Sofa', 'Sitting area', 'TV', 'Refrigerator', 'Tea/Coffee maker', 'Iron', 'Microwave', 'Heating', 'Hairdryer', 'Kitchenware', 'Cable channels', 'Wardrobe or closet', 'Oven', 'Stovetop', 'Wireless internet', 'Dining area']",9055.0,1222.0,10277.0,2025-11-17,2025-11-18,https://www.booking.com/hotel/us/grand-season-inn-waupaca.html?aid=304142&label=gen173nr-10CBkoggI46AdIM1gEaGyIAQGYATO4ARfIAQzYAQPoAQH4AQGIAgGoAgG4ApeMjsgGwAIB0gIkMjlmODgzOGUtNTk5OC00MjNhLTg3OTUtN2M0MDViOGZmZmU12AIB4AIB&sid=b4a3f7b31a243b80f8ac20db0073a78a&checkin=2025-11-01&checkout=2025-11-05&dist=0&group_adults=2&group_children=0&hapos=1&hpos=1&no_rooms=1&req_adults=2&req_children=0&room1=A%2CA&sb_price_type=total&soh=1&sr_order=popularity&srepoch=1761842376&srpvid=26dd7514751709f0&type=total&ucfs=1&#no_availability_msg
BOOKING_4,booking,Us,Queen Room with Two Queen Beds - Non-Smoking,queen beds,Queen,Normal,0,"['1 room', '250 m²', 'Air conditioning', 'Attached bathroom', 'Flat-screen TV', 'Soundproof', 'Coffee machine', 'Free Wifi', 'Free toiletries', 'Toilet', 'Bathtub or shower', 'Towels', 'Linens', 'Tile/Marble floor', 'High chair', 'Sitting area', 'TV', 'Refrigerator', 'Telephone', 'Ironing facilities', 'Iron', 'Radio', 'Microwave', 'Heating', 'Hairdryer', 'Wake-up service/Alarm clock', 'Carpeted', 'Cable channels', 'Alarm clock', 'Dryer', 'Wireless internet', 'Clothes rack', 'Toilet paper', 'Entire unit wheelchair accessible', 'Single-room AC for guest accommodation']",6036.0,815.0,6851.0,2025-11-18,2025-11-19,https://www.booking.com/hotel/us/grand-season-inn-waupaca.html?aid=304142&label=gen173nr-10CBkoggI46AdIM1gEaGyIAQGYATO4ARfIAQzYAQPoAQH4AQGIAgGoAgG4ApeMjsgGwAIB0gIkMjlmODgzOGUtNTk5OC00MjNhLTg3OTUtN2M0MDViOGZmZmU12AIB4AIB&sid=b4a3f7b31a243b80f8ac20db0073a78a&checkin=2025-11-01&checkout=2025-11-05&dist=0&group_adults=2&group_children=0&hapos=1&hpos=1&no_rooms=1&req_adults=2&req_children=0&room1=A%2CA&sb_price_type=total&soh=1&sr_order=popularity&srepoch=1761842376&srpvid=26dd7514751709f0&type=total&ucfs=1&#no_availability_msg
BOOKING_4,booking,Us,King Room - Non-Smoking,king bed,King,Normal,0,"['1 room', '185 m²', 'Air conditioning', 'Attached bathroom', 'Flat-screen TV', 'Soundproof', 'Coffee machine', 'Free Wifi', 'Free toiletries', 'Toilet', 'Bathtub or shower', 'Towels', 'Linens', 'Tile/Marble floor', 'High chair', 'Sitting area', 'TV', 'Refrigerator', 'Telephone', 'Ironing facilities', 'Iron', 'Radio', 'Microwave', 'Heating', 'Hairdryer', 'Wake-up service/Alarm clock', 'Carpeted', 'Cable channels', 'Alarm clock', 'Dryer', 'Wireless internet', 'Clothes rack', 'Toilet paper', 'Entire unit wheelchair accessible', 'Single-room AC for guest accommodation']",6036.0,815.0,6851.0,2025-11-18,2025-11-19,https://www.booking.com/hotel/us/grand-season-inn-waupaca.html?aid=304142&label=gen173nr-10CBkoggI46AdIM1gEaGyIAQGYATO4ARfIAQzYAQPoAQH4AQGIAgGoAgG4ApeMjsgGwAIB0gIkMjlmODgzOGUtNTk5OC00MjNhLTg3OTUtN2M0MDViOGZmZmU12AIB4AIB&sid=b4a3f7b31a243b80f8ac20db0073a78a&checkin=2025-11-01&checkout=2025-11-05&dist=0&group_adults=2&group_children=0&hapos=1&hpos=1&no_rooms=1&req_adults=2&req_children=0&room1=A%2CA&sb_price_type=total&soh=1&sr_order=popularity&srepoch=1761842376&srpvid=26dd7514751709f0&type=total&ucfs=1&#no_availability_msg
BOOKING_4,booking,Us,Queen Room - Non-Smoking,sofa bedand,Sofa,Normal,2,"['1 room', '185 m²', 'Air conditioning', 'Attached bathroom', 'Flat-screen TV', 'Soundproof', 'Coffee machine', 'Free Wifi', 'Free toiletries', 'Toilet', 'Sofa', 'Bathtub or shower', 'Towels', 'Linens', 'Tile/Marble floor', 'High chair', 'Sitting area', 'TV', 'Refrigerator', 'Telephone', 'Ironing facilities', 'Iron', 'Radio', 'Microwave', 'Heating', 'Hairdryer', 'Wake-up service/Alarm clock', 'Carpeted', 'Cable channels', 'Alarm clock', 'Dryer', 'Wireless internet', 'Clothes rack', 'Toilet paper', 'Entire unit wheelchair accessible', 'Single-room AC for guest accommodation']",6036.0,815.0,6851.0,2025-11-18,2025-11-19,https://www.booking.com/hotel/us/grand-season-inn-waupaca.html?aid=304142&label=gen173nr-10CBkoggI46AdIM1gEaGyIAQGYATO4ARfIAQzYAQPoAQH4AQGIAgGoAgG4ApeMjsgGwAIB0gIkMjlmODgzOGUtNTk5OC00MjNhLTg3OTUtN2M0MDViOGZmZmU12AIB4AIB&sid=b4a3f7b31a243b80f8ac20db0073a78a&checkin=2025-11-01&checkout=2025-11-05&dist=0&group_adults=2&group_children=0&hapos=1&hpos=1&no_rooms=1&req_adults=2&req_children=0&room1=A%2CA&sb_price_type=total&soh=1&sr_order=popularity&srepoch=1761842376&srpvid=26dd7514751709f0&type=total&ucfs=1&#no_availability_msg
BOOKING_4,booking,Us,Queen Room with Two Queen Beds and Bath Tub - Mobility Accessible/Non-Smoking,queen beds,Queen,Normal,0,"['1 room', '185 m²', 'Air conditioning', 'Attached bathroom', 'Flat-screen TV', 'Soundproof', 'Coffee machine', 'Free Wifi', 'Free toiletries', 'Toilet', 'Bathtub or shower', 'Towels', 'Linens', 'Tile/Marble floor', 'High chair', 'Sitting area', 'TV', 'Refrigerator', 'Telephone', 'Ironing facilities', 'Iron', 'Radio', 'Microwave', 'Heating', 'Hairdryer', 'Wake-up service/Alarm clock', 'Carpeted', 'Cable channels', 'Alarm clock', 'Dryer', 'Wireless internet', 'Clothes rack', 'Toilet paper', 'Entire unit wheelchair accessible', 'Single-room AC for guest accommodation']",6036.0,815.0,6851.0,2025-11-18,2025-11-19,https://www.booking.com/hotel/us/grand-season-inn-waupaca.html?aid=304142&label=gen173nr-10CBkoggI46AdIM1gEaGyIAQGYATO4ARfIAQzYAQPoAQH4AQGIAgGoAgG4ApeMjsgGwAIB0gIkMjlmODgzOGUtNTk5OC00MjNhLTg3OTUtN2M0MDViOGZmZmU12AIB4AIB&sid=b4a3f7b31a243b80f8ac20db0073a78a&checkin=2025-11-01&checkout=2025-11-05&dist=0&group_adults=2&group_children=0&hapos=1&hpos=1&no_rooms=1&req_adults=2&req_children=0&room1=A%2CA&sb_price_type=total&soh=1&sr_order=popularity&srepoch=1761842376&srpvid=26dd7514751709f0&type=total&ucfs=1&#no_availability_msg
BOOKING_4,booking,Us,King Studio Suite - Non-Smoking,king bed,King,Suite,2,"['1 room', '350 m²', 'Air conditioning', 'Attached bathroom', 'Flat-screen TV', 'Soundproof', 'Coffee machine', 'Free Wifi', 'Free toiletries', 'Toilet', 'Bathtub or shower', 'Towels', 'Linens', 'Tile/Marble floor', 'High chair', 'Sitting area', 'TV', 'Refrigerator', 'Telephone', 'Ironing facilities', 'Iron', 'Radio', 'Microwave', 'Heating', 'Hairdryer', 'Wake-up service/Alarm clock', 'Carpeted', 'Cable channels', 'Alarm clock', 'Dryer', 'Wireless internet', 'Clothes rack', 'Toilet paper', 'Entire unit wheelchair accessible', 'Single-room AC for guest accommodation']",6791.0,917.0,7708.0,2025-11-18,2025-11-19,https://www.booking.com/hotel/us/grand-season-inn-waupaca.html?aid=304142&label=gen173nr-10CBkoggI46AdIM1gEaGyIAQGYATO4ARfIAQzYAQPoAQH4AQGIAgGoAgG4ApeMjsgGwAIB0gIkMjlmODgzOGUtNTk5OC00MjNhLTg3OTUtN2M0MDViOGZmZmU12AIB4AIB&sid=b4a3f7b31a243b80f8ac20db0073a78a&checkin=2025-11-01&checkout=2025-11-05&dist=0&group_adults=2&group_children=0&hapos=1&hpos=1&no_rooms=1&req_adults=2&req_children=0&room1=A%2CA&sb_price_type=total&soh=1&sr_order=popularity&srepoch=1761842376&srpvid=26dd7514751709f0&type=total&ucfs=1&#no_availability_msg
BOOKING_4,booking,Us,One-Bedroom King Suite - Non-Smoking,king bedand,King,Suite,2,"['1 room', '350 m²', 'Air conditioning', 'Attached bathroom', 'Flat-screen TV', 'Soundproof', 'Coffee machine', 'Free Wifi', 'Free toiletries', 'Toilet', 'Sofa', 'Bathtub or shower', 'Towels', 'Linens', 'Tile/Marble floor', 'High chair', 'Sitting area', 'TV', 'Refrigerator', 'Telephone', 'Ironing facilities', 'Iron', 'Radio', 'Microwave', 'Heating', 'Hairdryer', 'Wake-up service/Alarm clock', 'Carpeted', 'Cable channels', 'Alarm clock', 'Dryer', 'Wireless internet', 'Clothes rack', 'Toilet paper', 'Entire unit wheelchair accessible', 'Single-room AC for guest accommodation']",7168.0,968.0,8136.0,2025-11-18,2025-11-19,https://www.booking.com/hotel/us/grand-season-inn-waupaca.html?aid=304142&label=gen173nr-10CBkoggI46AdIM1gEaGyIAQGYATO4ARfIAQzYAQPoAQH4AQGIAgGoAgG4ApeMjsgGwAIB0gIkMjlmODgzOGUtNTk5OC00MjNhLTg3OTUtN2M0MDViOGZmZmU12AIB4AIB&sid=b4a3f7b31a243b80f8ac20db0073a78a&checkin=2025-11-01&checkout=2025-11-05&dist=0&group_adults=2&group_children=0&hapos=1&hpos=1&no_rooms=1&req_adults=2&req_children=0&room1=A%2CA&sb_price_type=total&soh=1&sr_order=popularity&srepoch=1761842376&srpvid=26dd7514751709f0&type=total&ucfs=1&#no_availability_msg
BOOKING_4,booking,Us,Deluxe King Studio Suite - Non-Smoking,queen beds,Queen,Suite,3,"['1 room', '350 m²', 'Air conditioning', 'Attached bathroom', 'Flat-screen TV', 'Soundproof', 'Coffee machine', 'Free Wifi', 'Free toiletries', 'Toilet', 'Bathtub or shower', 'Towels', 'Linens', 'Tile/Marble floor', 'High chair', 'Sitting area', 'TV', 'Refrigerator', 'Telephone', 'Ironing facilities', 'Iron', 'Radio', 'Microwave', 'Heating', 'Hairdryer', 'Wake-up service/Alarm clock', 'Carpeted', 'Cable channels', 'Alarm clock', 'Dryer', 'Wireless internet', 'Clothes rack', 'Toilet paper', 'Entire unit wheelchair accessible', 'Single-room AC for guest accommodation']",7546.0,1019.0,8565.0,2025-11-18,2025-11-19,https://www.booking.com/hotel/us/grand-season-inn-waupaca.html?aid=304142&label=gen173nr-10CBkoggI46AdIM1gEaGyIAQGYATO4ARfIAQzYAQPoAQH4AQGIAgGoAgG4ApeMjsgGwAIB0gIkMjlmODgzOGUtNTk5OC00MjNhLTg3OTUtN2M0MDViOGZmZmU12AIB4AIB&sid=b4a3f7b31a243b80f8ac20db0073a78a&checkin=2025-11-01&checkout=2025-11-05&dist=0&group_adults=2&group_children=0&hapos=1&hpos=1&no_rooms=1&req_adults=2&req_children=0&room1=A%2CA&sb_price_type=total&soh=1&sr_order=popularity&srepoch=1761842376&srpvid=26dd7514751709f0&type=total&ucfs=1&#no_availability_msg
BOOKING_4,booking,Us,Efficiency Queen Room - Non-Smoking,queen bed,Queen,Normal,2,"['Entire studio', 'Private kitchen', 'Private bathroom', 'Air conditioning', 'Minibar', 'Free Wifi', 'Free toiletries', 'Kitchen', 'Toilet', 'Sofa', 'Sitting area', 'TV', 'Refrigerator', 'Tea/Coffee maker', 'Iron', 'Microwave', 'Heating', 'Hairdryer', 'Kitchenware', 'Cable channels', 'Wardrobe or closet', 'Oven', 'Stovetop', 'Wireless internet', 'Dining area']",9055.0,1222.0,10277.0,2025-11-18,2025-11-19,https://www.booking.com/hotel/us/grand-season-inn-waupaca.html?aid=304142&label=gen173nr-10CBkoggI46AdIM1gEaGyIAQGYATO4ARfIAQzYAQPoAQH4AQGIAgGoAgG4ApeMjsgGwAIB0gIkMjlmODgzOGUtNTk5OC00MjNhLTg3OTUtN2M0MDViOGZmZmU12AIB4AIB&sid=b4a3f7b31a243b80f8ac20db0073a78a&checkin=2025-11-01&checkout=2025-11-05&dist=0&group_adults=2&group_children=0&hapos=1&hpos=1&no_rooms=1&req_adults=2&req_children=0&room1=A%2CA&sb_price_type=total&soh=1&sr_order=popularity&srepoch=1761842376&srpvid=26dd7514751709f0&type=total&ucfs=1&#no_availability_msg
BOOKING_4,booking,Ramada by Wyndham Waupaca,Queen Room with Two Queen Beds - Non-Smoking,queen beds,Queen,Normal,0,"['1 room', '250 m²', 'Air conditioning', 'Attached bathroom', 'Flat-screen TV', 'Soundproof', 'Coffee machine', 'Free Wifi', 'Free toiletries', 'Toilet', 'Bathtub or shower', 'Towels', 'Linens', 'Tile/Marble floor', 'High chair', 'Sitting area', 'TV', 'Refrigerator', 'Telephone', 'Ironing facilities', 'Iron', 'Radio', 'Microwave', 'Heating', 'Hairdryer', 'Wake-up service/Alarm clock', 'Carpeted', 'Cable channels', 'Alarm clock', 'Dryer', 'Wireless internet', 'Clothes rack', 'Toilet paper', 'Entire unit wheelchair accessible', 'Single-room AC for guest accommodation']",6036.0,815.0,6851.0,2025-11-19,2025-11-20,https://www.booking.com/hotel/us/grand-season-inn-waupaca.html?aid=304142&label=gen173nr-10CBkoggI46AdIM1gEaGyIAQGYATO4ARfIAQzYAQPoAQH4AQGIAgGoAgG4ApeMjsgGwAIB0gIkMjlmODgzOGUtNTk5OC00MjNhLTg3OTUtN2M0MDViOGZmZmU12AIB4AIB&sid=b4a3f7b31a243b80f8ac20db0073a78a&checkin=2025-11-01&checkout=2025-11-05&dist=0&group_adults=2&group_children=0&hapos=1&hpos=1&no_rooms=1&req_adults=2&req_children=0&room1=A%2CA&sb_price_type=total&soh=1&sr_order=popularity&srepoch=1761842376&srpvid=26dd7514751709f0&type=total&ucfs=1&#no_availability_msg
BOOKING_4,booking,Ramada by Wyndham Waupaca,King Room - Non-Smoking,king bed,King,Normal,0,"['1 room', '185 m²', 'Air conditioning', 'Attached bathroom', 'Flat-screen TV', 'Soundproof', 'Coffee machine', 'Free Wifi', 'Free toiletries', 'Toilet', 'Bathtub or shower', 'Towels', 'Linens', 'Tile/Marble floor', 'High chair', 'Sitting area', 'TV', 'Refrigerator', 'Telephone', 'Ironing facilities', 'Iron', 'Radio', 'Microwave', 'Heating', 'Hairdryer', 'Wake-up service/Alarm clock', 'Carpeted', 'Cable channels', 'Alarm clock', 'Dryer', 'Wireless internet', 'Clothes rack', 'Toilet paper', 'Entire unit wheelchair accessible', 'Single-room AC for guest accommodation']",6036.0,815.0,6851.0,2025-11-19,2025-11-20,https://www.booking.com/hotel/us/grand-season-inn-waupaca.html?aid=304142&label=gen173nr-10CBkoggI46AdIM1gEaGyIAQGYATO4ARfIAQzYAQPoAQH4AQGIAgGoAgG4ApeMjsgGwAIB0gIkMjlmODgzOGUtNTk5OC00MjNhLTg3OTUtN2M0MDViOGZmZmU12AIB4AIB&sid=b4a3f7b31a243b80f8ac20db0073a78a&checkin=2025-11-01&checkout=2025-11-05&dist=0&group_adults=2&group_children=0&hapos=1&hpos=1&no_rooms=1&req_adults=2&req_children=0&room1=A%2CA&sb_price_type=total&soh=1&sr_order=popularity&srepoch=1761842376&srpvid=26dd7514751709f0&type=total&ucfs=1&#no_availability_msg
BOOKING_4,booking,Ramada by Wyndham Waupaca,Queen Room - Non-Smoking,sofa bedand,Sofa,Normal,2,"['1 room', '185 m²', 'Air conditioning', 'Attached bathroom', 'Flat-screen TV', 'Soundproof', 'Coffee machine', 'Free Wifi', 'Free toiletries', 'Toilet', 'Sofa', 'Bathtub or shower', 'Towels', 'Linens', 'Tile/Marble floor', 'High chair', 'Sitting area', 'TV', 'Refrigerator', 'Telephone', 'Ironing facilities', 'Iron', 'Radio', 'Microwave', 'Heating', 'Hairdryer', 'Wake-up service/Alarm clock', 'Carpeted', 'Cable channels', 'Alarm clock', 'Dryer', 'Wireless internet', 'Clothes rack', 'Toilet paper', 'Entire unit wheelchair accessible', 'Single-room AC for guest accommodation']",6036.0,815.0,6851.0,2025-11-19,2025-11-20,https://www.booking.com/hotel/us/grand-season-inn-waupaca.html?aid=304142&label=gen173nr-10CBkoggI46AdIM1gEaGyIAQGYATO4ARfIAQzYAQPoAQH4AQGIAgGoAgG4ApeMjsgGwAIB0gIkMjlmODgzOGUtNTk5OC00MjNhLTg3OTUtN2M0MDViOGZmZmU12AIB4AIB&sid=b4a3f7b31a243b80f8ac20db0073a78a&checkin=2025-11-01&checkout=2025-11-05&dist=0&group_adults=2&group_children=0&hapos=1&hpos=1&no_rooms=1&req_adults=2&req_children=0&room1=A%2CA&sb_price_type=total&soh=1&sr_order=popularity&srepoch=1761842376&srpvid=26dd7514751709f0&type=total&ucfs=1&#no_availability_msg
BOOKING_4,booking,Ramada by Wyndham Waupaca,Queen Room with Two Queen Beds and Bath Tub - Mobility Accessible/Non-Smoking,queen beds,Queen,Normal,0,"['1 room', '185 m²', 'Air conditioning', 'Attached bathroom', 'Flat-screen TV', 'Soundproof', 'Coffee machine', 'Free Wifi', 'Free toiletries', 'Toilet', 'Bathtub or shower', 'Towels', 'Linens', 'Tile/Marble floor', 'High chair', 'Sitting area', 'TV', 'Refrigerator', 'Telephone', 'Ironing facilities', 'Iron', 'Radio', 'Microwave', 'Heating', 'Hairdryer', 'Wake-up service/Alarm clock', 'Carpeted', 'Cable channels', 'Alarm clock', 'Dryer', 'Wireless internet', 'Clothes rack', 'Toilet paper', 'Entire unit wheelchair accessible', 'Single-room AC for guest accommodation']",6036.0,815.0,6851.0,2025-11-19,2025-11-20,https://www.booking.com/hotel/us/grand-season-inn-waupaca.html?aid=304142&label=gen173nr-10CBkoggI46AdIM1gEaGyIAQGYATO4ARfIAQzYAQPoAQH4AQGIAgGoAgG4ApeMjsgGwAIB0gIkMjlmODgzOGUtNTk5OC00MjNhLTg3OTUtN2M0MDViOGZmZmU12AIB4AIB&sid=b4a3f7b31a243b80f8ac20db0073a78a&checkin=2025-11-01&checkout=2025-11-05&dist=0&group_adults=2&group_children=0&hapos=1&hpos=1&no_rooms=1&req_adults=2&req_children=0&room1=A%2CA&sb_price_type=total&soh=1&sr_order=popularity&srepoch=1761842376&srpvid=26dd7514751709f0&type=total&ucfs=1&#no_availability_msg
BOOKING_4,booking,Ramada by Wyndham Waupaca,King Studio Suite - Non-Smoking,king bed,King,Suite,2,"['1 room', '350 m²', 'Air conditioning', 'Attached bathroom', 'Flat-screen TV', 'Soundproof', 'Coffee machine', 'Free Wifi', 'Free toiletries', 'Toilet', 'Bathtub or shower', 'Towels', 'Linens', 'Tile/Marble floor', 'High chair', 'Sitting area', 'TV', 'Refrigerator', 'Telephone', 'Ironing facilities', 'Iron', 'Radio', 'Microwave', 'Heating', 'Hairdryer', 'Wake-up service/Alarm clock', 'Carpeted', 'Cable channels', 'Alarm clock', 'Dryer', 'Wireless internet', 'Clothes rack', 'Toilet paper', 'Entire unit wheelchair accessible', 'Single-room AC for guest accommodation']",6791.0,917.0,7708.0,2025-11-19,2025-11-20,https://www.booking.com/hotel/us/grand-season-inn-waupaca.html?aid=304142&label=gen173nr-10CBkoggI46AdIM1gEaGyIAQGYATO4ARfIAQzYAQPoAQH4AQGIAgGoAgG4ApeMjsgGwAIB0gIkMjlmODgzOGUtNTk5OC00MjNhLTg3OTUtN2M0MDViOGZmZmU12AIB4AIB&sid=b4a3f7b31a243b80f8ac20db0073a78a&checkin=2025-11-01&checkout=2025-11-05&dist=0&group_adults=2&group_children=0&hapos=1&hpos=1&no_rooms=1&req_adults=2&req_children=0&room1=A%2CA&sb_price_type=total&soh=1&sr_order=popularity&srepoch=1761842376&srpvid=26dd7514751709f0&type=total&ucfs=1&#no_availability_msg
BOOKING_4,booking,Ramada by Wyndham Waupaca,One-Bedroom King Suite - Non-Smoking,king bedand,King,Suite,2,"['1 room', '350 m²', 'Air conditioning', 'Attached bathroom', 'Flat-screen TV', 'Soundproof', 'Coffee machine', 'Free Wifi', 'Free toiletries', 'Toilet', 'Sofa', 'Bathtub or shower', 'Towels', 'Linens', 'Tile/Marble floor', 'High chair', 'Sitting area', 'TV', 'Refrigerator', 'Telephone', 'Ironing facilities', 'Iron', 'Radio', 'Microwave', 'Heating', 'Hairdryer', 'Wake-up service/Alarm clock', 'Carpeted', 'Cable channels', 'Alarm clock', 'Dryer', 'Wireless internet', 'Clothes rack', 'Toilet paper', 'Entire unit wheelchair accessible', 'Single-room AC for guest accommodation']",7168.0,968.0,8136.0,2025-11-19,2025-11-20,https://www.booking.com/hotel/us/grand-season-inn-waupaca.html?aid=304142&label=gen173nr-10CBkoggI46AdIM1gEaGyIAQGYATO4ARfIAQzYAQPoAQH4AQGIAgGoAgG4ApeMjsgGwAIB0gIkMjlmODgzOGUtNTk5OC00MjNhLTg3OTUtN2M0MDViOGZmZmU12AIB4AIB&sid=b4a3f7b31a243b80f8ac20db0073a78a&checkin=2025-11-01&checkout=2025-11-05&dist=0&group_adults=2&group_children=0&hapos=1&hpos=1&no_rooms=1&req_adults=2&req_children=0&room1=A%2CA&sb_price_type=total&soh=1&sr_order=popularity&srepoch=1761842376&srpvid=26dd7514751709f0&type=total&ucfs=1&#no_availability_msg
BOOKING_4,booking,Ramada by Wyndham Waupaca,Deluxe King Studio Suite - Non-Smoking,queen beds,Queen,Suite,3,"['1 room', '350 m²', 'Air conditioning', 'Attached bathroom', 'Flat-screen TV', 'Soundproof', 'Coffee machine', 'Free Wifi', 'Free toiletries', 'Toilet', 'Bathtub or shower', 'Towels', 'Linens', 'Tile/Marble floor', 'High chair', 'Sitting area', 'TV', 'Refrigerator', 'Telephone', 'Ironing facilities', 'Iron', 'Radio', 'Microwave', 'Heating', 'Hairdryer', 'Wake-up service/Alarm clock', 'Carpeted', 'Cable channels', 'Alarm clock', 'Dryer', 'Wireless internet', 'Clothes rack', 'Toilet paper', 'Entire unit wheelchair accessible', 'Single-room AC for guest accommodation']",7546.0,1019.0,8565.0,2025-11-19,2025-11-20,https://www.booking.com/hotel/us/grand-season-inn-waupaca.html?aid=304142&label=gen173nr-10CBkoggI46AdIM1gEaGyIAQGYATO4ARfIAQzYAQPoAQH4AQGIAgGoAgG4ApeMjsgGwAIB0gIkMjlmODgzOGUtNTk5OC00MjNhLTg3OTUtN2M0MDViOGZmZmU12AIB4AIB&sid=b4a3f7b31a243b80f8ac20db0073a78a&checkin=2025-11-01&checkout=2025-11-05&dist=0&group_adults=2&group_children=0&hapos=1&hpos=1&no_rooms=1&req_adults=2&req_children=0&room1=A%2CA&sb_price_type=total&soh=1&sr_order=popularity&srepoch=1761842376&srpvid=26dd7514751709f0&type=total&ucfs=1&#no_availability_msg
BOOKING_4,booking,Ramada by Wyndham Waupaca,Efficiency Queen Room - Non-Smoking,queen bed,Queen,Normal,2,"['Entire studio', 'Private kitchen', 'Private bathroom', 'Air conditioning', 'Minibar', 'Free Wifi', 'Free toiletries', 'Kitchen', 'Toilet', 'Sofa', 'Sitting area', 'TV', 'Refrigerator', 'Tea/Coffee maker', 'Iron', 'Microwave', 'Heating', 'Hairdryer', 'Kitchenware', 'Cable channels', 'Wardrobe or closet', 'Oven', 'Stovetop', 'Wireless internet', 'Dining area']",9055.0,1222.0,10277.0,2025-11-19,2025-11-20,https://www.booking.com/hotel/us/grand-season-inn-waupaca.html?aid=304142&label=gen173nr-10CBkoggI46AdIM1gEaGyIAQGYATO4ARfIAQzYAQPoAQH4AQGIAgGoAgG4ApeMjsgGwAIB0gIkMjlmODgzOGUtNTk5OC00MjNhLTg3OTUtN2M0MDViOGZmZmU12AIB4AIB&sid=b4a3f7b31a243b80f8ac20db0073a78a&checkin=2025-11-01&checkout=2025-11-05&dist=0&group_adults=2&group_children=0&hapos=1&hpos=1&no_rooms=1&req_adults=2&req_children=0&room1=A%2CA&sb_price_type=total&soh=1&sr_order=popularity&srepoch=1761842376&srpvid=26dd7514751709f0&type=total&ucfs=1&#no_availability_msg
BOOKING_4,booking,Us,Queen Room with Two Queen Beds - Non-Smoking,queen beds,Queen,Normal,0,"['1 room', '250 m²', 'Air conditioning', 'Attached bathroom', 'Flat-screen TV', 'Soundproof', 'Coffee machine', 'Free Wifi', 'Free toiletries', 'Toilet', 'Bathtub or shower', 'Towels', 'Linens', 'Tile/Marble floor', 'High chair', 'Sitting area', 'TV', 'Refrigerator', 'Telephone', 'Ironing facilities', 'Iron', 'Radio', 'Microwave', 'Heating', 'Hairdryer', 'Wake-up service/Alarm clock', 'Carpeted', 'Cable channels', 'Alarm clock', 'Dryer', 'Wireless internet', 'Clothes rack', 'Toilet paper', 'Entire unit wheelchair accessible', 'Single-room AC for guest accommodation']",6112.0,825.0,6937.0,2025-11-20,2025-11-21,https://www.booking.com/hotel/us/grand-season-inn-waupaca.html?aid=304142&label=gen173nr-10CBkoggI46AdIM1gEaGyIAQGYATO4ARfIAQzYAQPoAQH4AQGIAgGoAgG4ApeMjsgGwAIB0gIkMjlmODgzOGUtNTk5OC00MjNhLTg3OTUtN2M0MDViOGZmZmU12AIB4AIB&sid=b4a3f7b31a243b80f8ac20db0073a78a&checkin=2025-11-01&checkout=2025-11-05&dist=0&group_adults=2&group_children=0&hapos=1&hpos=1&no_rooms=1&req_adults=2&req_children=0&room1=A%2CA&sb_price_type=total&soh=1&sr_order=popularity&srepoch=1761842376&srpvid=26dd7514751709f0&type=total&ucfs=1&#no_availability_msg
BOOKING_4,booking,Us,King Room - Non-Smoking,king bed,King,Normal,0,"['1 room', '185 m²', 'Air conditioning', 'Attached bathroom', 'Flat-screen TV', 'Soundproof', 'Coffee machine', 'Free Wifi', 'Free toiletries', 'Toilet', 'Bathtub or shower', 'Towels', 'Linens', 'Tile/Marble floor', 'High chair', 'Sitting area', 'TV', 'Refrigerator', 'Telephone', 'Ironing facilities', 'Iron', 'Radio', 'Microwave', 'Heating', 'Hairdryer', 'Wake-up service/Alarm clock', 'Carpeted', 'Cable channels', 'Alarm clock', 'Dryer', 'Wireless internet', 'Clothes rack', 'Toilet paper', 'Entire unit wheelchair accessible', 'Single-room AC for guest accommodation']",6112.0,825.0,6937.0,2025-11-20,2025-11-21,https://www.booking.com/hotel/us/grand-season-inn-waupaca.html?aid=304142&label=gen173nr-10CBkoggI46AdIM1gEaGyIAQGYATO4ARfIAQzYAQPoAQH4AQGIAgGoAgG4ApeMjsgGwAIB0gIkMjlmODgzOGUtNTk5OC00MjNhLTg3OTUtN2M0MDViOGZmZmU12AIB4AIB&sid=b4a3f7b31a243b80f8ac20db0073a78a&checkin=2025-11-01&checkout=2025-11-05&dist=0&group_adults=2&group_children=0&hapos=1&hpos=1&no_rooms=1&req_adults=2&req_children=0&room1=A%2CA&sb_price_type=total&soh=1&sr_order=popularity&srepoch=1761842376&srpvid=26dd7514751709f0&type=total&ucfs=1&#no_availability_msg
BOOKING_4,booking,Us,Queen Room - Non-Smoking,sofa bedand,Sofa,Normal,2,"['1 room', '185 m²', 'Air conditioning', 'Attached bathroom', 'Flat-screen TV', 'Soundproof', 'Coffee machine', 'Free Wifi', 'Free toiletries', 'Toilet', 'Sofa', 'Bathtub or shower', 'Towels', 'Linens', 'Tile/Marble floor', 'High chair', 'Sitting area', 'TV', 'Refrigerator', 'Telephone', 'Ironing facilities', 'Iron', 'Radio', 'Microwave', 'Heating', 'Hairdryer', 'Wake-up service/Alarm clock', 'Carpeted', 'Cable channels', 'Alarm clock', 'Dryer', 'Wireless internet', 'Clothes rack', 'Toilet paper', 'Entire unit wheelchair accessible', 'Single-room AC for guest accommodation']",6112.0,825.0,6937.0,2025-11-20,2025-11-21,https://www.booking.com/hotel/us/grand-season-inn-waupaca.html?aid=304142&label=gen173nr-10CBkoggI46AdIM1gEaGyIAQGYATO4ARfIAQzYAQPoAQH4AQGIAgGoAgG4ApeMjsgGwAIB0gIkMjlmODgzOGUtNTk5OC00MjNhLTg3OTUtN2M0MDViOGZmZmU12AIB4AIB&sid=b4a3f7b31a243b80f8ac20db0073a78a&checkin=2025-11-01&checkout=2025-11-05&dist=0&group_adults=2&group_children=0&hapos=1&hpos=1&no_rooms=1&req_adults=2&req_children=0&room1=A%2CA&sb_price_type=total&soh=1&sr_order=popularity&srepoch=1761842376&srpvid=26dd7514751709f0&type=total&ucfs=1&#no_availability_msg
BOOKING_4,booking,Us,Queen Room with Two Queen Beds and Bath Tub - Mobility Accessible/Non-Smoking,queen beds,Queen,Normal,0,"['1 room', '185 m²', 'Air conditioning', 'Attached bathroom', 'Flat-screen TV', 'Soundproof', 'Coffee machine', 'Free Wifi', 'Free toiletries', 'Toilet', 'Bathtub or shower', 'Towels', 'Linens', 'Tile/Marble floor', 'High chair', 'Sitting area', 'TV', 'Refrigerator', 'Telephone', 'Ironing facilities', 'Iron', 'Radio', 'Microwave', 'Heating', 'Hairdryer', 'Wake-up service/Alarm clock', 'Carpeted', 'Cable channels', 'Alarm clock', 'Dryer', 'Wireless internet', 'Clothes rack', 'Toilet paper', 'Entire unit wheelchair accessible', 'Single-room AC for guest accommodation']",6112.0,825.0,6937.0,2025-11-20,2025-11-21,https://www.booking.com/hotel/us/grand-season-inn-waupaca.html?aid=304142&label=gen173nr-10CBkoggI46AdIM1gEaGyIAQGYATO4ARfIAQzYAQPoAQH4AQGIAgGoAgG4ApeMjsgGwAIB0gIkMjlmODgzOGUtNTk5OC00MjNhLTg3OTUtN2M0MDViOGZmZmU12AIB4AIB&sid=b4a3f7b31a243b80f8ac20db0073a78a&checkin=2025-11-01&checkout=2025-11-05&dist=0&group_adults=2&group_children=0&hapos=1&hpos=1&no_rooms=1&req_adults=2&req_children=0&room1=A%2CA&sb_price_type=total&soh=1&sr_order=popularity&srepoch=1761842376&srpvid=26dd7514751709f0&type=total&ucfs=1&#no_availability_msg
BOOKING_4,booking,Us,King Studio Suite - Non-Smoking,king bed,King,Suite,2,"['1 room', '350 m²', 'Air conditioning', 'Attached bathroom', 'Flat-screen TV', 'Soundproof', 'Coffee machine', 'Free Wifi', 'Free toiletries', 'Toilet', 'Bathtub or shower', 'Towels', 'Linens', 'Tile/Marble floor', 'High chair', 'Sitting area', 'TV', 'Refrigerator', 'Telephone', 'Ironing facilities', 'Iron', 'Radio', 'Microwave', 'Heating', 'Hairdryer', 'Wake-up service/Alarm clock', 'Carpeted', 'Cable channels', 'Alarm clock', 'Dryer', 'Wireless internet', 'Clothes rack', 'Toilet paper', 'Entire unit wheelchair accessible', 'Single-room AC for guest accommodation']",6866.0,927.0,7793.0,2025-11-20,2025-11-21,https://www.booking.com/hotel/us/grand-season-inn-waupaca.html?aid=304142&label=gen173nr-10CBkoggI46AdIM1gEaGyIAQGYATO4ARfIAQzYAQPoAQH4AQGIAgGoAgG4ApeMjsgGwAIB0gIkMjlmODgzOGUtNTk5OC00MjNhLTg3OTUtN2M0MDViOGZmZmU12AIB4AIB&sid=b4a3f7b31a243b80f8ac20db0073a78a&checkin=2025-11-01&checkout=2025-11-05&dist=0&group_adults=2&group_children=0&hapos=1&hpos=1&no_rooms=1&req_adults=2&req_children=0&room1=A%2CA&sb_price_type=total&soh=1&sr_order=popularity&srepoch=1761842376&srpvid=26dd7514751709f0&type=total&ucfs=1&#no_availability_msg
BOOKING_4,booking,Us,One-Bedroom King Suite - Non-Smoking,king bedand,King,Suite,2,"['1 room', '350 m²', 'Air conditioning', 'Attached bathroom', 'Flat-screen TV', 'Soundproof', 'Coffee machine', 'Free Wifi', 'Free toiletries', 'Toilet', 'Sofa', 'Bathtub or shower', 'Towels', 'Linens', 'Tile/Marble floor', 'High chair', 'Sitting area', 'TV', 'Refrigerator', 'Telephone', 'Ironing facilities', 'Iron', 'Radio', 'Microwave', 'Heating', 'Hairdryer', 'Wake-up service/Alarm clock', 'Carpeted', 'Cable channels', 'Alarm clock', 'Dryer', 'Wireless internet', 'Clothes rack', 'Toilet paper', 'Entire unit wheelchair accessible', 'Single-room AC for guest accommodation']",7244.0,978.0,8222.0,2025-11-20,2025-11-21,https://www.booking.com/hotel/us/grand-season-inn-waupaca.html?aid=304142&label=gen173nr-10CBkoggI46AdIM1gEaGyIAQGYATO4ARfIAQzYAQPoAQH4AQGIAgGoAgG4ApeMjsgGwAIB0gIkMjlmODgzOGUtNTk5OC00MjNhLTg3OTUtN2M0MDViOGZmZmU12AIB4AIB&sid=b4a3f7b31a243b80f8ac20db0073a78a&checkin=2025-11-01&checkout=2025-11-05&dist=0&group_adults=2&group_children=0&hapos=1&hpos=1&no_rooms=1&req_adults=2&req_children=0&room1=A%2CA&sb_price_type=total&soh=1&sr_order=popularity&srepoch=1761842376&srpvid=26dd7514751709f0&type=total&ucfs=1&#no_availability_msg
BOOKING_4,booking,Us,Deluxe King Studio Suite - Non-Smoking,queen beds,Queen,Suite,3,"['1 room', '350 m²', 'Air conditioning', 'Attached bathroom', 'Flat-screen TV', 'Soundproof', 'Coffee machine', 'Free Wifi', 'Free toiletries', 'Toilet', 'Bathtub or shower', 'Towels', 'Linens', 'Tile/Marble floor', 'High chair', 'Sitting area', 'TV', 'Refrigerator', 'Telephone', 'Ironing facilities', 'Iron', 'Radio', 'Microwave', 'Heating', 'Hairdryer', 'Wake-up service/Alarm clock', 'Carpeted', 'Cable channels', 'Alarm clock', 'Dryer', 'Wireless internet', 'Clothes rack', 'Toilet paper', 'Entire unit wheelchair accessible', 'Single-room AC for guest accommodation']",7621.0,1029.0,8650.0,2025-11-20,2025-11-21,https://www.booking.com/hotel/us/grand-season-inn-waupaca.html?aid=304142&label=gen173nr-10CBkoggI46AdIM1gEaGyIAQGYATO4ARfIAQzYAQPoAQH4AQGIAgGoAgG4ApeMjsgGwAIB0gIkMjlmODgzOGUtNTk5OC00MjNhLTg3OTUtN2M0MDViOGZmZmU12AIB4AIB&sid=b4a3f7b31a243b80f8ac20db0073a78a&checkin=2025-11-01&checkout=2025-11-05&dist=0&group_adults=2&group_children=0&hapos=1&hpos=1&no_rooms=1&req_adults=2&req_children=0&room1=A%2CA&sb_price_type=total&soh=1&sr_order=popularity&srepoch=1761842376&srpvid=26dd7514751709f0&type=total&ucfs=1&#no_availability_msg
BOOKING_4,booking,Us,Efficiency Queen Room - Non-Smoking,queen bed,Queen,Normal,2,"['Entire studio', 'Private kitchen', 'Private bathroom', 'Air conditioning', 'Minibar', 'Free Wifi', 'Free toiletries', 'Kitchen', 'Toilet', 'Sofa', 'Sitting area', 'TV', 'Refrigerator', 'Tea/Coffee maker', 'Iron', 'Microwave', 'Heating', 'Hairdryer', 'Kitchenware', 'Cable channels', 'Wardrobe or closet', 'Oven', 'Stovetop', 'Wireless internet', 'Dining area']",9130.0,1233.0,10363.0,2025-11-20,2025-11-21,https://www.booking.com/hotel/us/grand-season-inn-waupaca.html?aid=304142&label=gen173nr-10CBkoggI46AdIM1gEaGyIAQGYATO4ARfIAQzYAQPoAQH4AQGIAgGoAgG4ApeMjsgGwAIB0gIkMjlmODgzOGUtNTk5OC00MjNhLTg3OTUtN2M0MDViOGZmZmU12AIB4AIB&sid=b4a3f7b31a243b80f8ac20db0073a78a&checkin=2025-11-01&checkout=2025-11-05&dist=0&group_adults=2&group_children=0&hapos=1&hpos=1&no_rooms=1&req_adults=2&req_children=0&room1=A%2CA&sb_price_type=total&soh=1&sr_order=popularity&srepoch=1761842376&srpvid=26dd7514751709f0&type=total&ucfs=1&#no_availability_msg
BOOKING_4,booking,Us,Queen Room with Two Queen Beds - Non-Smoking,queen beds,Queen,Normal,0,"['1 room', '250 m²', 'Air conditioning', 'Attached bathroom', 'Flat-screen TV', 'Soundproof', 'Coffee machine', 'Free Wifi', 'Free toiletries', 'Toilet', 'Bathtub or shower', 'Towels', 'Linens', 'Tile/Marble floor', 'High chair', 'Sitting area', 'TV', 'Refrigerator', 'Telephone', 'Ironing facilities', 'Iron', 'Radio', 'Microwave', 'Heating', 'Hairdryer', 'Wake-up service/Alarm clock', 'Carpeted', 'Cable channels', 'Alarm clock', 'Dryer', 'Wireless internet', 'Clothes rack', 'Toilet paper', 'Entire unit wheelchair accessible', 'Single-room AC for guest accommodation']",10941.0,1477.0,12418.0,2025-11-21,2025-11-22,https://www.booking.com/hotel/us/grand-season-inn-waupaca.html?aid=304142&label=gen173nr-10CBkoggI46AdIM1gEaGyIAQGYATO4ARfIAQzYAQPoAQH4AQGIAgGoAgG4ApeMjsgGwAIB0gIkMjlmODgzOGUtNTk5OC00MjNhLTg3OTUtN2M0MDViOGZmZmU12AIB4AIB&sid=b4a3f7b31a243b80f8ac20db0073a78a&checkin=2025-11-01&checkout=2025-11-05&dist=0&group_adults=2&group_children=0&hapos=1&hpos=1&no_rooms=1&req_adults=2&req_children=0&room1=A%2CA&sb_price_type=total&soh=1&sr_order=popularity&srepoch=1761842376&srpvid=26dd7514751709f0&type=total&ucfs=1&#no_availability_msg
BOOKING_4,booking,Us,King Room - Non-Smoking,king bed,King,Normal,4,"['1 room', '185 m²', 'Air conditioning', 'Attached bathroom', 'Flat-screen TV', 'Soundproof', 'Coffee machine', 'Free Wifi', 'Free toiletries', 'Toilet', 'Bathtub or shower', 'Towels', 'Linens', 'Tile/Marble floor', 'High chair', 'Sitting area', 'TV', 'Refrigerator', 'Telephone', 'Ironing facilities', 'Iron', 'Radio', 'Microwave', 'Heating', 'Hairdryer', 'Wake-up service/Alarm clock', 'Carpeted', 'Cable channels', 'Alarm clock', 'Dryer', 'Wireless internet', 'Clothes rack', 'Toilet paper', 'Entire unit wheelchair accessible', 'Single-room AC for guest accommodation']",10564.0,1426.0,11990.0,2025-11-21,2025-11-22,https://www.booking.com/hotel/us/grand-season-inn-waupaca.html?aid=304142&label=gen173nr-10CBkoggI46AdIM1gEaGyIAQGYATO4ARfIAQzYAQPoAQH4AQGIAgGoAgG4ApeMjsgGwAIB0gIkMjlmODgzOGUtNTk5OC00MjNhLTg3OTUtN2M0MDViOGZmZmU12AIB4AIB&sid=b4a3f7b31a243b80f8ac20db0073a78a&checkin=2025-11-01&checkout=2025-11-05&dist=0&group_adults=2&group_children=0&hapos=1&hpos=1&no_rooms=1&req_adults=2&req_children=0&room1=A%2CA&sb_price_type=total&soh=1&sr_order=popularity&srepoch=1761842376&srpvid=26dd7514751709f0&type=total&ucfs=1&#no_availability_msg
BOOKING_4,booking,Us,Queen Room - Non-Smoking,sofa bedand,Sofa,Normal,2,"['1 room', '185 m²', 'Air conditioning', 'Attached bathroom', 'Flat-screen TV', 'Soundproof', 'Coffee machine', 'Free Wifi', 'Free toiletries', 'Toilet', 'Sofa', 'Bathtub or shower', 'Towels', 'Linens', 'Tile/Marble floor', 'High chair', 'Sitting area', 'TV', 'Refrigerator', 'Telephone', 'Ironing facilities', 'Iron', 'Radio', 'Microwave', 'Heating', 'Hairdryer', 'Wake-up service/Alarm clock', 'Carpeted', 'Cable channels', 'Alarm clock', 'Dryer', 'Wireless internet', 'Clothes rack', 'Toilet paper', 'Entire unit wheelchair accessible', 'Single-room AC for guest accommodation']",10564.0,1426.0,11990.0,2025-11-21,2025-11-22,https://www.booking.com/hotel/us/grand-season-inn-waupaca.html?aid=304142&label=gen173nr-10CBkoggI46AdIM1gEaGyIAQGYATO4ARfIAQzYAQPoAQH4AQGIAgGoAgG4ApeMjsgGwAIB0gIkMjlmODgzOGUtNTk5OC00MjNhLTg3OTUtN2M0MDViOGZmZmU12AIB4AIB&sid=b4a3f7b31a243b80f8ac20db0073a78a&checkin=2025-11-01&checkout=2025-11-05&dist=0&group_adults=2&group_children=0&hapos=1&hpos=1&no_rooms=1&req_adults=2&req_children=0&room1=A%2CA&sb_price_type=total&soh=1&sr_order=popularity&srepoch=1761842376&srpvid=26dd7514751709f0&type=total&ucfs=1&#no_availability_msg
BOOKING_4,booking,Us,Queen Room with Two Queen Beds and Bath Tub - Mobility Accessible/Non-Smoking,queen beds,Queen,Normal,4,"['1 room', '185 m²', 'Air conditioning', 'Attached bathroom', 'Flat-screen TV', 'Soundproof', 'Coffee machine', 'Free Wifi', 'Free toiletries', 'Toilet', 'Bathtub or shower', 'Towels', 'Linens', 'Tile/Marble floor', 'High chair', 'Sitting area', 'TV', 'Refrigerator', 'Telephone', 'Ironing facilities', 'Iron', 'Radio', 'Microwave', 'Heating', 'Hairdryer', 'Wake-up service/Alarm clock', 'Carpeted', 'Cable channels', 'Alarm clock', 'Dryer', 'Wireless internet', 'Clothes rack', 'Toilet paper', 'Entire unit wheelchair accessible', 'Single-room AC for guest accommodation']",10941.0,1477.0,12418.0,2025-11-21,2025-11-22,https://www.booking.com/hotel/us/grand-season-inn-waupaca.html?aid=304142&label=gen173nr-10CBkoggI46AdIM1gEaGyIAQGYATO4ARfIAQzYAQPoAQH4AQGIAgGoAgG4ApeMjsgGwAIB0gIkMjlmODgzOGUtNTk5OC00MjNhLTg3OTUtN2M0MDViOGZmZmU12AIB4AIB&sid=b4a3f7b31a243b80f8ac20db0073a78a&checkin=2025-11-01&checkout=2025-11-05&dist=0&group_adults=2&group_children=0&hapos=1&hpos=1&no_rooms=1&req_adults=2&req_children=0&room1=A%2CA&sb_price_type=total&soh=1&sr_order=popularity&srepoch=1761842376&srpvid=26dd7514751709f0&type=total&ucfs=1&#no_availability_msg
BOOKING_4,booking,Us,King Studio Suite - Non-Smoking,king bed,King,Suite,2,"['1 room', '350 m²', 'Air conditioning', 'Attached bathroom', 'Flat-screen TV', 'Soundproof', 'Coffee machine', 'Free Wifi', 'Free toiletries', 'Toilet', 'Bathtub or shower', 'Towels', 'Linens', 'Tile/Marble floor', 'High chair', 'Sitting area', 'TV', 'Refrigerator', 'Telephone', 'Ironing facilities', 'Iron', 'Radio', 'Microwave', 'Heating', 'Hairdryer', 'Wake-up service/Alarm clock', 'Carpeted', 'Cable channels', 'Alarm clock', 'Dryer', 'Wireless internet', 'Clothes rack', 'Toilet paper', 'Entire unit wheelchair accessible', 'Single-room AC for guest accommodation']",12073.0,1630.0,13703.0,2025-11-21,2025-11-22,https://www.booking.com/hotel/us/grand-season-inn-waupaca.html?aid=304142&label=gen173nr-10CBkoggI46AdIM1gEaGyIAQGYATO4ARfIAQzYAQPoAQH4AQGIAgGoAgG4ApeMjsgGwAIB0gIkMjlmODgzOGUtNTk5OC00MjNhLTg3OTUtN2M0MDViOGZmZmU12AIB4AIB&sid=b4a3f7b31a243b80f8ac20db0073a78a&checkin=2025-11-01&checkout=2025-11-05&dist=0&group_adults=2&group_children=0&hapos=1&hpos=1&no_rooms=1&req_adults=2&req_children=0&room1=A%2CA&sb_price_type=total&soh=1&sr_order=popularity&srepoch=1761842376&srpvid=26dd7514751709f0&type=total&ucfs=1&#no_availability_msg
BOOKING_4,booking,Us,Deluxe King Studio Suite - Non-Smoking,queen beds,Queen,Suite,3,"['1 room', '350 m²', 'Air conditioning', 'Attached bathroom', 'Flat-screen TV', 'Soundproof', 'Coffee machine', 'Free Wifi', 'Free toiletries', 'Toilet', 'Bathtub or shower', 'Towels', 'Linens', 'Tile/Marble floor', 'High chair', 'Sitting area', 'TV', 'Refrigerator', 'Telephone', 'Ironing facilities', 'Iron', 'Radio', 'Microwave', 'Heating', 'Hairdryer', 'Wake-up service/Alarm clock', 'Carpeted', 'Cable channels', 'Alarm clock', 'Dryer', 'Wireless internet', 'Clothes rack', 'Toilet paper', 'Entire unit wheelchair accessible', 'Single-room AC for guest accommodation']",12827.0,1732.0,14559.0,2025-11-21,2025-11-22,https://www.booking.com/hotel/us/grand-season-inn-waupaca.html?aid=304142&label=gen173nr-10CBkoggI46AdIM1gEaGyIAQGYATO4ARfIAQzYAQPoAQH4AQGIAgGoAgG4ApeMjsgGwAIB0gIkMjlmODgzOGUtNTk5OC00MjNhLTg3OTUtN2M0MDViOGZmZmU12AIB4AIB&sid=b4a3f7b31a243b80f8ac20db0073a78a&checkin=2025-11-01&checkout=2025-11-05&dist=0&group_adults=2&group_children=0&hapos=1&hpos=1&no_rooms=1&req_adults=2&req_children=0&room1=A%2CA&sb_price_type=total&soh=1&sr_order=popularity&srepoch=1761842376&srpvid=26dd7514751709f0&type=total&ucfs=1&#no_availability_msg
BOOKING_4,booking,Us,One-Bedroom King Suite - Non-Smoking,king bedand,King,Suite,2,"['1 room', '350 m²', 'Air conditioning', 'Attached bathroom', 'Flat-screen TV', 'Soundproof', 'Coffee machine', 'Free Wifi', 'Free toiletries', 'Toilet', 'Sofa', 'Bathtub or shower', 'Towels', 'Linens', 'Tile/Marble floor', 'High chair', 'Sitting area', 'TV', 'Refrigerator', 'Telephone', 'Ironing facilities', 'Iron', 'Radio', 'Microwave', 'Heating', 'Hairdryer', 'Wake-up service/Alarm clock', 'Carpeted', 'Cable channels', 'Alarm clock', 'Dryer', 'Wireless internet', 'Clothes rack', 'Toilet paper', 'Entire unit wheelchair accessible', 'Single-room AC for guest accommodation']",13582.0,1834.0,15416.0,2025-11-21,2025-11-22,https://www.booking.com/hotel/us/grand-season-inn-waupaca.html?aid=304142&label=gen173nr-10CBkoggI46AdIM1gEaGyIAQGYATO4ARfIAQzYAQPoAQH4AQGIAgGoAgG4ApeMjsgGwAIB0gIkMjlmODgzOGUtNTk5OC00MjNhLTg3OTUtN2M0MDViOGZmZmU12AIB4AIB&sid=b4a3f7b31a243b80f8ac20db0073a78a&checkin=2025-11-01&checkout=2025-11-05&dist=0&group_adults=2&group_children=0&hapos=1&hpos=1&no_rooms=1&req_adults=2&req_children=0&room1=A%2CA&sb_price_type=total&soh=1&sr_order=popularity&srepoch=1761842376&srpvid=26dd7514751709f0&type=total&ucfs=1&#no_availability_msg
BOOKING_4,booking,Us,Efficiency Queen Room - Non-Smoking,queen bed,Queen,Normal,2,"['Entire studio', 'Private kitchen', 'Private bathroom', 'Air conditioning', 'Minibar', 'Free Wifi', 'Free toiletries', 'Kitchen', 'Toilet', 'Sofa', 'Sitting area', 'TV', 'Refrigerator', 'Tea/Coffee maker', 'Iron', 'Microwave', 'Heating', 'Hairdryer', 'Kitchenware', 'Cable channels', 'Wardrobe or closet', 'Oven', 'Stovetop', 'Wireless internet', 'Dining area']",13582.0,1834.0,15416.0,2025-11-21,2025-11-22,https://www.booking.com/hotel/us/grand-season-inn-waupaca.html?aid=304142&label=gen173nr-10CBkoggI46AdIM1gEaGyIAQGYATO4ARfIAQzYAQPoAQH4AQGIAgGoAgG4ApeMjsgGwAIB0gIkMjlmODgzOGUtNTk5OC00MjNhLTg3OTUtN2M0MDViOGZmZmU12AIB4AIB&sid=b4a3f7b31a243b80f8ac20db0073a78a&checkin=2025-11-01&checkout=2025-11-05&dist=0&group_adults=2&group_children=0&hapos=1&hpos=1&no_rooms=1&req_adults=2&req_children=0&room1=A%2CA&sb_price_type=total&soh=1&sr_order=popularity&srepoch=1761842376&srpvid=26dd7514751709f0&type=total&ucfs=1&#no_availability_msg
BOOKING_4,booking,Ramada by Wyndham Waupaca,Queen Room with Two Queen Beds - Non-Smoking,queen beds,Queen,Normal,0,"['1 room', '250 m²', 'Air conditioning', 'Attached bathroom', 'Flat-screen TV', 'Soundproof', 'Coffee machine', 'Free Wifi', 'Free toiletries', 'Toilet', 'Bathtub or shower', 'Towels', 'Linens', 'Tile/Marble floor', 'High chair', 'Sitting area', 'TV', 'Refrigerator', 'Telephone', 'Ironing facilities', 'Iron', 'Radio', 'Microwave', 'Heating', 'Hairdryer', 'Wake-up service/Alarm clock', 'Carpeted', 'Cable channels', 'Alarm clock', 'Dryer', 'Wireless internet', 'Clothes rack', 'Toilet paper', 'Entire unit wheelchair accessible', 'Single-room AC for guest accommodation']",15020.0,2028.0,17048.0,2025-11-22,2025-11-23,https://www.booking.com/hotel/us/grand-season-inn-waupaca.html?aid=304142&label=gen173nr-10CBkoggI46AdIM1gEaGyIAQGYATO4ARfIAQzYAQPoAQH4AQGIAgGoAgG4ApeMjsgGwAIB0gIkMjlmODgzOGUtNTk5OC00MjNhLTg3OTUtN2M0MDViOGZmZmU12AIB4AIB&sid=b4a3f7b31a243b80f8ac20db0073a78a&checkin=2025-11-01&checkout=2025-11-05&dist=0&group_adults=2&group_children=0&hapos=1&hpos=1&no_rooms=1&req_adults=2&req_children=0&room1=A%2CA&sb_price_type=total&soh=1&sr_order=popularity&srepoch=1761842376&srpvid=26dd7514751709f0&type=total&ucfs=1&#no_availability_msg
BOOKING_4,booking,Ramada by Wyndham Waupaca,King Room - Non-Smoking,king bed,King,Normal,5,"['1 room', '185 m²', 'Air conditioning', 'Attached bathroom', 'Flat-screen TV', 'Soundproof', 'Coffee machine', 'Free Wifi', 'Free toiletries', 'Toilet', 'Bathtub or shower', 'Towels', 'Linens', 'Tile/Marble floor', 'High chair', 'Sitting area', 'TV', 'Refrigerator', 'Telephone', 'Ironing facilities', 'Iron', 'Radio', 'Microwave', 'Heating', 'Hairdryer', 'Wake-up service/Alarm clock', 'Carpeted', 'Cable channels', 'Alarm clock', 'Dryer', 'Wireless internet', 'Clothes rack', 'Toilet paper', 'Entire unit wheelchair accessible', 'Single-room AC for guest accommodation']",14621.0,1974.0,16595.0,2025-11-22,2025-11-23,https://www.booking.com/hotel/us/grand-season-inn-waupaca.html?aid=304142&label=gen173nr-10CBkoggI46AdIM1gEaGyIAQGYATO4ARfIAQzYAQPoAQH4AQGIAgGoAgG4ApeMjsgGwAIB0gIkMjlmODgzOGUtNTk5OC00MjNhLTg3OTUtN2M0MDViOGZmZmU12AIB4AIB&sid=b4a3f7b31a243b80f8ac20db0073a78a&checkin=2025-11-01&checkout=2025-11-05&dist=0&group_adults=2&group_children=0&hapos=1&hpos=1&no_rooms=1&req_adults=2&req_children=0&room1=A%2CA&sb_price_type=total&soh=1&sr_order=popularity&srepoch=1761842376&srpvid=26dd7514751709f0&type=total&ucfs=1&#no_availability_msg
BOOKING_4,booking,Ramada by Wyndham Waupaca,Queen Room - Non-Smoking,sofa bedand,Sofa,Normal,2,"['1 room', '185 m²', 'Air conditioning', 'Attached bathroom', 'Flat-screen TV', 'Soundproof', 'Coffee machine', 'Free Wifi', 'Free toiletries', 'Toilet', 'Sofa', 'Bathtub or shower', 'Towels', 'Linens', 'Tile/Marble floor', 'High chair', 'Sitting area', 'TV', 'Refrigerator', 'Telephone', 'Ironing facilities', 'Iron', 'Radio', 'Microwave', 'Heating', 'Hairdryer', 'Wake-up service/Alarm clock', 'Carpeted', 'Cable channels', 'Alarm clock', 'Dryer', 'Wireless internet', 'Clothes rack', 'Toilet paper', 'Entire unit wheelchair accessible', 'Single-room AC for guest accommodation']",14621.0,1974.0,16595.0,2025-11-22,2025-11-23,https://www.booking.com/hotel/us/grand-season-inn-waupaca.html?aid=304142&label=gen173nr-10CBkoggI46AdIM1gEaGyIAQGYATO4ARfIAQzYAQPoAQH4AQGIAgGoAgG4ApeMjsgGwAIB0gIkMjlmODgzOGUtNTk5OC00MjNhLTg3OTUtN2M0MDViOGZmZmU12AIB4AIB&sid=b4a3f7b31a243b80f8ac20db0073a78a&checkin=2025-11-01&checkout=2025-11-05&dist=0&group_adults=2&group_children=0&hapos=1&hpos=1&no_rooms=1&req_adults=2&req_children=0&room1=A%2CA&sb_price_type=total&soh=1&sr_order=popularity&srepoch=1761842376&srpvid=26dd7514751709f0&type=total&ucfs=1&#no_availability_msg
BOOKING_4,booking,Ramada by Wyndham Waupaca,Queen Room with Two Queen Beds and Bath Tub - Mobility Accessible/Non-Smoking,queen beds,Queen,Normal,4,"['1 room', '185 m²', 'Air conditioning', 'Attached bathroom', 'Flat-screen TV', 'Soundproof', 'Coffee machine', 'Free Wifi', 'Free toiletries', 'Toilet', 'Bathtub or shower', 'Towels', 'Linens', 'Tile/Marble floor', 'High chair', 'Sitting area', 'TV', 'Refrigerator', 'Telephone', 'Ironing facilities', 'Iron', 'Radio', 'Microwave', 'Heating', 'Hairdryer', 'Wake-up service/Alarm clock', 'Carpeted', 'Cable channels', 'Alarm clock', 'Dryer', 'Wireless internet', 'Clothes rack', 'Toilet paper', 'Entire unit wheelchair accessible', 'Single-room AC for guest accommodation']",15020.0,2028.0,17048.0,2025-11-22,2025-11-23,https://www.booking.com/hotel/us/grand-season-inn-waupaca.html?aid=304142&label=gen173nr-10CBkoggI46AdIM1gEaGyIAQGYATO4ARfIAQzYAQPoAQH4AQGIAgGoAgG4ApeMjsgGwAIB0gIkMjlmODgzOGUtNTk5OC00MjNhLTg3OTUtN2M0MDViOGZmZmU12AIB4AIB&sid=b4a3f7b31a243b80f8ac20db0073a78a&checkin=2025-11-01&checkout=2025-11-05&dist=0&group_adults=2&group_children=0&hapos=1&hpos=1&no_rooms=1&req_adults=2&req_children=0&room1=A%2CA&sb_price_type=total&soh=1&sr_order=popularity&srepoch=1761842376&srpvid=26dd7514751709f0&type=total&ucfs=1&#no_availability_msg
BOOKING_4,booking,Ramada by Wyndham Waupaca,King Studio Suite - Non-Smoking,king bed,King,Suite,2,"['1 room', '350 m²', 'Air conditioning', 'Attached bathroom', 'Flat-screen TV', 'Soundproof', 'Coffee machine', 'Free Wifi', 'Free toiletries', 'Toilet', 'Bathtub or shower', 'Towels', 'Linens', 'Tile/Marble floor', 'High chair', 'Sitting area', 'TV', 'Refrigerator', 'Telephone', 'Ironing facilities', 'Iron', 'Radio', 'Microwave', 'Heating', 'Hairdryer', 'Wake-up service/Alarm clock', 'Carpeted', 'Cable channels', 'Alarm clock', 'Dryer', 'Wireless internet', 'Clothes rack', 'Toilet paper', 'Entire unit wheelchair accessible', 'Single-room AC for guest accommodation']",16219.0,2189.0,18408.0,2025-11-22,2025-11-23,https://www.booking.com/hotel/us/grand-season-inn-waupaca.html?aid=304142&label=gen173nr-10CBkoggI46AdIM1gEaGyIAQGYATO4ARfIAQzYAQPoAQH4AQGIAgGoAgG4ApeMjsgGwAIB0gIkMjlmODgzOGUtNTk5OC00MjNhLTg3OTUtN2M0MDViOGZmZmU12AIB4AIB&sid=b4a3f7b31a243b80f8ac20db0073a78a&checkin=2025-11-01&checkout=2025-11-05&dist=0&group_adults=2&group_children=0&hapos=1&hpos=1&no_rooms=1&req_adults=2&req_children=0&room1=A%2CA&sb_price_type=total&soh=1&sr_order=popularity&srepoch=1761842376&srpvid=26dd7514751709f0&type=total&ucfs=1&#no_availability_msg
BOOKING_4,booking,Ramada by Wyndham Waupaca,Deluxe King Studio Suite - Non-Smoking,queen beds,Queen,Suite,3,"['1 room', '350 m²', 'Air conditioning', 'Attached bathroom', 'Flat-screen TV', 'Soundproof', 'Coffee machine', 'Free Wifi', 'Free toiletries', 'Toilet', 'Bathtub or shower', 'Towels', 'Linens', 'Tile/Marble floor', 'High chair', 'Sitting area', 'TV', 'Refrigerator', 'Telephone', 'Ironing facilities', 'Iron', 'Radio', 'Microwave', 'Heating', 'Hairdryer', 'Wake-up service/Alarm clock', 'Carpeted', 'Cable channels', 'Alarm clock', 'Dryer', 'Wireless internet', 'Clothes rack', 'Toilet paper', 'Entire unit wheelchair accessible', 'Single-room AC for guest accommodation']",17017.0,2297.0,19314.0,2025-11-22,2025-11-23,https://www.booking.com/hotel/us/grand-season-inn-waupaca.html?aid=304142&label=gen173nr-10CBkoggI46AdIM1gEaGyIAQGYATO4ARfIAQzYAQPoAQH4AQGIAgGoAgG4ApeMjsgGwAIB0gIkMjlmODgzOGUtNTk5OC00MjNhLTg3OTUtN2M0MDViOGZmZmU12AIB4AIB&sid=b4a3f7b31a243b80f8ac20db0073a78a&checkin=2025-11-01&checkout=2025-11-05&dist=0&group_adults=2&group_children=0&hapos=1&hpos=1&no_rooms=1&req_adults=2&req_children=0&room1=A%2CA&sb_price_type=total&soh=1&sr_order=popularity&srepoch=1761842376&srpvid=26dd7514751709f0&type=total&ucfs=1&#no_availability_msg
BOOKING_4,booking,Ramada by Wyndham Waupaca,One-Bedroom King Suite - Non-Smoking,king bedand,King,Suite,2,"['1 room', '350 m²', 'Air conditioning', 'Attached bathroom', 'Flat-screen TV', 'Soundproof', 'Coffee machine', 'Free Wifi', 'Free toiletries', 'Toilet', 'Sofa', 'Bathtub or shower', 'Towels', 'Linens', 'Tile/Marble floor', 'High chair', 'Sitting area', 'TV', 'Refrigerator', 'Telephone', 'Ironing facilities', 'Iron', 'Radio', 'Microwave', 'Heating', 'Hairdryer', 'Wake-up service/Alarm clock', 'Carpeted', 'Cable channels', 'Alarm clock', 'Dryer', 'Wireless internet', 'Clothes rack', 'Toilet paper', 'Entire unit wheelchair accessible', 'Single-room AC for guest accommodation']",17816.0,2405.0,20221.0,2025-11-22,2025-11-23,https://www.booking.com/hotel/us/grand-season-inn-waupaca.html?aid=304142&label=gen173nr-10CBkoggI46AdIM1gEaGyIAQGYATO4ARfIAQzYAQPoAQH4AQGIAgGoAgG4ApeMjsgGwAIB0gIkMjlmODgzOGUtNTk5OC00MjNhLTg3OTUtN2M0MDViOGZmZmU12AIB4AIB&sid=b4a3f7b31a243b80f8ac20db0073a78a&checkin=2025-11-01&checkout=2025-11-05&dist=0&group_adults=2&group_children=0&hapos=1&hpos=1&no_rooms=1&req_adults=2&req_children=0&room1=A%2CA&sb_price_type=total&soh=1&sr_order=popularity&srepoch=1761842376&srpvid=26dd7514751709f0&type=total&ucfs=1&#no_availability_msg
BOOKING_4,booking,Ramada by Wyndham Waupaca,Efficiency Queen Room - Non-Smoking,queen bed,Queen,Normal,2,"['Entire studio', 'Private kitchen', 'Private bathroom', 'Air conditioning', 'Minibar', 'Free Wifi', 'Free toiletries', 'Kitchen', 'Toilet', 'Sofa', 'Sitting area', 'TV', 'Refrigerator', 'Tea/Coffee maker', 'Iron', 'Microwave', 'Heating', 'Hairdryer', 'Kitchenware', 'Cable channels', 'Wardrobe or closet', 'Oven', 'Stovetop', 'Wireless internet', 'Dining area']",17816.0,2405.0,20221.0,2025-11-22,2025-11-23,https://www.booking.com/hotel/us/grand-season-inn-waupaca.html?aid=304142&label=gen173nr-10CBkoggI46AdIM1gEaGyIAQGYATO4ARfIAQzYAQPoAQH4AQGIAgGoAgG4ApeMjsgGwAIB0gIkMjlmODgzOGUtNTk5OC00MjNhLTg3OTUtN2M0MDViOGZmZmU12AIB4AIB&sid=b4a3f7b31a243b80f8ac20db0073a78a&checkin=2025-11-01&checkout=2025-11-05&dist=0&group_adults=2&group_children=0&hapos=1&hpos=1&no_rooms=1&req_adults=2&req_children=0&room1=A%2CA&sb_price_type=total&soh=1&sr_order=popularity&srepoch=1761842376&srpvid=26dd7514751709f0&type=total&ucfs=1&#no_availability_msg
BOOKING_5,booking,Us,King Room,king bed,King,Normal,0,"['1 room', '28 m²', 'Air conditioning', 'Private bathroom', 'Flat-screen TV', 'Coffee machine', 'Free Wifi', 'Free toiletries', 'Toilet', 'Bathtub or shower', 'Desk', 'Telephone', 'Ironing facilities', 'Iron', 'Heating', 'Hairdryer', 'Carpeted', 'Cable channels', 'Alarm clock', 'Single-room AC for guest accommodation', 'Hand sanitizer']",7812.0,1055.0,8867.0,2025-11-10,2025-11-11,https://www.booking.com/hotel/us/la-quinta-stevens-point.html?aid=304142&label=gen173nr-10CBkoggI46AdIM1gEaGyIAQGYATO4ARfIAQzYAQPoAQH4AQGIAgGoAgG4ApeMjsgGwAIB0gIkMjlmODgzOGUtNTk5OC00MjNhLTg3OTUtN2M0MDViOGZmZmU12AIB4AIB&sid=b4a3f7b31a243b80f8ac20db0073a78a&all_sr_blocks=46222902_246071592_2_1_0&checkin=2025-11-01&checkout=2025-11-05&dest_id=462229&dest_type=hotel&dist=0&group_adults=2&group_children=0&hapos=1&highlighted_blocks=46222902_246071592_2_1_0&hpos=1&matching_block_id=46222902_246071592_2_1_0&no_rooms=1&req_adults=2&req_children=0&room1=A%2CA&sb_price_type=total&sr_order=popularity&sr_pri_blocks=46222902_246071592_2_1_0__33120&srepoch=1761842557&srpvid=2fc67572204010eb&type=total&ucfs=1&
BOOKING_5,booking,Us,Double Room with One Double Bed - Disability Access,full bed,Other,Normal,3,"['1 room', '23 m²', 'Air conditioning', 'Private bathroom', 'Flat-screen TV', 'Coffee machine', 'Free Wifi', 'Free toiletries', 'Toilet', 'Bathtub or shower', 'Desk', 'Telephone', 'Ironing facilities', 'Iron', 'Heating', 'Hairdryer', 'Carpeted', 'Cable channels', 'Alarm clock', 'Single-room AC for guest accommodation', 'Hand sanitizer']",7812.0,1055.0,8867.0,2025-11-10,2025-11-11,https://www.booking.com/hotel/us/la-quinta-stevens-point.html?aid=304142&label=gen173nr-10CBkoggI46AdIM1gEaGyIAQGYATO4ARfIAQzYAQPoAQH4AQGIAgGoAgG4ApeMjsgGwAIB0gIkMjlmODgzOGUtNTk5OC00MjNhLTg3OTUtN2M0MDViOGZmZmU12AIB4AIB&sid=b4a3f7b31a243b80f8ac20db0073a78a&all_sr_blocks=46222902_246071592_2_1_0&checkin=2025-11-01&checkout=2025-11-05&dest_id=462229&dest_type=hotel&dist=0&group_adults=2&group_children=0&hapos=1&highlighted_blocks=46222902_246071592_2_1_0&hpos=1&matching_block_id=46222902_246071592_2_1_0&no_rooms=1&req_adults=2&req_children=0&room1=A%2CA&sb_price_type=total&sr_order=popularity&sr_pri_blocks=46222902_246071592_2_1_0__33120&srepoch=1761842557&srpvid=2fc67572204010eb&type=total&ucfs=1&
BOOKING_5,booking,Us,Double Room with Two Double Beds,full beds,Other,Normal,0,"['1 room', '28 m²', 'Air conditioning', 'Private bathroom', 'Flat-screen TV', 'Coffee machine', 'Free Wifi', 'Free toiletries', 'Toilet', 'Bathtub or shower', 'Desk', 'Telephone', 'Ironing facilities', 'Iron', 'Heating', 'Hairdryer', 'Carpeted', 'Cable channels', 'Alarm clock', 'Single-room AC for guest accommodation', 'Hand sanitizer']",8593.0,1160.0,9753.0,2025-11-10,2025-11-11,https://www.booking.com/hotel/us/la-quinta-stevens-point.html?aid=304142&label=gen173nr-10CBkoggI46AdIM1gEaGyIAQGYATO4ARfIAQzYAQPoAQH4AQGIAgGoAgG4ApeMjsgGwAIB0gIkMjlmODgzOGUtNTk5OC00MjNhLTg3OTUtN2M0MDViOGZmZmU12AIB4AIB&sid=b4a3f7b31a243b80f8ac20db0073a78a&all_sr_blocks=46222902_246071592_2_1_0&checkin=2025-11-01&checkout=2025-11-05&dest_id=462229&dest_type=hotel&dist=0&group_adults=2&group_children=0&hapos=1&highlighted_blocks=46222902_246071592_2_1_0&hpos=1&matching_block_id=46222902_246071592_2_1_0&no_rooms=1&req_adults=2&req_children=0&room1=A%2CA&sb_price_type=total&sr_order=popularity&sr_pri_blocks=46222902_246071592_2_1_0__33120&srepoch=1761842557&srpvid=2fc67572204010eb&type=total&ucfs=1&
BOOKING_5,booking,Us,Executive King Room with Sofa Bed,king bedand,King,Deluxe,5,"['1 room', '29 m²', 'Air conditioning', 'Private bathroom', 'Flat-screen TV', 'Coffee machine', 'Free Wifi', 'Free toiletries', 'Toilet', 'Sofa', 'Bathtub or shower', 'Desk', 'Refrigerator', 'Telephone', 'Ironing facilities', 'Iron', 'Microwave', 'Heating', 'Hairdryer', 'Carpeted', 'Cable channels', 'Alarm clock', 'Hand sanitizer', 'Single-room AC for guest accommodation']",9374.0,1266.0,10640.0,2025-11-10,2025-11-11,https://www.booking.com/hotel/us/la-quinta-stevens-point.html?aid=304142&label=gen173nr-10CBkoggI46AdIM1gEaGyIAQGYATO4ARfIAQzYAQPoAQH4AQGIAgGoAgG4ApeMjsgGwAIB0gIkMjlmODgzOGUtNTk5OC00MjNhLTg3OTUtN2M0MDViOGZmZmU12AIB4AIB&sid=b4a3f7b31a243b80f8ac20db0073a78a&all_sr_blocks=46222902_246071592_2_1_0&checkin=2025-11-01&checkout=2025-11-05&dest_id=462229&dest_type=hotel&dist=0&group_adults=2&group_children=0&hapos=1&highlighted_blocks=46222902_246071592_2_1_0&hpos=1&matching_block_id=46222902_246071592_2_1_0&no_rooms=1&req_adults=2&req_children=0&room1=A%2CA&sb_price_type=total&sr_order=popularity&sr_pri_blocks=46222902_246071592_2_1_0__33120&srepoch=1761842557&srpvid=2fc67572204010eb&type=total&ucfs=1&
BOOKING_5,booking,Us,One-Bedroom King Suite - Non-Smoking,,,Suite,2,"['Private suite', '56 m²', 'Air conditioning', 'Private bathroom', 'Free Wifi', 'Toilet', 'Bathtub or shower', 'Telephone', 'Heating', 'Carpeted', 'Alarm clock', 'Sofa bed', 'Hand sanitizer', 'Single-room AC for guest accommodation']",11718.0,1582.0,13300.0,2025-11-10,2025-11-11,https://www.booking.com/hotel/us/la-quinta-stevens-point.html?aid=304142&label=gen173nr-10CBkoggI46AdIM1gEaGyIAQGYATO4ARfIAQzYAQPoAQH4AQGIAgGoAgG4ApeMjsgGwAIB0gIkMjlmODgzOGUtNTk5OC00MjNhLTg3OTUtN2M0MDViOGZmZmU12AIB4AIB&sid=b4a3f7b31a243b80f8ac20db0073a78a&all_sr_blocks=46222902_246071592_2_1_0&checkin=2025-11-01&checkout=2025-11-05&dest_id=462229&dest_type=hotel&dist=0&group_adults=2&group_children=0&hapos=1&highlighted_blocks=46222902_246071592_2_1_0&hpos=1&matching_block_id=46222902_246071592_2_1_0&no_rooms=1&req_adults=2&req_children=0&room1=A%2CA&sb_price_type=total&sr_order=popularity&sr_pri_blocks=46222902_246071592_2_1_0__33120&srepoch=1761842557&srpvid=2fc67572204010eb&type=total&ucfs=1&
BOOKING_5,booking,La Quinta by Wyndham Stevens Point,King Room,king bed,King,Normal,0,"['1 room', '28 m²', 'Air conditioning', 'Private bathroom', 'Flat-screen TV', 'Coffee machine', 'Free Wifi', 'Free toiletries', 'Toilet', 'Bathtub or shower', 'Desk', 'Telephone', 'Ironing facilities', 'Iron', 'Heating', 'Hairdryer', 'Carpeted', 'Cable channels', 'Alarm clock', 'Single-room AC for guest accommodation', 'Hand sanitizer']",7656.0,1034.0,8690.0,2025-11-11,2025-11-12,https://www.booking.com/hotel/us/la-quinta-stevens-point.html?aid=304142&label=gen173nr-10CBkoggI46AdIM1gEaGyIAQGYATO4ARfIAQzYAQPoAQH4AQGIAgGoAgG4ApeMjsgGwAIB0gIkMjlmODgzOGUtNTk5OC00MjNhLTg3OTUtN2M0MDViOGZmZmU12AIB4AIB&sid=b4a3f7b31a243b80f8ac20db0073a78a&all_sr_blocks=46222902_246071592_2_1_0&checkin=2025-11-01&checkout=2025-11-05&dest_id=462229&dest_type=hotel&dist=0&group_adults=2&group_children=0&hapos=1&highlighted_blocks=46222902_246071592_2_1_0&hpos=1&matching_block_id=46222902_246071592_2_1_0&no_rooms=1&req_adults=2&req_children=0&room1=A%2CA&sb_price_type=total&sr_order=popularity&sr_pri_blocks=46222902_246071592_2_1_0__33120&srepoch=1761842557&srpvid=2fc67572204010eb&type=total&ucfs=1&
BOOKING_5,booking,La Quinta by Wyndham Stevens Point,Double Room with One Double Bed - Disability Access,full bed,Other,Normal,3,"['1 room', '23 m²', 'Air conditioning', 'Private bathroom', 'Flat-screen TV', 'Coffee machine', 'Free Wifi', 'Free toiletries', 'Toilet', 'Bathtub or shower', 'Desk', 'Telephone', 'Ironing facilities', 'Iron', 'Heating', 'Hairdryer', 'Carpeted', 'Cable channels', 'Alarm clock', 'Single-room AC for guest accommodation', 'Hand sanitizer']",7656.0,1034.0,8690.0,2025-11-11,2025-11-12,https://www.booking.com/hotel/us/la-quinta-stevens-point.html?aid=304142&label=gen173nr-10CBkoggI46AdIM1gEaGyIAQGYATO4ARfIAQzYAQPoAQH4AQGIAgGoAgG4ApeMjsgGwAIB0gIkMjlmODgzOGUtNTk5OC00MjNhLTg3OTUtN2M0MDViOGZmZmU12AIB4AIB&sid=b4a3f7b31a243b80f8ac20db0073a78a&all_sr_blocks=46222902_246071592_2_1_0&checkin=2025-11-01&checkout=2025-11-05&dest_id=462229&dest_type=hotel&dist=0&group_adults=2&group_children=0&hapos=1&highlighted_blocks=46222902_246071592_2_1_0&hpos=1&matching_block_id=46222902_246071592_2_1_0&no_rooms=1&req_adults=2&req_children=0&room1=A%2CA&sb_price_type=total&sr_order=popularity&sr_pri_blocks=46222902_246071592_2_1_0__33120&srepoch=1761842557&srpvid=2fc67572204010eb&type=total&ucfs=1&
BOOKING_5,booking,La Quinta by Wyndham Stevens Point,Double Room with Two Double Beds,full beds,Other,Normal,0,"['1 room', '28 m²', 'Air conditioning', 'Private bathroom', 'Flat-screen TV', 'Coffee machine', 'Free Wifi', 'Free toiletries', 'Toilet', 'Bathtub or shower', 'Desk', 'Telephone', 'Ironing facilities', 'Iron', 'Heating', 'Hairdryer', 'Carpeted', 'Cable channels', 'Alarm clock', 'Hand sanitizer', 'Single-room AC for guest accommodation']",8437.0,1139.0,9576.0,2025-11-11,2025-11-12,https://www.booking.com/hotel/us/la-quinta-stevens-point.html?aid=304142&label=gen173nr-10CBkoggI46AdIM1gEaGyIAQGYATO4ARfIAQzYAQPoAQH4AQGIAgGoAgG4ApeMjsgGwAIB0gIkMjlmODgzOGUtNTk5OC00MjNhLTg3OTUtN2M0MDViOGZmZmU12AIB4AIB&sid=b4a3f7b31a243b80f8ac20db0073a78a&all_sr_blocks=46222902_246071592_2_1_0&checkin=2025-11-01&checkout=2025-11-05&dest_id=462229&dest_type=hotel&dist=0&group_adults=2&group_children=0&hapos=1&highlighted_blocks=46222902_246071592_2_1_0&hpos=1&matching_block_id=46222902_246071592_2_1_0&no_rooms=1&req_adults=2&req_children=0&room1=A%2CA&sb_price_type=total&sr_order=popularity&sr_pri_blocks=46222902_246071592_2_1_0__33120&srepoch=1761842557&srpvid=2fc67572204010eb&type=total&ucfs=1&
BOOKING_5,booking,La Quinta by Wyndham Stevens Point,Executive King Room with Sofa Bed,king bedand,King,Deluxe,5,"['1 room', '29 m²', 'Air conditioning', 'Private bathroom', 'Flat-screen TV', 'Coffee machine', 'Free Wifi', 'Free toiletries', 'Toilet', 'Sofa', 'Bathtub or shower', 'Desk', 'Refrigerator', 'Telephone', 'Ironing facilities', 'Iron', 'Microwave', 'Heating', 'Hairdryer', 'Carpeted', 'Cable channels', 'Alarm clock', 'Single-room AC for guest accommodation', 'Hand sanitizer']",9218.0,1244.0,10462.0,2025-11-11,2025-11-12,https://www.booking.com/hotel/us/la-quinta-stevens-point.html?aid=304142&label=gen173nr-10CBkoggI46AdIM1gEaGyIAQGYATO4ARfIAQzYAQPoAQH4AQGIAgGoAgG4ApeMjsgGwAIB0gIkMjlmODgzOGUtNTk5OC00MjNhLTg3OTUtN2M0MDViOGZmZmU12AIB4AIB&sid=b4a3f7b31a243b80f8ac20db0073a78a&all_sr_blocks=46222902_246071592_2_1_0&checkin=2025-11-01&checkout=2025-11-05&dest_id=462229&dest_type=hotel&dist=0&group_adults=2&group_children=0&hapos=1&highlighted_blocks=46222902_246071592_2_1_0&hpos=1&matching_block_id=46222902_246071592_2_1_0&no_rooms=1&req_adults=2&req_children=0&room1=A%2CA&sb_price_type=total&sr_order=popularity&sr_pri_blocks=46222902_246071592_2_1_0__33120&srepoch=1761842557&srpvid=2fc67572204010eb&type=total&ucfs=1&
BOOKING_5,booking,La Quinta by Wyndham Stevens Point,One-Bedroom King Suite - Non-Smoking,,,Suite,2,"['Private suite', '56 m²', 'Air conditioning', 'Private bathroom', 'Free Wifi', 'Toilet', 'Bathtub or shower', 'Telephone', 'Heating', 'Carpeted', 'Alarm clock', 'Sofa bed', 'Hand sanitizer', 'Single-room AC for guest accommodation']",11562.0,1561.0,13123.0,2025-11-11,2025-11-12,https://www.booking.com/hotel/us/la-quinta-stevens-point.html?aid=304142&label=gen173nr-10CBkoggI46AdIM1gEaGyIAQGYATO4ARfIAQzYAQPoAQH4AQGIAgGoAgG4ApeMjsgGwAIB0gIkMjlmODgzOGUtNTk5OC00MjNhLTg3OTUtN2M0MDViOGZmZmU12AIB4AIB&sid=b4a3f7b31a243b80f8ac20db0073a78a&all_sr_blocks=46222902_246071592_2_1_0&checkin=2025-11-01&checkout=2025-11-05&dest_id=462229&dest_type=hotel&dist=0&group_adults=2&group_children=0&hapos=1&highlighted_blocks=46222902_246071592_2_1_0&hpos=1&matching_block_id=46222902_246071592_2_1_0&no_rooms=1&req_adults=2&req_children=0&room1=A%2CA&sb_price_type=total&sr_order=popularity&sr_pri_blocks=46222902_246071592_2_1_0__33120&srepoch=1761842557&srpvid=2fc67572204010eb&type=total&ucfs=1&
BOOKING_5,booking,La Quinta by Wyndham Stevens Point,King Room,king bed,King,Normal,0,"['1 room', '28 m²', 'Air conditioning', 'Private bathroom', 'Flat-screen TV', 'Coffee machine', 'Free Wifi', 'Free toiletries', 'Toilet', 'Bathtub or shower', 'Desk', 'Telephone', 'Ironing facilities', 'Iron', 'Heating', 'Hairdryer', 'Carpeted', 'Cable channels', 'Alarm clock', 'Hand sanitizer', 'Single-room AC for guest accommodation']",7656.0,1034.0,8690.0,2025-11-12,2025-11-13,https://www.booking.com/hotel/us/la-quinta-stevens-point.html?aid=304142&label=gen173nr-10CBkoggI46AdIM1gEaGyIAQGYATO4ARfIAQzYAQPoAQH4AQGIAgGoAgG4ApeMjsgGwAIB0gIkMjlmODgzOGUtNTk5OC00MjNhLTg3OTUtN2M0MDViOGZmZmU12AIB4AIB&sid=b4a3f7b31a243b80f8ac20db0073a78a&all_sr_blocks=46222902_246071592_2_1_0&checkin=2025-11-01&checkout=2025-11-05&dest_id=462229&dest_type=hotel&dist=0&group_adults=2&group_children=0&hapos=1&highlighted_blocks=46222902_246071592_2_1_0&hpos=1&matching_block_id=46222902_246071592_2_1_0&no_rooms=1&req_adults=2&req_children=0&room1=A%2CA&sb_price_type=total&sr_order=popularity&sr_pri_blocks=46222902_246071592_2_1_0__33120&srepoch=1761842557&srpvid=2fc67572204010eb&type=total&ucfs=1&
BOOKING_5,booking,La Quinta by Wyndham Stevens Point,Double Room with One Double Bed - Disability Access,full bed,Other,Normal,3,"['1 room', '23 m²', 'Air conditioning', 'Private bathroom', 'Flat-screen TV', 'Coffee machine', 'Free Wifi', 'Free toiletries', 'Toilet', 'Bathtub or shower', 'Desk', 'Telephone', 'Ironing facilities', 'Iron', 'Heating', 'Hairdryer', 'Carpeted', 'Cable channels', 'Alarm clock', 'Single-room AC for guest accommodation', 'Hand sanitizer']",7656.0,1034.0,8690.0,2025-11-12,2025-11-13,https://www.booking.com/hotel/us/la-quinta-stevens-point.html?aid=304142&label=gen173nr-10CBkoggI46AdIM1gEaGyIAQGYATO4ARfIAQzYAQPoAQH4AQGIAgGoAgG4ApeMjsgGwAIB0gIkMjlmODgzOGUtNTk5OC00MjNhLTg3OTUtN2M0MDViOGZmZmU12AIB4AIB&sid=b4a3f7b31a243b80f8ac20db0073a78a&all_sr_blocks=46222902_246071592_2_1_0&checkin=2025-11-01&checkout=2025-11-05&dest_id=462229&dest_type=hotel&dist=0&group_adults=2&group_children=0&hapos=1&highlighted_blocks=46222902_246071592_2_1_0&hpos=1&matching_block_id=46222902_246071592_2_1_0&no_rooms=1&req_adults=2&req_children=0&room1=A%2CA&sb_price_type=total&sr_order=popularity&sr_pri_blocks=46222902_246071592_2_1_0__33120&srepoch=1761842557&srpvid=2fc67572204010eb&type=total&ucfs=1&
BOOKING_5,booking,La Quinta by Wyndham Stevens Point,Double Room with Two Double Beds,full beds,Other,Normal,0,"['1 room', '28 m²', 'Air conditioning', 'Private bathroom', 'Flat-screen TV', 'Coffee machine', 'Free Wifi', 'Free toiletries', 'Toilet', 'Bathtub or shower', 'Desk', 'Telephone', 'Ironing facilities', 'Iron', 'Heating', 'Hairdryer', 'Carpeted', 'Cable channels', 'Alarm clock', 'Hand sanitizer', 'Single-room AC for guest accommodation']",8437.0,1139.0,9576.0,2025-11-12,2025-11-13,https://www.booking.com/hotel/us/la-quinta-stevens-point.html?aid=304142&label=gen173nr-10CBkoggI46AdIM1gEaGyIAQGYATO4ARfIAQzYAQPoAQH4AQGIAgGoAgG4ApeMjsgGwAIB0gIkMjlmODgzOGUtNTk5OC00MjNhLTg3OTUtN2M0MDViOGZmZmU12AIB4AIB&sid=b4a3f7b31a243b80f8ac20db0073a78a&all_sr_blocks=46222902_246071592_2_1_0&checkin=2025-11-01&checkout=2025-11-05&dest_id=462229&dest_type=hotel&dist=0&group_adults=2&group_children=0&hapos=1&highlighted_blocks=46222902_246071592_2_1_0&hpos=1&matching_block_id=46222902_246071592_2_1_0&no_rooms=1&req_adults=2&req_children=0&room1=A%2CA&sb_price_type=total&sr_order=popularity&sr_pri_blocks=46222902_246071592_2_1_0__33120&srepoch=1761842557&srpvid=2fc67572204010eb&type=total&ucfs=1&
BOOKING_5,booking,La Quinta by Wyndham Stevens Point,Executive King Room with Sofa Bed,king bedand,King,Deluxe,5,"['1 room', '29 m²', 'Air conditioning', 'Private bathroom', 'Flat-screen TV', 'Coffee machine', 'Free Wifi', 'Free toiletries', 'Toilet', 'Sofa', 'Bathtub or shower', 'Desk', 'Refrigerator', 'Telephone', 'Ironing facilities', 'Iron', 'Microwave', 'Heating', 'Hairdryer', 'Carpeted', 'Cable channels', 'Alarm clock', 'Hand sanitizer', 'Single-room AC for guest accommodation']",9218.0,1244.0,10462.0,2025-11-12,2025-11-13,https://www.booking.com/hotel/us/la-quinta-stevens-point.html?aid=304142&label=gen173nr-10CBkoggI46AdIM1gEaGyIAQGYATO4ARfIAQzYAQPoAQH4AQGIAgGoAgG4ApeMjsgGwAIB0gIkMjlmODgzOGUtNTk5OC00MjNhLTg3OTUtN2M0MDViOGZmZmU12AIB4AIB&sid=b4a3f7b31a243b80f8ac20db0073a78a&all_sr_blocks=46222902_246071592_2_1_0&checkin=2025-11-01&checkout=2025-11-05&dest_id=462229&dest_type=hotel&dist=0&group_adults=2&group_children=0&hapos=1&highlighted_blocks=46222902_246071592_2_1_0&hpos=1&matching_block_id=46222902_246071592_2_1_0&no_rooms=1&req_adults=2&req_children=0&room1=A%2CA&sb_price_type=total&sr_order=popularity&sr_pri_blocks=46222902_246071592_2_1_0__33120&srepoch=1761842557&srpvid=2fc67572204010eb&type=total&ucfs=1&
BOOKING_5,booking,La Quinta by Wyndham Stevens Point,One-Bedroom King Suite - Non-Smoking,,,Suite,2,"['Private suite', '56 m²', 'Air conditioning', 'Private bathroom', 'Free Wifi', 'Toilet', 'Bathtub or shower', 'Telephone', 'Heating', 'Carpeted', 'Alarm clock', 'Sofa bed', 'Hand sanitizer', 'Single-room AC for guest accommodation']",11562.0,1561.0,13123.0,2025-11-12,2025-11-13,https://www.booking.com/hotel/us/la-quinta-stevens-point.html?aid=304142&label=gen173nr-10CBkoggI46AdIM1gEaGyIAQGYATO4ARfIAQzYAQPoAQH4AQGIAgGoAgG4ApeMjsgGwAIB0gIkMjlmODgzOGUtNTk5OC00MjNhLTg3OTUtN2M0MDViOGZmZmU12AIB4AIB&sid=b4a3f7b31a243b80f8ac20db0073a78a&all_sr_blocks=46222902_246071592_2_1_0&checkin=2025-11-01&checkout=2025-11-05&dest_id=462229&dest_type=hotel&dist=0&group_adults=2&group_children=0&hapos=1&highlighted_blocks=46222902_246071592_2_1_0&hpos=1&matching_block_id=46222902_246071592_2_1_0&no_rooms=1&req_adults=2&req_children=0&room1=A%2CA&sb_price_type=total&sr_order=popularity&sr_pri_blocks=46222902_246071592_2_1_0__33120&srepoch=1761842557&srpvid=2fc67572204010eb&type=total&ucfs=1&
BOOKING_5,booking,La Quinta by Wyndham Stevens Point,King Room,king bed,King,Normal,0,"['1 room', '28 m²', 'Air conditioning', 'Private bathroom', 'Flat-screen TV', 'Coffee machine', 'Free Wifi', 'Free toiletries', 'Toilet', 'Bathtub or shower', 'Desk', 'Telephone', 'Ironing facilities', 'Iron', 'Heating', 'Hairdryer', 'Carpeted', 'Cable channels', 'Alarm clock', 'Single-room AC for guest accommodation', 'Hand sanitizer']",7812.0,1055.0,8867.0,2025-11-13,2025-11-14,https://www.booking.com/hotel/us/la-quinta-stevens-point.html?aid=304142&label=gen173nr-10CBkoggI46AdIM1gEaGyIAQGYATO4ARfIAQzYAQPoAQH4AQGIAgGoAgG4ApeMjsgGwAIB0gIkMjlmODgzOGUtNTk5OC00MjNhLTg3OTUtN2M0MDViOGZmZmU12AIB4AIB&sid=b4a3f7b31a243b80f8ac20db0073a78a&all_sr_blocks=46222902_246071592_2_1_0&checkin=2025-11-01&checkout=2025-11-05&dest_id=462229&dest_type=hotel&dist=0&group_adults=2&group_children=0&hapos=1&highlighted_blocks=46222902_246071592_2_1_0&hpos=1&matching_block_id=46222902_246071592_2_1_0&no_rooms=1&req_adults=2&req_children=0&room1=A%2CA&sb_price_type=total&sr_order=popularity&sr_pri_blocks=46222902_246071592_2_1_0__33120&srepoch=1761842557&srpvid=2fc67572204010eb&type=total&ucfs=1&
BOOKING_5,booking,La Quinta by Wyndham Stevens Point,Double Room with One Double Bed - Disability Access,full bed,Other,Normal,3,"['1 room', '23 m²', 'Air conditioning', 'Private bathroom', 'Flat-screen TV', 'Coffee machine', 'Free Wifi', 'Free toiletries', 'Toilet', 'Bathtub or shower', 'Desk', 'Telephone', 'Ironing facilities', 'Iron', 'Heating', 'Hairdryer', 'Carpeted', 'Cable channels', 'Alarm clock', 'Hand sanitizer', 'Single-room AC for guest accommodation']",7812.0,1055.0,8867.0,2025-11-13,2025-11-14,https://www.booking.com/hotel/us/la-quinta-stevens-point.html?aid=304142&label=gen173nr-10CBkoggI46AdIM1gEaGyIAQGYATO4ARfIAQzYAQPoAQH4AQGIAgGoAgG4ApeMjsgGwAIB0gIkMjlmODgzOGUtNTk5OC00MjNhLTg3OTUtN2M0MDViOGZmZmU12AIB4AIB&sid=b4a3f7b31a243b80f8ac20db0073a78a&all_sr_blocks=46222902_246071592_2_1_0&checkin=2025-11-01&checkout=2025-11-05&dest_id=462229&dest_type=hotel&dist=0&group_adults=2&group_children=0&hapos=1&highlighted_blocks=46222902_246071592_2_1_0&hpos=1&matching_block_id=46222902_246071592_2_1_0&no_rooms=1&req_adults=2&req_children=0&room1=A%2CA&sb_price_type=total&sr_order=popularity&sr_pri_blocks=46222902_246071592_2_1_0__33120&srepoch=1761842557&srpvid=2fc67572204010eb&type=total&ucfs=1&
BOOKING_5,booking,La Quinta by Wyndham Stevens Point,Double Room with Two Double Beds,full beds,Other,Normal,0,"['1 room', '28 m²', 'Air conditioning', 'Private bathroom', 'Flat-screen TV', 'Coffee machine', 'Free Wifi', 'Free toiletries', 'Toilet', 'Bathtub or shower', 'Desk', 'Telephone', 'Ironing facilities', 'Iron', 'Heating', 'Hairdryer', 'Carpeted', 'Cable channels', 'Alarm clock', 'Hand sanitizer', 'Single-room AC for guest accommodation']",8593.0,1160.0,9753.0,2025-11-13,2025-11-14,https://www.booking.com/hotel/us/la-quinta-stevens-point.html?aid=304142&label=gen173nr-10CBkoggI46AdIM1gEaGyIAQGYATO4ARfIAQzYAQPoAQH4AQGIAgGoAgG4ApeMjsgGwAIB0gIkMjlmODgzOGUtNTk5OC00MjNhLTg3OTUtN2M0MDViOGZmZmU12AIB4AIB&sid=b4a3f7b31a243b80f8ac20db0073a78a&all_sr_blocks=46222902_246071592_2_1_0&checkin=2025-11-01&checkout=2025-11-05&dest_id=462229&dest_type=hotel&dist=0&group_adults=2&group_children=0&hapos=1&highlighted_blocks=46222902_246071592_2_1_0&hpos=1&matching_block_id=46222902_246071592_2_1_0&no_rooms=1&req_adults=2&req_children=0&room1=A%2CA&sb_price_type=total&sr_order=popularity&sr_pri_blocks=46222902_246071592_2_1_0__33120&srepoch=1761842557&srpvid=2fc67572204010eb&type=total&ucfs=1&
BOOKING_5,booking,La Quinta by Wyndham Stevens Point,Executive King Room with Sofa Bed,king bedand,King,Deluxe,5,"['1 room', '29 m²', 'Air conditioning', 'Private bathroom', 'Flat-screen TV', 'Coffee machine', 'Free Wifi', 'Free toiletries', 'Toilet', 'Sofa', 'Bathtub or shower', 'Desk', 'Refrigerator', 'Telephone', 'Ironing facilities', 'Iron', 'Microwave', 'Heating', 'Hairdryer', 'Carpeted', 'Cable channels', 'Alarm clock', 'Single-room AC for guest accommodation', 'Hand sanitizer']",9374.0,1266.0,10640.0,2025-11-13,2025-11-14,https://www.booking.com/hotel/us/la-quinta-stevens-point.html?aid=304142&label=gen173nr-10CBkoggI46AdIM1gEaGyIAQGYATO4ARfIAQzYAQPoAQH4AQGIAgGoAgG4ApeMjsgGwAIB0gIkMjlmODgzOGUtNTk5OC00MjNhLTg3OTUtN2M0MDViOGZmZmU12AIB4AIB&sid=b4a3f7b31a243b80f8ac20db0073a78a&all_sr_blocks=46222902_246071592_2_1_0&checkin=2025-11-01&checkout=2025-11-05&dest_id=462229&dest_type=hotel&dist=0&group_adults=2&group_children=0&hapos=1&highlighted_blocks=46222902_246071592_2_1_0&hpos=1&matching_block_id=46222902_246071592_2_1_0&no_rooms=1&req_adults=2&req_children=0&room1=A%2CA&sb_price_type=total&sr_order=popularity&sr_pri_blocks=46222902_246071592_2_1_0__33120&srepoch=1761842557&srpvid=2fc67572204010eb&type=total&ucfs=1&
BOOKING_5,booking,La Quinta by Wyndham Stevens Point,One-Bedroom King Suite - Non-Smoking,,,Suite,2,"['Private suite', '56 m²', 'Air conditioning', 'Private bathroom', 'Free Wifi', 'Toilet', 'Bathtub or shower', 'Telephone', 'Heating', 'Carpeted', 'Alarm clock', 'Sofa bed', 'Hand sanitizer', 'Single-room AC for guest accommodation']",11718.0,1582.0,13300.0,2025-11-13,2025-11-14,https://www.booking.com/hotel/us/la-quinta-stevens-point.html?aid=304142&label=gen173nr-10CBkoggI46AdIM1gEaGyIAQGYATO4ARfIAQzYAQPoAQH4AQGIAgGoAgG4ApeMjsgGwAIB0gIkMjlmODgzOGUtNTk5OC00MjNhLTg3OTUtN2M0MDViOGZmZmU12AIB4AIB&sid=b4a3f7b31a243b80f8ac20db0073a78a&all_sr_blocks=46222902_246071592_2_1_0&checkin=2025-11-01&checkout=2025-11-05&dest_id=462229&dest_type=hotel&dist=0&group_adults=2&group_children=0&hapos=1&highlighted_blocks=46222902_246071592_2_1_0&hpos=1&matching_block_id=46222902_246071592_2_1_0&no_rooms=1&req_adults=2&req_children=0&room1=A%2CA&sb_price_type=total&sr_order=popularity&sr_pri_blocks=46222902_246071592_2_1_0__33120&srepoch=1761842557&srpvid=2fc67572204010eb&type=total&ucfs=1&
BOOKING_5,booking,La Quinta by Wyndham Stevens Point,King Room,king bed,King,Normal,0,"['1 room', '28 m²', 'Air conditioning', 'Private bathroom', 'Flat-screen TV', 'Coffee machine', 'Free Wifi', 'Free toiletries', 'Toilet', 'Bathtub or shower', 'Desk', 'Telephone', 'Ironing facilities', 'Iron', 'Heating', 'Hairdryer', 'Carpeted', 'Cable channels', 'Alarm clock', 'Hand sanitizer', 'Single-room AC for guest accommodation']",9921.0,1339.0,11260.0,2025-11-14,2025-11-15,https://www.booking.com/hotel/us/la-quinta-stevens-point.html?aid=304142&label=gen173nr-10CBkoggI46AdIM1gEaGyIAQGYATO4ARfIAQzYAQPoAQH4AQGIAgGoAgG4ApeMjsgGwAIB0gIkMjlmODgzOGUtNTk5OC00MjNhLTg3OTUtN2M0MDViOGZmZmU12AIB4AIB&sid=b4a3f7b31a243b80f8ac20db0073a78a&all_sr_blocks=46222902_246071592_2_1_0&checkin=2025-11-01&checkout=2025-11-05&dest_id=462229&dest_type=hotel&dist=0&group_adults=2&group_children=0&hapos=1&highlighted_blocks=46222902_246071592_2_1_0&hpos=1&matching_block_id=46222902_246071592_2_1_0&no_rooms=1&req_adults=2&req_children=0&room1=A%2CA&sb_price_type=total&sr_order=popularity&sr_pri_blocks=46222902_246071592_2_1_0__33120&srepoch=1761842557&srpvid=2fc67572204010eb&type=total&ucfs=1&
BOOKING_5,booking,La Quinta by Wyndham Stevens Point,Double Room with One Double Bed - Disability Access,full bed,Other,Normal,3,"['1 room', '23 m²', 'Air conditioning', 'Private bathroom', 'Flat-screen TV', 'Coffee machine', 'Free Wifi', 'Free toiletries', 'Toilet', 'Bathtub or shower', 'Desk', 'Telephone', 'Ironing facilities', 'Iron', 'Heating', 'Hairdryer', 'Carpeted', 'Cable channels', 'Alarm clock', 'Hand sanitizer', 'Single-room AC for guest accommodation']",9921.0,1339.0,11260.0,2025-11-14,2025-11-15,https://www.booking.com/hotel/us/la-quinta-stevens-point.html?aid=304142&label=gen173nr-10CBkoggI46AdIM1gEaGyIAQGYATO4ARfIAQzYAQPoAQH4AQGIAgGoAgG4ApeMjsgGwAIB0gIkMjlmODgzOGUtNTk5OC00MjNhLTg3OTUtN2M0MDViOGZmZmU12AIB4AIB&sid=b4a3f7b31a243b80f8ac20db0073a78a&all_sr_blocks=46222902_246071592_2_1_0&checkin=2025-11-01&checkout=2025-11-05&dest_id=462229&dest_type=hotel&dist=0&group_adults=2&group_children=0&hapos=1&highlighted_blocks=46222902_246071592_2_1_0&hpos=1&matching_block_id=46222902_246071592_2_1_0&no_rooms=1&req_adults=2&req_children=0&room1=A%2CA&sb_price_type=total&sr_order=popularity&sr_pri_blocks=46222902_246071592_2_1_0__33120&srepoch=1761842557&srpvid=2fc67572204010eb&type=total&ucfs=1&
BOOKING_5,booking,La Quinta by Wyndham Stevens Point,Double Room with Two Double Beds,full beds,Other,Normal,0,"['1 room', '28 m²', 'Air conditioning', 'Private bathroom', 'Flat-screen TV', 'Coffee machine', 'Free Wifi', 'Free toiletries', 'Toilet', 'Bathtub or shower', 'Desk', 'Telephone', 'Ironing facilities', 'Iron', 'Heating', 'Hairdryer', 'Carpeted', 'Cable channels', 'Alarm clock', 'Hand sanitizer', 'Single-room AC for guest accommodation']",11015.0,1487.0,12502.0,2025-11-14,2025-11-15,https://www.booking.com/hotel/us/la-quinta-stevens-point.html?aid=304142&label=gen173nr-10CBkoggI46AdIM1gEaGyIAQGYATO4ARfIAQzYAQPoAQH4AQGIAgGoAgG4ApeMjsgGwAIB0gIkMjlmODgzOGUtNTk5OC00MjNhLTg3OTUtN2M0MDViOGZmZmU12AIB4AIB&sid=b4a3f7b31a243b80f8ac20db0073a78a&all_sr_blocks=46222902_246071592_2_1_0&checkin=2025-11-01&checkout=2025-11-05&dest_id=462229&dest_type=hotel&dist=0&group_adults=2&group_children=0&hapos=1&highlighted_blocks=46222902_246071592_2_1_0&hpos=1&matching_block_id=46222902_246071592_2_1_0&no_rooms=1&req_adults=2&req_children=0&room1=A%2CA&sb_price_type=total&sr_order=popularity&sr_pri_blocks=46222902_246071592_2_1_0__33120&srepoch=1761842557&srpvid=2fc67572204010eb&type=total&ucfs=1&
BOOKING_5,booking,La Quinta by Wyndham Stevens Point,Executive King Room with Sofa Bed,king bedand,King,Deluxe,5,"['1 room', '29 m²', 'Air conditioning', 'Private bathroom', 'Flat-screen TV', 'Coffee machine', 'Free Wifi', 'Free toiletries', 'Toilet', 'Sofa', 'Bathtub or shower', 'Desk', 'Refrigerator', 'Telephone', 'Ironing facilities', 'Iron', 'Microwave', 'Heating', 'Hairdryer', 'Carpeted', 'Cable channels', 'Alarm clock', 'Hand sanitizer', 'Single-room AC for guest accommodation']",11483.0,1550.0,13033.0,2025-11-14,2025-11-15,https://www.booking.com/hotel/us/la-quinta-stevens-point.html?aid=304142&label=gen173nr-10CBkoggI46AdIM1gEaGyIAQGYATO4ARfIAQzYAQPoAQH4AQGIAgGoAgG4ApeMjsgGwAIB0gIkMjlmODgzOGUtNTk5OC00MjNhLTg3OTUtN2M0MDViOGZmZmU12AIB4AIB&sid=b4a3f7b31a243b80f8ac20db0073a78a&all_sr_blocks=46222902_246071592_2_1_0&checkin=2025-11-01&checkout=2025-11-05&dest_id=462229&dest_type=hotel&dist=0&group_adults=2&group_children=0&hapos=1&highlighted_blocks=46222902_246071592_2_1_0&hpos=1&matching_block_id=46222902_246071592_2_1_0&no_rooms=1&req_adults=2&req_children=0&room1=A%2CA&sb_price_type=total&sr_order=popularity&sr_pri_blocks=46222902_246071592_2_1_0__33120&srepoch=1761842557&srpvid=2fc67572204010eb&type=total&ucfs=1&
BOOKING_5,booking,La Quinta by Wyndham Stevens Point,One-Bedroom King Suite - Non-Smoking,,,Suite,2,"['Private suite', '56 m²', 'Air conditioning', 'Private bathroom', 'Free Wifi', 'Toilet', 'Bathtub or shower', 'Telephone', 'Heating', 'Carpeted', 'Alarm clock', 'Sofa bed', 'Hand sanitizer', 'Single-room AC for guest accommodation']",13827.0,1867.0,15694.0,2025-11-14,2025-11-15,https://www.booking.com/hotel/us/la-quinta-stevens-point.html?aid=304142&label=gen173nr-10CBkoggI46AdIM1gEaGyIAQGYATO4ARfIAQzYAQPoAQH4AQGIAgGoAgG4ApeMjsgGwAIB0gIkMjlmODgzOGUtNTk5OC00MjNhLTg3OTUtN2M0MDViOGZmZmU12AIB4AIB&sid=b4a3f7b31a243b80f8ac20db0073a78a&all_sr_blocks=46222902_246071592_2_1_0&checkin=2025-11-01&checkout=2025-11-05&dest_id=462229&dest_type=hotel&dist=0&group_adults=2&group_children=0&hapos=1&highlighted_blocks=46222902_246071592_2_1_0&hpos=1&matching_block_id=46222902_246071592_2_1_0&no_rooms=1&req_adults=2&req_children=0&room1=A%2CA&sb_price_type=total&sr_order=popularity&sr_pri_blocks=46222902_246071592_2_1_0__33120&srepoch=1761842557&srpvid=2fc67572204010eb&type=total&ucfs=1&
BOOKING_5,booking,Us,King Room,king bed,King,Normal,0,"['1 room', '28 m²', 'Air conditioning', 'Private bathroom', 'Flat-screen TV', 'Coffee machine', 'Free Wifi', 'Free toiletries', 'Toilet', 'Bathtub or shower', 'Desk', 'Telephone', 'Ironing facilities', 'Iron', 'Heating', 'Hairdryer', 'Carpeted', 'Cable channels', 'Alarm clock', 'Single-room AC for guest accommodation', 'Hand sanitizer']",10155.0,1371.0,11526.0,2025-11-15,2025-11-16,https://www.booking.com/hotel/us/la-quinta-stevens-point.html?aid=304142&label=gen173nr-10CBkoggI46AdIM1gEaGyIAQGYATO4ARfIAQzYAQPoAQH4AQGIAgGoAgG4ApeMjsgGwAIB0gIkMjlmODgzOGUtNTk5OC00MjNhLTg3OTUtN2M0MDViOGZmZmU12AIB4AIB&sid=b4a3f7b31a243b80f8ac20db0073a78a&all_sr_blocks=46222902_246071592_2_1_0&checkin=2025-11-01&checkout=2025-11-05&dest_id=462229&dest_type=hotel&dist=0&group_adults=2&group_children=0&hapos=1&highlighted_blocks=46222902_246071592_2_1_0&hpos=1&matching_block_id=46222902_246071592_2_1_0&no_rooms=1&req_adults=2&req_children=0&room1=A%2CA&sb_price_type=total&sr_order=popularity&sr_pri_blocks=46222902_246071592_2_1_0__33120&srepoch=1761842557&srpvid=2fc67572204010eb&type=total&ucfs=1&
BOOKING_5,booking,Us,Double Room with One Double Bed - Disability Access,full bed,Other,Normal,1,"['1 room', '23 m²', 'Air conditioning', 'Private bathroom', 'Flat-screen TV', 'Coffee machine', 'Free Wifi', 'Free toiletries', 'Toilet', 'Bathtub or shower', 'Desk', 'Telephone', 'Ironing facilities', 'Iron', 'Heating', 'Hairdryer', 'Carpeted', 'Cable channels', 'Alarm clock', 'Hand sanitizer', 'Single-room AC for guest accommodation']",10155.0,1371.0,11526.0,2025-11-15,2025-11-16,https://www.booking.com/hotel/us/la-quinta-stevens-point.html?aid=304142&label=gen173nr-10CBkoggI46AdIM1gEaGyIAQGYATO4ARfIAQzYAQPoAQH4AQGIAgGoAgG4ApeMjsgGwAIB0gIkMjlmODgzOGUtNTk5OC00MjNhLTg3OTUtN2M0MDViOGZmZmU12AIB4AIB&sid=b4a3f7b31a243b80f8ac20db0073a78a&all_sr_blocks=46222902_246071592_2_1_0&checkin=2025-11-01&checkout=2025-11-05&dest_id=462229&dest_type=hotel&dist=0&group_adults=2&group_children=0&hapos=1&highlighted_blocks=46222902_246071592_2_1_0&hpos=1&matching_block_id=46222902_246071592_2_1_0&no_rooms=1&req_adults=2&req_children=0&room1=A%2CA&sb_price_type=total&sr_order=popularity&sr_pri_blocks=46222902_246071592_2_1_0__33120&srepoch=1761842557&srpvid=2fc67572204010eb&type=total&ucfs=1&
BOOKING_5,booking,Us,Double Room with Two Double Beds,full beds,Other,Normal,0,"['1 room', '28 m²', 'Air conditioning', 'Private bathroom', 'Flat-screen TV', 'Coffee machine', 'Free Wifi', 'Free toiletries', 'Toilet', 'Bathtub or shower', 'Desk', 'Telephone', 'Ironing facilities', 'Iron', 'Heating', 'Hairdryer', 'Carpeted', 'Cable channels', 'Alarm clock', 'Hand sanitizer', 'Single-room AC for guest accommodation']",11249.0,1519.0,12768.0,2025-11-15,2025-11-16,https://www.booking.com/hotel/us/la-quinta-stevens-point.html?aid=304142&label=gen173nr-10CBkoggI46AdIM1gEaGyIAQGYATO4ARfIAQzYAQPoAQH4AQGIAgGoAgG4ApeMjsgGwAIB0gIkMjlmODgzOGUtNTk5OC00MjNhLTg3OTUtN2M0MDViOGZmZmU12AIB4AIB&sid=b4a3f7b31a243b80f8ac20db0073a78a&all_sr_blocks=46222902_246071592_2_1_0&checkin=2025-11-01&checkout=2025-11-05&dest_id=462229&dest_type=hotel&dist=0&group_adults=2&group_children=0&hapos=1&highlighted_blocks=46222902_246071592_2_1_0&hpos=1&matching_block_id=46222902_246071592_2_1_0&no_rooms=1&req_adults=2&req_children=0&room1=A%2CA&sb_price_type=total&sr_order=popularity&sr_pri_blocks=46222902_246071592_2_1_0__33120&srepoch=1761842557&srpvid=2fc67572204010eb&type=total&ucfs=1&
BOOKING_5,booking,Us,Executive King Room with Sofa Bed,king bedand,King,Deluxe,5,"['1 room', '29 m²', 'Air conditioning', 'Private bathroom', 'Flat-screen TV', 'Coffee machine', 'Free Wifi', 'Free toiletries', 'Toilet', 'Sofa', 'Bathtub or shower', 'Desk', 'Refrigerator', 'Telephone', 'Ironing facilities', 'Iron', 'Microwave', 'Heating', 'Hairdryer', 'Carpeted', 'Cable channels', 'Alarm clock', 'Hand sanitizer', 'Single-room AC for guest accommodation']",11718.0,1582.0,13300.0,2025-11-15,2025-11-16,https://www.booking.com/hotel/us/la-quinta-stevens-point.html?aid=304142&label=gen173nr-10CBkoggI46AdIM1gEaGyIAQGYATO4ARfIAQzYAQPoAQH4AQGIAgGoAgG4ApeMjsgGwAIB0gIkMjlmODgzOGUtNTk5OC00MjNhLTg3OTUtN2M0MDViOGZmZmU12AIB4AIB&sid=b4a3f7b31a243b80f8ac20db0073a78a&all_sr_blocks=46222902_246071592_2_1_0&checkin=2025-11-01&checkout=2025-11-05&dest_id=462229&dest_type=hotel&dist=0&group_adults=2&group_children=0&hapos=1&highlighted_blocks=46222902_246071592_2_1_0&hpos=1&matching_block_id=46222902_246071592_2_1_0&no_rooms=1&req_adults=2&req_children=0&room1=A%2CA&sb_price_type=total&sr_order=popularity&sr_pri_blocks=46222902_246071592_2_1_0__33120&srepoch=1761842557&srpvid=2fc67572204010eb&type=total&ucfs=1&
BOOKING_5,booking,Us,One-Bedroom King Suite - Non-Smoking,,,Suite,2,"['Private suite', '56 m²', 'Air conditioning', 'Private bathroom', 'Free Wifi', 'Toilet', 'Bathtub or shower', 'Telephone', 'Heating', 'Carpeted', 'Alarm clock', 'Sofa bed', 'Hand sanitizer', 'Single-room AC for guest accommodation']",14061.0,1898.0,15959.0,2025-11-15,2025-11-16,https://www.booking.com/hotel/us/la-quinta-stevens-point.html?aid=304142&label=gen173nr-10CBkoggI46AdIM1gEaGyIAQGYATO4ARfIAQzYAQPoAQH4AQGIAgGoAgG4ApeMjsgGwAIB0gIkMjlmODgzOGUtNTk5OC00MjNhLTg3OTUtN2M0MDViOGZmZmU12AIB4AIB&sid=b4a3f7b31a243b80f8ac20db0073a78a&all_sr_blocks=46222902_246071592_2_1_0&checkin=2025-11-01&checkout=2025-11-05&dest_id=462229&dest_type=hotel&dist=0&group_adults=2&group_children=0&hapos=1&highlighted_blocks=46222902_246071592_2_1_0&hpos=1&matching_block_id=46222902_246071592_2_1_0&no_rooms=1&req_adults=2&req_children=0&room1=A%2CA&sb_price_type=total&sr_order=popularity&sr_pri_blocks=46222902_246071592_2_1_0__33120&srepoch=1761842557&srpvid=2fc67572204010eb&type=total&ucfs=1&
BOOKING_5,booking,La Quinta by Wyndham Stevens Point,King Room,king bed,King,Normal,0,"['1 room', '28 m²', 'Air conditioning', 'Private bathroom', 'Flat-screen TV', 'Coffee machine', 'Free Wifi', 'Free toiletries', 'Toilet', 'Bathtub or shower', 'Desk', 'Telephone', 'Ironing facilities', 'Iron', 'Heating', 'Hairdryer', 'Carpeted', 'Cable channels', 'Alarm clock', 'Single-room AC for guest accommodation', 'Hand sanitizer']",7890.0,1065.0,8955.0,2025-11-16,2025-11-17,https://www.booking.com/hotel/us/la-quinta-stevens-point.html?aid=304142&label=gen173nr-10CBkoggI46AdIM1gEaGyIAQGYATO4ARfIAQzYAQPoAQH4AQGIAgGoAgG4ApeMjsgGwAIB0gIkMjlmODgzOGUtNTk5OC00MjNhLTg3OTUtN2M0MDViOGZmZmU12AIB4AIB&sid=b4a3f7b31a243b80f8ac20db0073a78a&all_sr_blocks=46222902_246071592_2_1_0&checkin=2025-11-01&checkout=2025-11-05&dest_id=462229&dest_type=hotel&dist=0&group_adults=2&group_children=0&hapos=1&highlighted_blocks=46222902_246071592_2_1_0&hpos=1&matching_block_id=46222902_246071592_2_1_0&no_rooms=1&req_adults=2&req_children=0&room1=A%2CA&sb_price_type=total&sr_order=popularity&sr_pri_blocks=46222902_246071592_2_1_0__33120&srepoch=1761842557&srpvid=2fc67572204010eb&type=total&ucfs=1&
BOOKING_5,booking,La Quinta by Wyndham Stevens Point,Double Room with One Double Bed - Disability Access,full bed,Other,Normal,2,"['1 room', '23 m²', 'Air conditioning', 'Private bathroom', 'Flat-screen TV', 'Coffee machine', 'Free Wifi', 'Free toiletries', 'Toilet', 'Bathtub or shower', 'Desk', 'Telephone', 'Ironing facilities', 'Iron', 'Heating', 'Hairdryer', 'Carpeted', 'Cable channels', 'Alarm clock', 'Hand sanitizer', 'Single-room AC for guest accommodation']",7890.0,1065.0,8955.0,2025-11-16,2025-11-17,https://www.booking.com/hotel/us/la-quinta-stevens-point.html?aid=304142&label=gen173nr-10CBkoggI46AdIM1gEaGyIAQGYATO4ARfIAQzYAQPoAQH4AQGIAgGoAgG4ApeMjsgGwAIB0gIkMjlmODgzOGUtNTk5OC00MjNhLTg3OTUtN2M0MDViOGZmZmU12AIB4AIB&sid=b4a3f7b31a243b80f8ac20db0073a78a&all_sr_blocks=46222902_246071592_2_1_0&checkin=2025-11-01&checkout=2025-11-05&dest_id=462229&dest_type=hotel&dist=0&group_adults=2&group_children=0&hapos=1&highlighted_blocks=46222902_246071592_2_1_0&hpos=1&matching_block_id=46222902_246071592_2_1_0&no_rooms=1&req_adults=2&req_children=0&room1=A%2CA&sb_price_type=total&sr_order=popularity&sr_pri_blocks=46222902_246071592_2_1_0__33120&srepoch=1761842557&srpvid=2fc67572204010eb&type=total&ucfs=1&
BOOKING_5,booking,La Quinta by Wyndham Stevens Point,Double Room with Two Double Beds,full beds,Other,Normal,0,"['1 room', '28 m²', 'Air conditioning', 'Private bathroom', 'Flat-screen TV', 'Coffee machine', 'Free Wifi', 'Free toiletries', 'Toilet', 'Bathtub or shower', 'Desk', 'Telephone', 'Ironing facilities', 'Iron', 'Heating', 'Hairdryer', 'Carpeted', 'Cable channels', 'Alarm clock', 'Hand sanitizer', 'Single-room AC for guest accommodation']",8671.0,1171.0,9842.0,2025-11-16,2025-11-17,https://www.booking.com/hotel/us/la-quinta-stevens-point.html?aid=304142&label=gen173nr-10CBkoggI46AdIM1gEaGyIAQGYATO4ARfIAQzYAQPoAQH4AQGIAgGoAgG4ApeMjsgGwAIB0gIkMjlmODgzOGUtNTk5OC00MjNhLTg3OTUtN2M0MDViOGZmZmU12AIB4AIB&sid=b4a3f7b31a243b80f8ac20db0073a78a&all_sr_blocks=46222902_246071592_2_1_0&checkin=2025-11-01&checkout=2025-11-05&dest_id=462229&dest_type=hotel&dist=0&group_adults=2&group_children=0&hapos=1&highlighted_blocks=46222902_246071592_2_1_0&hpos=1&matching_block_id=46222902_246071592_2_1_0&no_rooms=1&req_adults=2&req_children=0&room1=A%2CA&sb_price_type=total&sr_order=popularity&sr_pri_blocks=46222902_246071592_2_1_0__33120&srepoch=1761842557&srpvid=2fc67572204010eb&type=total&ucfs=1&
BOOKING_5,booking,La Quinta by Wyndham Stevens Point,Executive King Room with Sofa Bed,king bedand,King,Deluxe,5,"['1 room', '29 m²', 'Air conditioning', 'Private bathroom', 'Flat-screen TV', 'Coffee machine', 'Free Wifi', 'Free toiletries', 'Toilet', 'Sofa', 'Bathtub or shower', 'Desk', 'Refrigerator', 'Telephone', 'Ironing facilities', 'Iron', 'Microwave', 'Heating', 'Hairdryer', 'Carpeted', 'Cable channels', 'Alarm clock', 'Hand sanitizer', 'Single-room AC for guest accommodation']",9452.0,1276.0,10728.0,2025-11-16,2025-11-17,https://www.booking.com/hotel/us/la-quinta-stevens-point.html?aid=304142&label=gen173nr-10CBkoggI46AdIM1gEaGyIAQGYATO4ARfIAQzYAQPoAQH4AQGIAgGoAgG4ApeMjsgGwAIB0gIkMjlmODgzOGUtNTk5OC00MjNhLTg3OTUtN2M0MDViOGZmZmU12AIB4AIB&sid=b4a3f7b31a243b80f8ac20db0073a78a&all_sr_blocks=46222902_246071592_2_1_0&checkin=2025-11-01&checkout=2025-11-05&dest_id=462229&dest_type=hotel&dist=0&group_adults=2&group_children=0&hapos=1&highlighted_blocks=46222902_246071592_2_1_0&hpos=1&matching_block_id=46222902_246071592_2_1_0&no_rooms=1&req_adults=2&req_children=0&room1=A%2CA&sb_price_type=total&sr_order=popularity&sr_pri_blocks=46222902_246071592_2_1_0__33120&srepoch=1761842557&srpvid=2fc67572204010eb&type=total&ucfs=1&
BOOKING_5,booking,La Quinta by Wyndham Stevens Point,One-Bedroom King Suite - Non-Smoking,,,Suite,2,"['Private suite', '56 m²', 'Air conditioning', 'Private bathroom', 'Free Wifi', 'Toilet', 'Bathtub or shower', 'Telephone', 'Heating', 'Carpeted', 'Alarm clock', 'Sofa bed', 'Single-room AC for guest accommodation', 'Hand sanitizer']",11796.0,1592.0,13388.0,2025-11-16,2025-11-17,https://www.booking.com/hotel/us/la-quinta-stevens-point.html?aid=304142&label=gen173nr-10CBkoggI46AdIM1gEaGyIAQGYATO4ARfIAQzYAQPoAQH4AQGIAgGoAgG4ApeMjsgGwAIB0gIkMjlmODgzOGUtNTk5OC00MjNhLTg3OTUtN2M0MDViOGZmZmU12AIB4AIB&sid=b4a3f7b31a243b80f8ac20db0073a78a&all_sr_blocks=46222902_246071592_2_1_0&checkin=2025-11-01&checkout=2025-11-05&dest_id=462229&dest_type=hotel&dist=0&group_adults=2&group_children=0&hapos=1&highlighted_blocks=46222902_246071592_2_1_0&hpos=1&matching_block_id=46222902_246071592_2_1_0&no_rooms=1&req_adults=2&req_children=0&room1=A%2CA&sb_price_type=total&sr_order=popularity&sr_pri_blocks=46222902_246071592_2_1_0__33120&srepoch=1761842557&srpvid=2fc67572204010eb&type=total&ucfs=1&
BOOKING_5,booking,La Quinta by Wyndham Stevens Point,King Room,king bed,King,Normal,0,"['1 room', '28 m²', 'Air conditioning', 'Private bathroom', 'Flat-screen TV', 'Coffee machine', 'Free Wifi', 'Free toiletries', 'Toilet', 'Bathtub or shower', 'Desk', 'Telephone', 'Ironing facilities', 'Iron', 'Heating', 'Hairdryer', 'Carpeted', 'Cable channels', 'Alarm clock', 'Hand sanitizer', 'Single-room AC for guest accommodation']",7890.0,1065.0,8955.0,2025-11-17,2025-11-18,https://www.booking.com/hotel/us/la-quinta-stevens-point.html?aid=304142&label=gen173nr-10CBkoggI46AdIM1gEaGyIAQGYATO4ARfIAQzYAQPoAQH4AQGIAgGoAgG4ApeMjsgGwAIB0gIkMjlmODgzOGUtNTk5OC00MjNhLTg3OTUtN2M0MDViOGZmZmU12AIB4AIB&sid=b4a3f7b31a243b80f8ac20db0073a78a&all_sr_blocks=46222902_246071592_2_1_0&checkin=2025-11-01&checkout=2025-11-05&dest_id=462229&dest_type=hotel&dist=0&group_adults=2&group_children=0&hapos=1&highlighted_blocks=46222902_246071592_2_1_0&hpos=1&matching_block_id=46222902_246071592_2_1_0&no_rooms=1&req_adults=2&req_children=0&room1=A%2CA&sb_price_type=total&sr_order=popularity&sr_pri_blocks=46222902_246071592_2_1_0__33120&srepoch=1761842557&srpvid=2fc67572204010eb&type=total&ucfs=1&
BOOKING_5,booking,La Quinta by Wyndham Stevens Point,Double Room with One Double Bed - Disability Access,full bed,Other,Normal,3,"['1 room', '23 m²', 'Air conditioning', 'Private bathroom', 'Flat-screen TV', 'Coffee machine', 'Free Wifi', 'Free toiletries', 'Toilet', 'Bathtub or shower', 'Desk', 'Telephone', 'Ironing facilities', 'Iron', 'Heating', 'Hairdryer', 'Carpeted', 'Cable channels', 'Alarm clock', 'Single-room AC for guest accommodation', 'Hand sanitizer']",7890.0,1065.0,8955.0,2025-11-17,2025-11-18,https://www.booking.com/hotel/us/la-quinta-stevens-point.html?aid=304142&label=gen173nr-10CBkoggI46AdIM1gEaGyIAQGYATO4ARfIAQzYAQPoAQH4AQGIAgGoAgG4ApeMjsgGwAIB0gIkMjlmODgzOGUtNTk5OC00MjNhLTg3OTUtN2M0MDViOGZmZmU12AIB4AIB&sid=b4a3f7b31a243b80f8ac20db0073a78a&all_sr_blocks=46222902_246071592_2_1_0&checkin=2025-11-01&checkout=2025-11-05&dest_id=462229&dest_type=hotel&dist=0&group_adults=2&group_children=0&hapos=1&highlighted_blocks=46222902_246071592_2_1_0&hpos=1&matching_block_id=46222902_246071592_2_1_0&no_rooms=1&req_adults=2&req_children=0&room1=A%2CA&sb_price_type=total&sr_order=popularity&sr_pri_blocks=46222902_246071592_2_1_0__33120&srepoch=1761842557&srpvid=2fc67572204010eb&type=total&ucfs=1&
BOOKING_5,booking,La Quinta by Wyndham Stevens Point,Double Room with Two Double Beds,full beds,Other,Normal,0,"['1 room', '28 m²', 'Air conditioning', 'Private bathroom', 'Flat-screen TV', 'Coffee machine', 'Free Wifi', 'Free toiletries', 'Toilet', 'Bathtub or shower', 'Desk', 'Telephone', 'Ironing facilities', 'Iron', 'Heating', 'Hairdryer', 'Carpeted', 'Cable channels', 'Alarm clock', 'Single-room AC for guest accommodation', 'Hand sanitizer']",8671.0,1171.0,9842.0,2025-11-17,2025-11-18,https://www.booking.com/hotel/us/la-quinta-stevens-point.html?aid=304142&label=gen173nr-10CBkoggI46AdIM1gEaGyIAQGYATO4ARfIAQzYAQPoAQH4AQGIAgGoAgG4ApeMjsgGwAIB0gIkMjlmODgzOGUtNTk5OC00MjNhLTg3OTUtN2M0MDViOGZmZmU12AIB4AIB&sid=b4a3f7b31a243b80f8ac20db0073a78a&all_sr_blocks=46222902_246071592_2_1_0&checkin=2025-11-01&checkout=2025-11-05&dest_id=462229&dest_type=hotel&dist=0&group_adults=2&group_children=0&hapos=1&highlighted_blocks=46222902_246071592_2_1_0&hpos=1&matching_block_id=46222902_246071592_2_1_0&no_rooms=1&req_adults=2&req_children=0&room1=A%2CA&sb_price_type=total&sr_order=popularity&sr_pri_blocks=46222902_246071592_2_1_0__33120&srepoch=1761842557&srpvid=2fc67572204010eb&type=total&ucfs=1&
BOOKING_5,booking,La Quinta by Wyndham Stevens Point,Executive King Room with Sofa Bed,king bedand,King,Deluxe,5,"['1 room', '29 m²', 'Air conditioning', 'Private bathroom', 'Flat-screen TV', 'Coffee machine', 'Free Wifi', 'Free toiletries', 'Toilet', 'Sofa', 'Bathtub or shower', 'Desk', 'Refrigerator', 'Telephone', 'Ironing facilities', 'Iron', 'Microwave', 'Heating', 'Hairdryer', 'Carpeted', 'Cable channels', 'Alarm clock', 'Hand sanitizer', 'Single-room AC for guest accommodation']",9452.0,1276.0,10728.0,2025-11-17,2025-11-18,https://www.booking.com/hotel/us/la-quinta-stevens-point.html?aid=304142&label=gen173nr-10CBkoggI46AdIM1gEaGyIAQGYATO4ARfIAQzYAQPoAQH4AQGIAgGoAgG4ApeMjsgGwAIB0gIkMjlmODgzOGUtNTk5OC00MjNhLTg3OTUtN2M0MDViOGZmZmU12AIB4AIB&sid=b4a3f7b31a243b80f8ac20db0073a78a&all_sr_blocks=46222902_246071592_2_1_0&checkin=2025-11-01&checkout=2025-11-05&dest_id=462229&dest_type=hotel&dist=0&group_adults=2&group_children=0&hapos=1&highlighted_blocks=46222902_246071592_2_1_0&hpos=1&matching_block_id=46222902_246071592_2_1_0&no_rooms=1&req_adults=2&req_children=0&room1=A%2CA&sb_price_type=total&sr_order=popularity&sr_pri_blocks=46222902_246071592_2_1_0__33120&srepoch=1761842557&srpvid=2fc67572204010eb&type=total&ucfs=1&
BOOKING_5,booking,La Quinta by Wyndham Stevens Point,One-Bedroom King Suite - Non-Smoking,,,Suite,2,"['Private suite', '56 m²', 'Air conditioning', 'Private bathroom', 'Free Wifi', 'Toilet', 'Bathtub or shower', 'Telephone', 'Heating', 'Carpeted', 'Alarm clock', 'Sofa bed', 'Hand sanitizer', 'Single-room AC for guest accommodation']",11796.0,1592.0,13388.0,2025-11-17,2025-11-18,https://www.booking.com/hotel/us/la-quinta-stevens-point.html?aid=304142&label=gen173nr-10CBkoggI46AdIM1gEaGyIAQGYATO4ARfIAQzYAQPoAQH4AQGIAgGoAgG4ApeMjsgGwAIB0gIkMjlmODgzOGUtNTk5OC00MjNhLTg3OTUtN2M0MDViOGZmZmU12AIB4AIB&sid=b4a3f7b31a243b80f8ac20db0073a78a&all_sr_blocks=46222902_246071592_2_1_0&checkin=2025-11-01&checkout=2025-11-05&dest_id=462229&dest_type=hotel&dist=0&group_adults=2&group_children=0&hapos=1&highlighted_blocks=46222902_246071592_2_1_0&hpos=1&matching_block_id=46222902_246071592_2_1_0&no_rooms=1&req_adults=2&req_children=0&room1=A%2CA&sb_price_type=total&sr_order=popularity&sr_pri_blocks=46222902_246071592_2_1_0__33120&srepoch=1761842557&srpvid=2fc67572204010eb&type=total&ucfs=1&
BOOKING_5,booking,Us,King Room,king bed,King,Normal,0,"['1 room', '28 m²', 'Air conditioning', 'Private bathroom', 'Flat-screen TV', 'Coffee machine', 'Free Wifi', 'Free toiletries', 'Toilet', 'Bathtub or shower', 'Desk', 'Telephone', 'Ironing facilities', 'Iron', 'Heating', 'Hairdryer', 'Carpeted', 'Cable channels', 'Alarm clock', 'Single-room AC for guest accommodation', 'Hand sanitizer']",7890.0,1065.0,8955.0,2025-11-18,2025-11-19,https://www.booking.com/hotel/us/la-quinta-stevens-point.html?aid=304142&label=gen173nr-10CBkoggI46AdIM1gEaGyIAQGYATO4ARfIAQzYAQPoAQH4AQGIAgGoAgG4ApeMjsgGwAIB0gIkMjlmODgzOGUtNTk5OC00MjNhLTg3OTUtN2M0MDViOGZmZmU12AIB4AIB&sid=b4a3f7b31a243b80f8ac20db0073a78a&all_sr_blocks=46222902_246071592_2_1_0&checkin=2025-11-01&checkout=2025-11-05&dest_id=462229&dest_type=hotel&dist=0&group_adults=2&group_children=0&hapos=1&highlighted_blocks=46222902_246071592_2_1_0&hpos=1&matching_block_id=46222902_246071592_2_1_0&no_rooms=1&req_adults=2&req_children=0&room1=A%2CA&sb_price_type=total&sr_order=popularity&sr_pri_blocks=46222902_246071592_2_1_0__33120&srepoch=1761842557&srpvid=2fc67572204010eb&type=total&ucfs=1&
BOOKING_5,booking,Us,Double Room with Two Double Beds,full beds,Other,Normal,0,"['1 room', '28 m²', 'Air conditioning', 'Private bathroom', 'Flat-screen TV', 'Coffee machine', 'Free Wifi', 'Free toiletries', 'Toilet', 'Bathtub or shower', 'Desk', 'Telephone', 'Ironing facilities', 'Iron', 'Heating', 'Hairdryer', 'Carpeted', 'Cable channels', 'Alarm clock', 'Hand sanitizer', 'Single-room AC for guest accommodation']",8671.0,1171.0,9842.0,2025-11-18,2025-11-19,https://www.booking.com/hotel/us/la-quinta-stevens-point.html?aid=304142&label=gen173nr-10CBkoggI46AdIM1gEaGyIAQGYATO4ARfIAQzYAQPoAQH4AQGIAgGoAgG4ApeMjsgGwAIB0gIkMjlmODgzOGUtNTk5OC00MjNhLTg3OTUtN2M0MDViOGZmZmU12AIB4AIB&sid=b4a3f7b31a243b80f8ac20db0073a78a&all_sr_blocks=46222902_246071592_2_1_0&checkin=2025-11-01&checkout=2025-11-05&dest_id=462229&dest_type=hotel&dist=0&group_adults=2&group_children=0&hapos=1&highlighted_blocks=46222902_246071592_2_1_0&hpos=1&matching_block_id=46222902_246071592_2_1_0&no_rooms=1&req_adults=2&req_children=0&room1=A%2CA&sb_price_type=total&sr_order=popularity&sr_pri_blocks=46222902_246071592_2_1_0__33120&srepoch=1761842557&srpvid=2fc67572204010eb&type=total&ucfs=1&
BOOKING_5,booking,Us,Double Room with One Double Bed - Disability Access,full bed,Other,Normal,3,"['1 room', '23 m²', 'Air conditioning', 'Private bathroom', 'Flat-screen TV', 'Coffee machine', 'Free Wifi', 'Free toiletries', 'Toilet', 'Bathtub or shower', 'Desk', 'Telephone', 'Ironing facilities', 'Iron', 'Heating', 'Hairdryer', 'Carpeted', 'Cable channels', 'Alarm clock', 'Single-room AC for guest accommodation', 'Hand sanitizer']",7890.0,1065.0,8955.0,2025-11-18,2025-11-19,https://www.booking.com/hotel/us/la-quinta-stevens-point.html?aid=304142&label=gen173nr-10CBkoggI46AdIM1gEaGyIAQGYATO4ARfIAQzYAQPoAQH4AQGIAgGoAgG4ApeMjsgGwAIB0gIkMjlmODgzOGUtNTk5OC00MjNhLTg3OTUtN2M0MDViOGZmZmU12AIB4AIB&sid=b4a3f7b31a243b80f8ac20db0073a78a&all_sr_blocks=46222902_246071592_2_1_0&checkin=2025-11-01&checkout=2025-11-05&dest_id=462229&dest_type=hotel&dist=0&group_adults=2&group_children=0&hapos=1&highlighted_blocks=46222902_246071592_2_1_0&hpos=1&matching_block_id=46222902_246071592_2_1_0&no_rooms=1&req_adults=2&req_children=0&room1=A%2CA&sb_price_type=total&sr_order=popularity&sr_pri_blocks=46222902_246071592_2_1_0__33120&srepoch=1761842557&srpvid=2fc67572204010eb&type=total&ucfs=1&
BOOKING_5,booking,Us,Executive King Room with Sofa Bed,king bedand,King,Deluxe,5,"['1 room', '29 m²', 'Air conditioning', 'Private bathroom', 'Flat-screen TV', 'Coffee machine', 'Free Wifi', 'Free toiletries', 'Toilet', 'Sofa', 'Bathtub or shower', 'Desk', 'Refrigerator', 'Telephone', 'Ironing facilities', 'Iron', 'Microwave', 'Heating', 'Hairdryer', 'Carpeted', 'Cable channels', 'Alarm clock', 'Single-room AC for guest accommodation', 'Hand sanitizer']",9452.0,1276.0,10728.0,2025-11-18,2025-11-19,https://www.booking.com/hotel/us/la-quinta-stevens-point.html?aid=304142&label=gen173nr-10CBkoggI46AdIM1gEaGyIAQGYATO4ARfIAQzYAQPoAQH4AQGIAgGoAgG4ApeMjsgGwAIB0gIkMjlmODgzOGUtNTk5OC00MjNhLTg3OTUtN2M0MDViOGZmZmU12AIB4AIB&sid=b4a3f7b31a243b80f8ac20db0073a78a&all_sr_blocks=46222902_246071592_2_1_0&checkin=2025-11-01&checkout=2025-11-05&dest_id=462229&dest_type=hotel&dist=0&group_adults=2&group_children=0&hapos=1&highlighted_blocks=46222902_246071592_2_1_0&hpos=1&matching_block_id=46222902_246071592_2_1_0&no_rooms=1&req_adults=2&req_children=0&room1=A%2CA&sb_price_type=total&sr_order=popularity&sr_pri_blocks=46222902_246071592_2_1_0__33120&srepoch=1761842557&srpvid=2fc67572204010eb&type=total&ucfs=1&
BOOKING_5,booking,Us,One-Bedroom King Suite - Non-Smoking,,,Suite,2,"['Private suite', '56 m²', 'Air conditioning', 'Private bathroom', 'Free Wifi', 'Toilet', 'Bathtub or shower', 'Telephone', 'Heating', 'Carpeted', 'Alarm clock', 'Sofa bed', 'Single-room AC for guest accommodation', 'Hand sanitizer']",11796.0,1592.0,13388.0,2025-11-18,2025-11-19,https://www.booking.com/hotel/us/la-quinta-stevens-point.html?aid=304142&label=gen173nr-10CBkoggI46AdIM1gEaGyIAQGYATO4ARfIAQzYAQPoAQH4AQGIAgGoAgG4ApeMjsgGwAIB0gIkMjlmODgzOGUtNTk5OC00MjNhLTg3OTUtN2M0MDViOGZmZmU12AIB4AIB&sid=b4a3f7b31a243b80f8ac20db0073a78a&all_sr_blocks=46222902_246071592_2_1_0&checkin=2025-11-01&checkout=2025-11-05&dest_id=462229&dest_type=hotel&dist=0&group_adults=2&group_children=0&hapos=1&highlighted_blocks=46222902_246071592_2_1_0&hpos=1&matching_block_id=46222902_246071592_2_1_0&no_rooms=1&req_adults=2&req_children=0&room1=A%2CA&sb_price_type=total&sr_order=popularity&sr_pri_blocks=46222902_246071592_2_1_0__33120&srepoch=1761842557&srpvid=2fc67572204010eb&type=total&ucfs=1&
BOOKING_5,booking,La Quinta by Wyndham Stevens Point,King Room,king bed,King,Normal,0,"['1 room', '28 m²', 'Air conditioning', 'Private bathroom', 'Flat-screen TV', 'Coffee machine', 'Free Wifi', 'Free toiletries', 'Toilet', 'Bathtub or shower', 'Desk', 'Telephone', 'Ironing facilities', 'Iron', 'Heating', 'Hairdryer', 'Carpeted', 'Cable channels', 'Alarm clock', 'Hand sanitizer', 'Single-room AC for guest accommodation']",7890.0,1065.0,8955.0,2025-11-19,2025-11-20,https://www.booking.com/hotel/us/la-quinta-stevens-point.html?aid=304142&label=gen173nr-10CBkoggI46AdIM1gEaGyIAQGYATO4ARfIAQzYAQPoAQH4AQGIAgGoAgG4ApeMjsgGwAIB0gIkMjlmODgzOGUtNTk5OC00MjNhLTg3OTUtN2M0MDViOGZmZmU12AIB4AIB&sid=b4a3f7b31a243b80f8ac20db0073a78a&all_sr_blocks=46222902_246071592_2_1_0&checkin=2025-11-01&checkout=2025-11-05&dest_id=462229&dest_type=hotel&dist=0&group_adults=2&group_children=0&hapos=1&highlighted_blocks=46222902_246071592_2_1_0&hpos=1&matching_block_id=46222902_246071592_2_1_0&no_rooms=1&req_adults=2&req_children=0&room1=A%2CA&sb_price_type=total&sr_order=popularity&sr_pri_blocks=46222902_246071592_2_1_0__33120&srepoch=1761842557&srpvid=2fc67572204010eb&type=total&ucfs=1&
BOOKING_5,booking,La Quinta by Wyndham Stevens Point,Double Room with Two Double Beds,full beds,Other,Normal,0,"['1 room', '28 m²', 'Air conditioning', 'Private bathroom', 'Flat-screen TV', 'Coffee machine', 'Free Wifi', 'Free toiletries', 'Toilet', 'Bathtub or shower', 'Desk', 'Telephone', 'Ironing facilities', 'Iron', 'Heating', 'Hairdryer', 'Carpeted', 'Cable channels', 'Alarm clock', 'Hand sanitizer', 'Single-room AC for guest accommodation']",8671.0,1171.0,9842.0,2025-11-19,2025-11-20,https://www.booking.com/hotel/us/la-quinta-stevens-point.html?aid=304142&label=gen173nr-10CBkoggI46AdIM1gEaGyIAQGYATO4ARfIAQzYAQPoAQH4AQGIAgGoAgG4ApeMjsgGwAIB0gIkMjlmODgzOGUtNTk5OC00MjNhLTg3OTUtN2M0MDViOGZmZmU12AIB4AIB&sid=b4a3f7b31a243b80f8ac20db0073a78a&all_sr_blocks=46222902_246071592_2_1_0&checkin=2025-11-01&checkout=2025-11-05&dest_id=462229&dest_type=hotel&dist=0&group_adults=2&group_children=0&hapos=1&highlighted_blocks=46222902_246071592_2_1_0&hpos=1&matching_block_id=46222902_246071592_2_1_0&no_rooms=1&req_adults=2&req_children=0&room1=A%2CA&sb_price_type=total&sr_order=popularity&sr_pri_blocks=46222902_246071592_2_1_0__33120&srepoch=1761842557&srpvid=2fc67572204010eb&type=total&ucfs=1&
BOOKING_5,booking,La Quinta by Wyndham Stevens Point,Double Room with One Double Bed - Disability Access,full bed,Other,Normal,3,"['1 room', '23 m²', 'Air conditioning', 'Private bathroom', 'Flat-screen TV', 'Coffee machine', 'Free Wifi', 'Free toiletries', 'Toilet', 'Bathtub or shower', 'Desk', 'Telephone', 'Ironing facilities', 'Iron', 'Heating', 'Hairdryer', 'Carpeted', 'Cable channels', 'Alarm clock', 'Single-room AC for guest accommodation', 'Hand sanitizer']",7890.0,1065.0,8955.0,2025-11-19,2025-11-20,https://www.booking.com/hotel/us/la-quinta-stevens-point.html?aid=304142&label=gen173nr-10CBkoggI46AdIM1gEaGyIAQGYATO4ARfIAQzYAQPoAQH4AQGIAgGoAgG4ApeMjsgGwAIB0gIkMjlmODgzOGUtNTk5OC00MjNhLTg3OTUtN2M0MDViOGZmZmU12AIB4AIB&sid=b4a3f7b31a243b80f8ac20db0073a78a&all_sr_blocks=46222902_246071592_2_1_0&checkin=2025-11-01&checkout=2025-11-05&dest_id=462229&dest_type=hotel&dist=0&group_adults=2&group_children=0&hapos=1&highlighted_blocks=46222902_246071592_2_1_0&hpos=1&matching_block_id=46222902_246071592_2_1_0&no_rooms=1&req_adults=2&req_children=0&room1=A%2CA&sb_price_type=total&sr_order=popularity&sr_pri_blocks=46222902_246071592_2_1_0__33120&srepoch=1761842557&srpvid=2fc67572204010eb&type=total&ucfs=1&
BOOKING_5,booking,La Quinta by Wyndham Stevens Point,Executive King Room with Sofa Bed,king bedand,King,Deluxe,5,"['1 room', '29 m²', 'Air conditioning', 'Private bathroom', 'Flat-screen TV', 'Coffee machine', 'Free Wifi', 'Free toiletries', 'Toilet', 'Sofa', 'Bathtub or shower', 'Desk', 'Refrigerator', 'Telephone', 'Ironing facilities', 'Iron', 'Microwave', 'Heating', 'Hairdryer', 'Carpeted', 'Cable channels', 'Alarm clock', 'Hand sanitizer', 'Single-room AC for guest accommodation']",9452.0,1276.0,10728.0,2025-11-19,2025-11-20,https://www.booking.com/hotel/us/la-quinta-stevens-point.html?aid=304142&label=gen173nr-10CBkoggI46AdIM1gEaGyIAQGYATO4ARfIAQzYAQPoAQH4AQGIAgGoAgG4ApeMjsgGwAIB0gIkMjlmODgzOGUtNTk5OC00MjNhLTg3OTUtN2M0MDViOGZmZmU12AIB4AIB&sid=b4a3f7b31a243b80f8ac20db0073a78a&all_sr_blocks=46222902_246071592_2_1_0&checkin=2025-11-01&checkout=2025-11-05&dest_id=462229&dest_type=hotel&dist=0&group_adults=2&group_children=0&hapos=1&highlighted_blocks=46222902_246071592_2_1_0&hpos=1&matching_block_id=46222902_246071592_2_1_0&no_rooms=1&req_adults=2&req_children=0&room1=A%2CA&sb_price_type=total&sr_order=popularity&sr_pri_blocks=46222902_246071592_2_1_0__33120&srepoch=1761842557&srpvid=2fc67572204010eb&type=total&ucfs=1&
BOOKING_5,booking,La Quinta by Wyndham Stevens Point,One-Bedroom King Suite - Non-Smoking,,,Suite,2,"['Private suite', '56 m²', 'Air conditioning', 'Private bathroom', 'Free Wifi', 'Toilet', 'Bathtub or shower', 'Telephone', 'Heating', 'Carpeted', 'Alarm clock', 'Sofa bed', 'Single-room AC for guest accommodation', 'Hand sanitizer']",11796.0,1592.0,13388.0,2025-11-19,2025-11-20,https://www.booking.com/hotel/us/la-quinta-stevens-point.html?aid=304142&label=gen173nr-10CBkoggI46AdIM1gEaGyIAQGYATO4ARfIAQzYAQPoAQH4AQGIAgGoAgG4ApeMjsgGwAIB0gIkMjlmODgzOGUtNTk5OC00MjNhLTg3OTUtN2M0MDViOGZmZmU12AIB4AIB&sid=b4a3f7b31a243b80f8ac20db0073a78a&all_sr_blocks=46222902_246071592_2_1_0&checkin=2025-11-01&checkout=2025-11-05&dest_id=462229&dest_type=hotel&dist=0&group_adults=2&group_children=0&hapos=1&highlighted_blocks=46222902_246071592_2_1_0&hpos=1&matching_block_id=46222902_246071592_2_1_0&no_rooms=1&req_adults=2&req_children=0&room1=A%2CA&sb_price_type=total&sr_order=popularity&sr_pri_blocks=46222902_246071592_2_1_0__33120&srepoch=1761842557&srpvid=2fc67572204010eb&type=total&ucfs=1&
BOOKING_5,booking,Us,King Room,king bed,King,Normal,0,"['1 room', '28 m²', 'Air conditioning', 'Private bathroom', 'Flat-screen TV', 'Coffee machine', 'Free Wifi', 'Free toiletries', 'Toilet', 'Bathtub or shower', 'Desk', 'Telephone', 'Ironing facilities', 'Iron', 'Heating', 'Hairdryer', 'Carpeted', 'Cable channels', 'Alarm clock', 'Single-room AC for guest accommodation', 'Hand sanitizer']",8046.0,1086.0,9132.0,2025-11-20,2025-11-21,https://www.booking.com/hotel/us/la-quinta-stevens-point.html?aid=304142&label=gen173nr-10CBkoggI46AdIM1gEaGyIAQGYATO4ARfIAQzYAQPoAQH4AQGIAgGoAgG4ApeMjsgGwAIB0gIkMjlmODgzOGUtNTk5OC00MjNhLTg3OTUtN2M0MDViOGZmZmU12AIB4AIB&sid=b4a3f7b31a243b80f8ac20db0073a78a&all_sr_blocks=46222902_246071592_2_1_0&checkin=2025-11-01&checkout=2025-11-05&dest_id=462229&dest_type=hotel&dist=0&group_adults=2&group_children=0&hapos=1&highlighted_blocks=46222902_246071592_2_1_0&hpos=1&matching_block_id=46222902_246071592_2_1_0&no_rooms=1&req_adults=2&req_children=0&room1=A%2CA&sb_price_type=total&sr_order=popularity&sr_pri_blocks=46222902_246071592_2_1_0__33120&srepoch=1761842557&srpvid=2fc67572204010eb&type=total&ucfs=1&
BOOKING_5,booking,Us,Double Room with Two Double Beds,full beds,Other,Normal,0,"['1 room', '28 m²', 'Air conditioning', 'Private bathroom', 'Flat-screen TV', 'Coffee machine', 'Free Wifi', 'Free toiletries', 'Toilet', 'Bathtub or shower', 'Desk', 'Telephone', 'Ironing facilities', 'Iron', 'Heating', 'Hairdryer', 'Carpeted', 'Cable channels', 'Alarm clock', 'Hand sanitizer', 'Single-room AC for guest accommodation']",8827.0,1192.0,10019.0,2025-11-20,2025-11-21,https://www.booking.com/hotel/us/la-quinta-stevens-point.html?aid=304142&label=gen173nr-10CBkoggI46AdIM1gEaGyIAQGYATO4ARfIAQzYAQPoAQH4AQGIAgGoAgG4ApeMjsgGwAIB0gIkMjlmODgzOGUtNTk5OC00MjNhLTg3OTUtN2M0MDViOGZmZmU12AIB4AIB&sid=b4a3f7b31a243b80f8ac20db0073a78a&all_sr_blocks=46222902_246071592_2_1_0&checkin=2025-11-01&checkout=2025-11-05&dest_id=462229&dest_type=hotel&dist=0&group_adults=2&group_children=0&hapos=1&highlighted_blocks=46222902_246071592_2_1_0&hpos=1&matching_block_id=46222902_246071592_2_1_0&no_rooms=1&req_adults=2&req_children=0&room1=A%2CA&sb_price_type=total&sr_order=popularity&sr_pri_blocks=46222902_246071592_2_1_0__33120&srepoch=1761842557&srpvid=2fc67572204010eb&type=total&ucfs=1&
BOOKING_5,booking,Us,Double Room with One Double Bed - Disability Access,full bed,Other,Normal,3,"['1 room', '23 m²', 'Air conditioning', 'Private bathroom', 'Flat-screen TV', 'Coffee machine', 'Free Wifi', 'Free toiletries', 'Toilet', 'Bathtub or shower', 'Desk', 'Telephone', 'Ironing facilities', 'Iron', 'Heating', 'Hairdryer', 'Carpeted', 'Cable channels', 'Alarm clock', 'Single-room AC for guest accommodation', 'Hand sanitizer']",8046.0,1086.0,9132.0,2025-11-20,2025-11-21,https://www.booking.com/hotel/us/la-quinta-stevens-point.html?aid=304142&label=gen173nr-10CBkoggI46AdIM1gEaGyIAQGYATO4ARfIAQzYAQPoAQH4AQGIAgGoAgG4ApeMjsgGwAIB0gIkMjlmODgzOGUtNTk5OC00MjNhLTg3OTUtN2M0MDViOGZmZmU12AIB4AIB&sid=b4a3f7b31a243b80f8ac20db0073a78a&all_sr_blocks=46222902_246071592_2_1_0&checkin=2025-11-01&checkout=2025-11-05&dest_id=462229&dest_type=hotel&dist=0&group_adults=2&group_children=0&hapos=1&highlighted_blocks=46222902_246071592_2_1_0&hpos=1&matching_block_id=46222902_246071592_2_1_0&no_rooms=1&req_adults=2&req_children=0&room1=A%2CA&sb_price_type=total&sr_order=popularity&sr_pri_blocks=46222902_246071592_2_1_0__33120&srepoch=1761842557&srpvid=2fc67572204010eb&type=total&ucfs=1&
BOOKING_5,booking,Us,Executive King Room with Sofa Bed,king bedand,King,Deluxe,5,"['1 room', '29 m²', 'Air conditioning', 'Private bathroom', 'Flat-screen TV', 'Coffee machine', 'Free Wifi', 'Free toiletries', 'Toilet', 'Sofa', 'Bathtub or shower', 'Desk', 'Refrigerator', 'Telephone', 'Ironing facilities', 'Iron', 'Microwave', 'Heating', 'Hairdryer', 'Carpeted', 'Cable channels', 'Alarm clock', 'Hand sanitizer', 'Single-room AC for guest accommodation']",9609.0,1297.0,10906.0,2025-11-20,2025-11-21,https://www.booking.com/hotel/us/la-quinta-stevens-point.html?aid=304142&label=gen173nr-10CBkoggI46AdIM1gEaGyIAQGYATO4ARfIAQzYAQPoAQH4AQGIAgGoAgG4ApeMjsgGwAIB0gIkMjlmODgzOGUtNTk5OC00MjNhLTg3OTUtN2M0MDViOGZmZmU12AIB4AIB&sid=b4a3f7b31a243b80f8ac20db0073a78a&all_sr_blocks=46222902_246071592_2_1_0&checkin=2025-11-01&checkout=2025-11-05&dest_id=462229&dest_type=hotel&dist=0&group_adults=2&group_children=0&hapos=1&highlighted_blocks=46222902_246071592_2_1_0&hpos=1&matching_block_id=46222902_246071592_2_1_0&no_rooms=1&req_adults=2&req_children=0&room1=A%2CA&sb_price_type=total&sr_order=popularity&sr_pri_blocks=46222902_246071592_2_1_0__33120&srepoch=1761842557&srpvid=2fc67572204010eb&type=total&ucfs=1&
BOOKING_5,booking,Us,One-Bedroom King Suite - Non-Smoking,,,Suite,2,"['Private suite', '56 m²', 'Air conditioning', 'Private bathroom', 'Free Wifi', 'Toilet', 'Bathtub or shower', 'Telephone', 'Heating', 'Carpeted', 'Alarm clock', 'Sofa bed', 'Hand sanitizer', 'Single-room AC for guest accommodation']",11952.0,1614.0,13566.0,2025-11-20,2025-11-21,https://www.booking.com/hotel/us/la-quinta-stevens-point.html?aid=304142&label=gen173nr-10CBkoggI46AdIM1gEaGyIAQGYATO4ARfIAQzYAQPoAQH4AQGIAgGoAgG4ApeMjsgGwAIB0gIkMjlmODgzOGUtNTk5OC00MjNhLTg3OTUtN2M0MDViOGZmZmU12AIB4AIB&sid=b4a3f7b31a243b80f8ac20db0073a78a&all_sr_blocks=46222902_246071592_2_1_0&checkin=2025-11-01&checkout=2025-11-05&dest_id=462229&dest_type=hotel&dist=0&group_adults=2&group_children=0&hapos=1&highlighted_blocks=46222902_246071592_2_1_0&hpos=1&matching_block_id=46222902_246071592_2_1_0&no_rooms=1&req_adults=2&req_children=0&room1=A%2CA&sb_price_type=total&sr_order=popularity&sr_pri_blocks=46222902_246071592_2_1_0__33120&srepoch=1761842557&srpvid=2fc67572204010eb&type=total&ucfs=1&
BOOKING_5,booking,Us,King Room,king bed,King,Normal,0,"['1 room', '28 m²', 'Air conditioning', 'Private bathroom', 'Flat-screen TV', 'Coffee machine', 'Free Wifi', 'Free toiletries', 'Toilet', 'Bathtub or shower', 'Desk', 'Telephone', 'Ironing facilities', 'Iron', 'Heating', 'Hairdryer', 'Carpeted', 'Cable channels', 'Alarm clock', 'Hand sanitizer', 'Single-room AC for guest accommodation']",9999.0,1350.0,11349.0,2025-11-21,2025-11-22,https://www.booking.com/hotel/us/la-quinta-stevens-point.html?aid=304142&label=gen173nr-10CBkoggI46AdIM1gEaGyIAQGYATO4ARfIAQzYAQPoAQH4AQGIAgGoAgG4ApeMjsgGwAIB0gIkMjlmODgzOGUtNTk5OC00MjNhLTg3OTUtN2M0MDViOGZmZmU12AIB4AIB&sid=b4a3f7b31a243b80f8ac20db0073a78a&all_sr_blocks=46222902_246071592_2_1_0&checkin=2025-11-01&checkout=2025-11-05&dest_id=462229&dest_type=hotel&dist=0&group_adults=2&group_children=0&hapos=1&highlighted_blocks=46222902_246071592_2_1_0&hpos=1&matching_block_id=46222902_246071592_2_1_0&no_rooms=1&req_adults=2&req_children=0&room1=A%2CA&sb_price_type=total&sr_order=popularity&sr_pri_blocks=46222902_246071592_2_1_0__33120&srepoch=1761842557&srpvid=2fc67572204010eb&type=total&ucfs=1&
BOOKING_5,booking,Us,Double Room with Two Double Beds,full beds,Other,Normal,0,"['1 room', '28 m²', 'Air conditioning', 'Private bathroom', 'Flat-screen TV', 'Coffee machine', 'Free Wifi', 'Free toiletries', 'Toilet', 'Bathtub or shower', 'Desk', 'Telephone', 'Ironing facilities', 'Iron', 'Heating', 'Hairdryer', 'Carpeted', 'Cable channels', 'Alarm clock', 'Single-room AC for guest accommodation', 'Hand sanitizer']",11093.0,1498.0,12591.0,2025-11-21,2025-11-22,https://www.booking.com/hotel/us/la-quinta-stevens-point.html?aid=304142&label=gen173nr-10CBkoggI46AdIM1gEaGyIAQGYATO4ARfIAQzYAQPoAQH4AQGIAgGoAgG4ApeMjsgGwAIB0gIkMjlmODgzOGUtNTk5OC00MjNhLTg3OTUtN2M0MDViOGZmZmU12AIB4AIB&sid=b4a3f7b31a243b80f8ac20db0073a78a&all_sr_blocks=46222902_246071592_2_1_0&checkin=2025-11-01&checkout=2025-11-05&dest_id=462229&dest_type=hotel&dist=0&group_adults=2&group_children=0&hapos=1&highlighted_blocks=46222902_246071592_2_1_0&hpos=1&matching_block_id=46222902_246071592_2_1_0&no_rooms=1&req_adults=2&req_children=0&room1=A%2CA&sb_price_type=total&sr_order=popularity&sr_pri_blocks=46222902_246071592_2_1_0__33120&srepoch=1761842557&srpvid=2fc67572204010eb&type=total&ucfs=1&
BOOKING_5,booking,Us,Double Room with One Double Bed - Disability Access,full bed,Other,Normal,2,"['1 room', '23 m²', 'Air conditioning', 'Private bathroom', 'Flat-screen TV', 'Coffee machine', 'Free Wifi', 'Free toiletries', 'Toilet', 'Bathtub or shower', 'Desk', 'Telephone', 'Ironing facilities', 'Iron', 'Heating', 'Hairdryer', 'Carpeted', 'Cable channels', 'Alarm clock', 'Single-room AC for guest accommodation', 'Hand sanitizer']",9999.0,1350.0,11349.0,2025-11-21,2025-11-22,https://www.booking.com/hotel/us/la-quinta-stevens-point.html?aid=304142&label=gen173nr-10CBkoggI46AdIM1gEaGyIAQGYATO4ARfIAQzYAQPoAQH4AQGIAgGoAgG4ApeMjsgGwAIB0gIkMjlmODgzOGUtNTk5OC00MjNhLTg3OTUtN2M0MDViOGZmZmU12AIB4AIB&sid=b4a3f7b31a243b80f8ac20db0073a78a&all_sr_blocks=46222902_246071592_2_1_0&checkin=2025-11-01&checkout=2025-11-05&dest_id=462229&dest_type=hotel&dist=0&group_adults=2&group_children=0&hapos=1&highlighted_blocks=46222902_246071592_2_1_0&hpos=1&matching_block_id=46222902_246071592_2_1_0&no_rooms=1&req_adults=2&req_children=0&room1=A%2CA&sb_price_type=total&sr_order=popularity&sr_pri_blocks=46222902_246071592_2_1_0__33120&srepoch=1761842557&srpvid=2fc67572204010eb&type=total&ucfs=1&
BOOKING_5,booking,Us,Executive King Room with Sofa Bed,king bedand,King,Deluxe,5,"['1 room', '29 m²', 'Air conditioning', 'Private bathroom', 'Flat-screen TV', 'Coffee machine', 'Free Wifi', 'Free toiletries', 'Toilet', 'Sofa', 'Bathtub or shower', 'Desk', 'Refrigerator', 'Telephone', 'Ironing facilities', 'Iron', 'Microwave', 'Heating', 'Hairdryer', 'Carpeted', 'Cable channels', 'Alarm clock', 'Single-room AC for guest accommodation', 'Hand sanitizer']",11562.0,1561.0,13123.0,2025-11-21,2025-11-22,https://www.booking.com/hotel/us/la-quinta-stevens-point.html?aid=304142&label=gen173nr-10CBkoggI46AdIM1gEaGyIAQGYATO4ARfIAQzYAQPoAQH4AQGIAgGoAgG4ApeMjsgGwAIB0gIkMjlmODgzOGUtNTk5OC00MjNhLTg3OTUtN2M0MDViOGZmZmU12AIB4AIB&sid=b4a3f7b31a243b80f8ac20db0073a78a&all_sr_blocks=46222902_246071592_2_1_0&checkin=2025-11-01&checkout=2025-11-05&dest_id=462229&dest_type=hotel&dist=0&group_adults=2&group_children=0&hapos=1&highlighted_blocks=46222902_246071592_2_1_0&hpos=1&matching_block_id=46222902_246071592_2_1_0&no_rooms=1&req_adults=2&req_children=0&room1=A%2CA&sb_price_type=total&sr_order=popularity&sr_pri_blocks=46222902_246071592_2_1_0__33120&srepoch=1761842557&srpvid=2fc67572204010eb&type=total&ucfs=1&
BOOKING_5,booking,Us,One-Bedroom King Suite - Non-Smoking,,,Suite,2,"['Private suite', '56 m²', 'Air conditioning', 'Private bathroom', 'Free Wifi', 'Toilet', 'Bathtub or shower', 'Telephone', 'Heating', 'Carpeted', 'Alarm clock', 'Sofa bed', 'Single-room AC for guest accommodation', 'Hand sanitizer']",13905.0,1877.0,15782.0,2025-11-21,2025-11-22,https://www.booking.com/hotel/us/la-quinta-stevens-point.html?aid=304142&label=gen173nr-10CBkoggI46AdIM1gEaGyIAQGYATO4ARfIAQzYAQPoAQH4AQGIAgGoAgG4ApeMjsgGwAIB0gIkMjlmODgzOGUtNTk5OC00MjNhLTg3OTUtN2M0MDViOGZmZmU12AIB4AIB&sid=b4a3f7b31a243b80f8ac20db0073a78a&all_sr_blocks=46222902_246071592_2_1_0&checkin=2025-11-01&checkout=2025-11-05&dest_id=462229&dest_type=hotel&dist=0&group_adults=2&group_children=0&hapos=1&highlighted_blocks=46222902_246071592_2_1_0&hpos=1&matching_block_id=46222902_246071592_2_1_0&no_rooms=1&req_adults=2&req_children=0&room1=A%2CA&sb_price_type=total&sr_order=popularity&sr_pri_blocks=46222902_246071592_2_1_0__33120&srepoch=1761842557&srpvid=2fc67572204010eb&type=total&ucfs=1&
BOOKING_5,booking,Us,King Room,king bed,King,Normal,0,"['1 room', '28 m²', 'Air conditioning', 'Private bathroom', 'Flat-screen TV', 'Coffee machine', 'Free Wifi', 'Free toiletries', 'Toilet', 'Bathtub or shower', 'Desk', 'Telephone', 'Ironing facilities', 'Iron', 'Heating', 'Hairdryer', 'Carpeted', 'Cable channels', 'Alarm clock', 'Single-room AC for guest accommodation', 'Hand sanitizer']",10234.0,1382.0,11616.0,2025-11-22,2025-11-23,https://www.booking.com/hotel/us/la-quinta-stevens-point.html?aid=304142&label=gen173nr-10CBkoggI46AdIM1gEaGyIAQGYATO4ARfIAQzYAQPoAQH4AQGIAgGoAgG4ApeMjsgGwAIB0gIkMjlmODgzOGUtNTk5OC00MjNhLTg3OTUtN2M0MDViOGZmZmU12AIB4AIB&sid=b4a3f7b31a243b80f8ac20db0073a78a&all_sr_blocks=46222902_246071592_2_1_0&checkin=2025-11-01&checkout=2025-11-05&dest_id=462229&dest_type=hotel&dist=0&group_adults=2&group_children=0&hapos=1&highlighted_blocks=46222902_246071592_2_1_0&hpos=1&matching_block_id=46222902_246071592_2_1_0&no_rooms=1&req_adults=2&req_children=0&room1=A%2CA&sb_price_type=total&sr_order=popularity&sr_pri_blocks=46222902_246071592_2_1_0__33120&srepoch=1761842557&srpvid=2fc67572204010eb&type=total&ucfs=1&
BOOKING_5,booking,Us,Double Room with Two Double Beds,full beds,Other,Normal,0,"['1 room', '28 m²', 'Air conditioning', 'Private bathroom', 'Flat-screen TV', 'Coffee machine', 'Free Wifi', 'Free toiletries', 'Toilet', 'Bathtub or shower', 'Desk', 'Telephone', 'Ironing facilities', 'Iron', 'Heating', 'Hairdryer', 'Carpeted', 'Cable channels', 'Alarm clock', 'Hand sanitizer', 'Single-room AC for guest accommodation']",11327.0,1529.0,12856.0,2025-11-22,2025-11-23,https://www.booking.com/hotel/us/la-quinta-stevens-point.html?aid=304142&label=gen173nr-10CBkoggI46AdIM1gEaGyIAQGYATO4ARfIAQzYAQPoAQH4AQGIAgGoAgG4ApeMjsgGwAIB0gIkMjlmODgzOGUtNTk5OC00MjNhLTg3OTUtN2M0MDViOGZmZmU12AIB4AIB&sid=b4a3f7b31a243b80f8ac20db0073a78a&all_sr_blocks=46222902_246071592_2_1_0&checkin=2025-11-01&checkout=2025-11-05&dest_id=462229&dest_type=hotel&dist=0&group_adults=2&group_children=0&hapos=1&highlighted_blocks=46222902_246071592_2_1_0&hpos=1&matching_block_id=46222902_246071592_2_1_0&no_rooms=1&req_adults=2&req_children=0&room1=A%2CA&sb_price_type=total&sr_order=popularity&sr_pri_blocks=46222902_246071592_2_1_0__33120&srepoch=1761842557&srpvid=2fc67572204010eb&type=total&ucfs=1&
BOOKING_5,booking,Us,Double Room with One Double Bed - Disability Access,full bed,Other,Normal,2,"['1 room', '23 m²', 'Air conditioning', 'Private bathroom', 'Flat-screen TV', 'Coffee machine', 'Free Wifi', 'Free toiletries', 'Toilet', 'Bathtub or shower', 'Desk', 'Telephone', 'Ironing facilities', 'Iron', 'Heating', 'Hairdryer', 'Carpeted', 'Cable channels', 'Alarm clock', 'Single-room AC for guest accommodation', 'Hand sanitizer']",10234.0,1382.0,11616.0,2025-11-22,2025-11-23,https://www.booking.com/hotel/us/la-quinta-stevens-point.html?aid=304142&label=gen173nr-10CBkoggI46AdIM1gEaGyIAQGYATO4ARfIAQzYAQPoAQH4AQGIAgGoAgG4ApeMjsgGwAIB0gIkMjlmODgzOGUtNTk5OC00MjNhLTg3OTUtN2M0MDViOGZmZmU12AIB4AIB&sid=b4a3f7b31a243b80f8ac20db0073a78a&all_sr_blocks=46222902_246071592_2_1_0&checkin=2025-11-01&checkout=2025-11-05&dest_id=462229&dest_type=hotel&dist=0&group_adults=2&group_children=0&hapos=1&highlighted_blocks=46222902_246071592_2_1_0&hpos=1&matching_block_id=46222902_246071592_2_1_0&no_rooms=1&req_adults=2&req_children=0&room1=A%2CA&sb_price_type=total&sr_order=popularity&sr_pri_blocks=46222902_246071592_2_1_0__33120&srepoch=1761842557&srpvid=2fc67572204010eb&type=total&ucfs=1&
BOOKING_5,booking,Us,Executive King Room with Sofa Bed,king bedand,King,Deluxe,5,"['1 room', '29 m²', 'Air conditioning', 'Private bathroom', 'Flat-screen TV', 'Coffee machine', 'Free Wifi', 'Free toiletries', 'Toilet', 'Sofa', 'Bathtub or shower', 'Desk', 'Refrigerator', 'Telephone', 'Ironing facilities', 'Iron', 'Microwave', 'Heating', 'Hairdryer', 'Carpeted', 'Cable channels', 'Alarm clock', 'Hand sanitizer', 'Single-room AC for guest accommodation']",11796.0,1592.0,13388.0,2025-11-22,2025-11-23,https://www.booking.com/hotel/us/la-quinta-stevens-point.html?aid=304142&label=gen173nr-10CBkoggI46AdIM1gEaGyIAQGYATO4ARfIAQzYAQPoAQH4AQGIAgGoAgG4ApeMjsgGwAIB0gIkMjlmODgzOGUtNTk5OC00MjNhLTg3OTUtN2M0MDViOGZmZmU12AIB4AIB&sid=b4a3f7b31a243b80f8ac20db0073a78a&all_sr_blocks=46222902_246071592_2_1_0&checkin=2025-11-01&checkout=2025-11-05&dest_id=462229&dest_type=hotel&dist=0&group_adults=2&group_children=0&hapos=1&highlighted_blocks=46222902_246071592_2_1_0&hpos=1&matching_block_id=46222902_246071592_2_1_0&no_rooms=1&req_adults=2&req_children=0&room1=A%2CA&sb_price_type=total&sr_order=popularity&sr_pri_blocks=46222902_246071592_2_1_0__33120&srepoch=1761842557&srpvid=2fc67572204010eb&type=total&ucfs=1&
BOOKING_5,booking,Us,One-Bedroom King Suite - Non-Smoking,,,Suite,2,"['Private suite', '56 m²', 'Air conditioning', 'Private bathroom', 'Free Wifi', 'Toilet', 'Bathtub or shower', 'Telephone', 'Heating', 'Carpeted', 'Alarm clock', 'Sofa bed', 'Single-room AC for guest accommodation', 'Hand sanitizer']",14139.0,1909.0,16048.0,2025-11-22,2025-11-23,https://www.booking.com/hotel/us/la-quinta-stevens-point.html?aid=304142&label=gen173nr-10CBkoggI46AdIM1gEaGyIAQGYATO4ARfIAQzYAQPoAQH4AQGIAgGoAgG4ApeMjsgGwAIB0gIkMjlmODgzOGUtNTk5OC00MjNhLTg3OTUtN2M0MDViOGZmZmU12AIB4AIB&sid=b4a3f7b31a243b80f8ac20db0073a78a&all_sr_blocks=46222902_246071592_2_1_0&checkin=2025-11-01&checkout=2025-11-05&dest_id=462229&dest_type=hotel&dist=0&group_adults=2&group_children=0&hapos=1&highlighted_blocks=46222902_246071592_2_1_0&hpos=1&matching_block_id=46222902_246071592_2_1_0&no_rooms=1&req_adults=2&req_children=0&room1=A%2CA&sb_price_type=total&sr_order=popularity&sr_pri_blocks=46222902_246071592_2_1_0__33120&srepoch=1761842557&srpvid=2fc67572204010eb&type=total&ucfs=1&
