hotel_id,hotel_source,hotel_name,room_name,bed_type,bed_category,room_category,available_rooms,base_price_usd,tax_price_usd,total_price_usd,room_facilities,checkin,checkout,hotel_url
AGODA_1,agoda,Econo Lodge Mount Laurel - Philadelphia East,"1 King Bed, Nonsmoking",king bed,King,Normal,5,6204,0,6204,"['Wi-Fi [free]', 'Room size: 26 m²/280 ft²', '1 king bed', 'Private bathroom', 'Air conditioning', 'Refrigerator', 'Hair dryer', 'Shower']",2025-11-05,2025-11-06,https://www.agoda.com/econo-lodge_2/hotel/mount-laurel-nj-us.html?countryId=181&finalPriceView=1&isShowMobileAppPrice=false&cid=-1&numberOfBedrooms=&familyMode=false&adults=2&children=0&rooms=1&maxRooms=0&checkIn=2025-11-1&isCalendarCallout=false&childAges=&numberOfGuest=0&missingChildAges=false&travellerType=1&showReviewSubmissionEntry=false&currencyCode=INR&isFreeOccSearch=false&los=4&searchrequestid=054e8861-9dbe-4d30-a873-69fffa1fe3d6&ds=CH3TEme3dqOaFa9f
AGODA_1,agoda,Econo Lodge Mount Laurel - Philadelphia East,"2 Queen Beds, Nonsmoking",queen beds,Queen,Normal,5,7109,0,7109,"['Wi-Fi [free]', 'Room size: 26 m²/280 ft²', '2 queen beds', 'Exterior corridor', 'Private bathroom', 'Air conditioning', 'Refrigerator', 'Hair dryer', 'Shower']",2025-11-05,2025-11-06,https://www.agoda.com/econo-lodge_2/hotel/mount-laurel-nj-us.html?countryId=181&finalPriceView=1&isShowMobileAppPrice=false&cid=-1&numberOfBedrooms=&familyMode=false&adults=2&children=0&rooms=1&maxRooms=0&checkIn=2025-11-1&isCalendarCallout=false&childAges=&numberOfGuest=0&missingChildAges=false&travellerType=1&showReviewSubmissionEntry=false&currencyCode=INR&isFreeOccSearch=false&los=4&searchrequestid=054e8861-9dbe-4d30-a873-69fffa1fe3d6&ds=CH3TEme3dqOaFa9f
AGODA_1,agoda,Econo Lodge Mount Laurel - Philadelphia East,"1 King Bed, Nonsmoking",king bed,King,Normal,5,6637,0,6637,"['Wi-Fi [free]', 'Room size: 26 m²/280 ft²', '1 king bed', 'Private bathroom', 'Air conditioning', 'Refrigerator', 'Hair dryer', 'Shower']",2025-11-06,2025-11-07,https://www.agoda.com/econo-lodge_2/hotel/mount-laurel-nj-us.html?countryId=181&finalPriceView=1&isShowMobileAppPrice=false&cid=-1&numberOfBedrooms=&familyMode=false&adults=2&children=0&rooms=1&maxRooms=0&checkIn=2025-11-1&isCalendarCallout=false&childAges=&numberOfGuest=0&missingChildAges=false&travellerType=1&showReviewSubmissionEntry=false&currencyCode=INR&isFreeOccSearch=false&los=4&searchrequestid=054e8861-9dbe-4d30-a873-69fffa1fe3d6&ds=CH3TEme3dqOaFa9f
AGODA_1,agoda,Econo Lodge Mount Laurel - Philadelphia East,"2 Queen Beds, Nonsmoking",queen beds,Queen,Normal,5,7357,0,7357,"['Wi-Fi [free]', 'Room size: 26 m²/280 ft²', '2 queen beds', 'Exterior corridor', 'Private bathroom', 'Air conditioning', 'Refrigerator', 'Hair dryer', 'Shower']",2025-11-06,2025-11-07,https://www.agoda.com/econo-lodge_2/hotel/mount-laurel-nj-us.html?countryId=181&finalPriceView=1&isShowMobileAppPrice=false&cid=-1&numberOfBedrooms=&familyMode=false&adults=2&children=0&rooms=1&maxRooms=0&checkIn=2025-11-1&isCalendarCallout=false&childAges=&numberOfGuest=0&missingChildAges=false&travellerType=1&showReviewSubmissionEntry=false&currencyCode=INR&isFreeOccSearch=false&los=4&searchrequestid=054e8861-9dbe-4d30-a873-69fffa1fe3d6&ds=CH3TEme3dqOaFa9f
AGODA_1,agoda,Econo Lodge Mount Laurel - Philadelphia East,"1 King Bed, Nonsmoking",king bed,King,Normal,5,7259,0,7259,"['Wi-Fi [free]', 'Room size: 26 m²/280 ft²', '1 king bed', 'Private bathroom', 'Air conditioning', 'Refrigerator', 'Hair dryer', 'Shower']",2025-11-07,2025-11-08,https://www.agoda.com/econo-lodge_2/hotel/mount-laurel-nj-us.html?countryId=181&finalPriceView=1&isShowMobileAppPrice=false&cid=-1&numberOfBedrooms=&familyMode=false&adults=2&children=0&rooms=1&maxRooms=0&checkIn=2025-11-1&isCalendarCallout=false&childAges=&numberOfGuest=0&missingChildAges=false&travellerType=1&showReviewSubmissionEntry=false&currencyCode=INR&isFreeOccSearch=false&los=4&searchrequestid=054e8861-9dbe-4d30-a873-69fffa1fe3d6&ds=CH3TEme3dqOaFa9f
AGODA_1,agoda,Econo Lodge Mount Laurel - Philadelphia East,"2 Queen Beds, Nonsmoking",queen beds,Queen,Normal,5,8352,0,8352,"['Wi-Fi [free]', 'Room size: 26 m²/280 ft²', '2 queen beds', 'Exterior corridor', 'Private bathroom', 'Air conditioning', 'Refrigerator', 'Hair dryer', 'Shower']",2025-11-07,2025-11-08,https://www.agoda.com/econo-lodge_2/hotel/mount-laurel-nj-us.html?countryId=181&finalPriceView=1&isShowMobileAppPrice=false&cid=-1&numberOfBedrooms=&familyMode=false&adults=2&children=0&rooms=1&maxRooms=0&checkIn=2025-11-1&isCalendarCallout=false&childAges=&numberOfGuest=0&missingChildAges=false&travellerType=1&showReviewSubmissionEntry=false&currencyCode=INR&isFreeOccSearch=false&los=4&searchrequestid=054e8861-9dbe-4d30-a873-69fffa1fe3d6&ds=CH3TEme3dqOaFa9f
AGODA_1,agoda,Econo Lodge Mount Laurel - Philadelphia East,"1 King Bed, Nonsmoking",king bed,King,Normal,5,7516,0,7516,"['Wi-Fi [free]', 'Room size: 26 m²/280 ft²', '1 king bed', 'Private bathroom', 'Air conditioning', 'Refrigerator', 'Hair dryer', 'Shower']",2025-11-08,2025-11-09,https://www.agoda.com/econo-lodge_2/hotel/mount-laurel-nj-us.html?countryId=181&finalPriceView=1&isShowMobileAppPrice=false&cid=-1&numberOfBedrooms=&familyMode=false&adults=2&children=0&rooms=1&maxRooms=0&checkIn=2025-11-1&isCalendarCallout=false&childAges=&numberOfGuest=0&missingChildAges=false&travellerType=1&showReviewSubmissionEntry=false&currencyCode=INR&isFreeOccSearch=false&los=4&searchrequestid=054e8861-9dbe-4d30-a873-69fffa1fe3d6&ds=CH3TEme3dqOaFa9f
AGODA_1,agoda,Econo Lodge Mount Laurel - Philadelphia East,"2 Queen Beds, Nonsmoking",queen beds,Queen,Normal,5,8177,0,8177,"['Wi-Fi [free]', 'Room size: 26 m²/280 ft²', '2 queen beds', 'Exterior corridor', 'Private bathroom', 'Air conditioning', 'Refrigerator', 'Hair dryer', 'Shower']",2025-11-08,2025-11-09,https://www.agoda.com/econo-lodge_2/hotel/mount-laurel-nj-us.html?countryId=181&finalPriceView=1&isShowMobileAppPrice=false&cid=-1&numberOfBedrooms=&familyMode=false&adults=2&children=0&rooms=1&maxRooms=0&checkIn=2025-11-1&isCalendarCallout=false&childAges=&numberOfGuest=0&missingChildAges=false&travellerType=1&showReviewSubmissionEntry=false&currencyCode=INR&isFreeOccSearch=false&los=4&searchrequestid=054e8861-9dbe-4d30-a873-69fffa1fe3d6&ds=CH3TEme3dqOaFa9f
AGODA_1,agoda,Econo Lodge Mount Laurel - Philadelphia East,"1 King Bed, Nonsmoking",king bed,King,Normal,5,6204,0,6204,"['Wi-Fi [free]', 'Room size: 26 m²/280 ft²', '1 king bed', 'Private bathroom', 'Air conditioning', 'Refrigerator', 'Hair dryer', 'Shower']",2025-11-09,2025-11-10,https://www.agoda.com/econo-lodge_2/hotel/mount-laurel-nj-us.html?countryId=181&finalPriceView=1&isShowMobileAppPrice=false&cid=-1&numberOfBedrooms=&familyMode=false&adults=2&children=0&rooms=1&maxRooms=0&checkIn=2025-11-1&isCalendarCallout=false&childAges=&numberOfGuest=0&missingChildAges=false&travellerType=1&showReviewSubmissionEntry=false&currencyCode=INR&isFreeOccSearch=false&los=4&searchrequestid=054e8861-9dbe-4d30-a873-69fffa1fe3d6&ds=CH3TEme3dqOaFa9f
AGODA_1,agoda,Econo Lodge Mount Laurel - Philadelphia East,"2 Queen Beds, Nonsmoking",queen beds,Queen,Normal,5,7109,0,7109,"['Wi-Fi [free]', 'Room size: 26 m²/280 ft²', '2 queen beds', 'Exterior corridor', 'Private bathroom', 'Air conditioning', 'Refrigerator', 'Hair dryer', 'Shower']",2025-11-09,2025-11-10,https://www.agoda.com/econo-lodge_2/hotel/mount-laurel-nj-us.html?countryId=181&finalPriceView=1&isShowMobileAppPrice=false&cid=-1&numberOfBedrooms=&familyMode=false&adults=2&children=0&rooms=1&maxRooms=0&checkIn=2025-11-1&isCalendarCallout=false&childAges=&numberOfGuest=0&missingChildAges=false&travellerType=1&showReviewSubmissionEntry=false&currencyCode=INR&isFreeOccSearch=false&los=4&searchrequestid=054e8861-9dbe-4d30-a873-69fffa1fe3d6&ds=CH3TEme3dqOaFa9f
AGODA_1,agoda,Econo Lodge Mount Laurel - Philadelphia East,"1 King Bed, Nonsmoking",king bed,King,Normal,5,6637,0,6637,"['Wi-Fi [free]', 'Room size: 26 m²/280 ft²', '1 king bed', 'Private bathroom', 'Air conditioning', 'Refrigerator', 'Hair dryer', 'Shower']",2025-11-10,2025-11-11,https://www.agoda.com/econo-lodge_2/hotel/mount-laurel-nj-us.html?countryId=181&finalPriceView=1&isShowMobileAppPrice=false&cid=-1&numberOfBedrooms=&familyMode=false&adults=2&children=0&rooms=1&maxRooms=0&checkIn=2025-11-1&isCalendarCallout=false&childAges=&numberOfGuest=0&missingChildAges=false&travellerType=1&showReviewSubmissionEntry=false&currencyCode=INR&isFreeOccSearch=false&los=4&searchrequestid=054e8861-9dbe-4d30-a873-69fffa1fe3d6&ds=CH3TEme3dqOaFa9f
AGODA_1,agoda,Econo Lodge Mount Laurel - Philadelphia East,"2 Queen Beds, Nonsmoking",queen beds,Queen,Normal,5,7357,0,7357,"['Wi-Fi [free]', 'Room size: 26 m²/280 ft²', '2 queen beds', 'Exterior corridor', 'Private bathroom', 'Air conditioning', 'Refrigerator', 'Hair dryer', 'Shower']",2025-11-10,2025-11-11,https://www.agoda.com/econo-lodge_2/hotel/mount-laurel-nj-us.html?countryId=181&finalPriceView=1&isShowMobileAppPrice=false&cid=-1&numberOfBedrooms=&familyMode=false&adults=2&children=0&rooms=1&maxRooms=0&checkIn=2025-11-1&isCalendarCallout=false&childAges=&numberOfGuest=0&missingChildAges=false&travellerType=1&showReviewSubmissionEntry=false&currencyCode=INR&isFreeOccSearch=false&los=4&searchrequestid=054e8861-9dbe-4d30-a873-69fffa1fe3d6&ds=CH3TEme3dqOaFa9f
AGODA_1,agoda,Econo Lodge Mount Laurel - Philadelphia East,"1 King Bed, Nonsmoking",king bed,King,Normal,5,6201,0,6201,"['Wi-Fi [free]', 'Room size: 26 m²/280 ft²', '1 king bed', 'Private bathroom', 'Air conditioning', 'Refrigerator', 'Hair dryer', 'Shower']",2025-11-13,2025-11-14,https://www.agoda.com/econo-lodge_2/hotel/mount-laurel-nj-us.html?countryId=181&finalPriceView=1&isShowMobileAppPrice=false&cid=-1&numberOfBedrooms=&familyMode=false&adults=2&children=0&rooms=1&maxRooms=0&checkIn=2025-11-1&isCalendarCallout=false&childAges=&numberOfGuest=0&missingChildAges=false&travellerType=1&showReviewSubmissionEntry=false&currencyCode=INR&isFreeOccSearch=false&los=4&searchrequestid=054e8861-9dbe-4d30-a873-69fffa1fe3d6&ds=CH3TEme3dqOaFa9f
AGODA_1,agoda,Econo Lodge Mount Laurel - Philadelphia East,"2 Queen Beds, Nonsmoking",queen beds,Queen,Normal,5,7029,0,7029,"['Wi-Fi [free]', 'Room size: 26 m²/280 ft²', '2 queen beds', 'Exterior corridor', 'Private bathroom', 'Air conditioning', 'Refrigerator', 'Hair dryer', 'Shower']",2025-11-13,2025-11-14,https://www.agoda.com/econo-lodge_2/hotel/mount-laurel-nj-us.html?countryId=181&finalPriceView=1&isShowMobileAppPrice=false&cid=-1&numberOfBedrooms=&familyMode=false&adults=2&children=0&rooms=1&maxRooms=0&checkIn=2025-11-1&isCalendarCallout=false&childAges=&numberOfGuest=0&missingChildAges=false&travellerType=1&showReviewSubmissionEntry=false&currencyCode=INR&isFreeOccSearch=false&los=4&searchrequestid=054e8861-9dbe-4d30-a873-69fffa1fe3d6&ds=CH3TEme3dqOaFa9f
AGODA_2,agoda,Quality Inn New London,"1 King Bed, Nonsmoking",king bed,King,Normal,5,5070,0,5070,"['Wi-Fi [free]', 'Room size: 28 m²/301 ft²', 'Street view', '1 king bed', 'Bathtub', 'Window', 'Sleep comfort items', 'Ground floor available', 'Non-smoking', 'Shared bathroom']",2025-11-04,2025-11-05,https://www.agoda.com/americas-best-value-inn-new-london_4/hotel/new-london-wi-us.html?countryId=181&finalPriceView=1&isShowMobileAppPrice=false&cid=-1&numberOfBedrooms=&familyMode=false&adults=2&children=0&rooms=1&maxRooms=0&checkIn=2025-11-1&isCalendarCallout=false&childAges=&numberOfGuest=0&missingChildAges=false&travellerType=1&showReviewSubmissionEntry=false&currencyCode=INR&isFreeOccSearch=false&tspTypes=8&los=4&searchrequestid=88693a4b-7fef-4a69-9b08-650154e6aa7b&ds=CH3TEme3dqOaFa9f
AGODA_2,agoda,Quality Inn New London,"2 Queen Beds, Nonsmoking",queen beds,Queen,Normal,5,5399,0,5399,"['Wi-Fi [free]', 'Room size: 42 m²/452 ft²', 'Street view', '2 queen beds', 'Bathtub', 'Window', 'Sleep comfort items', 'Ground floor available', 'Non-smoking', 'Shared bathroom']",2025-11-04,2025-11-05,https://www.agoda.com/americas-best-value-inn-new-london_4/hotel/new-london-wi-us.html?countryId=181&finalPriceView=1&isShowMobileAppPrice=false&cid=-1&numberOfBedrooms=&familyMode=false&adults=2&children=0&rooms=1&maxRooms=0&checkIn=2025-11-1&isCalendarCallout=false&childAges=&numberOfGuest=0&missingChildAges=false&travellerType=1&showReviewSubmissionEntry=false&currencyCode=INR&isFreeOccSearch=false&tspTypes=8&los=4&searchrequestid=88693a4b-7fef-4a69-9b08-650154e6aa7b&ds=CH3TEme3dqOaFa9f
AGODA_2,agoda,Quality Inn New London,"1 King Bed, Nonsmoking",king bed,King,Normal,5,5399,0,5399,"['Wi-Fi [free]', 'Room size: 28 m²/301 ft²', 'Street view', '1 king bed', 'Bathtub', 'Window', 'Sleep comfort items', 'Non-smoking', 'Shared bathroom', 'Closet']",2025-11-04,2025-11-05,https://www.agoda.com/americas-best-value-inn-new-london_4/hotel/new-london-wi-us.html?countryId=181&finalPriceView=1&isShowMobileAppPrice=false&cid=-1&numberOfBedrooms=&familyMode=false&adults=2&children=0&rooms=1&maxRooms=0&checkIn=2025-11-1&isCalendarCallout=false&childAges=&numberOfGuest=0&missingChildAges=false&travellerType=1&showReviewSubmissionEntry=false&currencyCode=INR&isFreeOccSearch=false&tspTypes=8&los=4&searchrequestid=88693a4b-7fef-4a69-9b08-650154e6aa7b&ds=CH3TEme3dqOaFa9f
AGODA_2,agoda,Quality Inn New London,"2 Queen Beds, Nonsmoking",queen beds,Queen,Normal,5,5399,0,5399,"['Wi-Fi [free]', 'Room size: 28 m²/301 ft²', 'Street view', '2 queen beds', 'Bathtub', 'Window', 'Sleep comfort items', 'Ground floor available', 'Non-smoking', 'Shared bathroom']",2025-11-04,2025-11-05,https://www.agoda.com/americas-best-value-inn-new-london_4/hotel/new-london-wi-us.html?countryId=181&finalPriceView=1&isShowMobileAppPrice=false&cid=-1&numberOfBedrooms=&familyMode=false&adults=2&children=0&rooms=1&maxRooms=0&checkIn=2025-11-1&isCalendarCallout=false&childAges=&numberOfGuest=0&missingChildAges=false&travellerType=1&showReviewSubmissionEntry=false&currencyCode=INR&isFreeOccSearch=false&tspTypes=8&los=4&searchrequestid=88693a4b-7fef-4a69-9b08-650154e6aa7b&ds=CH3TEme3dqOaFa9f
AGODA_2,agoda,Quality Inn New London,"2 Queen Beds, Nonsmoking",queen beds,Queen,Normal,5,5721,0,5721,"['Wi-Fi [free]', 'Room size: 42 m²/452 ft²', 'Street view', '2 queen beds', 'Bathtub', 'Window', 'Sleep comfort items', 'Ground floor available', 'Non-smoking', 'Shared bathroom']",2025-11-04,2025-11-05,https://www.agoda.com/americas-best-value-inn-new-london_4/hotel/new-london-wi-us.html?countryId=181&finalPriceView=1&isShowMobileAppPrice=false&cid=-1&numberOfBedrooms=&familyMode=false&adults=2&children=0&rooms=1&maxRooms=0&checkIn=2025-11-1&isCalendarCallout=false&childAges=&numberOfGuest=0&missingChildAges=false&travellerType=1&showReviewSubmissionEntry=false&currencyCode=INR&isFreeOccSearch=false&tspTypes=8&los=4&searchrequestid=88693a4b-7fef-4a69-9b08-650154e6aa7b&ds=CH3TEme3dqOaFa9f
AGODA_2,agoda,Quality Inn New London,"1 Queen Bed, Suite, Nonsmoking",queen bed,Queen,Suite,5,8299,0,8299,"['Wi-Fi [free]', 'Room size: 42 m²/452 ft²', 'Street view', '1 queen bed', 'Whirlpool bathtub', 'Window', 'Sleep comfort items', 'Non-smoking', 'Shared bathroom', 'Closet']",2025-11-04,2025-11-05,https://www.agoda.com/americas-best-value-inn-new-london_4/hotel/new-london-wi-us.html?countryId=181&finalPriceView=1&isShowMobileAppPrice=false&cid=-1&numberOfBedrooms=&familyMode=false&adults=2&children=0&rooms=1&maxRooms=0&checkIn=2025-11-1&isCalendarCallout=false&childAges=&numberOfGuest=0&missingChildAges=false&travellerType=1&showReviewSubmissionEntry=false&currencyCode=INR&isFreeOccSearch=false&tspTypes=8&los=4&searchrequestid=88693a4b-7fef-4a69-9b08-650154e6aa7b&ds=CH3TEme3dqOaFa9f
AGODA_2,agoda,Quality Inn New London,"1 King Bed, Suite, Nonsmoking",king bedS,King,Suite,0,11894,0,11894,"['Wi-Fi [free]', 'Room size: 42 m²/452 ft²', 'Street view', '1 king bed', 'Separate shower/bathtub', 'Window', 'Blackout curtains', 'Top floor available', 'Non-smoking', 'Shared bathroom']",2025-11-04,2025-11-05,https://www.agoda.com/americas-best-value-inn-new-london_4/hotel/new-london-wi-us.html?countryId=181&finalPriceView=1&isShowMobileAppPrice=false&cid=-1&numberOfBedrooms=&familyMode=false&adults=2&children=0&rooms=1&maxRooms=0&checkIn=2025-11-1&isCalendarCallout=false&childAges=&numberOfGuest=0&missingChildAges=false&travellerType=1&showReviewSubmissionEntry=false&currencyCode=INR&isFreeOccSearch=false&tspTypes=8&los=4&searchrequestid=88693a4b-7fef-4a69-9b08-650154e6aa7b&ds=CH3TEme3dqOaFa9f
AGODA_2,agoda,Quality Inn New London,"1 King Bed, Nonsmoking",king bed,King,Normal,5,6007,0,6007,"['Wi-Fi [free]', 'Room size: 28 m²/301 ft²', 'Street view', '1 king bed', 'Bathtub', 'Window', 'Sleep comfort items', 'Ground floor available', 'Non-smoking', 'Shared bathroom']",2025-11-08,2025-11-09,https://www.agoda.com/americas-best-value-inn-new-london_4/hotel/new-london-wi-us.html?countryId=181&finalPriceView=1&isShowMobileAppPrice=false&cid=-1&numberOfBedrooms=&familyMode=false&adults=2&children=0&rooms=1&maxRooms=0&checkIn=2025-11-1&isCalendarCallout=false&childAges=&numberOfGuest=0&missingChildAges=false&travellerType=1&showReviewSubmissionEntry=false&currencyCode=INR&isFreeOccSearch=false&tspTypes=8&los=4&searchrequestid=88693a4b-7fef-4a69-9b08-650154e6aa7b&ds=CH3TEme3dqOaFa9f
AGODA_2,agoda,Quality Inn New London,"2 Queen Beds, Nonsmoking",queen beds,Queen,Normal,5,6598,0,6598,"['Wi-Fi [free]', 'Room size: 42 m²/452 ft²', 'Street view', '2 queen beds', 'Bathtub', 'Window', 'Sleep comfort items', 'Ground floor available', 'Non-smoking', 'Shared bathroom']",2025-11-08,2025-11-09,https://www.agoda.com/americas-best-value-inn-new-london_4/hotel/new-london-wi-us.html?countryId=181&finalPriceView=1&isShowMobileAppPrice=false&cid=-1&numberOfBedrooms=&familyMode=false&adults=2&children=0&rooms=1&maxRooms=0&checkIn=2025-11-1&isCalendarCallout=false&childAges=&numberOfGuest=0&missingChildAges=false&travellerType=1&showReviewSubmissionEntry=false&currencyCode=INR&isFreeOccSearch=false&tspTypes=8&los=4&searchrequestid=88693a4b-7fef-4a69-9b08-650154e6aa7b&ds=CH3TEme3dqOaFa9f
AGODA_2,agoda,Quality Inn New London,"1 King Bed, Nonsmoking",king bed,King,Normal,5,6598,0,6598,"['Wi-Fi [free]', 'Room size: 28 m²/301 ft²', 'Street view', '1 king bed', 'Bathtub', 'Window', 'Sleep comfort items', 'Non-smoking', 'Shared bathroom', 'Closet']",2025-11-08,2025-11-09,https://www.agoda.com/americas-best-value-inn-new-london_4/hotel/new-london-wi-us.html?countryId=181&finalPriceView=1&isShowMobileAppPrice=false&cid=-1&numberOfBedrooms=&familyMode=false&adults=2&children=0&rooms=1&maxRooms=0&checkIn=2025-11-1&isCalendarCallout=false&childAges=&numberOfGuest=0&missingChildAges=false&travellerType=1&showReviewSubmissionEntry=false&currencyCode=INR&isFreeOccSearch=false&tspTypes=8&los=4&searchrequestid=88693a4b-7fef-4a69-9b08-650154e6aa7b&ds=CH3TEme3dqOaFa9f
AGODA_2,agoda,Quality Inn New London,"2 Queen Beds, Nonsmoking",queen beds,Queen,Normal,5,6598,0,6598,"['Wi-Fi [free]', 'Room size: 28 m²/301 ft²', 'Street view', '2 queen beds', 'Bathtub', 'Window', 'Sleep comfort items', 'Ground floor available', 'Non-smoking', 'Shared bathroom']",2025-11-08,2025-11-09,https://www.agoda.com/americas-best-value-inn-new-london_4/hotel/new-london-wi-us.html?countryId=181&finalPriceView=1&isShowMobileAppPrice=false&cid=-1&numberOfBedrooms=&familyMode=false&adults=2&children=0&rooms=1&maxRooms=0&checkIn=2025-11-1&isCalendarCallout=false&childAges=&numberOfGuest=0&missingChildAges=false&travellerType=1&showReviewSubmissionEntry=false&currencyCode=INR&isFreeOccSearch=false&tspTypes=8&los=4&searchrequestid=88693a4b-7fef-4a69-9b08-650154e6aa7b&ds=CH3TEme3dqOaFa9f
AGODA_2,agoda,Quality Inn New London,"2 Queen Beds, Nonsmoking",queen beds,Queen,Normal,5,6888,0,6888,"['Wi-Fi [free]', 'Room size: 42 m²/452 ft²', 'Street view', '2 queen beds', 'Bathtub', 'Window', 'Sleep comfort items', 'Ground floor available', 'Non-smoking', 'Shared bathroom']",2025-11-08,2025-11-09,https://www.agoda.com/americas-best-value-inn-new-london_4/hotel/new-london-wi-us.html?countryId=181&finalPriceView=1&isShowMobileAppPrice=false&cid=-1&numberOfBedrooms=&familyMode=false&adults=2&children=0&rooms=1&maxRooms=0&checkIn=2025-11-1&isCalendarCallout=false&childAges=&numberOfGuest=0&missingChildAges=false&travellerType=1&showReviewSubmissionEntry=false&currencyCode=INR&isFreeOccSearch=false&tspTypes=8&los=4&searchrequestid=88693a4b-7fef-4a69-9b08-650154e6aa7b&ds=CH3TEme3dqOaFa9f
AGODA_2,agoda,Quality Inn New London,"1 Queen Bed, Suite, Nonsmoking",queen bed,Queen,Suite,5,9562,0,9562,"['Wi-Fi [free]', 'Room size: 42 m²/452 ft²', 'Street view', '1 queen bed', 'Whirlpool bathtub', 'Window', 'Sleep comfort items', 'Non-smoking', 'Shared bathroom', 'Closet']",2025-11-08,2025-11-09,https://www.agoda.com/americas-best-value-inn-new-london_4/hotel/new-london-wi-us.html?countryId=181&finalPriceView=1&isShowMobileAppPrice=false&cid=-1&numberOfBedrooms=&familyMode=false&adults=2&children=0&rooms=1&maxRooms=0&checkIn=2025-11-1&isCalendarCallout=false&childAges=&numberOfGuest=0&missingChildAges=false&travellerType=1&showReviewSubmissionEntry=false&currencyCode=INR&isFreeOccSearch=false&tspTypes=8&los=4&searchrequestid=88693a4b-7fef-4a69-9b08-650154e6aa7b&ds=CH3TEme3dqOaFa9f
AGODA_2,agoda,Quality Inn New London,"1 King Bed, Suite, Nonsmoking",king bedS,King,Suite,0,13501,0,13501,"['Wi-Fi [free]', 'Room size: 42 m²/452 ft²', 'Street view', '1 king bed', 'Separate shower/bathtub', 'Window', 'Blackout curtains', 'Top floor available', 'Non-smoking', 'Shared bathroom']",2025-11-08,2025-11-09,https://www.agoda.com/americas-best-value-inn-new-london_4/hotel/new-london-wi-us.html?countryId=181&finalPriceView=1&isShowMobileAppPrice=false&cid=-1&numberOfBedrooms=&familyMode=false&adults=2&children=0&rooms=1&maxRooms=0&checkIn=2025-11-1&isCalendarCallout=false&childAges=&numberOfGuest=0&missingChildAges=false&travellerType=1&showReviewSubmissionEntry=false&currencyCode=INR&isFreeOccSearch=false&tspTypes=8&los=4&searchrequestid=88693a4b-7fef-4a69-9b08-650154e6aa7b&ds=CH3TEme3dqOaFa9f
AGODA_2,agoda,Quality Inn New London,"1 King Bed, Nonsmoking",king bed,King,Normal,5,4568,0,4568,"['Wi-Fi [free]', 'Room size: 28 m²/301 ft²', 'Street view', '1 king bed', 'Bathtub', 'Window', 'Sleep comfort items', 'Ground floor available', 'Non-smoking', 'Shared bathroom']",2025-11-11,2025-11-12,https://www.agoda.com/americas-best-value-inn-new-london_4/hotel/new-london-wi-us.html?countryId=181&finalPriceView=1&isShowMobileAppPrice=false&cid=-1&numberOfBedrooms=&familyMode=false&adults=2&children=0&rooms=1&maxRooms=0&checkIn=2025-11-1&isCalendarCallout=false&childAges=&numberOfGuest=0&missingChildAges=false&travellerType=1&showReviewSubmissionEntry=false&currencyCode=INR&isFreeOccSearch=false&tspTypes=8&los=4&searchrequestid=88693a4b-7fef-4a69-9b08-650154e6aa7b&ds=CH3TEme3dqOaFa9f
AGODA_2,agoda,Quality Inn New London,"2 Queen Beds, Nonsmoking",queen beds,Queen,Normal,5,4855,0,4855,"['Wi-Fi [free]', 'Room size: 42 m²/452 ft²', 'Street view', '2 queen beds', 'Bathtub', 'Window', 'Sleep comfort items', 'Ground floor available', 'Non-smoking', 'Shared bathroom']",2025-11-11,2025-11-12,https://www.agoda.com/americas-best-value-inn-new-london_4/hotel/new-london-wi-us.html?countryId=181&finalPriceView=1&isShowMobileAppPrice=false&cid=-1&numberOfBedrooms=&familyMode=false&adults=2&children=0&rooms=1&maxRooms=0&checkIn=2025-11-1&isCalendarCallout=false&childAges=&numberOfGuest=0&missingChildAges=false&travellerType=1&showReviewSubmissionEntry=false&currencyCode=INR&isFreeOccSearch=false&tspTypes=8&los=4&searchrequestid=88693a4b-7fef-4a69-9b08-650154e6aa7b&ds=CH3TEme3dqOaFa9f
AGODA_2,agoda,Quality Inn New London,"1 King Bed, Nonsmoking",king bed,King,Normal,5,4855,0,4855,"['Wi-Fi [free]', 'Room size: 28 m²/301 ft²', 'Street view', '1 king bed', 'Bathtub', 'Window', 'Sleep comfort items', 'Non-smoking', 'Shared bathroom', 'Closet']",2025-11-11,2025-11-12,https://www.agoda.com/americas-best-value-inn-new-london_4/hotel/new-london-wi-us.html?countryId=181&finalPriceView=1&isShowMobileAppPrice=false&cid=-1&numberOfBedrooms=&familyMode=false&adults=2&children=0&rooms=1&maxRooms=0&checkIn=2025-11-1&isCalendarCallout=false&childAges=&numberOfGuest=0&missingChildAges=false&travellerType=1&showReviewSubmissionEntry=false&currencyCode=INR&isFreeOccSearch=false&tspTypes=8&los=4&searchrequestid=88693a4b-7fef-4a69-9b08-650154e6aa7b&ds=CH3TEme3dqOaFa9f
AGODA_2,agoda,Quality Inn New London,"2 Queen Beds, Nonsmoking",queen beds,Queen,Normal,5,4855,0,4855,"['Wi-Fi [free]', 'Room size: 28 m²/301 ft²', 'Street view', '2 queen beds', 'Bathtub', 'Window', 'Sleep comfort items', 'Ground floor available', 'Non-smoking', 'Shared bathroom']",2025-11-11,2025-11-12,https://www.agoda.com/americas-best-value-inn-new-london_4/hotel/new-london-wi-us.html?countryId=181&finalPriceView=1&isShowMobileAppPrice=false&cid=-1&numberOfBedrooms=&familyMode=false&adults=2&children=0&rooms=1&maxRooms=0&checkIn=2025-11-1&isCalendarCallout=false&childAges=&numberOfGuest=0&missingChildAges=false&travellerType=1&showReviewSubmissionEntry=false&currencyCode=INR&isFreeOccSearch=false&tspTypes=8&los=4&searchrequestid=88693a4b-7fef-4a69-9b08-650154e6aa7b&ds=CH3TEme3dqOaFa9f
AGODA_2,agoda,Quality Inn New London,"2 Queen Beds, Nonsmoking",queen beds,Queen,Normal,5,5144,0,5144,"['Wi-Fi [free]', 'Room size: 42 m²/452 ft²', 'Street view', '2 queen beds', 'Bathtub', 'Window', 'Sleep comfort items', 'Ground floor available', 'Non-smoking', 'Shared bathroom']",2025-11-11,2025-11-12,https://www.agoda.com/americas-best-value-inn-new-london_4/hotel/new-london-wi-us.html?countryId=181&finalPriceView=1&isShowMobileAppPrice=false&cid=-1&numberOfBedrooms=&familyMode=false&adults=2&children=0&rooms=1&maxRooms=0&checkIn=2025-11-1&isCalendarCallout=false&childAges=&numberOfGuest=0&missingChildAges=false&travellerType=1&showReviewSubmissionEntry=false&currencyCode=INR&isFreeOccSearch=false&tspTypes=8&los=4&searchrequestid=88693a4b-7fef-4a69-9b08-650154e6aa7b&ds=CH3TEme3dqOaFa9f
AGODA_2,agoda,Quality Inn New London,"1 Queen Bed, Suite, Nonsmoking",queen bed,Queen,Suite,5,7459,0,7459,"['Wi-Fi [free]', 'Room size: 42 m²/452 ft²', 'Street view', '1 queen bed', 'Whirlpool bathtub', 'Window', 'Sleep comfort items', 'Non-smoking', 'Shared bathroom', 'Closet']",2025-11-11,2025-11-12,https://www.agoda.com/americas-best-value-inn-new-london_4/hotel/new-london-wi-us.html?countryId=181&finalPriceView=1&isShowMobileAppPrice=false&cid=-1&numberOfBedrooms=&familyMode=false&adults=2&children=0&rooms=1&maxRooms=0&checkIn=2025-11-1&isCalendarCallout=false&childAges=&numberOfGuest=0&missingChildAges=false&travellerType=1&showReviewSubmissionEntry=false&currencyCode=INR&isFreeOccSearch=false&tspTypes=8&los=4&searchrequestid=88693a4b-7fef-4a69-9b08-650154e6aa7b&ds=CH3TEme3dqOaFa9f
AGODA_2,agoda,Quality Inn New London,"1 King Bed, Suite, Nonsmoking",king bedS,King,Suite,0,10110,0,10110,"['Wi-Fi [free]', 'Room size: 42 m²/452 ft²', 'Street view', '1 king bed', 'Separate shower/bathtub', 'Window', 'Blackout curtains', 'Top floor available', 'Non-smoking', 'Shared bathroom']",2025-11-11,2025-11-12,https://www.agoda.com/americas-best-value-inn-new-london_4/hotel/new-london-wi-us.html?countryId=181&finalPriceView=1&isShowMobileAppPrice=false&cid=-1&numberOfBedrooms=&familyMode=false&adults=2&children=0&rooms=1&maxRooms=0&checkIn=2025-11-1&isCalendarCallout=false&childAges=&numberOfGuest=0&missingChildAges=false&travellerType=1&showReviewSubmissionEntry=false&currencyCode=INR&isFreeOccSearch=false&tspTypes=8&los=4&searchrequestid=88693a4b-7fef-4a69-9b08-650154e6aa7b&ds=CH3TEme3dqOaFa9f
AGODA_2,agoda,Quality Inn New London,"1 King Bed, Nonsmoking",king bed,King,Normal,5,4626,0,4626,"['Wi-Fi [free]', 'Room size: 28 m²/301 ft²', 'Street view', '1 king bed', 'Bathtub', 'Window', 'Sleep comfort items', 'Ground floor available', 'Non-smoking', 'Shared bathroom']",2025-11-13,2025-11-14,https://www.agoda.com/americas-best-value-inn-new-london_4/hotel/new-london-wi-us.html?countryId=181&finalPriceView=1&isShowMobileAppPrice=false&cid=-1&numberOfBedrooms=&familyMode=false&adults=2&children=0&rooms=1&maxRooms=0&checkIn=2025-11-1&isCalendarCallout=false&childAges=&numberOfGuest=0&missingChildAges=false&travellerType=1&showReviewSubmissionEntry=false&currencyCode=INR&isFreeOccSearch=false&tspTypes=8&los=4&searchrequestid=88693a4b-7fef-4a69-9b08-650154e6aa7b&ds=CH3TEme3dqOaFa9f
AGODA_2,agoda,Quality Inn New London,"2 Queen Beds, Nonsmoking",queen beds,Queen,Normal,5,4913,0,4913,"['Wi-Fi [free]', 'Room size: 42 m²/452 ft²', 'Street view', '2 queen beds', 'Bathtub', 'Window', 'Sleep comfort items', 'Ground floor available', 'Non-smoking', 'Shared bathroom']",2025-11-13,2025-11-14,https://www.agoda.com/americas-best-value-inn-new-london_4/hotel/new-london-wi-us.html?countryId=181&finalPriceView=1&isShowMobileAppPrice=false&cid=-1&numberOfBedrooms=&familyMode=false&adults=2&children=0&rooms=1&maxRooms=0&checkIn=2025-11-1&isCalendarCallout=false&childAges=&numberOfGuest=0&missingChildAges=false&travellerType=1&showReviewSubmissionEntry=false&currencyCode=INR&isFreeOccSearch=false&tspTypes=8&los=4&searchrequestid=88693a4b-7fef-4a69-9b08-650154e6aa7b&ds=CH3TEme3dqOaFa9f
AGODA_2,agoda,Quality Inn New London,"1 King Bed, Nonsmoking",king bed,King,Normal,5,4913,0,4913,"['Wi-Fi [free]', 'Room size: 28 m²/301 ft²', 'Street view', '1 king bed', 'Bathtub', 'Window', 'Sleep comfort items', 'Non-smoking', 'Shared bathroom', 'Closet']",2025-11-13,2025-11-14,https://www.agoda.com/americas-best-value-inn-new-london_4/hotel/new-london-wi-us.html?countryId=181&finalPriceView=1&isShowMobileAppPrice=false&cid=-1&numberOfBedrooms=&familyMode=false&adults=2&children=0&rooms=1&maxRooms=0&checkIn=2025-11-1&isCalendarCallout=false&childAges=&numberOfGuest=0&missingChildAges=false&travellerType=1&showReviewSubmissionEntry=false&currencyCode=INR&isFreeOccSearch=false&tspTypes=8&los=4&searchrequestid=88693a4b-7fef-4a69-9b08-650154e6aa7b&ds=CH3TEme3dqOaFa9f
AGODA_2,agoda,Quality Inn New London,"2 Queen Beds, Nonsmoking",queen beds,Queen,Normal,5,4913,0,4913,"['Wi-Fi [free]', 'Room size: 28 m²/301 ft²', 'Street view', '2 queen beds', 'Bathtub', 'Window', 'Sleep comfort items', 'Ground floor available', 'Non-smoking', 'Shared bathroom']",2025-11-13,2025-11-14,https://www.agoda.com/americas-best-value-inn-new-london_4/hotel/new-london-wi-us.html?countryId=181&finalPriceView=1&isShowMobileAppPrice=false&cid=-1&numberOfBedrooms=&familyMode=false&adults=2&children=0&rooms=1&maxRooms=0&checkIn=2025-11-1&isCalendarCallout=false&childAges=&numberOfGuest=0&missingChildAges=false&travellerType=1&showReviewSubmissionEntry=false&currencyCode=INR&isFreeOccSearch=false&tspTypes=8&los=4&searchrequestid=88693a4b-7fef-4a69-9b08-650154e6aa7b&ds=CH3TEme3dqOaFa9f
AGODA_2,agoda,Quality Inn New London,"2 Queen Beds, Nonsmoking",queen beds,Queen,Normal,5,5201,0,5201,"['Wi-Fi [free]', 'Room size: 42 m²/452 ft²', 'Street view', '2 queen beds', 'Bathtub', 'Window', 'Sleep comfort items', 'Ground floor available', 'Non-smoking', 'Shared bathroom']",2025-11-13,2025-11-14,https://www.agoda.com/americas-best-value-inn-new-london_4/hotel/new-london-wi-us.html?countryId=181&finalPriceView=1&isShowMobileAppPrice=false&cid=-1&numberOfBedrooms=&familyMode=false&adults=2&children=0&rooms=1&maxRooms=0&checkIn=2025-11-1&isCalendarCallout=false&childAges=&numberOfGuest=0&missingChildAges=false&travellerType=1&showReviewSubmissionEntry=false&currencyCode=INR&isFreeOccSearch=false&tspTypes=8&los=4&searchrequestid=88693a4b-7fef-4a69-9b08-650154e6aa7b&ds=CH3TEme3dqOaFa9f
AGODA_2,agoda,Quality Inn New London,"1 Queen Bed, Suite, Nonsmoking",queen bed,Queen,Suite,5,7517,0,7517,"['Wi-Fi [free]', 'Room size: 42 m²/452 ft²', 'Street view', '1 queen bed', 'Whirlpool bathtub', 'Window', 'Sleep comfort items', 'Non-smoking', 'Shared bathroom', 'Closet']",2025-11-13,2025-11-14,https://www.agoda.com/americas-best-value-inn-new-london_4/hotel/new-london-wi-us.html?countryId=181&finalPriceView=1&isShowMobileAppPrice=false&cid=-1&numberOfBedrooms=&familyMode=false&adults=2&children=0&rooms=1&maxRooms=0&checkIn=2025-11-1&isCalendarCallout=false&childAges=&numberOfGuest=0&missingChildAges=false&travellerType=1&showReviewSubmissionEntry=false&currencyCode=INR&isFreeOccSearch=false&tspTypes=8&los=4&searchrequestid=88693a4b-7fef-4a69-9b08-650154e6aa7b&ds=CH3TEme3dqOaFa9f
AGODA_2,agoda,Quality Inn New London,"1 King Bed, Suite, Nonsmoking",king bedS,King,Suite,0,10186,0,10186,"['Wi-Fi [free]', 'Room size: 42 m²/452 ft²', 'Street view', '1 king bed', 'Separate shower/bathtub', 'Window', 'Blackout curtains', 'Top floor available', 'Non-smoking', 'Shared bathroom']",2025-11-13,2025-11-14,https://www.agoda.com/americas-best-value-inn-new-london_4/hotel/new-london-wi-us.html?countryId=181&finalPriceView=1&isShowMobileAppPrice=false&cid=-1&numberOfBedrooms=&familyMode=false&adults=2&children=0&rooms=1&maxRooms=0&checkIn=2025-11-1&isCalendarCallout=false&childAges=&numberOfGuest=0&missingChildAges=false&travellerType=1&showReviewSubmissionEntry=false&currencyCode=INR&isFreeOccSearch=false&tspTypes=8&los=4&searchrequestid=88693a4b-7fef-4a69-9b08-650154e6aa7b&ds=CH3TEme3dqOaFa9f
AGODA_3,agoda,Comfort Suites at Par 4 Resort,"2 Queen Beds, Suite, Nonsmoking",queen beds,Queen,Suite,5,9087,0,9087,"['Wi-Fi [free]', 'Room size: 39 m²/420 ft²', '2 queen beds', 'Mini bar', 'Non-smoking', 'Shared bathroom', 'Closet', 'Air conditioning', 'Coffee/tea maker', 'Refrigerator']",2025-11-06,2025-11-07,https://www.agoda.com/en-in/comfort-suites-foxfire_5/hotel/waupaca-wi-us.html?asq=oSBZUdCJkTqIcAJrG1AX8Jufa9Vwpz6XltTHq4n+9gNpSLc+T+pB%2F8FnmmA8sOyABZMHJNyhPX8Prg%2FH1te1+vz5QyyV4UEqRQ9lzfdTBTxxn3WZkWNFTjlVRW+RlD7cD8zS52LqyqgGzSr4Q1yOV9fXfA8oGge%2Fyp6S5mpJBbOMmQnp4l%2FqxXHScg6%2FIMuw+IlKoH2RRzVED37Mh9Acgg2FjZQhPusmJYf5Wx3Xjom2O005JJr4tzCeQoVcD0pL1BrustHV7sjEhRQROgMYvvtksTw8xHnPyufhKXPrHNNQdwO4DN1hJ7DMFEBjA1tlsOuDhLfZOw1q2rQOnoj14WkhX+Rs50g0fdI7vUoNdFzciZtp1rX4kwueALQiVTpra8Q6YIY31VZ7ikracSjcaStovsPbQgCFuB4p9HKsGMuaiWpH3WUmUhYvwqBgss8OmYaYLY4mpvBQRFZ9DXnGL3Ab7LBfPPeV+xRKkQH%2FZbgm4pJ7H7mRjRxbsMXt2MhO4Waan8nej3fD86snlFzhLkuMmTTH5l9zLcYrLnjeW8QSqYQPBv+WKInhgy0w1c1tNvoKVnqZacA1np0vT683+qJ7vN1f5BqlEQqEAvmbOz7SfkPUnDmorqc9A57NEcuDP1S+AKBERrC%2FMG7qCA47RbfQ3Q3DeNYL8Fxddl6dcJ4c96xaz7wUkXZ4kU0h2nVNlZWZdwncM8i9lIIBkv7NjeRiEG3%2FHEwKwlkdRmn7a0F5nLRnaQbnusi0gbXykZ1nm0FFd++GSO81bPWsXT59pA8oVuEv166puW+LtIBENw0NMrQUqbkI%2FwyytdEKh7axbX90OXicJBjSGrd0%2Fn6OMvEjQybIYbot%2FTwTRAl1aunCMX9snHpla2HignvgSQ6O61oqP%2FsQl%2F5FT6%2FYHOkeZSxDri5N76BASZfIlUTsb%2FUyP%2FDP2PIYc7JCsfLcJiVKj7pGTnjzCTWVz1r2cxbbR1nXBijIPwuA6NzoWPOT+MZRi2C8ObEV3BMBzhh4CflX1f4tMtCkUOcG6AQSFmkuYiMsSy4QJH53bMsCXS2l9OQF+dC5xeJjQ%2F9f4m8IC7o5vJ62KCoAEKZybiY2V65fmulUkzStF1L1fv73voEZZxJ6OrJWWoC+5gLvjwA72fPMjlBDyy8N9snQ0B4PJWHB4g%3D%3D&hotel=203683&ds=qqYuwCdeeyGgIaeA
AGODA_3,agoda,Comfort Suites at Par 4 Resort,"1 King Bed, Suite, Nonsmoking, Accessible",king bed,King,Suite,5,9785,0,9785,"['Wi-Fi [free]', 'Room size: 40 m²/431 ft²', '1 king bed', 'Bathtub', 'Non-smoking', 'Shared bathroom', 'Closet', 'Air conditioning', 'Coffee/tea maker', 'Refrigerator']",2025-11-06,2025-11-07,https://www.agoda.com/en-in/comfort-suites-foxfire_5/hotel/waupaca-wi-us.html?asq=oSBZUdCJkTqIcAJrG1AX8Jufa9Vwpz6XltTHq4n+9gNpSLc+T+pB%2F8FnmmA8sOyABZMHJNyhPX8Prg%2FH1te1+vz5QyyV4UEqRQ9lzfdTBTxxn3WZkWNFTjlVRW+RlD7cD8zS52LqyqgGzSr4Q1yOV9fXfA8oGge%2Fyp6S5mpJBbOMmQnp4l%2FqxXHScg6%2FIMuw+IlKoH2RRzVED37Mh9Acgg2FjZQhPusmJYf5Wx3Xjom2O005JJr4tzCeQoVcD0pL1BrustHV7sjEhRQROgMYvvtksTw8xHnPyufhKXPrHNNQdwO4DN1hJ7DMFEBjA1tlsOuDhLfZOw1q2rQOnoj14WkhX+Rs50g0fdI7vUoNdFzciZtp1rX4kwueALQiVTpra8Q6YIY31VZ7ikracSjcaStovsPbQgCFuB4p9HKsGMuaiWpH3WUmUhYvwqBgss8OmYaYLY4mpvBQRFZ9DXnGL3Ab7LBfPPeV+xRKkQH%2FZbgm4pJ7H7mRjRxbsMXt2MhO4Waan8nej3fD86snlFzhLkuMmTTH5l9zLcYrLnjeW8QSqYQPBv+WKInhgy0w1c1tNvoKVnqZacA1np0vT683+qJ7vN1f5BqlEQqEAvmbOz7SfkPUnDmorqc9A57NEcuDP1S+AKBERrC%2FMG7qCA47RbfQ3Q3DeNYL8Fxddl6dcJ4c96xaz7wUkXZ4kU0h2nVNlZWZdwncM8i9lIIBkv7NjeRiEG3%2FHEwKwlkdRmn7a0F5nLRnaQbnusi0gbXykZ1nm0FFd++GSO81bPWsXT59pA8oVuEv166puW+LtIBENw0NMrQUqbkI%2FwyytdEKh7axbX90OXicJBjSGrd0%2Fn6OMvEjQybIYbot%2FTwTRAl1aunCMX9snHpla2HignvgSQ6O61oqP%2FsQl%2F5FT6%2FYHOkeZSxDri5N76BASZfIlUTsb%2FUyP%2FDP2PIYc7JCsfLcJiVKj7pGTnjzCTWVz1r2cxbbR1nXBijIPwuA6NzoWPOT+MZRi2C8ObEV3BMBzhh4CflX1f4tMtCkUOcG6AQSFmkuYiMsSy4QJH53bMsCXS2l9OQF+dC5xeJjQ%2F9f4m8IC7o5vJ62KCoAEKZybiY2V65fmulUkzStF1L1fv73voEZZxJ6OrJWWoC+5gLvjwA72fPMjlBDyy8N9snQ0B4PJWHB4g%3D%3D&hotel=203683&ds=qqYuwCdeeyGgIaeA
AGODA_3,agoda,Comfort Suites at Par 4 Resort,"1 King Bed, Suite, No Smoking",king bed,King,Suite,5,9785,0,9785,"['Wi-Fi [free]', 'Room size: 39 m²/420 ft²', '1 king bed', 'Mini bar', 'Non-smoking', 'Shared bathroom', 'Closet', 'Air conditioning', 'Coffee/tea maker', 'Refrigerator']",2025-11-06,2025-11-07,https://www.agoda.com/en-in/comfort-suites-foxfire_5/hotel/waupaca-wi-us.html?asq=oSBZUdCJkTqIcAJrG1AX8Jufa9Vwpz6XltTHq4n+9gNpSLc+T+pB%2F8FnmmA8sOyABZMHJNyhPX8Prg%2FH1te1+vz5QyyV4UEqRQ9lzfdTBTxxn3WZkWNFTjlVRW+RlD7cD8zS52LqyqgGzSr4Q1yOV9fXfA8oGge%2Fyp6S5mpJBbOMmQnp4l%2FqxXHScg6%2FIMuw+IlKoH2RRzVED37Mh9Acgg2FjZQhPusmJYf5Wx3Xjom2O005JJr4tzCeQoVcD0pL1BrustHV7sjEhRQROgMYvvtksTw8xHnPyufhKXPrHNNQdwO4DN1hJ7DMFEBjA1tlsOuDhLfZOw1q2rQOnoj14WkhX+Rs50g0fdI7vUoNdFzciZtp1rX4kwueALQiVTpra8Q6YIY31VZ7ikracSjcaStovsPbQgCFuB4p9HKsGMuaiWpH3WUmUhYvwqBgss8OmYaYLY4mpvBQRFZ9DXnGL3Ab7LBfPPeV+xRKkQH%2FZbgm4pJ7H7mRjRxbsMXt2MhO4Waan8nej3fD86snlFzhLkuMmTTH5l9zLcYrLnjeW8QSqYQPBv+WKInhgy0w1c1tNvoKVnqZacA1np0vT683+qJ7vN1f5BqlEQqEAvmbOz7SfkPUnDmorqc9A57NEcuDP1S+AKBERrC%2FMG7qCA47RbfQ3Q3DeNYL8Fxddl6dcJ4c96xaz7wUkXZ4kU0h2nVNlZWZdwncM8i9lIIBkv7NjeRiEG3%2FHEwKwlkdRmn7a0F5nLRnaQbnusi0gbXykZ1nm0FFd++GSO81bPWsXT59pA8oVuEv166puW+LtIBENw0NMrQUqbkI%2FwyytdEKh7axbX90OXicJBjSGrd0%2Fn6OMvEjQybIYbot%2FTwTRAl1aunCMX9snHpla2HignvgSQ6O61oqP%2FsQl%2F5FT6%2FYHOkeZSxDri5N76BASZfIlUTsb%2FUyP%2FDP2PIYc7JCsfLcJiVKj7pGTnjzCTWVz1r2cxbbR1nXBijIPwuA6NzoWPOT+MZRi2C8ObEV3BMBzhh4CflX1f4tMtCkUOcG6AQSFmkuYiMsSy4QJH53bMsCXS2l9OQF+dC5xeJjQ%2F9f4m8IC7o5vJ62KCoAEKZybiY2V65fmulUkzStF1L1fv73voEZZxJ6OrJWWoC+5gLvjwA72fPMjlBDyy8N9snQ0B4PJWHB4g%3D%3D&hotel=203683&ds=qqYuwCdeeyGgIaeA
AGODA_3,agoda,Comfort Suites at Par 4 Resort,"1 King Bed, Suite, No smoking,Upgrade",king bedS,King,Suite,5,10345,0,10345,"['Wi-Fi [free]', 'Room size: 40 m²/431 ft²', '1 king bed', 'Separate shower/bathtub', 'Balcony/terrace', 'Mini bar', 'Non-smoking', 'Shared bathroom', 'Closet', 'Air conditioning']",2025-11-06,2025-11-07,https://www.agoda.com/en-in/comfort-suites-foxfire_5/hotel/waupaca-wi-us.html?asq=oSBZUdCJkTqIcAJrG1AX8Jufa9Vwpz6XltTHq4n+9gNpSLc+T+pB%2F8FnmmA8sOyABZMHJNyhPX8Prg%2FH1te1+vz5QyyV4UEqRQ9lzfdTBTxxn3WZkWNFTjlVRW+RlD7cD8zS52LqyqgGzSr4Q1yOV9fXfA8oGge%2Fyp6S5mpJBbOMmQnp4l%2FqxXHScg6%2FIMuw+IlKoH2RRzVED37Mh9Acgg2FjZQhPusmJYf5Wx3Xjom2O005JJr4tzCeQoVcD0pL1BrustHV7sjEhRQROgMYvvtksTw8xHnPyufhKXPrHNNQdwO4DN1hJ7DMFEBjA1tlsOuDhLfZOw1q2rQOnoj14WkhX+Rs50g0fdI7vUoNdFzciZtp1rX4kwueALQiVTpra8Q6YIY31VZ7ikracSjcaStovsPbQgCFuB4p9HKsGMuaiWpH3WUmUhYvwqBgss8OmYaYLY4mpvBQRFZ9DXnGL3Ab7LBfPPeV+xRKkQH%2FZbgm4pJ7H7mRjRxbsMXt2MhO4Waan8nej3fD86snlFzhLkuMmTTH5l9zLcYrLnjeW8QSqYQPBv+WKInhgy0w1c1tNvoKVnqZacA1np0vT683+qJ7vN1f5BqlEQqEAvmbOz7SfkPUnDmorqc9A57NEcuDP1S+AKBERrC%2FMG7qCA47RbfQ3Q3DeNYL8Fxddl6dcJ4c96xaz7wUkXZ4kU0h2nVNlZWZdwncM8i9lIIBkv7NjeRiEG3%2FHEwKwlkdRmn7a0F5nLRnaQbnusi0gbXykZ1nm0FFd++GSO81bPWsXT59pA8oVuEv166puW+LtIBENw0NMrQUqbkI%2FwyytdEKh7axbX90OXicJBjSGrd0%2Fn6OMvEjQybIYbot%2FTwTRAl1aunCMX9snHpla2HignvgSQ6O61oqP%2FsQl%2F5FT6%2FYHOkeZSxDri5N76BASZfIlUTsb%2FUyP%2FDP2PIYc7JCsfLcJiVKj7pGTnjzCTWVz1r2cxbbR1nXBijIPwuA6NzoWPOT+MZRi2C8ObEV3BMBzhh4CflX1f4tMtCkUOcG6AQSFmkuYiMsSy4QJH53bMsCXS2l9OQF+dC5xeJjQ%2F9f4m8IC7o5vJ62KCoAEKZybiY2V65fmulUkzStF1L1fv73voEZZxJ6OrJWWoC+5gLvjwA72fPMjlBDyy8N9snQ0B4PJWHB4g%3D%3D&hotel=203683&ds=qqYuwCdeeyGgIaeA
AGODA_3,agoda,Comfort Suites at Par 4 Resort,"1 King Bed, Suite, No Smoking, Upgrade",king bed,King,Suite,5,10345,0,10345,"['Wi-Fi [free]', 'Room size: 40 m²/431 ft²', '1 king bed', 'Whirlpool bathtub', 'Non-smoking', 'Shared bathroom', 'Closet', 'Air conditioning', 'Coffee/tea maker', 'Refrigerator']",2025-11-06,2025-11-07,https://www.agoda.com/en-in/comfort-suites-foxfire_5/hotel/waupaca-wi-us.html?asq=oSBZUdCJkTqIcAJrG1AX8Jufa9Vwpz6XltTHq4n+9gNpSLc+T+pB%2F8FnmmA8sOyABZMHJNyhPX8Prg%2FH1te1+vz5QyyV4UEqRQ9lzfdTBTxxn3WZkWNFTjlVRW+RlD7cD8zS52LqyqgGzSr4Q1yOV9fXfA8oGge%2Fyp6S5mpJBbOMmQnp4l%2FqxXHScg6%2FIMuw+IlKoH2RRzVED37Mh9Acgg2FjZQhPusmJYf5Wx3Xjom2O005JJr4tzCeQoVcD0pL1BrustHV7sjEhRQROgMYvvtksTw8xHnPyufhKXPrHNNQdwO4DN1hJ7DMFEBjA1tlsOuDhLfZOw1q2rQOnoj14WkhX+Rs50g0fdI7vUoNdFzciZtp1rX4kwueALQiVTpra8Q6YIY31VZ7ikracSjcaStovsPbQgCFuB4p9HKsGMuaiWpH3WUmUhYvwqBgss8OmYaYLY4mpvBQRFZ9DXnGL3Ab7LBfPPeV+xRKkQH%2FZbgm4pJ7H7mRjRxbsMXt2MhO4Waan8nej3fD86snlFzhLkuMmTTH5l9zLcYrLnjeW8QSqYQPBv+WKInhgy0w1c1tNvoKVnqZacA1np0vT683+qJ7vN1f5BqlEQqEAvmbOz7SfkPUnDmorqc9A57NEcuDP1S+AKBERrC%2FMG7qCA47RbfQ3Q3DeNYL8Fxddl6dcJ4c96xaz7wUkXZ4kU0h2nVNlZWZdwncM8i9lIIBkv7NjeRiEG3%2FHEwKwlkdRmn7a0F5nLRnaQbnusi0gbXykZ1nm0FFd++GSO81bPWsXT59pA8oVuEv166puW+LtIBENw0NMrQUqbkI%2FwyytdEKh7axbX90OXicJBjSGrd0%2Fn6OMvEjQybIYbot%2FTwTRAl1aunCMX9snHpla2HignvgSQ6O61oqP%2FsQl%2F5FT6%2FYHOkeZSxDri5N76BASZfIlUTsb%2FUyP%2FDP2PIYc7JCsfLcJiVKj7pGTnjzCTWVz1r2cxbbR1nXBijIPwuA6NzoWPOT+MZRi2C8ObEV3BMBzhh4CflX1f4tMtCkUOcG6AQSFmkuYiMsSy4QJH53bMsCXS2l9OQF+dC5xeJjQ%2F9f4m8IC7o5vJ62KCoAEKZybiY2V65fmulUkzStF1L1fv73voEZZxJ6OrJWWoC+5gLvjwA72fPMjlBDyy8N9snQ0B4PJWHB4g%3D%3D&hotel=203683&ds=qqYuwCdeeyGgIaeA
AGODA_3,agoda,Comfort Suites at Par 4 Resort,"2 Queen Beds, Suite, Nonsmoking",queen beds,Queen,Suite,5,9773,0,9773,"['Wi-Fi [free]', 'Room size: 39 m²/420 ft²', '2 queen beds', 'Mini bar', 'Non-smoking', 'Shared bathroom', 'Closet', 'Air conditioning', 'Coffee/tea maker', 'Refrigerator']",2025-11-08,2025-11-09,https://www.agoda.com/en-in/comfort-suites-foxfire_5/hotel/waupaca-wi-us.html?asq=oSBZUdCJkTqIcAJrG1AX8Jufa9Vwpz6XltTHq4n+9gNpSLc+T+pB%2F8FnmmA8sOyABZMHJNyhPX8Prg%2FH1te1+vz5QyyV4UEqRQ9lzfdTBTxxn3WZkWNFTjlVRW+RlD7cD8zS52LqyqgGzSr4Q1yOV9fXfA8oGge%2Fyp6S5mpJBbOMmQnp4l%2FqxXHScg6%2FIMuw+IlKoH2RRzVED37Mh9Acgg2FjZQhPusmJYf5Wx3Xjom2O005JJr4tzCeQoVcD0pL1BrustHV7sjEhRQROgMYvvtksTw8xHnPyufhKXPrHNNQdwO4DN1hJ7DMFEBjA1tlsOuDhLfZOw1q2rQOnoj14WkhX+Rs50g0fdI7vUoNdFzciZtp1rX4kwueALQiVTpra8Q6YIY31VZ7ikracSjcaStovsPbQgCFuB4p9HKsGMuaiWpH3WUmUhYvwqBgss8OmYaYLY4mpvBQRFZ9DXnGL3Ab7LBfPPeV+xRKkQH%2FZbgm4pJ7H7mRjRxbsMXt2MhO4Waan8nej3fD86snlFzhLkuMmTTH5l9zLcYrLnjeW8QSqYQPBv+WKInhgy0w1c1tNvoKVnqZacA1np0vT683+qJ7vN1f5BqlEQqEAvmbOz7SfkPUnDmorqc9A57NEcuDP1S+AKBERrC%2FMG7qCA47RbfQ3Q3DeNYL8Fxddl6dcJ4c96xaz7wUkXZ4kU0h2nVNlZWZdwncM8i9lIIBkv7NjeRiEG3%2FHEwKwlkdRmn7a0F5nLRnaQbnusi0gbXykZ1nm0FFd++GSO81bPWsXT59pA8oVuEv166puW+LtIBENw0NMrQUqbkI%2FwyytdEKh7axbX90OXicJBjSGrd0%2Fn6OMvEjQybIYbot%2FTwTRAl1aunCMX9snHpla2HignvgSQ6O61oqP%2FsQl%2F5FT6%2FYHOkeZSxDri5N76BASZfIlUTsb%2FUyP%2FDP2PIYc7JCsfLcJiVKj7pGTnjzCTWVz1r2cxbbR1nXBijIPwuA6NzoWPOT+MZRi2C8ObEV3BMBzhh4CflX1f4tMtCkUOcG6AQSFmkuYiMsSy4QJH53bMsCXS2l9OQF+dC5xeJjQ%2F9f4m8IC7o5vJ62KCoAEKZybiY2V65fmulUkzStF1L1fv73voEZZxJ6OrJWWoC+5gLvjwA72fPMjlBDyy8N9snQ0B4PJWHB4g%3D%3D&hotel=203683&ds=qqYuwCdeeyGgIaeA
AGODA_3,agoda,Comfort Suites at Par 4 Resort,"1 King Bed, Suite, Nonsmoking, Accessible",king bed,King,Suite,5,10473,0,10473,"['Wi-Fi [free]', 'Room size: 40 m²/431 ft²', '1 king bed', 'Bathtub', 'Non-smoking', 'Shared bathroom', 'Closet', 'Air conditioning', 'Coffee/tea maker', 'Refrigerator']",2025-11-08,2025-11-09,https://www.agoda.com/en-in/comfort-suites-foxfire_5/hotel/waupaca-wi-us.html?asq=oSBZUdCJkTqIcAJrG1AX8Jufa9Vwpz6XltTHq4n+9gNpSLc+T+pB%2F8FnmmA8sOyABZMHJNyhPX8Prg%2FH1te1+vz5QyyV4UEqRQ9lzfdTBTxxn3WZkWNFTjlVRW+RlD7cD8zS52LqyqgGzSr4Q1yOV9fXfA8oGge%2Fyp6S5mpJBbOMmQnp4l%2FqxXHScg6%2FIMuw+IlKoH2RRzVED37Mh9Acgg2FjZQhPusmJYf5Wx3Xjom2O005JJr4tzCeQoVcD0pL1BrustHV7sjEhRQROgMYvvtksTw8xHnPyufhKXPrHNNQdwO4DN1hJ7DMFEBjA1tlsOuDhLfZOw1q2rQOnoj14WkhX+Rs50g0fdI7vUoNdFzciZtp1rX4kwueALQiVTpra8Q6YIY31VZ7ikracSjcaStovsPbQgCFuB4p9HKsGMuaiWpH3WUmUhYvwqBgss8OmYaYLY4mpvBQRFZ9DXnGL3Ab7LBfPPeV+xRKkQH%2FZbgm4pJ7H7mRjRxbsMXt2MhO4Waan8nej3fD86snlFzhLkuMmTTH5l9zLcYrLnjeW8QSqYQPBv+WKInhgy0w1c1tNvoKVnqZacA1np0vT683+qJ7vN1f5BqlEQqEAvmbOz7SfkPUnDmorqc9A57NEcuDP1S+AKBERrC%2FMG7qCA47RbfQ3Q3DeNYL8Fxddl6dcJ4c96xaz7wUkXZ4kU0h2nVNlZWZdwncM8i9lIIBkv7NjeRiEG3%2FHEwKwlkdRmn7a0F5nLRnaQbnusi0gbXykZ1nm0FFd++GSO81bPWsXT59pA8oVuEv166puW+LtIBENw0NMrQUqbkI%2FwyytdEKh7axbX90OXicJBjSGrd0%2Fn6OMvEjQybIYbot%2FTwTRAl1aunCMX9snHpla2HignvgSQ6O61oqP%2FsQl%2F5FT6%2FYHOkeZSxDri5N76BASZfIlUTsb%2FUyP%2FDP2PIYc7JCsfLcJiVKj7pGTnjzCTWVz1r2cxbbR1nXBijIPwuA6NzoWPOT+MZRi2C8ObEV3BMBzhh4CflX1f4tMtCkUOcG6AQSFmkuYiMsSy4QJH53bMsCXS2l9OQF+dC5xeJjQ%2F9f4m8IC7o5vJ62KCoAEKZybiY2V65fmulUkzStF1L1fv73voEZZxJ6OrJWWoC+5gLvjwA72fPMjlBDyy8N9snQ0B4PJWHB4g%3D%3D&hotel=203683&ds=qqYuwCdeeyGgIaeA
AGODA_3,agoda,Comfort Suites at Par 4 Resort,"1 King Bed, Suite, No Smoking",king bed,King,Suite,5,10473,0,10473,"['Wi-Fi [free]', 'Room size: 39 m²/420 ft²', '1 king bed', 'Mini bar', 'Non-smoking', 'Shared bathroom', 'Closet', 'Air conditioning', 'Coffee/tea maker', 'Refrigerator']",2025-11-08,2025-11-09,https://www.agoda.com/en-in/comfort-suites-foxfire_5/hotel/waupaca-wi-us.html?asq=oSBZUdCJkTqIcAJrG1AX8Jufa9Vwpz6XltTHq4n+9gNpSLc+T+pB%2F8FnmmA8sOyABZMHJNyhPX8Prg%2FH1te1+vz5QyyV4UEqRQ9lzfdTBTxxn3WZkWNFTjlVRW+RlD7cD8zS52LqyqgGzSr4Q1yOV9fXfA8oGge%2Fyp6S5mpJBbOMmQnp4l%2FqxXHScg6%2FIMuw+IlKoH2RRzVED37Mh9Acgg2FjZQhPusmJYf5Wx3Xjom2O005JJr4tzCeQoVcD0pL1BrustHV7sjEhRQROgMYvvtksTw8xHnPyufhKXPrHNNQdwO4DN1hJ7DMFEBjA1tlsOuDhLfZOw1q2rQOnoj14WkhX+Rs50g0fdI7vUoNdFzciZtp1rX4kwueALQiVTpra8Q6YIY31VZ7ikracSjcaStovsPbQgCFuB4p9HKsGMuaiWpH3WUmUhYvwqBgss8OmYaYLY4mpvBQRFZ9DXnGL3Ab7LBfPPeV+xRKkQH%2FZbgm4pJ7H7mRjRxbsMXt2MhO4Waan8nej3fD86snlFzhLkuMmTTH5l9zLcYrLnjeW8QSqYQPBv+WKInhgy0w1c1tNvoKVnqZacA1np0vT683+qJ7vN1f5BqlEQqEAvmbOz7SfkPUnDmorqc9A57NEcuDP1S+AKBERrC%2FMG7qCA47RbfQ3Q3DeNYL8Fxddl6dcJ4c96xaz7wUkXZ4kU0h2nVNlZWZdwncM8i9lIIBkv7NjeRiEG3%2FHEwKwlkdRmn7a0F5nLRnaQbnusi0gbXykZ1nm0FFd++GSO81bPWsXT59pA8oVuEv166puW+LtIBENw0NMrQUqbkI%2FwyytdEKh7axbX90OXicJBjSGrd0%2Fn6OMvEjQybIYbot%2FTwTRAl1aunCMX9snHpla2HignvgSQ6O61oqP%2FsQl%2F5FT6%2FYHOkeZSxDri5N76BASZfIlUTsb%2FUyP%2FDP2PIYc7JCsfLcJiVKj7pGTnjzCTWVz1r2cxbbR1nXBijIPwuA6NzoWPOT+MZRi2C8ObEV3BMBzhh4CflX1f4tMtCkUOcG6AQSFmkuYiMsSy4QJH53bMsCXS2l9OQF+dC5xeJjQ%2F9f4m8IC7o5vJ62KCoAEKZybiY2V65fmulUkzStF1L1fv73voEZZxJ6OrJWWoC+5gLvjwA72fPMjlBDyy8N9snQ0B4PJWHB4g%3D%3D&hotel=203683&ds=qqYuwCdeeyGgIaeA
AGODA_3,agoda,Comfort Suites at Par 4 Resort,"1 King Bed, Suite, No Smoking, Upgrade",king bed,King,Suite,5,11031,0,11031,"['Wi-Fi [free]', 'Room size: 40 m²/431 ft²', '1 king bed', 'Whirlpool bathtub', 'Non-smoking', 'Shared bathroom', 'Closet', 'Air conditioning', 'Coffee/tea maker', 'Refrigerator']",2025-11-08,2025-11-09,https://www.agoda.com/en-in/comfort-suites-foxfire_5/hotel/waupaca-wi-us.html?asq=oSBZUdCJkTqIcAJrG1AX8Jufa9Vwpz6XltTHq4n+9gNpSLc+T+pB%2F8FnmmA8sOyABZMHJNyhPX8Prg%2FH1te1+vz5QyyV4UEqRQ9lzfdTBTxxn3WZkWNFTjlVRW+RlD7cD8zS52LqyqgGzSr4Q1yOV9fXfA8oGge%2Fyp6S5mpJBbOMmQnp4l%2FqxXHScg6%2FIMuw+IlKoH2RRzVED37Mh9Acgg2FjZQhPusmJYf5Wx3Xjom2O005JJr4tzCeQoVcD0pL1BrustHV7sjEhRQROgMYvvtksTw8xHnPyufhKXPrHNNQdwO4DN1hJ7DMFEBjA1tlsOuDhLfZOw1q2rQOnoj14WkhX+Rs50g0fdI7vUoNdFzciZtp1rX4kwueALQiVTpra8Q6YIY31VZ7ikracSjcaStovsPbQgCFuB4p9HKsGMuaiWpH3WUmUhYvwqBgss8OmYaYLY4mpvBQRFZ9DXnGL3Ab7LBfPPeV+xRKkQH%2FZbgm4pJ7H7mRjRxbsMXt2MhO4Waan8nej3fD86snlFzhLkuMmTTH5l9zLcYrLnjeW8QSqYQPBv+WKInhgy0w1c1tNvoKVnqZacA1np0vT683+qJ7vN1f5BqlEQqEAvmbOz7SfkPUnDmorqc9A57NEcuDP1S+AKBERrC%2FMG7qCA47RbfQ3Q3DeNYL8Fxddl6dcJ4c96xaz7wUkXZ4kU0h2nVNlZWZdwncM8i9lIIBkv7NjeRiEG3%2FHEwKwlkdRmn7a0F5nLRnaQbnusi0gbXykZ1nm0FFd++GSO81bPWsXT59pA8oVuEv166puW+LtIBENw0NMrQUqbkI%2FwyytdEKh7axbX90OXicJBjSGrd0%2Fn6OMvEjQybIYbot%2FTwTRAl1aunCMX9snHpla2HignvgSQ6O61oqP%2FsQl%2F5FT6%2FYHOkeZSxDri5N76BASZfIlUTsb%2FUyP%2FDP2PIYc7JCsfLcJiVKj7pGTnjzCTWVz1r2cxbbR1nXBijIPwuA6NzoWPOT+MZRi2C8ObEV3BMBzhh4CflX1f4tMtCkUOcG6AQSFmkuYiMsSy4QJH53bMsCXS2l9OQF+dC5xeJjQ%2F9f4m8IC7o5vJ62KCoAEKZybiY2V65fmulUkzStF1L1fv73voEZZxJ6OrJWWoC+5gLvjwA72fPMjlBDyy8N9snQ0B4PJWHB4g%3D%3D&hotel=203683&ds=qqYuwCdeeyGgIaeA
AGODA_3,agoda,Comfort Suites at Par 4 Resort,"1 King Bed, Suite, No smoking,Upgrade",king bedS,King,Suite,5,12017,0,12017,"['Wi-Fi [free]', 'Room size: 40 m²/431 ft²', '1 king bed', 'Separate shower/bathtub', 'Balcony/terrace', 'Mini bar', 'Non-smoking', 'Shared bathroom', 'Closet', 'Air conditioning']",2025-11-08,2025-11-09,https://www.agoda.com/en-in/comfort-suites-foxfire_5/hotel/waupaca-wi-us.html?asq=oSBZUdCJkTqIcAJrG1AX8Jufa9Vwpz6XltTHq4n+9gNpSLc+T+pB%2F8FnmmA8sOyABZMHJNyhPX8Prg%2FH1te1+vz5QyyV4UEqRQ9lzfdTBTxxn3WZkWNFTjlVRW+RlD7cD8zS52LqyqgGzSr4Q1yOV9fXfA8oGge%2Fyp6S5mpJBbOMmQnp4l%2FqxXHScg6%2FIMuw+IlKoH2RRzVED37Mh9Acgg2FjZQhPusmJYf5Wx3Xjom2O005JJr4tzCeQoVcD0pL1BrustHV7sjEhRQROgMYvvtksTw8xHnPyufhKXPrHNNQdwO4DN1hJ7DMFEBjA1tlsOuDhLfZOw1q2rQOnoj14WkhX+Rs50g0fdI7vUoNdFzciZtp1rX4kwueALQiVTpra8Q6YIY31VZ7ikracSjcaStovsPbQgCFuB4p9HKsGMuaiWpH3WUmUhYvwqBgss8OmYaYLY4mpvBQRFZ9DXnGL3Ab7LBfPPeV+xRKkQH%2FZbgm4pJ7H7mRjRxbsMXt2MhO4Waan8nej3fD86snlFzhLkuMmTTH5l9zLcYrLnjeW8QSqYQPBv+WKInhgy0w1c1tNvoKVnqZacA1np0vT683+qJ7vN1f5BqlEQqEAvmbOz7SfkPUnDmorqc9A57NEcuDP1S+AKBERrC%2FMG7qCA47RbfQ3Q3DeNYL8Fxddl6dcJ4c96xaz7wUkXZ4kU0h2nVNlZWZdwncM8i9lIIBkv7NjeRiEG3%2FHEwKwlkdRmn7a0F5nLRnaQbnusi0gbXykZ1nm0FFd++GSO81bPWsXT59pA8oVuEv166puW+LtIBENw0NMrQUqbkI%2FwyytdEKh7axbX90OXicJBjSGrd0%2Fn6OMvEjQybIYbot%2FTwTRAl1aunCMX9snHpla2HignvgSQ6O61oqP%2FsQl%2F5FT6%2FYHOkeZSxDri5N76BASZfIlUTsb%2FUyP%2FDP2PIYc7JCsfLcJiVKj7pGTnjzCTWVz1r2cxbbR1nXBijIPwuA6NzoWPOT+MZRi2C8ObEV3BMBzhh4CflX1f4tMtCkUOcG6AQSFmkuYiMsSy4QJH53bMsCXS2l9OQF+dC5xeJjQ%2F9f4m8IC7o5vJ62KCoAEKZybiY2V65fmulUkzStF1L1fv73voEZZxJ6OrJWWoC+5gLvjwA72fPMjlBDyy8N9snQ0B4PJWHB4g%3D%3D&hotel=203683&ds=qqYuwCdeeyGgIaeA
AGODA_3,agoda,Comfort Suites at Par 4 Resort,"2 Queen Beds, Suite, Nonsmoking",queen beds,Queen,Suite,5,10142,0,10142,"['Wi-Fi [free]', 'Room size: 39 m²/420 ft²', '2 queen beds', 'Mini bar', 'Non-smoking', 'Shared bathroom', 'Closet', 'Air conditioning', 'Coffee/tea maker', 'Refrigerator']",2025-11-09,2025-11-10,https://www.agoda.com/en-in/comfort-suites-foxfire_5/hotel/waupaca-wi-us.html?asq=oSBZUdCJkTqIcAJrG1AX8Jufa9Vwpz6XltTHq4n+9gNpSLc+T+pB%2F8FnmmA8sOyABZMHJNyhPX8Prg%2FH1te1+vz5QyyV4UEqRQ9lzfdTBTxxn3WZkWNFTjlVRW+RlD7cD8zS52LqyqgGzSr4Q1yOV9fXfA8oGge%2Fyp6S5mpJBbOMmQnp4l%2FqxXHScg6%2FIMuw+IlKoH2RRzVED37Mh9Acgg2FjZQhPusmJYf5Wx3Xjom2O005JJr4tzCeQoVcD0pL1BrustHV7sjEhRQROgMYvvtksTw8xHnPyufhKXPrHNNQdwO4DN1hJ7DMFEBjA1tlsOuDhLfZOw1q2rQOnoj14WkhX+Rs50g0fdI7vUoNdFzciZtp1rX4kwueALQiVTpra8Q6YIY31VZ7ikracSjcaStovsPbQgCFuB4p9HKsGMuaiWpH3WUmUhYvwqBgss8OmYaYLY4mpvBQRFZ9DXnGL3Ab7LBfPPeV+xRKkQH%2FZbgm4pJ7H7mRjRxbsMXt2MhO4Waan8nej3fD86snlFzhLkuMmTTH5l9zLcYrLnjeW8QSqYQPBv+WKInhgy0w1c1tNvoKVnqZacA1np0vT683+qJ7vN1f5BqlEQqEAvmbOz7SfkPUnDmorqc9A57NEcuDP1S+AKBERrC%2FMG7qCA47RbfQ3Q3DeNYL8Fxddl6dcJ4c96xaz7wUkXZ4kU0h2nVNlZWZdwncM8i9lIIBkv7NjeRiEG3%2FHEwKwlkdRmn7a0F5nLRnaQbnusi0gbXykZ1nm0FFd++GSO81bPWsXT59pA8oVuEv166puW+LtIBENw0NMrQUqbkI%2FwyytdEKh7axbX90OXicJBjSGrd0%2Fn6OMvEjQybIYbot%2FTwTRAl1aunCMX9snHpla2HignvgSQ6O61oqP%2FsQl%2F5FT6%2FYHOkeZSxDri5N76BASZfIlUTsb%2FUyP%2FDP2PIYc7JCsfLcJiVKj7pGTnjzCTWVz1r2cxbbR1nXBijIPwuA6NzoWPOT+MZRi2C8ObEV3BMBzhh4CflX1f4tMtCkUOcG6AQSFmkuYiMsSy4QJH53bMsCXS2l9OQF+dC5xeJjQ%2F9f4m8IC7o5vJ62KCoAEKZybiY2V65fmulUkzStF1L1fv73voEZZxJ6OrJWWoC+5gLvjwA72fPMjlBDyy8N9snQ0B4PJWHB4g%3D%3D&hotel=203683&ds=qqYuwCdeeyGgIaeA
AGODA_3,agoda,Comfort Suites at Par 4 Resort,"1 King Bed, Suite, Nonsmoking, Accessible",king bed,King,Suite,5,11441,0,11441,"['Wi-Fi [free]', 'Room size: 40 m²/431 ft²', '1 king bed', 'Bathtub', 'Non-smoking', 'Shared bathroom', 'Closet', 'Air conditioning', 'Coffee/tea maker', 'Refrigerator']",2025-11-09,2025-11-10,https://www.agoda.com/en-in/comfort-suites-foxfire_5/hotel/waupaca-wi-us.html?asq=oSBZUdCJkTqIcAJrG1AX8Jufa9Vwpz6XltTHq4n+9gNpSLc+T+pB%2F8FnmmA8sOyABZMHJNyhPX8Prg%2FH1te1+vz5QyyV4UEqRQ9lzfdTBTxxn3WZkWNFTjlVRW+RlD7cD8zS52LqyqgGzSr4Q1yOV9fXfA8oGge%2Fyp6S5mpJBbOMmQnp4l%2FqxXHScg6%2FIMuw+IlKoH2RRzVED37Mh9Acgg2FjZQhPusmJYf5Wx3Xjom2O005JJr4tzCeQoVcD0pL1BrustHV7sjEhRQROgMYvvtksTw8xHnPyufhKXPrHNNQdwO4DN1hJ7DMFEBjA1tlsOuDhLfZOw1q2rQOnoj14WkhX+Rs50g0fdI7vUoNdFzciZtp1rX4kwueALQiVTpra8Q6YIY31VZ7ikracSjcaStovsPbQgCFuB4p9HKsGMuaiWpH3WUmUhYvwqBgss8OmYaYLY4mpvBQRFZ9DXnGL3Ab7LBfPPeV+xRKkQH%2FZbgm4pJ7H7mRjRxbsMXt2MhO4Waan8nej3fD86snlFzhLkuMmTTH5l9zLcYrLnjeW8QSqYQPBv+WKInhgy0w1c1tNvoKVnqZacA1np0vT683+qJ7vN1f5BqlEQqEAvmbOz7SfkPUnDmorqc9A57NEcuDP1S+AKBERrC%2FMG7qCA47RbfQ3Q3DeNYL8Fxddl6dcJ4c96xaz7wUkXZ4kU0h2nVNlZWZdwncM8i9lIIBkv7NjeRiEG3%2FHEwKwlkdRmn7a0F5nLRnaQbnusi0gbXykZ1nm0FFd++GSO81bPWsXT59pA8oVuEv166puW+LtIBENw0NMrQUqbkI%2FwyytdEKh7axbX90OXicJBjSGrd0%2Fn6OMvEjQybIYbot%2FTwTRAl1aunCMX9snHpla2HignvgSQ6O61oqP%2FsQl%2F5FT6%2FYHOkeZSxDri5N76BASZfIlUTsb%2FUyP%2FDP2PIYc7JCsfLcJiVKj7pGTnjzCTWVz1r2cxbbR1nXBijIPwuA6NzoWPOT+MZRi2C8ObEV3BMBzhh4CflX1f4tMtCkUOcG6AQSFmkuYiMsSy4QJH53bMsCXS2l9OQF+dC5xeJjQ%2F9f4m8IC7o5vJ62KCoAEKZybiY2V65fmulUkzStF1L1fv73voEZZxJ6OrJWWoC+5gLvjwA72fPMjlBDyy8N9snQ0B4PJWHB4g%3D%3D&hotel=203683&ds=qqYuwCdeeyGgIaeA
AGODA_3,agoda,Comfort Suites at Par 4 Resort,"1 King Bed, Suite, No Smoking",king bed,King,Suite,5,11875,0,11875,"['Wi-Fi [free]', 'Room size: 39 m²/420 ft²', '1 king bed', 'Mini bar', 'Non-smoking', 'Shared bathroom', 'Closet', 'Air conditioning', 'Coffee/tea maker', 'Refrigerator']",2025-11-09,2025-11-10,https://www.agoda.com/en-in/comfort-suites-foxfire_5/hotel/waupaca-wi-us.html?asq=oSBZUdCJkTqIcAJrG1AX8Jufa9Vwpz6XltTHq4n+9gNpSLc+T+pB%2F8FnmmA8sOyABZMHJNyhPX8Prg%2FH1te1+vz5QyyV4UEqRQ9lzfdTBTxxn3WZkWNFTjlVRW+RlD7cD8zS52LqyqgGzSr4Q1yOV9fXfA8oGge%2Fyp6S5mpJBbOMmQnp4l%2FqxXHScg6%2FIMuw+IlKoH2RRzVED37Mh9Acgg2FjZQhPusmJYf5Wx3Xjom2O005JJr4tzCeQoVcD0pL1BrustHV7sjEhRQROgMYvvtksTw8xHnPyufhKXPrHNNQdwO4DN1hJ7DMFEBjA1tlsOuDhLfZOw1q2rQOnoj14WkhX+Rs50g0fdI7vUoNdFzciZtp1rX4kwueALQiVTpra8Q6YIY31VZ7ikracSjcaStovsPbQgCFuB4p9HKsGMuaiWpH3WUmUhYvwqBgss8OmYaYLY4mpvBQRFZ9DXnGL3Ab7LBfPPeV+xRKkQH%2FZbgm4pJ7H7mRjRxbsMXt2MhO4Waan8nej3fD86snlFzhLkuMmTTH5l9zLcYrLnjeW8QSqYQPBv+WKInhgy0w1c1tNvoKVnqZacA1np0vT683+qJ7vN1f5BqlEQqEAvmbOz7SfkPUnDmorqc9A57NEcuDP1S+AKBERrC%2FMG7qCA47RbfQ3Q3DeNYL8Fxddl6dcJ4c96xaz7wUkXZ4kU0h2nVNlZWZdwncM8i9lIIBkv7NjeRiEG3%2FHEwKwlkdRmn7a0F5nLRnaQbnusi0gbXykZ1nm0FFd++GSO81bPWsXT59pA8oVuEv166puW+LtIBENw0NMrQUqbkI%2FwyytdEKh7axbX90OXicJBjSGrd0%2Fn6OMvEjQybIYbot%2FTwTRAl1aunCMX9snHpla2HignvgSQ6O61oqP%2FsQl%2F5FT6%2FYHOkeZSxDri5N76BASZfIlUTsb%2FUyP%2FDP2PIYc7JCsfLcJiVKj7pGTnjzCTWVz1r2cxbbR1nXBijIPwuA6NzoWPOT+MZRi2C8ObEV3BMBzhh4CflX1f4tMtCkUOcG6AQSFmkuYiMsSy4QJH53bMsCXS2l9OQF+dC5xeJjQ%2F9f4m8IC7o5vJ62KCoAEKZybiY2V65fmulUkzStF1L1fv73voEZZxJ6OrJWWoC+5gLvjwA72fPMjlBDyy8N9snQ0B4PJWHB4g%3D%3D&hotel=203683&ds=qqYuwCdeeyGgIaeA
AGODA_3,agoda,Comfort Suites at Par 4 Resort,"1 King Bed, Suite, No smoking,Upgrade",king bedS,King,Suite,5,12103,0,12103,"['Wi-Fi [free]', 'Room size: 40 m²/431 ft²', '1 king bed', 'Separate shower/bathtub', 'Balcony/terrace', 'Mini bar', 'Non-smoking', 'Shared bathroom', 'Closet', 'Air conditioning']",2025-11-09,2025-11-10,https://www.agoda.com/en-in/comfort-suites-foxfire_5/hotel/waupaca-wi-us.html?asq=oSBZUdCJkTqIcAJrG1AX8Jufa9Vwpz6XltTHq4n+9gNpSLc+T+pB%2F8FnmmA8sOyABZMHJNyhPX8Prg%2FH1te1+vz5QyyV4UEqRQ9lzfdTBTxxn3WZkWNFTjlVRW+RlD7cD8zS52LqyqgGzSr4Q1yOV9fXfA8oGge%2Fyp6S5mpJBbOMmQnp4l%2FqxXHScg6%2FIMuw+IlKoH2RRzVED37Mh9Acgg2FjZQhPusmJYf5Wx3Xjom2O005JJr4tzCeQoVcD0pL1BrustHV7sjEhRQROgMYvvtksTw8xHnPyufhKXPrHNNQdwO4DN1hJ7DMFEBjA1tlsOuDhLfZOw1q2rQOnoj14WkhX+Rs50g0fdI7vUoNdFzciZtp1rX4kwueALQiVTpra8Q6YIY31VZ7ikracSjcaStovsPbQgCFuB4p9HKsGMuaiWpH3WUmUhYvwqBgss8OmYaYLY4mpvBQRFZ9DXnGL3Ab7LBfPPeV+xRKkQH%2FZbgm4pJ7H7mRjRxbsMXt2MhO4Waan8nej3fD86snlFzhLkuMmTTH5l9zLcYrLnjeW8QSqYQPBv+WKInhgy0w1c1tNvoKVnqZacA1np0vT683+qJ7vN1f5BqlEQqEAvmbOz7SfkPUnDmorqc9A57NEcuDP1S+AKBERrC%2FMG7qCA47RbfQ3Q3DeNYL8Fxddl6dcJ4c96xaz7wUkXZ4kU0h2nVNlZWZdwncM8i9lIIBkv7NjeRiEG3%2FHEwKwlkdRmn7a0F5nLRnaQbnusi0gbXykZ1nm0FFd++GSO81bPWsXT59pA8oVuEv166puW+LtIBENw0NMrQUqbkI%2FwyytdEKh7axbX90OXicJBjSGrd0%2Fn6OMvEjQybIYbot%2FTwTRAl1aunCMX9snHpla2HignvgSQ6O61oqP%2FsQl%2F5FT6%2FYHOkeZSxDri5N76BASZfIlUTsb%2FUyP%2FDP2PIYc7JCsfLcJiVKj7pGTnjzCTWVz1r2cxbbR1nXBijIPwuA6NzoWPOT+MZRi2C8ObEV3BMBzhh4CflX1f4tMtCkUOcG6AQSFmkuYiMsSy4QJH53bMsCXS2l9OQF+dC5xeJjQ%2F9f4m8IC7o5vJ62KCoAEKZybiY2V65fmulUkzStF1L1fv73voEZZxJ6OrJWWoC+5gLvjwA72fPMjlBDyy8N9snQ0B4PJWHB4g%3D%3D&hotel=203683&ds=qqYuwCdeeyGgIaeA
AGODA_3,agoda,Comfort Suites at Par 4 Resort,"1 King Bed, Suite, No Smoking, Upgrade",king bed,King,Suite,5,12103,0,12103,"['Wi-Fi [free]', 'Room size: 40 m²/431 ft²', '1 king bed', 'Whirlpool bathtub', 'Non-smoking', 'Shared bathroom', 'Closet', 'Air conditioning', 'Coffee/tea maker', 'Refrigerator']",2025-11-09,2025-11-10,https://www.agoda.com/en-in/comfort-suites-foxfire_5/hotel/waupaca-wi-us.html?asq=oSBZUdCJkTqIcAJrG1AX8Jufa9Vwpz6XltTHq4n+9gNpSLc+T+pB%2F8FnmmA8sOyABZMHJNyhPX8Prg%2FH1te1+vz5QyyV4UEqRQ9lzfdTBTxxn3WZkWNFTjlVRW+RlD7cD8zS52LqyqgGzSr4Q1yOV9fXfA8oGge%2Fyp6S5mpJBbOMmQnp4l%2FqxXHScg6%2FIMuw+IlKoH2RRzVED37Mh9Acgg2FjZQhPusmJYf5Wx3Xjom2O005JJr4tzCeQoVcD0pL1BrustHV7sjEhRQROgMYvvtksTw8xHnPyufhKXPrHNNQdwO4DN1hJ7DMFEBjA1tlsOuDhLfZOw1q2rQOnoj14WkhX+Rs50g0fdI7vUoNdFzciZtp1rX4kwueALQiVTpra8Q6YIY31VZ7ikracSjcaStovsPbQgCFuB4p9HKsGMuaiWpH3WUmUhYvwqBgss8OmYaYLY4mpvBQRFZ9DXnGL3Ab7LBfPPeV+xRKkQH%2FZbgm4pJ7H7mRjRxbsMXt2MhO4Waan8nej3fD86snlFzhLkuMmTTH5l9zLcYrLnjeW8QSqYQPBv+WKInhgy0w1c1tNvoKVnqZacA1np0vT683+qJ7vN1f5BqlEQqEAvmbOz7SfkPUnDmorqc9A57NEcuDP1S+AKBERrC%2FMG7qCA47RbfQ3Q3DeNYL8Fxddl6dcJ4c96xaz7wUkXZ4kU0h2nVNlZWZdwncM8i9lIIBkv7NjeRiEG3%2FHEwKwlkdRmn7a0F5nLRnaQbnusi0gbXykZ1nm0FFd++GSO81bPWsXT59pA8oVuEv166puW+LtIBENw0NMrQUqbkI%2FwyytdEKh7axbX90OXicJBjSGrd0%2Fn6OMvEjQybIYbot%2FTwTRAl1aunCMX9snHpla2HignvgSQ6O61oqP%2FsQl%2F5FT6%2FYHOkeZSxDri5N76BASZfIlUTsb%2FUyP%2FDP2PIYc7JCsfLcJiVKj7pGTnjzCTWVz1r2cxbbR1nXBijIPwuA6NzoWPOT+MZRi2C8ObEV3BMBzhh4CflX1f4tMtCkUOcG6AQSFmkuYiMsSy4QJH53bMsCXS2l9OQF+dC5xeJjQ%2F9f4m8IC7o5vJ62KCoAEKZybiY2V65fmulUkzStF1L1fv73voEZZxJ6OrJWWoC+5gLvjwA72fPMjlBDyy8N9snQ0B4PJWHB4g%3D%3D&hotel=203683&ds=qqYuwCdeeyGgIaeA
AGODA_3,agoda,Comfort Suites at Par 4 Resort,"2 Queen Beds, Suite, Nonsmoking",queen beds,Queen,Suite,5,9593,0,9593,"['Wi-Fi [free]', 'Room size: 39 m²/420 ft²', '2 queen beds', 'Mini bar', 'Non-smoking', 'Shared bathroom', 'Closet', 'Air conditioning', 'Coffee/tea maker', 'Refrigerator']",2025-11-10,2025-11-11,https://www.agoda.com/en-in/comfort-suites-foxfire_5/hotel/waupaca-wi-us.html?asq=oSBZUdCJkTqIcAJrG1AX8Jufa9Vwpz6XltTHq4n+9gNpSLc+T+pB%2F8FnmmA8sOyABZMHJNyhPX8Prg%2FH1te1+vz5QyyV4UEqRQ9lzfdTBTxxn3WZkWNFTjlVRW+RlD7cD8zS52LqyqgGzSr4Q1yOV9fXfA8oGge%2Fyp6S5mpJBbOMmQnp4l%2FqxXHScg6%2FIMuw+IlKoH2RRzVED37Mh9Acgg2FjZQhPusmJYf5Wx3Xjom2O005JJr4tzCeQoVcD0pL1BrustHV7sjEhRQROgMYvvtksTw8xHnPyufhKXPrHNNQdwO4DN1hJ7DMFEBjA1tlsOuDhLfZOw1q2rQOnoj14WkhX+Rs50g0fdI7vUoNdFzciZtp1rX4kwueALQiVTpra8Q6YIY31VZ7ikracSjcaStovsPbQgCFuB4p9HKsGMuaiWpH3WUmUhYvwqBgss8OmYaYLY4mpvBQRFZ9DXnGL3Ab7LBfPPeV+xRKkQH%2FZbgm4pJ7H7mRjRxbsMXt2MhO4Waan8nej3fD86snlFzhLkuMmTTH5l9zLcYrLnjeW8QSqYQPBv+WKInhgy0w1c1tNvoKVnqZacA1np0vT683+qJ7vN1f5BqlEQqEAvmbOz7SfkPUnDmorqc9A57NEcuDP1S+AKBERrC%2FMG7qCA47RbfQ3Q3DeNYL8Fxddl6dcJ4c96xaz7wUkXZ4kU0h2nVNlZWZdwncM8i9lIIBkv7NjeRiEG3%2FHEwKwlkdRmn7a0F5nLRnaQbnusi0gbXykZ1nm0FFd++GSO81bPWsXT59pA8oVuEv166puW+LtIBENw0NMrQUqbkI%2FwyytdEKh7axbX90OXicJBjSGrd0%2Fn6OMvEjQybIYbot%2FTwTRAl1aunCMX9snHpla2HignvgSQ6O61oqP%2FsQl%2F5FT6%2FYHOkeZSxDri5N76BASZfIlUTsb%2FUyP%2FDP2PIYc7JCsfLcJiVKj7pGTnjzCTWVz1r2cxbbR1nXBijIPwuA6NzoWPOT+MZRi2C8ObEV3BMBzhh4CflX1f4tMtCkUOcG6AQSFmkuYiMsSy4QJH53bMsCXS2l9OQF+dC5xeJjQ%2F9f4m8IC7o5vJ62KCoAEKZybiY2V65fmulUkzStF1L1fv73voEZZxJ6OrJWWoC+5gLvjwA72fPMjlBDyy8N9snQ0B4PJWHB4g%3D%3D&hotel=203683&ds=qqYuwCdeeyGgIaeA
AGODA_3,agoda,Comfort Suites at Par 4 Resort,"1 King Bed, Suite, Nonsmoking, Accessible",king bed,King,Suite,5,10848,0,10848,"['Wi-Fi [free]', 'Room size: 40 m²/431 ft²', '1 king bed', 'Bathtub', 'Non-smoking', 'Shared bathroom', 'Closet', 'Air conditioning', 'Coffee/tea maker', 'Refrigerator']",2025-11-10,2025-11-11,https://www.agoda.com/en-in/comfort-suites-foxfire_5/hotel/waupaca-wi-us.html?asq=oSBZUdCJkTqIcAJrG1AX8Jufa9Vwpz6XltTHq4n+9gNpSLc+T+pB%2F8FnmmA8sOyABZMHJNyhPX8Prg%2FH1te1+vz5QyyV4UEqRQ9lzfdTBTxxn3WZkWNFTjlVRW+RlD7cD8zS52LqyqgGzSr4Q1yOV9fXfA8oGge%2Fyp6S5mpJBbOMmQnp4l%2FqxXHScg6%2FIMuw+IlKoH2RRzVED37Mh9Acgg2FjZQhPusmJYf5Wx3Xjom2O005JJr4tzCeQoVcD0pL1BrustHV7sjEhRQROgMYvvtksTw8xHnPyufhKXPrHNNQdwO4DN1hJ7DMFEBjA1tlsOuDhLfZOw1q2rQOnoj14WkhX+Rs50g0fdI7vUoNdFzciZtp1rX4kwueALQiVTpra8Q6YIY31VZ7ikracSjcaStovsPbQgCFuB4p9HKsGMuaiWpH3WUmUhYvwqBgss8OmYaYLY4mpvBQRFZ9DXnGL3Ab7LBfPPeV+xRKkQH%2FZbgm4pJ7H7mRjRxbsMXt2MhO4Waan8nej3fD86snlFzhLkuMmTTH5l9zLcYrLnjeW8QSqYQPBv+WKInhgy0w1c1tNvoKVnqZacA1np0vT683+qJ7vN1f5BqlEQqEAvmbOz7SfkPUnDmorqc9A57NEcuDP1S+AKBERrC%2FMG7qCA47RbfQ3Q3DeNYL8Fxddl6dcJ4c96xaz7wUkXZ4kU0h2nVNlZWZdwncM8i9lIIBkv7NjeRiEG3%2FHEwKwlkdRmn7a0F5nLRnaQbnusi0gbXykZ1nm0FFd++GSO81bPWsXT59pA8oVuEv166puW+LtIBENw0NMrQUqbkI%2FwyytdEKh7axbX90OXicJBjSGrd0%2Fn6OMvEjQybIYbot%2FTwTRAl1aunCMX9snHpla2HignvgSQ6O61oqP%2FsQl%2F5FT6%2FYHOkeZSxDri5N76BASZfIlUTsb%2FUyP%2FDP2PIYc7JCsfLcJiVKj7pGTnjzCTWVz1r2cxbbR1nXBijIPwuA6NzoWPOT+MZRi2C8ObEV3BMBzhh4CflX1f4tMtCkUOcG6AQSFmkuYiMsSy4QJH53bMsCXS2l9OQF+dC5xeJjQ%2F9f4m8IC7o5vJ62KCoAEKZybiY2V65fmulUkzStF1L1fv73voEZZxJ6OrJWWoC+5gLvjwA72fPMjlBDyy8N9snQ0B4PJWHB4g%3D%3D&hotel=203683&ds=qqYuwCdeeyGgIaeA
AGODA_3,agoda,Comfort Suites at Par 4 Resort,"1 King Bed, Suite, No Smoking",king bed,King,Suite,5,10848,0,10848,"['Wi-Fi [free]', 'Room size: 39 m²/420 ft²', '1 king bed', 'Mini bar', 'Non-smoking', 'Shared bathroom', 'Closet', 'Air conditioning', 'Coffee/tea maker', 'Refrigerator']",2025-11-10,2025-11-11,https://www.agoda.com/en-in/comfort-suites-foxfire_5/hotel/waupaca-wi-us.html?asq=oSBZUdCJkTqIcAJrG1AX8Jufa9Vwpz6XltTHq4n+9gNpSLc+T+pB%2F8FnmmA8sOyABZMHJNyhPX8Prg%2FH1te1+vz5QyyV4UEqRQ9lzfdTBTxxn3WZkWNFTjlVRW+RlD7cD8zS52LqyqgGzSr4Q1yOV9fXfA8oGge%2Fyp6S5mpJBbOMmQnp4l%2FqxXHScg6%2FIMuw+IlKoH2RRzVED37Mh9Acgg2FjZQhPusmJYf5Wx3Xjom2O005JJr4tzCeQoVcD0pL1BrustHV7sjEhRQROgMYvvtksTw8xHnPyufhKXPrHNNQdwO4DN1hJ7DMFEBjA1tlsOuDhLfZOw1q2rQOnoj14WkhX+Rs50g0fdI7vUoNdFzciZtp1rX4kwueALQiVTpra8Q6YIY31VZ7ikracSjcaStovsPbQgCFuB4p9HKsGMuaiWpH3WUmUhYvwqBgss8OmYaYLY4mpvBQRFZ9DXnGL3Ab7LBfPPeV+xRKkQH%2FZbgm4pJ7H7mRjRxbsMXt2MhO4Waan8nej3fD86snlFzhLkuMmTTH5l9zLcYrLnjeW8QSqYQPBv+WKInhgy0w1c1tNvoKVnqZacA1np0vT683+qJ7vN1f5BqlEQqEAvmbOz7SfkPUnDmorqc9A57NEcuDP1S+AKBERrC%2FMG7qCA47RbfQ3Q3DeNYL8Fxddl6dcJ4c96xaz7wUkXZ4kU0h2nVNlZWZdwncM8i9lIIBkv7NjeRiEG3%2FHEwKwlkdRmn7a0F5nLRnaQbnusi0gbXykZ1nm0FFd++GSO81bPWsXT59pA8oVuEv166puW+LtIBENw0NMrQUqbkI%2FwyytdEKh7axbX90OXicJBjSGrd0%2Fn6OMvEjQybIYbot%2FTwTRAl1aunCMX9snHpla2HignvgSQ6O61oqP%2FsQl%2F5FT6%2FYHOkeZSxDri5N76BASZfIlUTsb%2FUyP%2FDP2PIYc7JCsfLcJiVKj7pGTnjzCTWVz1r2cxbbR1nXBijIPwuA6NzoWPOT+MZRi2C8ObEV3BMBzhh4CflX1f4tMtCkUOcG6AQSFmkuYiMsSy4QJH53bMsCXS2l9OQF+dC5xeJjQ%2F9f4m8IC7o5vJ62KCoAEKZybiY2V65fmulUkzStF1L1fv73voEZZxJ6OrJWWoC+5gLvjwA72fPMjlBDyy8N9snQ0B4PJWHB4g%3D%3D&hotel=203683&ds=qqYuwCdeeyGgIaeA
AGODA_3,agoda,Comfort Suites at Par 4 Resort,"1 King Bed, Suite, No smoking,Upgrade",king bedS,King,Suite,5,11467,0,11467,"['Wi-Fi [free]', 'Room size: 40 m²/431 ft²', '1 king bed', 'Separate shower/bathtub', 'Balcony/terrace', 'Mini bar', 'Non-smoking', 'Shared bathroom', 'Closet', 'Air conditioning']",2025-11-10,2025-11-11,https://www.agoda.com/en-in/comfort-suites-foxfire_5/hotel/waupaca-wi-us.html?asq=oSBZUdCJkTqIcAJrG1AX8Jufa9Vwpz6XltTHq4n+9gNpSLc+T+pB%2F8FnmmA8sOyABZMHJNyhPX8Prg%2FH1te1+vz5QyyV4UEqRQ9lzfdTBTxxn3WZkWNFTjlVRW+RlD7cD8zS52LqyqgGzSr4Q1yOV9fXfA8oGge%2Fyp6S5mpJBbOMmQnp4l%2FqxXHScg6%2FIMuw+IlKoH2RRzVED37Mh9Acgg2FjZQhPusmJYf5Wx3Xjom2O005JJr4tzCeQoVcD0pL1BrustHV7sjEhRQROgMYvvtksTw8xHnPyufhKXPrHNNQdwO4DN1hJ7DMFEBjA1tlsOuDhLfZOw1q2rQOnoj14WkhX+Rs50g0fdI7vUoNdFzciZtp1rX4kwueALQiVTpra8Q6YIY31VZ7ikracSjcaStovsPbQgCFuB4p9HKsGMuaiWpH3WUmUhYvwqBgss8OmYaYLY4mpvBQRFZ9DXnGL3Ab7LBfPPeV+xRKkQH%2FZbgm4pJ7H7mRjRxbsMXt2MhO4Waan8nej3fD86snlFzhLkuMmTTH5l9zLcYrLnjeW8QSqYQPBv+WKInhgy0w1c1tNvoKVnqZacA1np0vT683+qJ7vN1f5BqlEQqEAvmbOz7SfkPUnDmorqc9A57NEcuDP1S+AKBERrC%2FMG7qCA47RbfQ3Q3DeNYL8Fxddl6dcJ4c96xaz7wUkXZ4kU0h2nVNlZWZdwncM8i9lIIBkv7NjeRiEG3%2FHEwKwlkdRmn7a0F5nLRnaQbnusi0gbXykZ1nm0FFd++GSO81bPWsXT59pA8oVuEv166puW+LtIBENw0NMrQUqbkI%2FwyytdEKh7axbX90OXicJBjSGrd0%2Fn6OMvEjQybIYbot%2FTwTRAl1aunCMX9snHpla2HignvgSQ6O61oqP%2FsQl%2F5FT6%2FYHOkeZSxDri5N76BASZfIlUTsb%2FUyP%2FDP2PIYc7JCsfLcJiVKj7pGTnjzCTWVz1r2cxbbR1nXBijIPwuA6NzoWPOT+MZRi2C8ObEV3BMBzhh4CflX1f4tMtCkUOcG6AQSFmkuYiMsSy4QJH53bMsCXS2l9OQF+dC5xeJjQ%2F9f4m8IC7o5vJ62KCoAEKZybiY2V65fmulUkzStF1L1fv73voEZZxJ6OrJWWoC+5gLvjwA72fPMjlBDyy8N9snQ0B4PJWHB4g%3D%3D&hotel=203683&ds=qqYuwCdeeyGgIaeA
AGODA_3,agoda,Comfort Suites at Par 4 Resort,"1 King Bed, Suite, No Smoking, Upgrade",king bed,King,Suite,5,11467,0,11467,"['Wi-Fi [free]', 'Room size: 40 m²/431 ft²', '1 king bed', 'Whirlpool bathtub', 'Non-smoking', 'Shared bathroom', 'Closet', 'Air conditioning', 'Coffee/tea maker', 'Refrigerator']",2025-11-10,2025-11-11,https://www.agoda.com/en-in/comfort-suites-foxfire_5/hotel/waupaca-wi-us.html?asq=oSBZUdCJkTqIcAJrG1AX8Jufa9Vwpz6XltTHq4n+9gNpSLc+T+pB%2F8FnmmA8sOyABZMHJNyhPX8Prg%2FH1te1+vz5QyyV4UEqRQ9lzfdTBTxxn3WZkWNFTjlVRW+RlD7cD8zS52LqyqgGzSr4Q1yOV9fXfA8oGge%2Fyp6S5mpJBbOMmQnp4l%2FqxXHScg6%2FIMuw+IlKoH2RRzVED37Mh9Acgg2FjZQhPusmJYf5Wx3Xjom2O005JJr4tzCeQoVcD0pL1BrustHV7sjEhRQROgMYvvtksTw8xHnPyufhKXPrHNNQdwO4DN1hJ7DMFEBjA1tlsOuDhLfZOw1q2rQOnoj14WkhX+Rs50g0fdI7vUoNdFzciZtp1rX4kwueALQiVTpra8Q6YIY31VZ7ikracSjcaStovsPbQgCFuB4p9HKsGMuaiWpH3WUmUhYvwqBgss8OmYaYLY4mpvBQRFZ9DXnGL3Ab7LBfPPeV+xRKkQH%2FZbgm4pJ7H7mRjRxbsMXt2MhO4Waan8nej3fD86snlFzhLkuMmTTH5l9zLcYrLnjeW8QSqYQPBv+WKInhgy0w1c1tNvoKVnqZacA1np0vT683+qJ7vN1f5BqlEQqEAvmbOz7SfkPUnDmorqc9A57NEcuDP1S+AKBERrC%2FMG7qCA47RbfQ3Q3DeNYL8Fxddl6dcJ4c96xaz7wUkXZ4kU0h2nVNlZWZdwncM8i9lIIBkv7NjeRiEG3%2FHEwKwlkdRmn7a0F5nLRnaQbnusi0gbXykZ1nm0FFd++GSO81bPWsXT59pA8oVuEv166puW+LtIBENw0NMrQUqbkI%2FwyytdEKh7axbX90OXicJBjSGrd0%2Fn6OMvEjQybIYbot%2FTwTRAl1aunCMX9snHpla2HignvgSQ6O61oqP%2FsQl%2F5FT6%2FYHOkeZSxDri5N76BASZfIlUTsb%2FUyP%2FDP2PIYc7JCsfLcJiVKj7pGTnjzCTWVz1r2cxbbR1nXBijIPwuA6NzoWPOT+MZRi2C8ObEV3BMBzhh4CflX1f4tMtCkUOcG6AQSFmkuYiMsSy4QJH53bMsCXS2l9OQF+dC5xeJjQ%2F9f4m8IC7o5vJ62KCoAEKZybiY2V65fmulUkzStF1L1fv73voEZZxJ6OrJWWoC+5gLvjwA72fPMjlBDyy8N9snQ0B4PJWHB4g%3D%3D&hotel=203683&ds=qqYuwCdeeyGgIaeA
AGODA_3,agoda,Comfort Suites at Par 4 Resort,"2 Queen Beds, Suite, Nonsmoking",queen beds,Queen,Suite,5,9379,0,9379,"['Wi-Fi [free]', 'Room size: 39 m²/420 ft²', '2 queen beds', 'Mini bar', 'Non-smoking', 'Shared bathroom', 'Closet', 'Air conditioning', 'Coffee/tea maker', 'Refrigerator']",2025-11-12,2025-11-13,https://www.agoda.com/en-in/comfort-suites-foxfire_5/hotel/waupaca-wi-us.html?asq=oSBZUdCJkTqIcAJrG1AX8Jufa9Vwpz6XltTHq4n+9gNpSLc+T+pB%2F8FnmmA8sOyABZMHJNyhPX8Prg%2FH1te1+vz5QyyV4UEqRQ9lzfdTBTxxn3WZkWNFTjlVRW+RlD7cD8zS52LqyqgGzSr4Q1yOV9fXfA8oGge%2Fyp6S5mpJBbOMmQnp4l%2FqxXHScg6%2FIMuw+IlKoH2RRzVED37Mh9Acgg2FjZQhPusmJYf5Wx3Xjom2O005JJr4tzCeQoVcD0pL1BrustHV7sjEhRQROgMYvvtksTw8xHnPyufhKXPrHNNQdwO4DN1hJ7DMFEBjA1tlsOuDhLfZOw1q2rQOnoj14WkhX+Rs50g0fdI7vUoNdFzciZtp1rX4kwueALQiVTpra8Q6YIY31VZ7ikracSjcaStovsPbQgCFuB4p9HKsGMuaiWpH3WUmUhYvwqBgss8OmYaYLY4mpvBQRFZ9DXnGL3Ab7LBfPPeV+xRKkQH%2FZbgm4pJ7H7mRjRxbsMXt2MhO4Waan8nej3fD86snlFzhLkuMmTTH5l9zLcYrLnjeW8QSqYQPBv+WKInhgy0w1c1tNvoKVnqZacA1np0vT683+qJ7vN1f5BqlEQqEAvmbOz7SfkPUnDmorqc9A57NEcuDP1S+AKBERrC%2FMG7qCA47RbfQ3Q3DeNYL8Fxddl6dcJ4c96xaz7wUkXZ4kU0h2nVNlZWZdwncM8i9lIIBkv7NjeRiEG3%2FHEwKwlkdRmn7a0F5nLRnaQbnusi0gbXykZ1nm0FFd++GSO81bPWsXT59pA8oVuEv166puW+LtIBENw0NMrQUqbkI%2FwyytdEKh7axbX90OXicJBjSGrd0%2Fn6OMvEjQybIYbot%2FTwTRAl1aunCMX9snHpla2HignvgSQ6O61oqP%2FsQl%2F5FT6%2FYHOkeZSxDri5N76BASZfIlUTsb%2FUyP%2FDP2PIYc7JCsfLcJiVKj7pGTnjzCTWVz1r2cxbbR1nXBijIPwuA6NzoWPOT+MZRi2C8ObEV3BMBzhh4CflX1f4tMtCkUOcG6AQSFmkuYiMsSy4QJH53bMsCXS2l9OQF+dC5xeJjQ%2F9f4m8IC7o5vJ62KCoAEKZybiY2V65fmulUkzStF1L1fv73voEZZxJ6OrJWWoC+5gLvjwA72fPMjlBDyy8N9snQ0B4PJWHB4g%3D%3D&hotel=203683&ds=qqYuwCdeeyGgIaeA
AGODA_3,agoda,Comfort Suites at Par 4 Resort,"1 King Bed, Suite, Nonsmoking, Accessible",king bed,King,Suite,5,10637,0,10637,"['Wi-Fi [free]', 'Room size: 40 m²/431 ft²', '1 king bed', 'Bathtub', 'Non-smoking', 'Shared bathroom', 'Closet', 'Air conditioning', 'Coffee/tea maker', 'Refrigerator']",2025-11-12,2025-11-13,https://www.agoda.com/en-in/comfort-suites-foxfire_5/hotel/waupaca-wi-us.html?asq=oSBZUdCJkTqIcAJrG1AX8Jufa9Vwpz6XltTHq4n+9gNpSLc+T+pB%2F8FnmmA8sOyABZMHJNyhPX8Prg%2FH1te1+vz5QyyV4UEqRQ9lzfdTBTxxn3WZkWNFTjlVRW+RlD7cD8zS52LqyqgGzSr4Q1yOV9fXfA8oGge%2Fyp6S5mpJBbOMmQnp4l%2FqxXHScg6%2FIMuw+IlKoH2RRzVED37Mh9Acgg2FjZQhPusmJYf5Wx3Xjom2O005JJr4tzCeQoVcD0pL1BrustHV7sjEhRQROgMYvvtksTw8xHnPyufhKXPrHNNQdwO4DN1hJ7DMFEBjA1tlsOuDhLfZOw1q2rQOnoj14WkhX+Rs50g0fdI7vUoNdFzciZtp1rX4kwueALQiVTpra8Q6YIY31VZ7ikracSjcaStovsPbQgCFuB4p9HKsGMuaiWpH3WUmUhYvwqBgss8OmYaYLY4mpvBQRFZ9DXnGL3Ab7LBfPPeV+xRKkQH%2FZbgm4pJ7H7mRjRxbsMXt2MhO4Waan8nej3fD86snlFzhLkuMmTTH5l9zLcYrLnjeW8QSqYQPBv+WKInhgy0w1c1tNvoKVnqZacA1np0vT683+qJ7vN1f5BqlEQqEAvmbOz7SfkPUnDmorqc9A57NEcuDP1S+AKBERrC%2FMG7qCA47RbfQ3Q3DeNYL8Fxddl6dcJ4c96xaz7wUkXZ4kU0h2nVNlZWZdwncM8i9lIIBkv7NjeRiEG3%2FHEwKwlkdRmn7a0F5nLRnaQbnusi0gbXykZ1nm0FFd++GSO81bPWsXT59pA8oVuEv166puW+LtIBENw0NMrQUqbkI%2FwyytdEKh7axbX90OXicJBjSGrd0%2Fn6OMvEjQybIYbot%2FTwTRAl1aunCMX9snHpla2HignvgSQ6O61oqP%2FsQl%2F5FT6%2FYHOkeZSxDri5N76BASZfIlUTsb%2FUyP%2FDP2PIYc7JCsfLcJiVKj7pGTnjzCTWVz1r2cxbbR1nXBijIPwuA6NzoWPOT+MZRi2C8ObEV3BMBzhh4CflX1f4tMtCkUOcG6AQSFmkuYiMsSy4QJH53bMsCXS2l9OQF+dC5xeJjQ%2F9f4m8IC7o5vJ62KCoAEKZybiY2V65fmulUkzStF1L1fv73voEZZxJ6OrJWWoC+5gLvjwA72fPMjlBDyy8N9snQ0B4PJWHB4g%3D%3D&hotel=203683&ds=qqYuwCdeeyGgIaeA
AGODA_3,agoda,Comfort Suites at Par 4 Resort,"1 King Bed, Suite, No Smoking",king bed,King,Suite,5,10637,0,10637,"['Wi-Fi [free]', 'Room size: 39 m²/420 ft²', '1 king bed', 'Mini bar', 'Non-smoking', 'Shared bathroom', 'Closet', 'Air conditioning', 'Coffee/tea maker', 'Refrigerator']",2025-11-12,2025-11-13,https://www.agoda.com/en-in/comfort-suites-foxfire_5/hotel/waupaca-wi-us.html?asq=oSBZUdCJkTqIcAJrG1AX8Jufa9Vwpz6XltTHq4n+9gNpSLc+T+pB%2F8FnmmA8sOyABZMHJNyhPX8Prg%2FH1te1+vz5QyyV4UEqRQ9lzfdTBTxxn3WZkWNFTjlVRW+RlD7cD8zS52LqyqgGzSr4Q1yOV9fXfA8oGge%2Fyp6S5mpJBbOMmQnp4l%2FqxXHScg6%2FIMuw+IlKoH2RRzVED37Mh9Acgg2FjZQhPusmJYf5Wx3Xjom2O005JJr4tzCeQoVcD0pL1BrustHV7sjEhRQROgMYvvtksTw8xHnPyufhKXPrHNNQdwO4DN1hJ7DMFEBjA1tlsOuDhLfZOw1q2rQOnoj14WkhX+Rs50g0fdI7vUoNdFzciZtp1rX4kwueALQiVTpra8Q6YIY31VZ7ikracSjcaStovsPbQgCFuB4p9HKsGMuaiWpH3WUmUhYvwqBgss8OmYaYLY4mpvBQRFZ9DXnGL3Ab7LBfPPeV+xRKkQH%2FZbgm4pJ7H7mRjRxbsMXt2MhO4Waan8nej3fD86snlFzhLkuMmTTH5l9zLcYrLnjeW8QSqYQPBv+WKInhgy0w1c1tNvoKVnqZacA1np0vT683+qJ7vN1f5BqlEQqEAvmbOz7SfkPUnDmorqc9A57NEcuDP1S+AKBERrC%2FMG7qCA47RbfQ3Q3DeNYL8Fxddl6dcJ4c96xaz7wUkXZ4kU0h2nVNlZWZdwncM8i9lIIBkv7NjeRiEG3%2FHEwKwlkdRmn7a0F5nLRnaQbnusi0gbXykZ1nm0FFd++GSO81bPWsXT59pA8oVuEv166puW+LtIBENw0NMrQUqbkI%2FwyytdEKh7axbX90OXicJBjSGrd0%2Fn6OMvEjQybIYbot%2FTwTRAl1aunCMX9snHpla2HignvgSQ6O61oqP%2FsQl%2F5FT6%2FYHOkeZSxDri5N76BASZfIlUTsb%2FUyP%2FDP2PIYc7JCsfLcJiVKj7pGTnjzCTWVz1r2cxbbR1nXBijIPwuA6NzoWPOT+MZRi2C8ObEV3BMBzhh4CflX1f4tMtCkUOcG6AQSFmkuYiMsSy4QJH53bMsCXS2l9OQF+dC5xeJjQ%2F9f4m8IC7o5vJ62KCoAEKZybiY2V65fmulUkzStF1L1fv73voEZZxJ6OrJWWoC+5gLvjwA72fPMjlBDyy8N9snQ0B4PJWHB4g%3D%3D&hotel=203683&ds=qqYuwCdeeyGgIaeA
AGODA_3,agoda,Comfort Suites at Par 4 Resort,"1 King Bed, Suite, No smoking,Upgrade",king bedS,King,Suite,5,11257,0,11257,"['Wi-Fi [free]', 'Room size: 40 m²/431 ft²', '1 king bed', 'Separate shower/bathtub', 'Balcony/terrace', 'Mini bar', 'Non-smoking', 'Shared bathroom', 'Closet', 'Air conditioning']",2025-11-12,2025-11-13,https://www.agoda.com/en-in/comfort-suites-foxfire_5/hotel/waupaca-wi-us.html?asq=oSBZUdCJkTqIcAJrG1AX8Jufa9Vwpz6XltTHq4n+9gNpSLc+T+pB%2F8FnmmA8sOyABZMHJNyhPX8Prg%2FH1te1+vz5QyyV4UEqRQ9lzfdTBTxxn3WZkWNFTjlVRW+RlD7cD8zS52LqyqgGzSr4Q1yOV9fXfA8oGge%2Fyp6S5mpJBbOMmQnp4l%2FqxXHScg6%2FIMuw+IlKoH2RRzVED37Mh9Acgg2FjZQhPusmJYf5Wx3Xjom2O005JJr4tzCeQoVcD0pL1BrustHV7sjEhRQROgMYvvtksTw8xHnPyufhKXPrHNNQdwO4DN1hJ7DMFEBjA1tlsOuDhLfZOw1q2rQOnoj14WkhX+Rs50g0fdI7vUoNdFzciZtp1rX4kwueALQiVTpra8Q6YIY31VZ7ikracSjcaStovsPbQgCFuB4p9HKsGMuaiWpH3WUmUhYvwqBgss8OmYaYLY4mpvBQRFZ9DXnGL3Ab7LBfPPeV+xRKkQH%2FZbgm4pJ7H7mRjRxbsMXt2MhO4Waan8nej3fD86snlFzhLkuMmTTH5l9zLcYrLnjeW8QSqYQPBv+WKInhgy0w1c1tNvoKVnqZacA1np0vT683+qJ7vN1f5BqlEQqEAvmbOz7SfkPUnDmorqc9A57NEcuDP1S+AKBERrC%2FMG7qCA47RbfQ3Q3DeNYL8Fxddl6dcJ4c96xaz7wUkXZ4kU0h2nVNlZWZdwncM8i9lIIBkv7NjeRiEG3%2FHEwKwlkdRmn7a0F5nLRnaQbnusi0gbXykZ1nm0FFd++GSO81bPWsXT59pA8oVuEv166puW+LtIBENw0NMrQUqbkI%2FwyytdEKh7axbX90OXicJBjSGrd0%2Fn6OMvEjQybIYbot%2FTwTRAl1aunCMX9snHpla2HignvgSQ6O61oqP%2FsQl%2F5FT6%2FYHOkeZSxDri5N76BASZfIlUTsb%2FUyP%2FDP2PIYc7JCsfLcJiVKj7pGTnjzCTWVz1r2cxbbR1nXBijIPwuA6NzoWPOT+MZRi2C8ObEV3BMBzhh4CflX1f4tMtCkUOcG6AQSFmkuYiMsSy4QJH53bMsCXS2l9OQF+dC5xeJjQ%2F9f4m8IC7o5vJ62KCoAEKZybiY2V65fmulUkzStF1L1fv73voEZZxJ6OrJWWoC+5gLvjwA72fPMjlBDyy8N9snQ0B4PJWHB4g%3D%3D&hotel=203683&ds=qqYuwCdeeyGgIaeA
AGODA_3,agoda,Comfort Suites at Par 4 Resort,"1 King Bed, Suite, No Smoking, Upgrade",king bed,King,Suite,5,11257,0,11257,"['Wi-Fi [free]', 'Room size: 40 m²/431 ft²', '1 king bed', 'Whirlpool bathtub', 'Non-smoking', 'Shared bathroom', 'Closet', 'Air conditioning', 'Coffee/tea maker', 'Refrigerator']",2025-11-12,2025-11-13,https://www.agoda.com/en-in/comfort-suites-foxfire_5/hotel/waupaca-wi-us.html?asq=oSBZUdCJkTqIcAJrG1AX8Jufa9Vwpz6XltTHq4n+9gNpSLc+T+pB%2F8FnmmA8sOyABZMHJNyhPX8Prg%2FH1te1+vz5QyyV4UEqRQ9lzfdTBTxxn3WZkWNFTjlVRW+RlD7cD8zS52LqyqgGzSr4Q1yOV9fXfA8oGge%2Fyp6S5mpJBbOMmQnp4l%2FqxXHScg6%2FIMuw+IlKoH2RRzVED37Mh9Acgg2FjZQhPusmJYf5Wx3Xjom2O005JJr4tzCeQoVcD0pL1BrustHV7sjEhRQROgMYvvtksTw8xHnPyufhKXPrHNNQdwO4DN1hJ7DMFEBjA1tlsOuDhLfZOw1q2rQOnoj14WkhX+Rs50g0fdI7vUoNdFzciZtp1rX4kwueALQiVTpra8Q6YIY31VZ7ikracSjcaStovsPbQgCFuB4p9HKsGMuaiWpH3WUmUhYvwqBgss8OmYaYLY4mpvBQRFZ9DXnGL3Ab7LBfPPeV+xRKkQH%2FZbgm4pJ7H7mRjRxbsMXt2MhO4Waan8nej3fD86snlFzhLkuMmTTH5l9zLcYrLnjeW8QSqYQPBv+WKInhgy0w1c1tNvoKVnqZacA1np0vT683+qJ7vN1f5BqlEQqEAvmbOz7SfkPUnDmorqc9A57NEcuDP1S+AKBERrC%2FMG7qCA47RbfQ3Q3DeNYL8Fxddl6dcJ4c96xaz7wUkXZ4kU0h2nVNlZWZdwncM8i9lIIBkv7NjeRiEG3%2FHEwKwlkdRmn7a0F5nLRnaQbnusi0gbXykZ1nm0FFd++GSO81bPWsXT59pA8oVuEv166puW+LtIBENw0NMrQUqbkI%2FwyytdEKh7axbX90OXicJBjSGrd0%2Fn6OMvEjQybIYbot%2FTwTRAl1aunCMX9snHpla2HignvgSQ6O61oqP%2FsQl%2F5FT6%2FYHOkeZSxDri5N76BASZfIlUTsb%2FUyP%2FDP2PIYc7JCsfLcJiVKj7pGTnjzCTWVz1r2cxbbR1nXBijIPwuA6NzoWPOT+MZRi2C8ObEV3BMBzhh4CflX1f4tMtCkUOcG6AQSFmkuYiMsSy4QJH53bMsCXS2l9OQF+dC5xeJjQ%2F9f4m8IC7o5vJ62KCoAEKZybiY2V65fmulUkzStF1L1fv73voEZZxJ6OrJWWoC+5gLvjwA72fPMjlBDyy8N9snQ0B4PJWHB4g%3D%3D&hotel=203683&ds=qqYuwCdeeyGgIaeA
AGODA_3,agoda,Comfort Suites at Par 4 Resort,"2 Queen Beds, Suite, Nonsmoking",queen beds,Queen,Suite,5,10235,0,10235,"['Wi-Fi [free]', 'Room size: 39 m²/420 ft²', '2 queen beds', 'Mini bar', 'Non-smoking', 'Shared bathroom', 'Closet', 'Air conditioning', 'Coffee/tea maker', 'Refrigerator']",2025-11-13,2025-11-14,https://www.agoda.com/en-in/comfort-suites-foxfire_5/hotel/waupaca-wi-us.html?asq=oSBZUdCJkTqIcAJrG1AX8Jufa9Vwpz6XltTHq4n+9gNpSLc+T+pB%2F8FnmmA8sOyABZMHJNyhPX8Prg%2FH1te1+vz5QyyV4UEqRQ9lzfdTBTxxn3WZkWNFTjlVRW+RlD7cD8zS52LqyqgGzSr4Q1yOV9fXfA8oGge%2Fyp6S5mpJBbOMmQnp4l%2FqxXHScg6%2FIMuw+IlKoH2RRzVED37Mh9Acgg2FjZQhPusmJYf5Wx3Xjom2O005JJr4tzCeQoVcD0pL1BrustHV7sjEhRQROgMYvvtksTw8xHnPyufhKXPrHNNQdwO4DN1hJ7DMFEBjA1tlsOuDhLfZOw1q2rQOnoj14WkhX+Rs50g0fdI7vUoNdFzciZtp1rX4kwueALQiVTpra8Q6YIY31VZ7ikracSjcaStovsPbQgCFuB4p9HKsGMuaiWpH3WUmUhYvwqBgss8OmYaYLY4mpvBQRFZ9DXnGL3Ab7LBfPPeV+xRKkQH%2FZbgm4pJ7H7mRjRxbsMXt2MhO4Waan8nej3fD86snlFzhLkuMmTTH5l9zLcYrLnjeW8QSqYQPBv+WKInhgy0w1c1tNvoKVnqZacA1np0vT683+qJ7vN1f5BqlEQqEAvmbOz7SfkPUnDmorqc9A57NEcuDP1S+AKBERrC%2FMG7qCA47RbfQ3Q3DeNYL8Fxddl6dcJ4c96xaz7wUkXZ4kU0h2nVNlZWZdwncM8i9lIIBkv7NjeRiEG3%2FHEwKwlkdRmn7a0F5nLRnaQbnusi0gbXykZ1nm0FFd++GSO81bPWsXT59pA8oVuEv166puW+LtIBENw0NMrQUqbkI%2FwyytdEKh7axbX90OXicJBjSGrd0%2Fn6OMvEjQybIYbot%2FTwTRAl1aunCMX9snHpla2HignvgSQ6O61oqP%2FsQl%2F5FT6%2FYHOkeZSxDri5N76BASZfIlUTsb%2FUyP%2FDP2PIYc7JCsfLcJiVKj7pGTnjzCTWVz1r2cxbbR1nXBijIPwuA6NzoWPOT+MZRi2C8ObEV3BMBzhh4CflX1f4tMtCkUOcG6AQSFmkuYiMsSy4QJH53bMsCXS2l9OQF+dC5xeJjQ%2F9f4m8IC7o5vJ62KCoAEKZybiY2V65fmulUkzStF1L1fv73voEZZxJ6OrJWWoC+5gLvjwA72fPMjlBDyy8N9snQ0B4PJWHB4g%3D%3D&hotel=203683&ds=qqYuwCdeeyGgIaeA
AGODA_3,agoda,Comfort Suites at Par 4 Resort,"1 King Bed, Suite, Nonsmoking, Accessible",king bed,King,Suite,5,10920,0,10920,"['Wi-Fi [free]', 'Room size: 40 m²/431 ft²', '1 king bed', 'Bathtub', 'Non-smoking', 'Shared bathroom', 'Closet', 'Air conditioning', 'Coffee/tea maker', 'Refrigerator']",2025-11-13,2025-11-14,https://www.agoda.com/en-in/comfort-suites-foxfire_5/hotel/waupaca-wi-us.html?asq=oSBZUdCJkTqIcAJrG1AX8Jufa9Vwpz6XltTHq4n+9gNpSLc+T+pB%2F8FnmmA8sOyABZMHJNyhPX8Prg%2FH1te1+vz5QyyV4UEqRQ9lzfdTBTxxn3WZkWNFTjlVRW+RlD7cD8zS52LqyqgGzSr4Q1yOV9fXfA8oGge%2Fyp6S5mpJBbOMmQnp4l%2FqxXHScg6%2FIMuw+IlKoH2RRzVED37Mh9Acgg2FjZQhPusmJYf5Wx3Xjom2O005JJr4tzCeQoVcD0pL1BrustHV7sjEhRQROgMYvvtksTw8xHnPyufhKXPrHNNQdwO4DN1hJ7DMFEBjA1tlsOuDhLfZOw1q2rQOnoj14WkhX+Rs50g0fdI7vUoNdFzciZtp1rX4kwueALQiVTpra8Q6YIY31VZ7ikracSjcaStovsPbQgCFuB4p9HKsGMuaiWpH3WUmUhYvwqBgss8OmYaYLY4mpvBQRFZ9DXnGL3Ab7LBfPPeV+xRKkQH%2FZbgm4pJ7H7mRjRxbsMXt2MhO4Waan8nej3fD86snlFzhLkuMmTTH5l9zLcYrLnjeW8QSqYQPBv+WKInhgy0w1c1tNvoKVnqZacA1np0vT683+qJ7vN1f5BqlEQqEAvmbOz7SfkPUnDmorqc9A57NEcuDP1S+AKBERrC%2FMG7qCA47RbfQ3Q3DeNYL8Fxddl6dcJ4c96xaz7wUkXZ4kU0h2nVNlZWZdwncM8i9lIIBkv7NjeRiEG3%2FHEwKwlkdRmn7a0F5nLRnaQbnusi0gbXykZ1nm0FFd++GSO81bPWsXT59pA8oVuEv166puW+LtIBENw0NMrQUqbkI%2FwyytdEKh7axbX90OXicJBjSGrd0%2Fn6OMvEjQybIYbot%2FTwTRAl1aunCMX9snHpla2HignvgSQ6O61oqP%2FsQl%2F5FT6%2FYHOkeZSxDri5N76BASZfIlUTsb%2FUyP%2FDP2PIYc7JCsfLcJiVKj7pGTnjzCTWVz1r2cxbbR1nXBijIPwuA6NzoWPOT+MZRi2C8ObEV3BMBzhh4CflX1f4tMtCkUOcG6AQSFmkuYiMsSy4QJH53bMsCXS2l9OQF+dC5xeJjQ%2F9f4m8IC7o5vJ62KCoAEKZybiY2V65fmulUkzStF1L1fv73voEZZxJ6OrJWWoC+5gLvjwA72fPMjlBDyy8N9snQ0B4PJWHB4g%3D%3D&hotel=203683&ds=qqYuwCdeeyGgIaeA
AGODA_3,agoda,Comfort Suites at Par 4 Resort,"1 King Bed, Suite, No Smoking",king bed,King,Suite,5,10920,0,10920,"['Wi-Fi [free]', 'Room size: 39 m²/420 ft²', '1 king bed', 'Mini bar', 'Non-smoking', 'Shared bathroom', 'Closet', 'Air conditioning', 'Coffee/tea maker', 'Refrigerator']",2025-11-13,2025-11-14,https://www.agoda.com/en-in/comfort-suites-foxfire_5/hotel/waupaca-wi-us.html?asq=oSBZUdCJkTqIcAJrG1AX8Jufa9Vwpz6XltTHq4n+9gNpSLc+T+pB%2F8FnmmA8sOyABZMHJNyhPX8Prg%2FH1te1+vz5QyyV4UEqRQ9lzfdTBTxxn3WZkWNFTjlVRW+RlD7cD8zS52LqyqgGzSr4Q1yOV9fXfA8oGge%2Fyp6S5mpJBbOMmQnp4l%2FqxXHScg6%2FIMuw+IlKoH2RRzVED37Mh9Acgg2FjZQhPusmJYf5Wx3Xjom2O005JJr4tzCeQoVcD0pL1BrustHV7sjEhRQROgMYvvtksTw8xHnPyufhKXPrHNNQdwO4DN1hJ7DMFEBjA1tlsOuDhLfZOw1q2rQOnoj14WkhX+Rs50g0fdI7vUoNdFzciZtp1rX4kwueALQiVTpra8Q6YIY31VZ7ikracSjcaStovsPbQgCFuB4p9HKsGMuaiWpH3WUmUhYvwqBgss8OmYaYLY4mpvBQRFZ9DXnGL3Ab7LBfPPeV+xRKkQH%2FZbgm4pJ7H7mRjRxbsMXt2MhO4Waan8nej3fD86snlFzhLkuMmTTH5l9zLcYrLnjeW8QSqYQPBv+WKInhgy0w1c1tNvoKVnqZacA1np0vT683+qJ7vN1f5BqlEQqEAvmbOz7SfkPUnDmorqc9A57NEcuDP1S+AKBERrC%2FMG7qCA47RbfQ3Q3DeNYL8Fxddl6dcJ4c96xaz7wUkXZ4kU0h2nVNlZWZdwncM8i9lIIBkv7NjeRiEG3%2FHEwKwlkdRmn7a0F5nLRnaQbnusi0gbXykZ1nm0FFd++GSO81bPWsXT59pA8oVuEv166puW+LtIBENw0NMrQUqbkI%2FwyytdEKh7axbX90OXicJBjSGrd0%2Fn6OMvEjQybIYbot%2FTwTRAl1aunCMX9snHpla2HignvgSQ6O61oqP%2FsQl%2F5FT6%2FYHOkeZSxDri5N76BASZfIlUTsb%2FUyP%2FDP2PIYc7JCsfLcJiVKj7pGTnjzCTWVz1r2cxbbR1nXBijIPwuA6NzoWPOT+MZRi2C8ObEV3BMBzhh4CflX1f4tMtCkUOcG6AQSFmkuYiMsSy4QJH53bMsCXS2l9OQF+dC5xeJjQ%2F9f4m8IC7o5vJ62KCoAEKZybiY2V65fmulUkzStF1L1fv73voEZZxJ6OrJWWoC+5gLvjwA72fPMjlBDyy8N9snQ0B4PJWHB4g%3D%3D&hotel=203683&ds=qqYuwCdeeyGgIaeA
AGODA_3,agoda,Comfort Suites at Par 4 Resort,"1 King Bed, Suite, No smoking,Upgrade",king bedS,King,Suite,5,11504,0,11504,"['Wi-Fi [free]', 'Room size: 40 m²/431 ft²', '1 king bed', 'Separate shower/bathtub', 'Balcony/terrace', 'Mini bar', 'Non-smoking', 'Shared bathroom', 'Closet', 'Air conditioning']",2025-11-13,2025-11-14,https://www.agoda.com/en-in/comfort-suites-foxfire_5/hotel/waupaca-wi-us.html?asq=oSBZUdCJkTqIcAJrG1AX8Jufa9Vwpz6XltTHq4n+9gNpSLc+T+pB%2F8FnmmA8sOyABZMHJNyhPX8Prg%2FH1te1+vz5QyyV4UEqRQ9lzfdTBTxxn3WZkWNFTjlVRW+RlD7cD8zS52LqyqgGzSr4Q1yOV9fXfA8oGge%2Fyp6S5mpJBbOMmQnp4l%2FqxXHScg6%2FIMuw+IlKoH2RRzVED37Mh9Acgg2FjZQhPusmJYf5Wx3Xjom2O005JJr4tzCeQoVcD0pL1BrustHV7sjEhRQROgMYvvtksTw8xHnPyufhKXPrHNNQdwO4DN1hJ7DMFEBjA1tlsOuDhLfZOw1q2rQOnoj14WkhX+Rs50g0fdI7vUoNdFzciZtp1rX4kwueALQiVTpra8Q6YIY31VZ7ikracSjcaStovsPbQgCFuB4p9HKsGMuaiWpH3WUmUhYvwqBgss8OmYaYLY4mpvBQRFZ9DXnGL3Ab7LBfPPeV+xRKkQH%2FZbgm4pJ7H7mRjRxbsMXt2MhO4Waan8nej3fD86snlFzhLkuMmTTH5l9zLcYrLnjeW8QSqYQPBv+WKInhgy0w1c1tNvoKVnqZacA1np0vT683+qJ7vN1f5BqlEQqEAvmbOz7SfkPUnDmorqc9A57NEcuDP1S+AKBERrC%2FMG7qCA47RbfQ3Q3DeNYL8Fxddl6dcJ4c96xaz7wUkXZ4kU0h2nVNlZWZdwncM8i9lIIBkv7NjeRiEG3%2FHEwKwlkdRmn7a0F5nLRnaQbnusi0gbXykZ1nm0FFd++GSO81bPWsXT59pA8oVuEv166puW+LtIBENw0NMrQUqbkI%2FwyytdEKh7axbX90OXicJBjSGrd0%2Fn6OMvEjQybIYbot%2FTwTRAl1aunCMX9snHpla2HignvgSQ6O61oqP%2FsQl%2F5FT6%2FYHOkeZSxDri5N76BASZfIlUTsb%2FUyP%2FDP2PIYc7JCsfLcJiVKj7pGTnjzCTWVz1r2cxbbR1nXBijIPwuA6NzoWPOT+MZRi2C8ObEV3BMBzhh4CflX1f4tMtCkUOcG6AQSFmkuYiMsSy4QJH53bMsCXS2l9OQF+dC5xeJjQ%2F9f4m8IC7o5vJ62KCoAEKZybiY2V65fmulUkzStF1L1fv73voEZZxJ6OrJWWoC+5gLvjwA72fPMjlBDyy8N9snQ0B4PJWHB4g%3D%3D&hotel=203683&ds=qqYuwCdeeyGgIaeA
AGODA_3,agoda,Comfort Suites at Par 4 Resort,"1 King Bed, Suite, No Smoking, Upgrade",king bed,King,Suite,5,11504,0,11504,"['Wi-Fi [free]', 'Room size: 40 m²/431 ft²', '1 king bed', 'Whirlpool bathtub', 'Non-smoking', 'Shared bathroom', 'Closet', 'Air conditioning', 'Coffee/tea maker', 'Refrigerator']",2025-11-13,2025-11-14,https://www.agoda.com/en-in/comfort-suites-foxfire_5/hotel/waupaca-wi-us.html?asq=oSBZUdCJkTqIcAJrG1AX8Jufa9Vwpz6XltTHq4n+9gNpSLc+T+pB%2F8FnmmA8sOyABZMHJNyhPX8Prg%2FH1te1+vz5QyyV4UEqRQ9lzfdTBTxxn3WZkWNFTjlVRW+RlD7cD8zS52LqyqgGzSr4Q1yOV9fXfA8oGge%2Fyp6S5mpJBbOMmQnp4l%2FqxXHScg6%2FIMuw+IlKoH2RRzVED37Mh9Acgg2FjZQhPusmJYf5Wx3Xjom2O005JJr4tzCeQoVcD0pL1BrustHV7sjEhRQROgMYvvtksTw8xHnPyufhKXPrHNNQdwO4DN1hJ7DMFEBjA1tlsOuDhLfZOw1q2rQOnoj14WkhX+Rs50g0fdI7vUoNdFzciZtp1rX4kwueALQiVTpra8Q6YIY31VZ7ikracSjcaStovsPbQgCFuB4p9HKsGMuaiWpH3WUmUhYvwqBgss8OmYaYLY4mpvBQRFZ9DXnGL3Ab7LBfPPeV+xRKkQH%2FZbgm4pJ7H7mRjRxbsMXt2MhO4Waan8nej3fD86snlFzhLkuMmTTH5l9zLcYrLnjeW8QSqYQPBv+WKInhgy0w1c1tNvoKVnqZacA1np0vT683+qJ7vN1f5BqlEQqEAvmbOz7SfkPUnDmorqc9A57NEcuDP1S+AKBERrC%2FMG7qCA47RbfQ3Q3DeNYL8Fxddl6dcJ4c96xaz7wUkXZ4kU0h2nVNlZWZdwncM8i9lIIBkv7NjeRiEG3%2FHEwKwlkdRmn7a0F5nLRnaQbnusi0gbXykZ1nm0FFd++GSO81bPWsXT59pA8oVuEv166puW+LtIBENw0NMrQUqbkI%2FwyytdEKh7axbX90OXicJBjSGrd0%2Fn6OMvEjQybIYbot%2FTwTRAl1aunCMX9snHpla2HignvgSQ6O61oqP%2FsQl%2F5FT6%2FYHOkeZSxDri5N76BASZfIlUTsb%2FUyP%2FDP2PIYc7JCsfLcJiVKj7pGTnjzCTWVz1r2cxbbR1nXBijIPwuA6NzoWPOT+MZRi2C8ObEV3BMBzhh4CflX1f4tMtCkUOcG6AQSFmkuYiMsSy4QJH53bMsCXS2l9OQF+dC5xeJjQ%2F9f4m8IC7o5vJ62KCoAEKZybiY2V65fmulUkzStF1L1fv73voEZZxJ6OrJWWoC+5gLvjwA72fPMjlBDyy8N9snQ0B4PJWHB4g%3D%3D&hotel=203683&ds=qqYuwCdeeyGgIaeA
AGODA_3,agoda,Comfort Suites at Par 4 Resort,"2 Queen Beds, Suite, Nonsmoking",queen beds,Queen,Suite,5,10280,0,10280,"['Wi-Fi [free]', 'Room size: 39 m²/420 ft²', '2 queen beds', 'Mini bar', 'Non-smoking', 'Shared bathroom', 'Closet', 'Air conditioning', 'Coffee/tea maker', 'Refrigerator']",2025-11-14,2025-11-15,https://www.agoda.com/en-in/comfort-suites-foxfire_5/hotel/waupaca-wi-us.html?asq=oSBZUdCJkTqIcAJrG1AX8Jufa9Vwpz6XltTHq4n+9gNpSLc+T+pB%2F8FnmmA8sOyABZMHJNyhPX8Prg%2FH1te1+vz5QyyV4UEqRQ9lzfdTBTxxn3WZkWNFTjlVRW+RlD7cD8zS52LqyqgGzSr4Q1yOV9fXfA8oGge%2Fyp6S5mpJBbOMmQnp4l%2FqxXHScg6%2FIMuw+IlKoH2RRzVED37Mh9Acgg2FjZQhPusmJYf5Wx3Xjom2O005JJr4tzCeQoVcD0pL1BrustHV7sjEhRQROgMYvvtksTw8xHnPyufhKXPrHNNQdwO4DN1hJ7DMFEBjA1tlsOuDhLfZOw1q2rQOnoj14WkhX+Rs50g0fdI7vUoNdFzciZtp1rX4kwueALQiVTpra8Q6YIY31VZ7ikracSjcaStovsPbQgCFuB4p9HKsGMuaiWpH3WUmUhYvwqBgss8OmYaYLY4mpvBQRFZ9DXnGL3Ab7LBfPPeV+xRKkQH%2FZbgm4pJ7H7mRjRxbsMXt2MhO4Waan8nej3fD86snlFzhLkuMmTTH5l9zLcYrLnjeW8QSqYQPBv+WKInhgy0w1c1tNvoKVnqZacA1np0vT683+qJ7vN1f5BqlEQqEAvmbOz7SfkPUnDmorqc9A57NEcuDP1S+AKBERrC%2FMG7qCA47RbfQ3Q3DeNYL8Fxddl6dcJ4c96xaz7wUkXZ4kU0h2nVNlZWZdwncM8i9lIIBkv7NjeRiEG3%2FHEwKwlkdRmn7a0F5nLRnaQbnusi0gbXykZ1nm0FFd++GSO81bPWsXT59pA8oVuEv166puW+LtIBENw0NMrQUqbkI%2FwyytdEKh7axbX90OXicJBjSGrd0%2Fn6OMvEjQybIYbot%2FTwTRAl1aunCMX9snHpla2HignvgSQ6O61oqP%2FsQl%2F5FT6%2FYHOkeZSxDri5N76BASZfIlUTsb%2FUyP%2FDP2PIYc7JCsfLcJiVKj7pGTnjzCTWVz1r2cxbbR1nXBijIPwuA6NzoWPOT+MZRi2C8ObEV3BMBzhh4CflX1f4tMtCkUOcG6AQSFmkuYiMsSy4QJH53bMsCXS2l9OQF+dC5xeJjQ%2F9f4m8IC7o5vJ62KCoAEKZybiY2V65fmulUkzStF1L1fv73voEZZxJ6OrJWWoC+5gLvjwA72fPMjlBDyy8N9snQ0B4PJWHB4g%3D%3D&hotel=203683&ds=qqYuwCdeeyGgIaeA
AGODA_3,agoda,Comfort Suites at Par 4 Resort,"1 King Bed, Suite, Nonsmoking",king bed,King,Suite,5,10418,0,10418,"['1 king bed', 'Non-smoking', 'Coffee/tea maker', 'Refrigerator', 'Hair dryer', 'Shower']",2025-11-14,2025-11-15,https://www.agoda.com/en-in/comfort-suites-foxfire_5/hotel/waupaca-wi-us.html?asq=oSBZUdCJkTqIcAJrG1AX8Jufa9Vwpz6XltTHq4n+9gNpSLc+T+pB%2F8FnmmA8sOyABZMHJNyhPX8Prg%2FH1te1+vz5QyyV4UEqRQ9lzfdTBTxxn3WZkWNFTjlVRW+RlD7cD8zS52LqyqgGzSr4Q1yOV9fXfA8oGge%2Fyp6S5mpJBbOMmQnp4l%2FqxXHScg6%2FIMuw+IlKoH2RRzVED37Mh9Acgg2FjZQhPusmJYf5Wx3Xjom2O005JJr4tzCeQoVcD0pL1BrustHV7sjEhRQROgMYvvtksTw8xHnPyufhKXPrHNNQdwO4DN1hJ7DMFEBjA1tlsOuDhLfZOw1q2rQOnoj14WkhX+Rs50g0fdI7vUoNdFzciZtp1rX4kwueALQiVTpra8Q6YIY31VZ7ikracSjcaStovsPbQgCFuB4p9HKsGMuaiWpH3WUmUhYvwqBgss8OmYaYLY4mpvBQRFZ9DXnGL3Ab7LBfPPeV+xRKkQH%2FZbgm4pJ7H7mRjRxbsMXt2MhO4Waan8nej3fD86snlFzhLkuMmTTH5l9zLcYrLnjeW8QSqYQPBv+WKInhgy0w1c1tNvoKVnqZacA1np0vT683+qJ7vN1f5BqlEQqEAvmbOz7SfkPUnDmorqc9A57NEcuDP1S+AKBERrC%2FMG7qCA47RbfQ3Q3DeNYL8Fxddl6dcJ4c96xaz7wUkXZ4kU0h2nVNlZWZdwncM8i9lIIBkv7NjeRiEG3%2FHEwKwlkdRmn7a0F5nLRnaQbnusi0gbXykZ1nm0FFd++GSO81bPWsXT59pA8oVuEv166puW+LtIBENw0NMrQUqbkI%2FwyytdEKh7axbX90OXicJBjSGrd0%2Fn6OMvEjQybIYbot%2FTwTRAl1aunCMX9snHpla2HignvgSQ6O61oqP%2FsQl%2F5FT6%2FYHOkeZSxDri5N76BASZfIlUTsb%2FUyP%2FDP2PIYc7JCsfLcJiVKj7pGTnjzCTWVz1r2cxbbR1nXBijIPwuA6NzoWPOT+MZRi2C8ObEV3BMBzhh4CflX1f4tMtCkUOcG6AQSFmkuYiMsSy4QJH53bMsCXS2l9OQF+dC5xeJjQ%2F9f4m8IC7o5vJ62KCoAEKZybiY2V65fmulUkzStF1L1fv73voEZZxJ6OrJWWoC+5gLvjwA72fPMjlBDyy8N9snQ0B4PJWHB4g%3D%3D&hotel=203683&ds=qqYuwCdeeyGgIaeA
AGODA_3,agoda,Comfort Suites at Par 4 Resort,"1 King Bed, Suite, Nonsmoking, Accessible",king bed,King,Suite,5,10418,0,10418,"['Wi-Fi [free]', 'Room size: 40 m²/431 ft²', '1 king bed', 'Bathtub', 'Non-smoking', 'Shared bathroom', 'Closet', 'Air conditioning', 'Coffee/tea maker', 'Refrigerator']",2025-11-14,2025-11-15,https://www.agoda.com/en-in/comfort-suites-foxfire_5/hotel/waupaca-wi-us.html?asq=oSBZUdCJkTqIcAJrG1AX8Jufa9Vwpz6XltTHq4n+9gNpSLc+T+pB%2F8FnmmA8sOyABZMHJNyhPX8Prg%2FH1te1+vz5QyyV4UEqRQ9lzfdTBTxxn3WZkWNFTjlVRW+RlD7cD8zS52LqyqgGzSr4Q1yOV9fXfA8oGge%2Fyp6S5mpJBbOMmQnp4l%2FqxXHScg6%2FIMuw+IlKoH2RRzVED37Mh9Acgg2FjZQhPusmJYf5Wx3Xjom2O005JJr4tzCeQoVcD0pL1BrustHV7sjEhRQROgMYvvtksTw8xHnPyufhKXPrHNNQdwO4DN1hJ7DMFEBjA1tlsOuDhLfZOw1q2rQOnoj14WkhX+Rs50g0fdI7vUoNdFzciZtp1rX4kwueALQiVTpra8Q6YIY31VZ7ikracSjcaStovsPbQgCFuB4p9HKsGMuaiWpH3WUmUhYvwqBgss8OmYaYLY4mpvBQRFZ9DXnGL3Ab7LBfPPeV+xRKkQH%2FZbgm4pJ7H7mRjRxbsMXt2MhO4Waan8nej3fD86snlFzhLkuMmTTH5l9zLcYrLnjeW8QSqYQPBv+WKInhgy0w1c1tNvoKVnqZacA1np0vT683+qJ7vN1f5BqlEQqEAvmbOz7SfkPUnDmorqc9A57NEcuDP1S+AKBERrC%2FMG7qCA47RbfQ3Q3DeNYL8Fxddl6dcJ4c96xaz7wUkXZ4kU0h2nVNlZWZdwncM8i9lIIBkv7NjeRiEG3%2FHEwKwlkdRmn7a0F5nLRnaQbnusi0gbXykZ1nm0FFd++GSO81bPWsXT59pA8oVuEv166puW+LtIBENw0NMrQUqbkI%2FwyytdEKh7axbX90OXicJBjSGrd0%2Fn6OMvEjQybIYbot%2FTwTRAl1aunCMX9snHpla2HignvgSQ6O61oqP%2FsQl%2F5FT6%2FYHOkeZSxDri5N76BASZfIlUTsb%2FUyP%2FDP2PIYc7JCsfLcJiVKj7pGTnjzCTWVz1r2cxbbR1nXBijIPwuA6NzoWPOT+MZRi2C8ObEV3BMBzhh4CflX1f4tMtCkUOcG6AQSFmkuYiMsSy4QJH53bMsCXS2l9OQF+dC5xeJjQ%2F9f4m8IC7o5vJ62KCoAEKZybiY2V65fmulUkzStF1L1fv73voEZZxJ6OrJWWoC+5gLvjwA72fPMjlBDyy8N9snQ0B4PJWHB4g%3D%3D&hotel=203683&ds=qqYuwCdeeyGgIaeA
AGODA_3,agoda,Comfort Suites at Par 4 Resort,"1 King Bed, Suite, No Smoking",king bed,King,Suite,5,10418,0,10418,"['Wi-Fi [free]', 'Room size: 39 m²/420 ft²', '1 king bed', 'Mini bar', 'Non-smoking', 'Shared bathroom', 'Closet', 'Air conditioning', 'Coffee/tea maker', 'Refrigerator']",2025-11-14,2025-11-15,https://www.agoda.com/en-in/comfort-suites-foxfire_5/hotel/waupaca-wi-us.html?asq=oSBZUdCJkTqIcAJrG1AX8Jufa9Vwpz6XltTHq4n+9gNpSLc+T+pB%2F8FnmmA8sOyABZMHJNyhPX8Prg%2FH1te1+vz5QyyV4UEqRQ9lzfdTBTxxn3WZkWNFTjlVRW+RlD7cD8zS52LqyqgGzSr4Q1yOV9fXfA8oGge%2Fyp6S5mpJBbOMmQnp4l%2FqxXHScg6%2FIMuw+IlKoH2RRzVED37Mh9Acgg2FjZQhPusmJYf5Wx3Xjom2O005JJr4tzCeQoVcD0pL1BrustHV7sjEhRQROgMYvvtksTw8xHnPyufhKXPrHNNQdwO4DN1hJ7DMFEBjA1tlsOuDhLfZOw1q2rQOnoj14WkhX+Rs50g0fdI7vUoNdFzciZtp1rX4kwueALQiVTpra8Q6YIY31VZ7ikracSjcaStovsPbQgCFuB4p9HKsGMuaiWpH3WUmUhYvwqBgss8OmYaYLY4mpvBQRFZ9DXnGL3Ab7LBfPPeV+xRKkQH%2FZbgm4pJ7H7mRjRxbsMXt2MhO4Waan8nej3fD86snlFzhLkuMmTTH5l9zLcYrLnjeW8QSqYQPBv+WKInhgy0w1c1tNvoKVnqZacA1np0vT683+qJ7vN1f5BqlEQqEAvmbOz7SfkPUnDmorqc9A57NEcuDP1S+AKBERrC%2FMG7qCA47RbfQ3Q3DeNYL8Fxddl6dcJ4c96xaz7wUkXZ4kU0h2nVNlZWZdwncM8i9lIIBkv7NjeRiEG3%2FHEwKwlkdRmn7a0F5nLRnaQbnusi0gbXykZ1nm0FFd++GSO81bPWsXT59pA8oVuEv166puW+LtIBENw0NMrQUqbkI%2FwyytdEKh7axbX90OXicJBjSGrd0%2Fn6OMvEjQybIYbot%2FTwTRAl1aunCMX9snHpla2HignvgSQ6O61oqP%2FsQl%2F5FT6%2FYHOkeZSxDri5N76BASZfIlUTsb%2FUyP%2FDP2PIYc7JCsfLcJiVKj7pGTnjzCTWVz1r2cxbbR1nXBijIPwuA6NzoWPOT+MZRi2C8ObEV3BMBzhh4CflX1f4tMtCkUOcG6AQSFmkuYiMsSy4QJH53bMsCXS2l9OQF+dC5xeJjQ%2F9f4m8IC7o5vJ62KCoAEKZybiY2V65fmulUkzStF1L1fv73voEZZxJ6OrJWWoC+5gLvjwA72fPMjlBDyy8N9snQ0B4PJWHB4g%3D%3D&hotel=203683&ds=qqYuwCdeeyGgIaeA
AGODA_3,agoda,Comfort Suites at Par 4 Resort,"1 King Bed, Suite, No smoking,Upgrade",king bedS,King,Suite,5,10913,0,10913,"['Wi-Fi [free]', 'Room size: 40 m²/431 ft²', '1 king bed', 'Separate shower/bathtub', 'Balcony/terrace', 'Mini bar', 'Non-smoking', 'Shared bathroom', 'Closet', 'Air conditioning']",2025-11-14,2025-11-15,https://www.agoda.com/en-in/comfort-suites-foxfire_5/hotel/waupaca-wi-us.html?asq=oSBZUdCJkTqIcAJrG1AX8Jufa9Vwpz6XltTHq4n+9gNpSLc+T+pB%2F8FnmmA8sOyABZMHJNyhPX8Prg%2FH1te1+vz5QyyV4UEqRQ9lzfdTBTxxn3WZkWNFTjlVRW+RlD7cD8zS52LqyqgGzSr4Q1yOV9fXfA8oGge%2Fyp6S5mpJBbOMmQnp4l%2FqxXHScg6%2FIMuw+IlKoH2RRzVED37Mh9Acgg2FjZQhPusmJYf5Wx3Xjom2O005JJr4tzCeQoVcD0pL1BrustHV7sjEhRQROgMYvvtksTw8xHnPyufhKXPrHNNQdwO4DN1hJ7DMFEBjA1tlsOuDhLfZOw1q2rQOnoj14WkhX+Rs50g0fdI7vUoNdFzciZtp1rX4kwueALQiVTpra8Q6YIY31VZ7ikracSjcaStovsPbQgCFuB4p9HKsGMuaiWpH3WUmUhYvwqBgss8OmYaYLY4mpvBQRFZ9DXnGL3Ab7LBfPPeV+xRKkQH%2FZbgm4pJ7H7mRjRxbsMXt2MhO4Waan8nej3fD86snlFzhLkuMmTTH5l9zLcYrLnjeW8QSqYQPBv+WKInhgy0w1c1tNvoKVnqZacA1np0vT683+qJ7vN1f5BqlEQqEAvmbOz7SfkPUnDmorqc9A57NEcuDP1S+AKBERrC%2FMG7qCA47RbfQ3Q3DeNYL8Fxddl6dcJ4c96xaz7wUkXZ4kU0h2nVNlZWZdwncM8i9lIIBkv7NjeRiEG3%2FHEwKwlkdRmn7a0F5nLRnaQbnusi0gbXykZ1nm0FFd++GSO81bPWsXT59pA8oVuEv166puW+LtIBENw0NMrQUqbkI%2FwyytdEKh7axbX90OXicJBjSGrd0%2Fn6OMvEjQybIYbot%2FTwTRAl1aunCMX9snHpla2HignvgSQ6O61oqP%2FsQl%2F5FT6%2FYHOkeZSxDri5N76BASZfIlUTsb%2FUyP%2FDP2PIYc7JCsfLcJiVKj7pGTnjzCTWVz1r2cxbbR1nXBijIPwuA6NzoWPOT+MZRi2C8ObEV3BMBzhh4CflX1f4tMtCkUOcG6AQSFmkuYiMsSy4QJH53bMsCXS2l9OQF+dC5xeJjQ%2F9f4m8IC7o5vJ62KCoAEKZybiY2V65fmulUkzStF1L1fv73voEZZxJ6OrJWWoC+5gLvjwA72fPMjlBDyy8N9snQ0B4PJWHB4g%3D%3D&hotel=203683&ds=qqYuwCdeeyGgIaeA
AGODA_3,agoda,Comfort Suites at Par 4 Resort,"1 King Bed, Suite, No Smoking, Upgrade",king bed,King,Suite,5,10913,0,10913,"['Wi-Fi [free]', 'Room size: 40 m²/431 ft²', '1 king bed', 'Whirlpool bathtub', 'Non-smoking', 'Shared bathroom', 'Closet', 'Air conditioning', 'Coffee/tea maker', 'Refrigerator']",2025-11-14,2025-11-15,https://www.agoda.com/en-in/comfort-suites-foxfire_5/hotel/waupaca-wi-us.html?asq=oSBZUdCJkTqIcAJrG1AX8Jufa9Vwpz6XltTHq4n+9gNpSLc+T+pB%2F8FnmmA8sOyABZMHJNyhPX8Prg%2FH1te1+vz5QyyV4UEqRQ9lzfdTBTxxn3WZkWNFTjlVRW+RlD7cD8zS52LqyqgGzSr4Q1yOV9fXfA8oGge%2Fyp6S5mpJBbOMmQnp4l%2FqxXHScg6%2FIMuw+IlKoH2RRzVED37Mh9Acgg2FjZQhPusmJYf5Wx3Xjom2O005JJr4tzCeQoVcD0pL1BrustHV7sjEhRQROgMYvvtksTw8xHnPyufhKXPrHNNQdwO4DN1hJ7DMFEBjA1tlsOuDhLfZOw1q2rQOnoj14WkhX+Rs50g0fdI7vUoNdFzciZtp1rX4kwueALQiVTpra8Q6YIY31VZ7ikracSjcaStovsPbQgCFuB4p9HKsGMuaiWpH3WUmUhYvwqBgss8OmYaYLY4mpvBQRFZ9DXnGL3Ab7LBfPPeV+xRKkQH%2FZbgm4pJ7H7mRjRxbsMXt2MhO4Waan8nej3fD86snlFzhLkuMmTTH5l9zLcYrLnjeW8QSqYQPBv+WKInhgy0w1c1tNvoKVnqZacA1np0vT683+qJ7vN1f5BqlEQqEAvmbOz7SfkPUnDmorqc9A57NEcuDP1S+AKBERrC%2FMG7qCA47RbfQ3Q3DeNYL8Fxddl6dcJ4c96xaz7wUkXZ4kU0h2nVNlZWZdwncM8i9lIIBkv7NjeRiEG3%2FHEwKwlkdRmn7a0F5nLRnaQbnusi0gbXykZ1nm0FFd++GSO81bPWsXT59pA8oVuEv166puW+LtIBENw0NMrQUqbkI%2FwyytdEKh7axbX90OXicJBjSGrd0%2Fn6OMvEjQybIYbot%2FTwTRAl1aunCMX9snHpla2HignvgSQ6O61oqP%2FsQl%2F5FT6%2FYHOkeZSxDri5N76BASZfIlUTsb%2FUyP%2FDP2PIYc7JCsfLcJiVKj7pGTnjzCTWVz1r2cxbbR1nXBijIPwuA6NzoWPOT+MZRi2C8ObEV3BMBzhh4CflX1f4tMtCkUOcG6AQSFmkuYiMsSy4QJH53bMsCXS2l9OQF+dC5xeJjQ%2F9f4m8IC7o5vJ62KCoAEKZybiY2V65fmulUkzStF1L1fv73voEZZxJ6OrJWWoC+5gLvjwA72fPMjlBDyy8N9snQ0B4PJWHB4g%3D%3D&hotel=203683&ds=qqYuwCdeeyGgIaeA
AGODA_3,agoda,Comfort Suites at Par 4 Resort,"2 Queen Beds, Suite, Nonsmoking",queen beds,Queen,Suite,5,9369,0,9369,"['Wi-Fi [free]', 'Room size: 39 m²/420 ft²', '2 queen beds', 'Mini bar', 'Non-smoking', 'Shared bathroom', 'Closet', 'Air conditioning', 'Coffee/tea maker', 'Refrigerator']",2025-11-15,2025-11-16,https://www.agoda.com/en-in/comfort-suites-foxfire_5/hotel/waupaca-wi-us.html?asq=oSBZUdCJkTqIcAJrG1AX8Jufa9Vwpz6XltTHq4n+9gNpSLc+T+pB%2F8FnmmA8sOyABZMHJNyhPX8Prg%2FH1te1+vz5QyyV4UEqRQ9lzfdTBTxxn3WZkWNFTjlVRW+RlD7cD8zS52LqyqgGzSr4Q1yOV9fXfA8oGge%2Fyp6S5mpJBbOMmQnp4l%2FqxXHScg6%2FIMuw+IlKoH2RRzVED37Mh9Acgg2FjZQhPusmJYf5Wx3Xjom2O005JJr4tzCeQoVcD0pL1BrustHV7sjEhRQROgMYvvtksTw8xHnPyufhKXPrHNNQdwO4DN1hJ7DMFEBjA1tlsOuDhLfZOw1q2rQOnoj14WkhX+Rs50g0fdI7vUoNdFzciZtp1rX4kwueALQiVTpra8Q6YIY31VZ7ikracSjcaStovsPbQgCFuB4p9HKsGMuaiWpH3WUmUhYvwqBgss8OmYaYLY4mpvBQRFZ9DXnGL3Ab7LBfPPeV+xRKkQH%2FZbgm4pJ7H7mRjRxbsMXt2MhO4Waan8nej3fD86snlFzhLkuMmTTH5l9zLcYrLnjeW8QSqYQPBv+WKInhgy0w1c1tNvoKVnqZacA1np0vT683+qJ7vN1f5BqlEQqEAvmbOz7SfkPUnDmorqc9A57NEcuDP1S+AKBERrC%2FMG7qCA47RbfQ3Q3DeNYL8Fxddl6dcJ4c96xaz7wUkXZ4kU0h2nVNlZWZdwncM8i9lIIBkv7NjeRiEG3%2FHEwKwlkdRmn7a0F5nLRnaQbnusi0gbXykZ1nm0FFd++GSO81bPWsXT59pA8oVuEv166puW+LtIBENw0NMrQUqbkI%2FwyytdEKh7axbX90OXicJBjSGrd0%2Fn6OMvEjQybIYbot%2FTwTRAl1aunCMX9snHpla2HignvgSQ6O61oqP%2FsQl%2F5FT6%2FYHOkeZSxDri5N76BASZfIlUTsb%2FUyP%2FDP2PIYc7JCsfLcJiVKj7pGTnjzCTWVz1r2cxbbR1nXBijIPwuA6NzoWPOT+MZRi2C8ObEV3BMBzhh4CflX1f4tMtCkUOcG6AQSFmkuYiMsSy4QJH53bMsCXS2l9OQF+dC5xeJjQ%2F9f4m8IC7o5vJ62KCoAEKZybiY2V65fmulUkzStF1L1fv73voEZZxJ6OrJWWoC+5gLvjwA72fPMjlBDyy8N9snQ0B4PJWHB4g%3D%3D&hotel=203683&ds=qqYuwCdeeyGgIaeA
AGODA_3,agoda,Comfort Suites at Par 4 Resort,"1 King Bed, Suite, Nonsmoking",king bed,King,Suite,5,10085,0,10085,"['1 king bed', 'Non-smoking', 'Coffee/tea maker', 'Refrigerator', 'Hair dryer', 'Shower']",2025-11-15,2025-11-16,https://www.agoda.com/en-in/comfort-suites-foxfire_5/hotel/waupaca-wi-us.html?asq=oSBZUdCJkTqIcAJrG1AX8Jufa9Vwpz6XltTHq4n+9gNpSLc+T+pB%2F8FnmmA8sOyABZMHJNyhPX8Prg%2FH1te1+vz5QyyV4UEqRQ9lzfdTBTxxn3WZkWNFTjlVRW+RlD7cD8zS52LqyqgGzSr4Q1yOV9fXfA8oGge%2Fyp6S5mpJBbOMmQnp4l%2FqxXHScg6%2FIMuw+IlKoH2RRzVED37Mh9Acgg2FjZQhPusmJYf5Wx3Xjom2O005JJr4tzCeQoVcD0pL1BrustHV7sjEhRQROgMYvvtksTw8xHnPyufhKXPrHNNQdwO4DN1hJ7DMFEBjA1tlsOuDhLfZOw1q2rQOnoj14WkhX+Rs50g0fdI7vUoNdFzciZtp1rX4kwueALQiVTpra8Q6YIY31VZ7ikracSjcaStovsPbQgCFuB4p9HKsGMuaiWpH3WUmUhYvwqBgss8OmYaYLY4mpvBQRFZ9DXnGL3Ab7LBfPPeV+xRKkQH%2FZbgm4pJ7H7mRjRxbsMXt2MhO4Waan8nej3fD86snlFzhLkuMmTTH5l9zLcYrLnjeW8QSqYQPBv+WKInhgy0w1c1tNvoKVnqZacA1np0vT683+qJ7vN1f5BqlEQqEAvmbOz7SfkPUnDmorqc9A57NEcuDP1S+AKBERrC%2FMG7qCA47RbfQ3Q3DeNYL8Fxddl6dcJ4c96xaz7wUkXZ4kU0h2nVNlZWZdwncM8i9lIIBkv7NjeRiEG3%2FHEwKwlkdRmn7a0F5nLRnaQbnusi0gbXykZ1nm0FFd++GSO81bPWsXT59pA8oVuEv166puW+LtIBENw0NMrQUqbkI%2FwyytdEKh7axbX90OXicJBjSGrd0%2Fn6OMvEjQybIYbot%2FTwTRAl1aunCMX9snHpla2HignvgSQ6O61oqP%2FsQl%2F5FT6%2FYHOkeZSxDri5N76BASZfIlUTsb%2FUyP%2FDP2PIYc7JCsfLcJiVKj7pGTnjzCTWVz1r2cxbbR1nXBijIPwuA6NzoWPOT+MZRi2C8ObEV3BMBzhh4CflX1f4tMtCkUOcG6AQSFmkuYiMsSy4QJH53bMsCXS2l9OQF+dC5xeJjQ%2F9f4m8IC7o5vJ62KCoAEKZybiY2V65fmulUkzStF1L1fv73voEZZxJ6OrJWWoC+5gLvjwA72fPMjlBDyy8N9snQ0B4PJWHB4g%3D%3D&hotel=203683&ds=qqYuwCdeeyGgIaeA
AGODA_3,agoda,Comfort Suites at Par 4 Resort,"1 King Bed, Suite, Nonsmoking, Accessible",king bed,King,Suite,5,10085,0,10085,"['Wi-Fi [free]', 'Room size: 40 m²/431 ft²', '1 king bed', 'Bathtub', 'Non-smoking', 'Shared bathroom', 'Closet', 'Air conditioning', 'Coffee/tea maker', 'Refrigerator']",2025-11-15,2025-11-16,https://www.agoda.com/en-in/comfort-suites-foxfire_5/hotel/waupaca-wi-us.html?asq=oSBZUdCJkTqIcAJrG1AX8Jufa9Vwpz6XltTHq4n+9gNpSLc+T+pB%2F8FnmmA8sOyABZMHJNyhPX8Prg%2FH1te1+vz5QyyV4UEqRQ9lzfdTBTxxn3WZkWNFTjlVRW+RlD7cD8zS52LqyqgGzSr4Q1yOV9fXfA8oGge%2Fyp6S5mpJBbOMmQnp4l%2FqxXHScg6%2FIMuw+IlKoH2RRzVED37Mh9Acgg2FjZQhPusmJYf5Wx3Xjom2O005JJr4tzCeQoVcD0pL1BrustHV7sjEhRQROgMYvvtksTw8xHnPyufhKXPrHNNQdwO4DN1hJ7DMFEBjA1tlsOuDhLfZOw1q2rQOnoj14WkhX+Rs50g0fdI7vUoNdFzciZtp1rX4kwueALQiVTpra8Q6YIY31VZ7ikracSjcaStovsPbQgCFuB4p9HKsGMuaiWpH3WUmUhYvwqBgss8OmYaYLY4mpvBQRFZ9DXnGL3Ab7LBfPPeV+xRKkQH%2FZbgm4pJ7H7mRjRxbsMXt2MhO4Waan8nej3fD86snlFzhLkuMmTTH5l9zLcYrLnjeW8QSqYQPBv+WKInhgy0w1c1tNvoKVnqZacA1np0vT683+qJ7vN1f5BqlEQqEAvmbOz7SfkPUnDmorqc9A57NEcuDP1S+AKBERrC%2FMG7qCA47RbfQ3Q3DeNYL8Fxddl6dcJ4c96xaz7wUkXZ4kU0h2nVNlZWZdwncM8i9lIIBkv7NjeRiEG3%2FHEwKwlkdRmn7a0F5nLRnaQbnusi0gbXykZ1nm0FFd++GSO81bPWsXT59pA8oVuEv166puW+LtIBENw0NMrQUqbkI%2FwyytdEKh7axbX90OXicJBjSGrd0%2Fn6OMvEjQybIYbot%2FTwTRAl1aunCMX9snHpla2HignvgSQ6O61oqP%2FsQl%2F5FT6%2FYHOkeZSxDri5N76BASZfIlUTsb%2FUyP%2FDP2PIYc7JCsfLcJiVKj7pGTnjzCTWVz1r2cxbbR1nXBijIPwuA6NzoWPOT+MZRi2C8ObEV3BMBzhh4CflX1f4tMtCkUOcG6AQSFmkuYiMsSy4QJH53bMsCXS2l9OQF+dC5xeJjQ%2F9f4m8IC7o5vJ62KCoAEKZybiY2V65fmulUkzStF1L1fv73voEZZxJ6OrJWWoC+5gLvjwA72fPMjlBDyy8N9snQ0B4PJWHB4g%3D%3D&hotel=203683&ds=qqYuwCdeeyGgIaeA
AGODA_3,agoda,Comfort Suites at Par 4 Resort,"1 King Bed, Suite, No Smoking",king bed,King,Suite,5,10085,0,10085,"['Wi-Fi [free]', 'Room size: 39 m²/420 ft²', '1 king bed', 'Mini bar', 'Non-smoking', 'Shared bathroom', 'Closet', 'Air conditioning', 'Coffee/tea maker', 'Refrigerator']",2025-11-15,2025-11-16,https://www.agoda.com/en-in/comfort-suites-foxfire_5/hotel/waupaca-wi-us.html?asq=oSBZUdCJkTqIcAJrG1AX8Jufa9Vwpz6XltTHq4n+9gNpSLc+T+pB%2F8FnmmA8sOyABZMHJNyhPX8Prg%2FH1te1+vz5QyyV4UEqRQ9lzfdTBTxxn3WZkWNFTjlVRW+RlD7cD8zS52LqyqgGzSr4Q1yOV9fXfA8oGge%2Fyp6S5mpJBbOMmQnp4l%2FqxXHScg6%2FIMuw+IlKoH2RRzVED37Mh9Acgg2FjZQhPusmJYf5Wx3Xjom2O005JJr4tzCeQoVcD0pL1BrustHV7sjEhRQROgMYvvtksTw8xHnPyufhKXPrHNNQdwO4DN1hJ7DMFEBjA1tlsOuDhLfZOw1q2rQOnoj14WkhX+Rs50g0fdI7vUoNdFzciZtp1rX4kwueALQiVTpra8Q6YIY31VZ7ikracSjcaStovsPbQgCFuB4p9HKsGMuaiWpH3WUmUhYvwqBgss8OmYaYLY4mpvBQRFZ9DXnGL3Ab7LBfPPeV+xRKkQH%2FZbgm4pJ7H7mRjRxbsMXt2MhO4Waan8nej3fD86snlFzhLkuMmTTH5l9zLcYrLnjeW8QSqYQPBv+WKInhgy0w1c1tNvoKVnqZacA1np0vT683+qJ7vN1f5BqlEQqEAvmbOz7SfkPUnDmorqc9A57NEcuDP1S+AKBERrC%2FMG7qCA47RbfQ3Q3DeNYL8Fxddl6dcJ4c96xaz7wUkXZ4kU0h2nVNlZWZdwncM8i9lIIBkv7NjeRiEG3%2FHEwKwlkdRmn7a0F5nLRnaQbnusi0gbXykZ1nm0FFd++GSO81bPWsXT59pA8oVuEv166puW+LtIBENw0NMrQUqbkI%2FwyytdEKh7axbX90OXicJBjSGrd0%2Fn6OMvEjQybIYbot%2FTwTRAl1aunCMX9snHpla2HignvgSQ6O61oqP%2FsQl%2F5FT6%2FYHOkeZSxDri5N76BASZfIlUTsb%2FUyP%2FDP2PIYc7JCsfLcJiVKj7pGTnjzCTWVz1r2cxbbR1nXBijIPwuA6NzoWPOT+MZRi2C8ObEV3BMBzhh4CflX1f4tMtCkUOcG6AQSFmkuYiMsSy4QJH53bMsCXS2l9OQF+dC5xeJjQ%2F9f4m8IC7o5vJ62KCoAEKZybiY2V65fmulUkzStF1L1fv73voEZZxJ6OrJWWoC+5gLvjwA72fPMjlBDyy8N9snQ0B4PJWHB4g%3D%3D&hotel=203683&ds=qqYuwCdeeyGgIaeA
AGODA_3,agoda,Comfort Suites at Par 4 Resort,"1 King Bed, Suite, No smoking,Upgrade",king bedS,King,Suite,5,10716,0,10716,"['Wi-Fi [free]', 'Room size: 40 m²/431 ft²', '1 king bed', 'Separate shower/bathtub', 'Balcony/terrace', 'Mini bar', 'Non-smoking', 'Shared bathroom', 'Closet', 'Air conditioning']",2025-11-15,2025-11-16,https://www.agoda.com/en-in/comfort-suites-foxfire_5/hotel/waupaca-wi-us.html?asq=oSBZUdCJkTqIcAJrG1AX8Jufa9Vwpz6XltTHq4n+9gNpSLc+T+pB%2F8FnmmA8sOyABZMHJNyhPX8Prg%2FH1te1+vz5QyyV4UEqRQ9lzfdTBTxxn3WZkWNFTjlVRW+RlD7cD8zS52LqyqgGzSr4Q1yOV9fXfA8oGge%2Fyp6S5mpJBbOMmQnp4l%2FqxXHScg6%2FIMuw+IlKoH2RRzVED37Mh9Acgg2FjZQhPusmJYf5Wx3Xjom2O005JJr4tzCeQoVcD0pL1BrustHV7sjEhRQROgMYvvtksTw8xHnPyufhKXPrHNNQdwO4DN1hJ7DMFEBjA1tlsOuDhLfZOw1q2rQOnoj14WkhX+Rs50g0fdI7vUoNdFzciZtp1rX4kwueALQiVTpra8Q6YIY31VZ7ikracSjcaStovsPbQgCFuB4p9HKsGMuaiWpH3WUmUhYvwqBgss8OmYaYLY4mpvBQRFZ9DXnGL3Ab7LBfPPeV+xRKkQH%2FZbgm4pJ7H7mRjRxbsMXt2MhO4Waan8nej3fD86snlFzhLkuMmTTH5l9zLcYrLnjeW8QSqYQPBv+WKInhgy0w1c1tNvoKVnqZacA1np0vT683+qJ7vN1f5BqlEQqEAvmbOz7SfkPUnDmorqc9A57NEcuDP1S+AKBERrC%2FMG7qCA47RbfQ3Q3DeNYL8Fxddl6dcJ4c96xaz7wUkXZ4kU0h2nVNlZWZdwncM8i9lIIBkv7NjeRiEG3%2FHEwKwlkdRmn7a0F5nLRnaQbnusi0gbXykZ1nm0FFd++GSO81bPWsXT59pA8oVuEv166puW+LtIBENw0NMrQUqbkI%2FwyytdEKh7axbX90OXicJBjSGrd0%2Fn6OMvEjQybIYbot%2FTwTRAl1aunCMX9snHpla2HignvgSQ6O61oqP%2FsQl%2F5FT6%2FYHOkeZSxDri5N76BASZfIlUTsb%2FUyP%2FDP2PIYc7JCsfLcJiVKj7pGTnjzCTWVz1r2cxbbR1nXBijIPwuA6NzoWPOT+MZRi2C8ObEV3BMBzhh4CflX1f4tMtCkUOcG6AQSFmkuYiMsSy4QJH53bMsCXS2l9OQF+dC5xeJjQ%2F9f4m8IC7o5vJ62KCoAEKZybiY2V65fmulUkzStF1L1fv73voEZZxJ6OrJWWoC+5gLvjwA72fPMjlBDyy8N9snQ0B4PJWHB4g%3D%3D&hotel=203683&ds=qqYuwCdeeyGgIaeA
AGODA_3,agoda,Comfort Suites at Par 4 Resort,"1 King Bed, Suite, No Smoking, Upgrade",king bed,King,Suite,5,10716,0,10716,"['Wi-Fi [free]', 'Room size: 40 m²/431 ft²', '1 king bed', 'Whirlpool bathtub', 'Non-smoking', 'Shared bathroom', 'Closet', 'Air conditioning', 'Coffee/tea maker', 'Refrigerator']",2025-11-15,2025-11-16,https://www.agoda.com/en-in/comfort-suites-foxfire_5/hotel/waupaca-wi-us.html?asq=oSBZUdCJkTqIcAJrG1AX8Jufa9Vwpz6XltTHq4n+9gNpSLc+T+pB%2F8FnmmA8sOyABZMHJNyhPX8Prg%2FH1te1+vz5QyyV4UEqRQ9lzfdTBTxxn3WZkWNFTjlVRW+RlD7cD8zS52LqyqgGzSr4Q1yOV9fXfA8oGge%2Fyp6S5mpJBbOMmQnp4l%2FqxXHScg6%2FIMuw+IlKoH2RRzVED37Mh9Acgg2FjZQhPusmJYf5Wx3Xjom2O005JJr4tzCeQoVcD0pL1BrustHV7sjEhRQROgMYvvtksTw8xHnPyufhKXPrHNNQdwO4DN1hJ7DMFEBjA1tlsOuDhLfZOw1q2rQOnoj14WkhX+Rs50g0fdI7vUoNdFzciZtp1rX4kwueALQiVTpra8Q6YIY31VZ7ikracSjcaStovsPbQgCFuB4p9HKsGMuaiWpH3WUmUhYvwqBgss8OmYaYLY4mpvBQRFZ9DXnGL3Ab7LBfPPeV+xRKkQH%2FZbgm4pJ7H7mRjRxbsMXt2MhO4Waan8nej3fD86snlFzhLkuMmTTH5l9zLcYrLnjeW8QSqYQPBv+WKInhgy0w1c1tNvoKVnqZacA1np0vT683+qJ7vN1f5BqlEQqEAvmbOz7SfkPUnDmorqc9A57NEcuDP1S+AKBERrC%2FMG7qCA47RbfQ3Q3DeNYL8Fxddl6dcJ4c96xaz7wUkXZ4kU0h2nVNlZWZdwncM8i9lIIBkv7NjeRiEG3%2FHEwKwlkdRmn7a0F5nLRnaQbnusi0gbXykZ1nm0FFd++GSO81bPWsXT59pA8oVuEv166puW+LtIBENw0NMrQUqbkI%2FwyytdEKh7axbX90OXicJBjSGrd0%2Fn6OMvEjQybIYbot%2FTwTRAl1aunCMX9snHpla2HignvgSQ6O61oqP%2FsQl%2F5FT6%2FYHOkeZSxDri5N76BASZfIlUTsb%2FUyP%2FDP2PIYc7JCsfLcJiVKj7pGTnjzCTWVz1r2cxbbR1nXBijIPwuA6NzoWPOT+MZRi2C8ObEV3BMBzhh4CflX1f4tMtCkUOcG6AQSFmkuYiMsSy4QJH53bMsCXS2l9OQF+dC5xeJjQ%2F9f4m8IC7o5vJ62KCoAEKZybiY2V65fmulUkzStF1L1fv73voEZZxJ6OrJWWoC+5gLvjwA72fPMjlBDyy8N9snQ0B4PJWHB4g%3D%3D&hotel=203683&ds=qqYuwCdeeyGgIaeA
AGODA_4,agoda,Ramada by Wyndham Waupaca,"2 Queen Beds, Non-Smoking",king bed,King,Normal,0,5188,0,5188,"['Wi-Fi [free]', 'Room size: 30 m²/323 ft²', '1 king bed and 1 sofa bed', 'Bathtub', 'Window', 'Non-smoking', 'Private bathroom', 'Individual air conditioning', 'Coffee/tea maker', 'Refrigerator']",2025-11-03,2025-11-04,https://www.agoda.com/en-in/ramada-waupaca_4/hotel/waupaca-wi-us.html?countryId=181&finalPriceView=1&isShowMobileAppPrice=false&cid=1922885&numberOfBedrooms=&familyMode=false&adults=1&children=0&rooms=1&maxRooms=0&checkIn=2025-11-1&isCalendarCallout=false&childAges=&numberOfGuest=0&missingChildAges=false&travellerType=0&showReviewSubmissionEntry=false&currencyCode=USD&isFreeOccSearch=false&tspTypes=16%2C8&los=4&searchrequestid=709a39e5-55e4-4ffc-a2af-37ab37f66aaa&ds=qqYuwCdeeyGgIaeA
AGODA_4,agoda,Ramada by Wyndham Waupaca,"1 Queen Bed, Non-Smoking",double bed,Double,Normal,0,5188,0,5188,"['Wi-Fi [free]', 'Room size: 30 m²/323 ft²', '1 double bed', 'Bathtub', 'Window', 'Non-smoking', 'Private bathroom', 'Individual air conditioning', 'Coffee/tea maker', 'Refrigerator']",2025-11-03,2025-11-04,https://www.agoda.com/en-in/ramada-waupaca_4/hotel/waupaca-wi-us.html?countryId=181&finalPriceView=1&isShowMobileAppPrice=false&cid=1922885&numberOfBedrooms=&familyMode=false&adults=1&children=0&rooms=1&maxRooms=0&checkIn=2025-11-1&isCalendarCallout=false&childAges=&numberOfGuest=0&missingChildAges=false&travellerType=0&showReviewSubmissionEntry=false&currencyCode=USD&isFreeOccSearch=false&tspTypes=16%2C8&los=4&searchrequestid=709a39e5-55e4-4ffc-a2af-37ab37f66aaa&ds=qqYuwCdeeyGgIaeA
AGODA_4,agoda,Ramada by Wyndham Waupaca,"2 Queen Beds, Mobility Accessible Room, Bathtub W/ Grab Bars, Non-Smoking",king bed,King,Normal,0,5188,0,5188,"['Wi-Fi [free]', 'Room size: 30 m²/323 ft²', '1 king bed and 1 sofa bed', 'Bathtub', 'Window', 'Non-smoking', 'Private bathroom', 'Individual air conditioning', 'Coffee/tea maker', 'Refrigerator']",2025-11-03,2025-11-04,https://www.agoda.com/en-in/ramada-waupaca_4/hotel/waupaca-wi-us.html?countryId=181&finalPriceView=1&isShowMobileAppPrice=false&cid=1922885&numberOfBedrooms=&familyMode=false&adults=1&children=0&rooms=1&maxRooms=0&checkIn=2025-11-1&isCalendarCallout=false&childAges=&numberOfGuest=0&missingChildAges=false&travellerType=0&showReviewSubmissionEntry=false&currencyCode=USD&isFreeOccSearch=false&tspTypes=16%2C8&los=4&searchrequestid=709a39e5-55e4-4ffc-a2af-37ab37f66aaa&ds=qqYuwCdeeyGgIaeA
AGODA_4,agoda,Ramada by Wyndham Waupaca,King Room - Non-Smoking,king bed,King,Normal,0,5188,0,5188,"['Wi-Fi [free]', 'Room size: 30 m²/323 ft²', '1 king bed', 'Bathtub', 'Window', 'Non-smoking', 'Private bathroom', 'Individual air conditioning', 'Coffee/tea maker', 'Refrigerator']",2025-11-03,2025-11-04,https://www.agoda.com/en-in/ramada-waupaca_4/hotel/waupaca-wi-us.html?countryId=181&finalPriceView=1&isShowMobileAppPrice=false&cid=1922885&numberOfBedrooms=&familyMode=false&adults=1&children=0&rooms=1&maxRooms=0&checkIn=2025-11-1&isCalendarCallout=false&childAges=&numberOfGuest=0&missingChildAges=false&travellerType=0&showReviewSubmissionEntry=false&currencyCode=USD&isFreeOccSearch=false&tspTypes=16%2C8&los=4&searchrequestid=709a39e5-55e4-4ffc-a2af-37ab37f66aaa&ds=qqYuwCdeeyGgIaeA
AGODA_4,agoda,Ramada by Wyndham Waupaca,"1 King Bed, Studio Suite, Non-Smoking",queen bed,Queen,Suite,2,6119,0,6119,"['Wi-Fi [free]', 'Room size: 30 m²/323 ft²', '1 queen bed and 1 sofa bed', 'Bathtub', 'Window', 'Non-smoking', 'Private bathroom', 'Individual air conditioning', 'Coffee/tea maker', 'Refrigerator']",2025-11-03,2025-11-04,https://www.agoda.com/en-in/ramada-waupaca_4/hotel/waupaca-wi-us.html?countryId=181&finalPriceView=1&isShowMobileAppPrice=false&cid=1922885&numberOfBedrooms=&familyMode=false&adults=1&children=0&rooms=1&maxRooms=0&checkIn=2025-11-1&isCalendarCallout=false&childAges=&numberOfGuest=0&missingChildAges=false&travellerType=0&showReviewSubmissionEntry=false&currencyCode=USD&isFreeOccSearch=false&tspTypes=16%2C8&los=4&searchrequestid=709a39e5-55e4-4ffc-a2af-37ab37f66aaa&ds=qqYuwCdeeyGgIaeA
AGODA_4,agoda,Ramada by Wyndham Waupaca,"1 King Bed, One Bedroom Suite, Non-Smoking",king bed,King,Suite,2,6448,0,6448,"['Wi-Fi [free]', 'Room size: 30 m²/323 ft²', '1 king bed', 'Bathtub', 'Window', 'Non-smoking', 'Private bathroom', 'Individual air conditioning', 'Coffee/tea maker', 'Refrigerator']",2025-11-03,2025-11-04,https://www.agoda.com/en-in/ramada-waupaca_4/hotel/waupaca-wi-us.html?countryId=181&finalPriceView=1&isShowMobileAppPrice=false&cid=1922885&numberOfBedrooms=&familyMode=false&adults=1&children=0&rooms=1&maxRooms=0&checkIn=2025-11-1&isCalendarCallout=false&childAges=&numberOfGuest=0&missingChildAges=false&travellerType=0&showReviewSubmissionEntry=false&currencyCode=USD&isFreeOccSearch=false&tspTypes=16%2C8&los=4&searchrequestid=709a39e5-55e4-4ffc-a2af-37ab37f66aaa&ds=qqYuwCdeeyGgIaeA
AGODA_4,agoda,Ramada by Wyndham Waupaca,"1 King Bed, Deluxe Studio Suite, Non-Smoking",king bed,King,Suite,3,6789,0,6789,"['Wi-Fi [free]', 'Room size: 30 m²/323 ft²', '1 king bed', 'Bathtub', 'Window', 'Non-smoking', 'Private bathroom', 'Individual air conditioning', 'Coffee/tea maker', 'Refrigerator']",2025-11-03,2025-11-04,https://www.agoda.com/en-in/ramada-waupaca_4/hotel/waupaca-wi-us.html?countryId=181&finalPriceView=1&isShowMobileAppPrice=false&cid=1922885&numberOfBedrooms=&familyMode=false&adults=1&children=0&rooms=1&maxRooms=0&checkIn=2025-11-1&isCalendarCallout=false&childAges=&numberOfGuest=0&missingChildAges=false&travellerType=0&showReviewSubmissionEntry=false&currencyCode=USD&isFreeOccSearch=false&tspTypes=16%2C8&los=4&searchrequestid=709a39e5-55e4-4ffc-a2af-37ab37f66aaa&ds=qqYuwCdeeyGgIaeA
AGODA_4,agoda,Ramada by Wyndham Waupaca,"1 Queen Bed, Efficiency Room, Non-Smoking",queen bed,Queen,Normal,2,8164,0,8164,"['1 queen bed', 'Mini bar', 'Non-smoking', 'Internet access – wireless', 'Coffee/tea maker', 'Refrigerator', 'Hair dryer']",2025-11-03,2025-11-04,https://www.agoda.com/en-in/ramada-waupaca_4/hotel/waupaca-wi-us.html?countryId=181&finalPriceView=1&isShowMobileAppPrice=false&cid=1922885&numberOfBedrooms=&familyMode=false&adults=1&children=0&rooms=1&maxRooms=0&checkIn=2025-11-1&isCalendarCallout=false&childAges=&numberOfGuest=0&missingChildAges=false&travellerType=0&showReviewSubmissionEntry=false&currencyCode=USD&isFreeOccSearch=false&tspTypes=16%2C8&los=4&searchrequestid=709a39e5-55e4-4ffc-a2af-37ab37f66aaa&ds=qqYuwCdeeyGgIaeA
AGODA_4,agoda,Ramada by Wyndham Waupaca,Efficiency Queen Room - Non-Smoking,queen bed,Queen,Normal,2,9827,0,9827,"['1 queen bed', 'Mini bar', 'Private bathroom', 'Internet access – wireless', 'Closet', 'Air conditioning', 'Coffee/tea maker', 'Refrigerator', 'Hair dryer']",2025-11-03,2025-11-04,https://www.agoda.com/en-in/ramada-waupaca_4/hotel/waupaca-wi-us.html?countryId=181&finalPriceView=1&isShowMobileAppPrice=false&cid=1922885&numberOfBedrooms=&familyMode=false&adults=1&children=0&rooms=1&maxRooms=0&checkIn=2025-11-1&isCalendarCallout=false&childAges=&numberOfGuest=0&missingChildAges=false&travellerType=0&showReviewSubmissionEntry=false&currencyCode=USD&isFreeOccSearch=false&tspTypes=16%2C8&los=4&searchrequestid=709a39e5-55e4-4ffc-a2af-37ab37f66aaa&ds=qqYuwCdeeyGgIaeA
AGODA_4,agoda,Ramada by Wyndham Waupaca,"2 Queen Beds, Non-Smoking",king bed,King,Normal,0,6076,0,6076,"['Wi-Fi [free]', 'Room size: 30 m²/323 ft²', '1 king bed and 1 sofa bed', 'Bathtub', 'Window', 'Non-smoking', 'Private bathroom', 'Individual air conditioning', 'Coffee/tea maker', 'Refrigerator']",2025-11-09,2025-11-10,https://www.agoda.com/en-in/ramada-waupaca_4/hotel/waupaca-wi-us.html?countryId=181&finalPriceView=1&isShowMobileAppPrice=false&cid=1922885&numberOfBedrooms=&familyMode=false&adults=1&children=0&rooms=1&maxRooms=0&checkIn=2025-11-1&isCalendarCallout=false&childAges=&numberOfGuest=0&missingChildAges=false&travellerType=0&showReviewSubmissionEntry=false&currencyCode=USD&isFreeOccSearch=false&tspTypes=16%2C8&los=4&searchrequestid=709a39e5-55e4-4ffc-a2af-37ab37f66aaa&ds=qqYuwCdeeyGgIaeA
AGODA_4,agoda,Ramada by Wyndham Waupaca,"1 Queen Bed, Non-Smoking",double bed,Double,Normal,2,6076,0,6076,"['Wi-Fi [free]', 'Room size: 30 m²/323 ft²', '1 double bed', 'Bathtub', 'Window', 'Non-smoking', 'Private bathroom', 'Individual air conditioning', 'Coffee/tea maker', 'Refrigerator']",2025-11-09,2025-11-10,https://www.agoda.com/en-in/ramada-waupaca_4/hotel/waupaca-wi-us.html?countryId=181&finalPriceView=1&isShowMobileAppPrice=false&cid=1922885&numberOfBedrooms=&familyMode=false&adults=1&children=0&rooms=1&maxRooms=0&checkIn=2025-11-1&isCalendarCallout=false&childAges=&numberOfGuest=0&missingChildAges=false&travellerType=0&showReviewSubmissionEntry=false&currencyCode=USD&isFreeOccSearch=false&tspTypes=16%2C8&los=4&searchrequestid=709a39e5-55e4-4ffc-a2af-37ab37f66aaa&ds=qqYuwCdeeyGgIaeA
AGODA_4,agoda,Ramada by Wyndham Waupaca,"2 Queen Beds, Mobility Accessible Room, Bathtub W/ Grab Bars, Non-Smoking",king bed,King,Normal,0,6076,0,6076,"['Wi-Fi [free]', 'Room size: 30 m²/323 ft²', '1 king bed and 1 sofa bed', 'Bathtub', 'Window', 'Non-smoking', 'Private bathroom', 'Individual air conditioning', 'Coffee/tea maker', 'Refrigerator']",2025-11-09,2025-11-10,https://www.agoda.com/en-in/ramada-waupaca_4/hotel/waupaca-wi-us.html?countryId=181&finalPriceView=1&isShowMobileAppPrice=false&cid=1922885&numberOfBedrooms=&familyMode=false&adults=1&children=0&rooms=1&maxRooms=0&checkIn=2025-11-1&isCalendarCallout=false&childAges=&numberOfGuest=0&missingChildAges=false&travellerType=0&showReviewSubmissionEntry=false&currencyCode=USD&isFreeOccSearch=false&tspTypes=16%2C8&los=4&searchrequestid=709a39e5-55e4-4ffc-a2af-37ab37f66aaa&ds=qqYuwCdeeyGgIaeA
AGODA_4,agoda,Ramada by Wyndham Waupaca,King Room - Non-Smoking,king bed,King,Normal,0,6076,0,6076,"['Wi-Fi [free]', 'Room size: 30 m²/323 ft²', '1 king bed', 'Bathtub', 'Window', 'Non-smoking', 'Private bathroom', 'Individual air conditioning', 'Coffee/tea maker', 'Refrigerator']",2025-11-09,2025-11-10,https://www.agoda.com/en-in/ramada-waupaca_4/hotel/waupaca-wi-us.html?countryId=181&finalPriceView=1&isShowMobileAppPrice=false&cid=1922885&numberOfBedrooms=&familyMode=false&adults=1&children=0&rooms=1&maxRooms=0&checkIn=2025-11-1&isCalendarCallout=false&childAges=&numberOfGuest=0&missingChildAges=false&travellerType=0&showReviewSubmissionEntry=false&currencyCode=USD&isFreeOccSearch=false&tspTypes=16%2C8&los=4&searchrequestid=709a39e5-55e4-4ffc-a2af-37ab37f66aaa&ds=qqYuwCdeeyGgIaeA
AGODA_4,agoda,Ramada by Wyndham Waupaca,"1 King Bed, Studio Suite, Non-Smoking",queen bed,Queen,Suite,2,7054,0,7054,"['Wi-Fi [free]', 'Room size: 30 m²/323 ft²', '1 queen bed and 1 sofa bed', 'Bathtub', 'Window', 'Non-smoking', 'Private bathroom', 'Individual air conditioning', 'Coffee/tea maker', 'Refrigerator']",2025-11-09,2025-11-10,https://www.agoda.com/en-in/ramada-waupaca_4/hotel/waupaca-wi-us.html?countryId=181&finalPriceView=1&isShowMobileAppPrice=false&cid=1922885&numberOfBedrooms=&familyMode=false&adults=1&children=0&rooms=1&maxRooms=0&checkIn=2025-11-1&isCalendarCallout=false&childAges=&numberOfGuest=0&missingChildAges=false&travellerType=0&showReviewSubmissionEntry=false&currencyCode=USD&isFreeOccSearch=false&tspTypes=16%2C8&los=4&searchrequestid=709a39e5-55e4-4ffc-a2af-37ab37f66aaa&ds=qqYuwCdeeyGgIaeA
AGODA_4,agoda,Ramada by Wyndham Waupaca,"1 King Bed, One Bedroom Suite, Non-Smoking",king bed,King,Suite,2,7384,0,7384,"['Wi-Fi [free]', 'Room size: 30 m²/323 ft²', '1 king bed', 'Bathtub', 'Window', 'Non-smoking', 'Private bathroom', 'Individual air conditioning', 'Coffee/tea maker', 'Refrigerator']",2025-11-09,2025-11-10,https://www.agoda.com/en-in/ramada-waupaca_4/hotel/waupaca-wi-us.html?countryId=181&finalPriceView=1&isShowMobileAppPrice=false&cid=1922885&numberOfBedrooms=&familyMode=false&adults=1&children=0&rooms=1&maxRooms=0&checkIn=2025-11-1&isCalendarCallout=false&childAges=&numberOfGuest=0&missingChildAges=false&travellerType=0&showReviewSubmissionEntry=false&currencyCode=USD&isFreeOccSearch=false&tspTypes=16%2C8&los=4&searchrequestid=709a39e5-55e4-4ffc-a2af-37ab37f66aaa&ds=qqYuwCdeeyGgIaeA
AGODA_4,agoda,Ramada by Wyndham Waupaca,"1 King Bed, Deluxe Studio Suite, Non-Smoking",king bed,King,Suite,3,7768,0,7768,"['Wi-Fi [free]', 'Room size: 30 m²/323 ft²', '1 king bed', 'Bathtub', 'Window', 'Non-smoking', 'Private bathroom', 'Individual air conditioning', 'Coffee/tea maker', 'Refrigerator']",2025-11-09,2025-11-10,https://www.agoda.com/en-in/ramada-waupaca_4/hotel/waupaca-wi-us.html?countryId=181&finalPriceView=1&isShowMobileAppPrice=false&cid=1922885&numberOfBedrooms=&familyMode=false&adults=1&children=0&rooms=1&maxRooms=0&checkIn=2025-11-1&isCalendarCallout=false&childAges=&numberOfGuest=0&missingChildAges=false&travellerType=0&showReviewSubmissionEntry=false&currencyCode=USD&isFreeOccSearch=false&tspTypes=16%2C8&los=4&searchrequestid=709a39e5-55e4-4ffc-a2af-37ab37f66aaa&ds=qqYuwCdeeyGgIaeA
AGODA_4,agoda,Ramada by Wyndham Waupaca,"1 Queen Bed, Efficiency Room, Non-Smoking",queen bed,Queen,Normal,2,9095,0,9095,"['1 queen bed', 'Mini bar', 'Non-smoking', 'Internet access – wireless', 'Coffee/tea maker', 'Refrigerator', 'Hair dryer']",2025-11-09,2025-11-10,https://www.agoda.com/en-in/ramada-waupaca_4/hotel/waupaca-wi-us.html?countryId=181&finalPriceView=1&isShowMobileAppPrice=false&cid=1922885&numberOfBedrooms=&familyMode=false&adults=1&children=0&rooms=1&maxRooms=0&checkIn=2025-11-1&isCalendarCallout=false&childAges=&numberOfGuest=0&missingChildAges=false&travellerType=0&showReviewSubmissionEntry=false&currencyCode=USD&isFreeOccSearch=false&tspTypes=16%2C8&los=4&searchrequestid=709a39e5-55e4-4ffc-a2af-37ab37f66aaa&ds=qqYuwCdeeyGgIaeA
AGODA_4,agoda,Ramada by Wyndham Waupaca,Efficiency Queen Room - Non-Smoking,queen bed,Queen,Normal,2,10337,0,10337,"['1 queen bed', 'Mini bar', 'Private bathroom', 'Internet access – wireless', 'Closet', 'Air conditioning', 'Coffee/tea maker', 'Refrigerator', 'Hair dryer']",2025-11-09,2025-11-10,https://www.agoda.com/en-in/ramada-waupaca_4/hotel/waupaca-wi-us.html?countryId=181&finalPriceView=1&isShowMobileAppPrice=false&cid=1922885&numberOfBedrooms=&familyMode=false&adults=1&children=0&rooms=1&maxRooms=0&checkIn=2025-11-1&isCalendarCallout=false&childAges=&numberOfGuest=0&missingChildAges=false&travellerType=0&showReviewSubmissionEntry=false&currencyCode=USD&isFreeOccSearch=false&tspTypes=16%2C8&los=4&searchrequestid=709a39e5-55e4-4ffc-a2af-37ab37f66aaa&ds=qqYuwCdeeyGgIaeA
AGODA_4,agoda,Ramada by Wyndham Waupaca,"2 Queen Beds, Non-Smoking",king bed,King,Normal,0,5002,0,5002,"['Wi-Fi [free]', 'Room size: 30 m²/323 ft²', '1 king bed and 1 sofa bed', 'Bathtub', 'Window', 'Non-smoking', 'Private bathroom', 'Individual air conditioning', 'Coffee/tea maker', 'Refrigerator']",2025-11-11,2025-11-12,https://www.agoda.com/en-in/ramada-waupaca_4/hotel/waupaca-wi-us.html?countryId=181&finalPriceView=1&isShowMobileAppPrice=false&cid=1922885&numberOfBedrooms=&familyMode=false&adults=1&children=0&rooms=1&maxRooms=0&checkIn=2025-11-1&isCalendarCallout=false&childAges=&numberOfGuest=0&missingChildAges=false&travellerType=0&showReviewSubmissionEntry=false&currencyCode=USD&isFreeOccSearch=false&tspTypes=16%2C8&los=4&searchrequestid=709a39e5-55e4-4ffc-a2af-37ab37f66aaa&ds=qqYuwCdeeyGgIaeA
AGODA_4,agoda,Ramada by Wyndham Waupaca,"1 Queen Bed, Non-Smoking",double bed,Double,Normal,2,5002,0,5002,"['Wi-Fi [free]', 'Room size: 30 m²/323 ft²', '1 double bed', 'Bathtub', 'Window', 'Non-smoking', 'Private bathroom', 'Individual air conditioning', 'Coffee/tea maker', 'Refrigerator']",2025-11-11,2025-11-12,https://www.agoda.com/en-in/ramada-waupaca_4/hotel/waupaca-wi-us.html?countryId=181&finalPriceView=1&isShowMobileAppPrice=false&cid=1922885&numberOfBedrooms=&familyMode=false&adults=1&children=0&rooms=1&maxRooms=0&checkIn=2025-11-1&isCalendarCallout=false&childAges=&numberOfGuest=0&missingChildAges=false&travellerType=0&showReviewSubmissionEntry=false&currencyCode=USD&isFreeOccSearch=false&tspTypes=16%2C8&los=4&searchrequestid=709a39e5-55e4-4ffc-a2af-37ab37f66aaa&ds=qqYuwCdeeyGgIaeA
AGODA_4,agoda,Ramada by Wyndham Waupaca,"2 Queen Beds, Mobility Accessible Room, Bathtub W/ Grab Bars, Non-Smoking",king bed,King,Normal,0,5002,0,5002,"['Wi-Fi [free]', 'Room size: 30 m²/323 ft²', '1 king bed and 1 sofa bed', 'Bathtub', 'Window', 'Non-smoking', 'Private bathroom', 'Individual air conditioning', 'Coffee/tea maker', 'Refrigerator']",2025-11-11,2025-11-12,https://www.agoda.com/en-in/ramada-waupaca_4/hotel/waupaca-wi-us.html?countryId=181&finalPriceView=1&isShowMobileAppPrice=false&cid=1922885&numberOfBedrooms=&familyMode=false&adults=1&children=0&rooms=1&maxRooms=0&checkIn=2025-11-1&isCalendarCallout=false&childAges=&numberOfGuest=0&missingChildAges=false&travellerType=0&showReviewSubmissionEntry=false&currencyCode=USD&isFreeOccSearch=false&tspTypes=16%2C8&los=4&searchrequestid=709a39e5-55e4-4ffc-a2af-37ab37f66aaa&ds=qqYuwCdeeyGgIaeA
AGODA_4,agoda,Ramada by Wyndham Waupaca,King Room - Non-Smoking,king bed,King,Normal,0,5002,0,5002,"['Wi-Fi [free]', 'Room size: 30 m²/323 ft²', '1 king bed', 'Bathtub', 'Window', 'Non-smoking', 'Private bathroom', 'Individual air conditioning', 'Coffee/tea maker', 'Refrigerator']",2025-11-11,2025-11-12,https://www.agoda.com/en-in/ramada-waupaca_4/hotel/waupaca-wi-us.html?countryId=181&finalPriceView=1&isShowMobileAppPrice=false&cid=1922885&numberOfBedrooms=&familyMode=false&adults=1&children=0&rooms=1&maxRooms=0&checkIn=2025-11-1&isCalendarCallout=false&childAges=&numberOfGuest=0&missingChildAges=false&travellerType=0&showReviewSubmissionEntry=false&currencyCode=USD&isFreeOccSearch=false&tspTypes=16%2C8&los=4&searchrequestid=709a39e5-55e4-4ffc-a2af-37ab37f66aaa&ds=qqYuwCdeeyGgIaeA
AGODA_4,agoda,Ramada by Wyndham Waupaca,"1 King Bed, Studio Suite, Non-Smoking",queen bed,Queen,Suite,2,5931,0,5931,"['Wi-Fi [free]', 'Room size: 30 m²/323 ft²', '1 queen bed and 1 sofa bed', 'Bathtub', 'Window', 'Non-smoking', 'Private bathroom', 'Individual air conditioning', 'Coffee/tea maker', 'Refrigerator']",2025-11-11,2025-11-12,https://www.agoda.com/en-in/ramada-waupaca_4/hotel/waupaca-wi-us.html?countryId=181&finalPriceView=1&isShowMobileAppPrice=false&cid=1922885&numberOfBedrooms=&familyMode=false&adults=1&children=0&rooms=1&maxRooms=0&checkIn=2025-11-1&isCalendarCallout=false&childAges=&numberOfGuest=0&missingChildAges=false&travellerType=0&showReviewSubmissionEntry=false&currencyCode=USD&isFreeOccSearch=false&tspTypes=16%2C8&los=4&searchrequestid=709a39e5-55e4-4ffc-a2af-37ab37f66aaa&ds=qqYuwCdeeyGgIaeA
AGODA_4,agoda,Ramada by Wyndham Waupaca,"1 King Bed, One Bedroom Suite, Non-Smoking",king bed,King,Suite,2,6257,0,6257,"['Wi-Fi [free]', 'Room size: 30 m²/323 ft²', '1 king bed', 'Bathtub', 'Window', 'Non-smoking', 'Private bathroom', 'Individual air conditioning', 'Coffee/tea maker', 'Refrigerator']",2025-11-11,2025-11-12,https://www.agoda.com/en-in/ramada-waupaca_4/hotel/waupaca-wi-us.html?countryId=181&finalPriceView=1&isShowMobileAppPrice=false&cid=1922885&numberOfBedrooms=&familyMode=false&adults=1&children=0&rooms=1&maxRooms=0&checkIn=2025-11-1&isCalendarCallout=false&childAges=&numberOfGuest=0&missingChildAges=false&travellerType=0&showReviewSubmissionEntry=false&currencyCode=USD&isFreeOccSearch=false&tspTypes=16%2C8&los=4&searchrequestid=709a39e5-55e4-4ffc-a2af-37ab37f66aaa&ds=qqYuwCdeeyGgIaeA
AGODA_4,agoda,Ramada by Wyndham Waupaca,"1 King Bed, Deluxe Studio Suite, Non-Smoking",king bed,King,Suite,3,6583,0,6583,"['Wi-Fi [free]', 'Room size: 30 m²/323 ft²', '1 king bed', 'Bathtub', 'Window', 'Non-smoking', 'Private bathroom', 'Individual air conditioning', 'Coffee/tea maker', 'Refrigerator']",2025-11-11,2025-11-12,https://www.agoda.com/en-in/ramada-waupaca_4/hotel/waupaca-wi-us.html?countryId=181&finalPriceView=1&isShowMobileAppPrice=false&cid=1922885&numberOfBedrooms=&familyMode=false&adults=1&children=0&rooms=1&maxRooms=0&checkIn=2025-11-1&isCalendarCallout=false&childAges=&numberOfGuest=0&missingChildAges=false&travellerType=0&showReviewSubmissionEntry=false&currencyCode=USD&isFreeOccSearch=false&tspTypes=16%2C8&los=4&searchrequestid=709a39e5-55e4-4ffc-a2af-37ab37f66aaa&ds=qqYuwCdeeyGgIaeA
AGODA_4,agoda,Ramada by Wyndham Waupaca,"1 Queen Bed, Efficiency Room, Non-Smoking",queen bed,Queen,Normal,2,7942,0,7942,"['1 queen bed', 'Mini bar', 'Non-smoking', 'Internet access – wireless', 'Coffee/tea maker', 'Refrigerator', 'Hair dryer']",2025-11-11,2025-11-12,https://www.agoda.com/en-in/ramada-waupaca_4/hotel/waupaca-wi-us.html?countryId=181&finalPriceView=1&isShowMobileAppPrice=false&cid=1922885&numberOfBedrooms=&familyMode=false&adults=1&children=0&rooms=1&maxRooms=0&checkIn=2025-11-1&isCalendarCallout=false&childAges=&numberOfGuest=0&missingChildAges=false&travellerType=0&showReviewSubmissionEntry=false&currencyCode=USD&isFreeOccSearch=false&tspTypes=16%2C8&los=4&searchrequestid=709a39e5-55e4-4ffc-a2af-37ab37f66aaa&ds=qqYuwCdeeyGgIaeA
AGODA_4,agoda,Ramada by Wyndham Waupaca,Efficiency Queen Room - Non-Smoking,queen bed,Queen,Normal,2,9130,0,9130,"['1 queen bed', 'Mini bar', 'Private bathroom', 'Internet access – wireless', 'Closet', 'Air conditioning', 'Coffee/tea maker', 'Refrigerator', 'Hair dryer']",2025-11-11,2025-11-12,https://www.agoda.com/en-in/ramada-waupaca_4/hotel/waupaca-wi-us.html?countryId=181&finalPriceView=1&isShowMobileAppPrice=false&cid=1922885&numberOfBedrooms=&familyMode=false&adults=1&children=0&rooms=1&maxRooms=0&checkIn=2025-11-1&isCalendarCallout=false&childAges=&numberOfGuest=0&missingChildAges=false&travellerType=0&showReviewSubmissionEntry=false&currencyCode=USD&isFreeOccSearch=false&tspTypes=16%2C8&los=4&searchrequestid=709a39e5-55e4-4ffc-a2af-37ab37f66aaa&ds=qqYuwCdeeyGgIaeA
AGODA_4,agoda,Ramada by Wyndham Waupaca,"2 Queen Beds, Non-Smoking",king bed,King,Normal,0,4822,0,4822,"['Wi-Fi [free]', 'Room size: 30 m²/323 ft²', '1 king bed and 1 sofa bed', 'Bathtub', 'Window', 'Non-smoking', 'Private bathroom', 'Individual air conditioning', 'Coffee/tea maker', 'Refrigerator']",2025-11-12,2025-11-13,https://www.agoda.com/en-in/ramada-waupaca_4/hotel/waupaca-wi-us.html?countryId=181&finalPriceView=1&isShowMobileAppPrice=false&cid=1922885&numberOfBedrooms=&familyMode=false&adults=1&children=0&rooms=1&maxRooms=0&checkIn=2025-11-1&isCalendarCallout=false&childAges=&numberOfGuest=0&missingChildAges=false&travellerType=0&showReviewSubmissionEntry=false&currencyCode=USD&isFreeOccSearch=false&tspTypes=16%2C8&los=4&searchrequestid=709a39e5-55e4-4ffc-a2af-37ab37f66aaa&ds=qqYuwCdeeyGgIaeA
AGODA_4,agoda,Ramada by Wyndham Waupaca,"1 Queen Bed, Non-Smoking",double bed,Double,Normal,2,4822,0,4822,"['Wi-Fi [free]', 'Room size: 30 m²/323 ft²', '1 double bed', 'Bathtub', 'Window', 'Non-smoking', 'Private bathroom', 'Individual air conditioning', 'Coffee/tea maker', 'Refrigerator']",2025-11-12,2025-11-13,https://www.agoda.com/en-in/ramada-waupaca_4/hotel/waupaca-wi-us.html?countryId=181&finalPriceView=1&isShowMobileAppPrice=false&cid=1922885&numberOfBedrooms=&familyMode=false&adults=1&children=0&rooms=1&maxRooms=0&checkIn=2025-11-1&isCalendarCallout=false&childAges=&numberOfGuest=0&missingChildAges=false&travellerType=0&showReviewSubmissionEntry=false&currencyCode=USD&isFreeOccSearch=false&tspTypes=16%2C8&los=4&searchrequestid=709a39e5-55e4-4ffc-a2af-37ab37f66aaa&ds=qqYuwCdeeyGgIaeA
AGODA_4,agoda,Ramada by Wyndham Waupaca,"2 Queen Beds, Mobility Accessible Room, Bathtub W/ Grab Bars, Non-Smoking",king bed,King,Normal,3,4822,0,4822,"['Wi-Fi [free]', 'Room size: 30 m²/323 ft²', '1 king bed and 1 sofa bed', 'Bathtub', 'Window', 'Non-smoking', 'Private bathroom', 'Individual air conditioning', 'Coffee/tea maker', 'Refrigerator']",2025-11-12,2025-11-13,https://www.agoda.com/en-in/ramada-waupaca_4/hotel/waupaca-wi-us.html?countryId=181&finalPriceView=1&isShowMobileAppPrice=false&cid=1922885&numberOfBedrooms=&familyMode=false&adults=1&children=0&rooms=1&maxRooms=0&checkIn=2025-11-1&isCalendarCallout=false&childAges=&numberOfGuest=0&missingChildAges=false&travellerType=0&showReviewSubmissionEntry=false&currencyCode=USD&isFreeOccSearch=false&tspTypes=16%2C8&los=4&searchrequestid=709a39e5-55e4-4ffc-a2af-37ab37f66aaa&ds=qqYuwCdeeyGgIaeA
AGODA_4,agoda,Ramada by Wyndham Waupaca,King Room - Non-Smoking,king bed,King,Normal,0,4822,0,4822,"['Wi-Fi [free]', 'Room size: 30 m²/323 ft²', '1 king bed', 'Bathtub', 'Window', 'Non-smoking', 'Private bathroom', 'Individual air conditioning', 'Coffee/tea maker', 'Refrigerator']",2025-11-12,2025-11-13,https://www.agoda.com/en-in/ramada-waupaca_4/hotel/waupaca-wi-us.html?countryId=181&finalPriceView=1&isShowMobileAppPrice=false&cid=1922885&numberOfBedrooms=&familyMode=false&adults=1&children=0&rooms=1&maxRooms=0&checkIn=2025-11-1&isCalendarCallout=false&childAges=&numberOfGuest=0&missingChildAges=false&travellerType=0&showReviewSubmissionEntry=false&currencyCode=USD&isFreeOccSearch=false&tspTypes=16%2C8&los=4&searchrequestid=709a39e5-55e4-4ffc-a2af-37ab37f66aaa&ds=qqYuwCdeeyGgIaeA
AGODA_4,agoda,Ramada by Wyndham Waupaca,"1 King Bed, Studio Suite, Non-Smoking",queen bed,Queen,Suite,2,5756,0,5756,"['Wi-Fi [free]', 'Room size: 30 m²/323 ft²', '1 queen bed and 1 sofa bed', 'Bathtub', 'Window', 'Non-smoking', 'Private bathroom', 'Individual air conditioning', 'Coffee/tea maker', 'Refrigerator']",2025-11-12,2025-11-13,https://www.agoda.com/en-in/ramada-waupaca_4/hotel/waupaca-wi-us.html?countryId=181&finalPriceView=1&isShowMobileAppPrice=false&cid=1922885&numberOfBedrooms=&familyMode=false&adults=1&children=0&rooms=1&maxRooms=0&checkIn=2025-11-1&isCalendarCallout=false&childAges=&numberOfGuest=0&missingChildAges=false&travellerType=0&showReviewSubmissionEntry=false&currencyCode=USD&isFreeOccSearch=false&tspTypes=16%2C8&los=4&searchrequestid=709a39e5-55e4-4ffc-a2af-37ab37f66aaa&ds=qqYuwCdeeyGgIaeA
AGODA_4,agoda,Ramada by Wyndham Waupaca,"1 King Bed, One Bedroom Suite, Non-Smoking",king bed,King,Suite,0,6072,0,6072,"['Wi-Fi [free]', 'Room size: 30 m²/323 ft²', '1 king bed', 'Bathtub', 'Window', 'Non-smoking', 'Private bathroom', 'Individual air conditioning', 'Coffee/tea maker', 'Refrigerator']",2025-11-12,2025-11-13,https://www.agoda.com/en-in/ramada-waupaca_4/hotel/waupaca-wi-us.html?countryId=181&finalPriceView=1&isShowMobileAppPrice=false&cid=1922885&numberOfBedrooms=&familyMode=false&adults=1&children=0&rooms=1&maxRooms=0&checkIn=2025-11-1&isCalendarCallout=false&childAges=&numberOfGuest=0&missingChildAges=false&travellerType=0&showReviewSubmissionEntry=false&currencyCode=USD&isFreeOccSearch=false&tspTypes=16%2C8&los=4&searchrequestid=709a39e5-55e4-4ffc-a2af-37ab37f66aaa&ds=qqYuwCdeeyGgIaeA
AGODA_4,agoda,Ramada by Wyndham Waupaca,"1 King Bed, Deluxe Studio Suite, Non-Smoking",king bed,King,Suite,3,6388,0,6388,"['Wi-Fi [free]', 'Room size: 30 m²/323 ft²', '1 king bed', 'Bathtub', 'Window', 'Non-smoking', 'Private bathroom', 'Individual air conditioning', 'Coffee/tea maker', 'Refrigerator']",2025-11-12,2025-11-13,https://www.agoda.com/en-in/ramada-waupaca_4/hotel/waupaca-wi-us.html?countryId=181&finalPriceView=1&isShowMobileAppPrice=false&cid=1922885&numberOfBedrooms=&familyMode=false&adults=1&children=0&rooms=1&maxRooms=0&checkIn=2025-11-1&isCalendarCallout=false&childAges=&numberOfGuest=0&missingChildAges=false&travellerType=0&showReviewSubmissionEntry=false&currencyCode=USD&isFreeOccSearch=false&tspTypes=16%2C8&los=4&searchrequestid=709a39e5-55e4-4ffc-a2af-37ab37f66aaa&ds=qqYuwCdeeyGgIaeA
AGODA_4,agoda,Ramada by Wyndham Waupaca,"1 Queen Bed, Efficiency Room, Non-Smoking",queen bed,Queen,Normal,2,7706,0,7706,"['1 queen bed', 'Mini bar', 'Non-smoking', 'Internet access – wireless', 'Coffee/tea maker', 'Refrigerator', 'Hair dryer']",2025-11-12,2025-11-13,https://www.agoda.com/en-in/ramada-waupaca_4/hotel/waupaca-wi-us.html?countryId=181&finalPriceView=1&isShowMobileAppPrice=false&cid=1922885&numberOfBedrooms=&familyMode=false&adults=1&children=0&rooms=1&maxRooms=0&checkIn=2025-11-1&isCalendarCallout=false&childAges=&numberOfGuest=0&missingChildAges=false&travellerType=0&showReviewSubmissionEntry=false&currencyCode=USD&isFreeOccSearch=false&tspTypes=16%2C8&los=4&searchrequestid=709a39e5-55e4-4ffc-a2af-37ab37f66aaa&ds=qqYuwCdeeyGgIaeA
AGODA_4,agoda,Ramada by Wyndham Waupaca,Efficiency Queen Room - Non-Smoking,queen bed,Queen,Normal,2,9130,0,9130,"['1 queen bed', 'Mini bar', 'Private bathroom', 'Internet access – wireless', 'Closet', 'Air conditioning', 'Coffee/tea maker', 'Refrigerator', 'Hair dryer']",2025-11-12,2025-11-13,https://www.agoda.com/en-in/ramada-waupaca_4/hotel/waupaca-wi-us.html?countryId=181&finalPriceView=1&isShowMobileAppPrice=false&cid=1922885&numberOfBedrooms=&familyMode=false&adults=1&children=0&rooms=1&maxRooms=0&checkIn=2025-11-1&isCalendarCallout=false&childAges=&numberOfGuest=0&missingChildAges=false&travellerType=0&showReviewSubmissionEntry=false&currencyCode=USD&isFreeOccSearch=false&tspTypes=16%2C8&los=4&searchrequestid=709a39e5-55e4-4ffc-a2af-37ab37f66aaa&ds=qqYuwCdeeyGgIaeA
AGODA_4,agoda,Ramada by Wyndham Waupaca,"1 Queen Bed, Non-Smoking",double bed,Double,Normal,2,8782,0,8782,"['Wi-Fi [free]', 'Room size: 30 m²/323 ft²', '1 double bed', 'Bathtub', 'Window', 'Non-smoking', 'Private bathroom', 'Individual air conditioning', 'Coffee/tea maker', 'Refrigerator']",2025-11-14,2025-11-15,https://www.agoda.com/en-in/ramada-waupaca_4/hotel/waupaca-wi-us.html?countryId=181&finalPriceView=1&isShowMobileAppPrice=false&cid=1922885&numberOfBedrooms=&familyMode=false&adults=1&children=0&rooms=1&maxRooms=0&checkIn=2025-11-1&isCalendarCallout=false&childAges=&numberOfGuest=0&missingChildAges=false&travellerType=0&showReviewSubmissionEntry=false&currencyCode=USD&isFreeOccSearch=false&tspTypes=16%2C8&los=4&searchrequestid=709a39e5-55e4-4ffc-a2af-37ab37f66aaa&ds=qqYuwCdeeyGgIaeA
AGODA_4,agoda,Ramada by Wyndham Waupaca,King Room - Non-Smoking,king bed,King,Normal,0,8782,0,8782,"['Wi-Fi [free]', 'Room size: 30 m²/323 ft²', '1 king bed', 'Bathtub', 'Window', 'Non-smoking', 'Private bathroom', 'Individual air conditioning', 'Coffee/tea maker', 'Refrigerator']",2025-11-14,2025-11-15,https://www.agoda.com/en-in/ramada-waupaca_4/hotel/waupaca-wi-us.html?countryId=181&finalPriceView=1&isShowMobileAppPrice=false&cid=1922885&numberOfBedrooms=&familyMode=false&adults=1&children=0&rooms=1&maxRooms=0&checkIn=2025-11-1&isCalendarCallout=false&childAges=&numberOfGuest=0&missingChildAges=false&travellerType=0&showReviewSubmissionEntry=false&currencyCode=USD&isFreeOccSearch=false&tspTypes=16%2C8&los=4&searchrequestid=709a39e5-55e4-4ffc-a2af-37ab37f66aaa&ds=qqYuwCdeeyGgIaeA
AGODA_4,agoda,Ramada by Wyndham Waupaca,"2 Queen Beds, Non-Smoking",king bed,King,Normal,0,9242,0,9242,"['Wi-Fi [free]', 'Room size: 30 m²/323 ft²', '1 king bed and 1 sofa bed', 'Bathtub', 'Window', 'Non-smoking', 'Private bathroom', 'Individual air conditioning', 'Coffee/tea maker', 'Refrigerator']",2025-11-14,2025-11-15,https://www.agoda.com/en-in/ramada-waupaca_4/hotel/waupaca-wi-us.html?countryId=181&finalPriceView=1&isShowMobileAppPrice=false&cid=1922885&numberOfBedrooms=&familyMode=false&adults=1&children=0&rooms=1&maxRooms=0&checkIn=2025-11-1&isCalendarCallout=false&childAges=&numberOfGuest=0&missingChildAges=false&travellerType=0&showReviewSubmissionEntry=false&currencyCode=USD&isFreeOccSearch=false&tspTypes=16%2C8&los=4&searchrequestid=709a39e5-55e4-4ffc-a2af-37ab37f66aaa&ds=qqYuwCdeeyGgIaeA
AGODA_4,agoda,Ramada by Wyndham Waupaca,"2 Queen Beds, Mobility Accessible Room, Bathtub W/ Grab Bars, Non-Smoking",king bed,King,Normal,3,9242,0,9242,"['Wi-Fi [free]', 'Room size: 30 m²/323 ft²', '1 king bed and 1 sofa bed', 'Bathtub', 'Window', 'Non-smoking', 'Private bathroom', 'Individual air conditioning', 'Coffee/tea maker', 'Refrigerator']",2025-11-14,2025-11-15,https://www.agoda.com/en-in/ramada-waupaca_4/hotel/waupaca-wi-us.html?countryId=181&finalPriceView=1&isShowMobileAppPrice=false&cid=1922885&numberOfBedrooms=&familyMode=false&adults=1&children=0&rooms=1&maxRooms=0&checkIn=2025-11-1&isCalendarCallout=false&childAges=&numberOfGuest=0&missingChildAges=false&travellerType=0&showReviewSubmissionEntry=false&currencyCode=USD&isFreeOccSearch=false&tspTypes=16%2C8&los=4&searchrequestid=709a39e5-55e4-4ffc-a2af-37ab37f66aaa&ds=qqYuwCdeeyGgIaeA
AGODA_4,agoda,Ramada by Wyndham Waupaca,"1 King Bed, Studio Suite, Non-Smoking",queen bed,Queen,Suite,2,10305,0,10305,"['Wi-Fi [free]', 'Room size: 30 m²/323 ft²', '1 queen bed and 1 sofa bed', 'Bathtub', 'Window', 'Non-smoking', 'Private bathroom', 'Individual air conditioning', 'Coffee/tea maker', 'Refrigerator']",2025-11-14,2025-11-15,https://www.agoda.com/en-in/ramada-waupaca_4/hotel/waupaca-wi-us.html?countryId=181&finalPriceView=1&isShowMobileAppPrice=false&cid=1922885&numberOfBedrooms=&familyMode=false&adults=1&children=0&rooms=1&maxRooms=0&checkIn=2025-11-1&isCalendarCallout=false&childAges=&numberOfGuest=0&missingChildAges=false&travellerType=0&showReviewSubmissionEntry=false&currencyCode=USD&isFreeOccSearch=false&tspTypes=16%2C8&los=4&searchrequestid=709a39e5-55e4-4ffc-a2af-37ab37f66aaa&ds=qqYuwCdeeyGgIaeA
AGODA_4,agoda,Ramada by Wyndham Waupaca,"1 King Bed, Deluxe Studio Suite, Non-Smoking",king bed,King,Suite,3,10954,0,10954,"['Wi-Fi [free]', 'Room size: 30 m²/323 ft²', '1 king bed', 'Bathtub', 'Window', 'Non-smoking', 'Private bathroom', 'Individual air conditioning', 'Coffee/tea maker', 'Refrigerator']",2025-11-14,2025-11-15,https://www.agoda.com/en-in/ramada-waupaca_4/hotel/waupaca-wi-us.html?countryId=181&finalPriceView=1&isShowMobileAppPrice=false&cid=1922885&numberOfBedrooms=&familyMode=false&adults=1&children=0&rooms=1&maxRooms=0&checkIn=2025-11-1&isCalendarCallout=false&childAges=&numberOfGuest=0&missingChildAges=false&travellerType=0&showReviewSubmissionEntry=false&currencyCode=USD&isFreeOccSearch=false&tspTypes=16%2C8&los=4&searchrequestid=709a39e5-55e4-4ffc-a2af-37ab37f66aaa&ds=qqYuwCdeeyGgIaeA
AGODA_4,agoda,Ramada by Wyndham Waupaca,"1 Queen Bed, Efficiency Room, Non-Smoking",queen bed,Queen,Normal,2,11601,0,11601,"['1 queen bed', 'Mini bar', 'Non-smoking', 'Internet access – wireless', 'Coffee/tea maker', 'Refrigerator', 'Hair dryer']",2025-11-14,2025-11-15,https://www.agoda.com/en-in/ramada-waupaca_4/hotel/waupaca-wi-us.html?countryId=181&finalPriceView=1&isShowMobileAppPrice=false&cid=1922885&numberOfBedrooms=&familyMode=false&adults=1&children=0&rooms=1&maxRooms=0&checkIn=2025-11-1&isCalendarCallout=false&childAges=&numberOfGuest=0&missingChildAges=false&travellerType=0&showReviewSubmissionEntry=false&currencyCode=USD&isFreeOccSearch=false&tspTypes=16%2C8&los=4&searchrequestid=709a39e5-55e4-4ffc-a2af-37ab37f66aaa&ds=qqYuwCdeeyGgIaeA
AGODA_4,agoda,Ramada by Wyndham Waupaca,"1 King Bed, One Bedroom Suite, Non-Smoking",king bed,King,Suite,0,11601,0,11601,"['Wi-Fi [free]', 'Room size: 30 m²/323 ft²', '1 king bed', 'Bathtub', 'Window', 'Non-smoking', 'Private bathroom', 'Individual air conditioning', 'Coffee/tea maker', 'Refrigerator']",2025-11-14,2025-11-15,https://www.agoda.com/en-in/ramada-waupaca_4/hotel/waupaca-wi-us.html?countryId=181&finalPriceView=1&isShowMobileAppPrice=false&cid=1922885&numberOfBedrooms=&familyMode=false&adults=1&children=0&rooms=1&maxRooms=0&checkIn=2025-11-1&isCalendarCallout=false&childAges=&numberOfGuest=0&missingChildAges=false&travellerType=0&showReviewSubmissionEntry=false&currencyCode=USD&isFreeOccSearch=false&tspTypes=16%2C8&los=4&searchrequestid=709a39e5-55e4-4ffc-a2af-37ab37f66aaa&ds=qqYuwCdeeyGgIaeA
AGODA_4,agoda,Ramada by Wyndham Waupaca,Efficiency Queen Room - Non-Smoking,queen bed,Queen,Normal,2,13506,0,13506,"['1 queen bed', 'Mini bar', 'Private bathroom', 'Internet access – wireless', 'Closet', 'Air conditioning', 'Coffee/tea maker', 'Refrigerator', 'Hair dryer']",2025-11-14,2025-11-15,https://www.agoda.com/en-in/ramada-waupaca_4/hotel/waupaca-wi-us.html?countryId=181&finalPriceView=1&isShowMobileAppPrice=false&cid=1922885&numberOfBedrooms=&familyMode=false&adults=1&children=0&rooms=1&maxRooms=0&checkIn=2025-11-1&isCalendarCallout=false&childAges=&numberOfGuest=0&missingChildAges=false&travellerType=0&showReviewSubmissionEntry=false&currencyCode=USD&isFreeOccSearch=false&tspTypes=16%2C8&los=4&searchrequestid=709a39e5-55e4-4ffc-a2af-37ab37f66aaa&ds=qqYuwCdeeyGgIaeA
AGODA_4,agoda,Ramada by Wyndham Waupaca,"1 Queen Bed, Non-Smoking",double bed,Double,Normal,2,9193,0,9193,"['Wi-Fi [free]', 'Room size: 30 m²/323 ft²', '1 double bed', 'Bathtub', 'Window', 'Non-smoking', 'Private bathroom', 'Individual air conditioning', 'Coffee/tea maker', 'Refrigerator']",2025-11-15,2025-11-16,https://www.agoda.com/en-in/ramada-waupaca_4/hotel/waupaca-wi-us.html?countryId=181&finalPriceView=1&isShowMobileAppPrice=false&cid=1922885&numberOfBedrooms=&familyMode=false&adults=1&children=0&rooms=1&maxRooms=0&checkIn=2025-11-1&isCalendarCallout=false&childAges=&numberOfGuest=0&missingChildAges=false&travellerType=0&showReviewSubmissionEntry=false&currencyCode=USD&isFreeOccSearch=false&tspTypes=16%2C8&los=4&searchrequestid=709a39e5-55e4-4ffc-a2af-37ab37f66aaa&ds=qqYuwCdeeyGgIaeA
AGODA_4,agoda,Ramada by Wyndham Waupaca,King Room - Non-Smoking,king bed,King,Normal,0,9193,0,9193,"['Wi-Fi [free]', 'Room size: 30 m²/323 ft²', '1 king bed', 'Bathtub', 'Window', 'Non-smoking', 'Private bathroom', 'Individual air conditioning', 'Coffee/tea maker', 'Refrigerator']",2025-11-15,2025-11-16,https://www.agoda.com/en-in/ramada-waupaca_4/hotel/waupaca-wi-us.html?countryId=181&finalPriceView=1&isShowMobileAppPrice=false&cid=1922885&numberOfBedrooms=&familyMode=false&adults=1&children=0&rooms=1&maxRooms=0&checkIn=2025-11-1&isCalendarCallout=false&childAges=&numberOfGuest=0&missingChildAges=false&travellerType=0&showReviewSubmissionEntry=false&currencyCode=USD&isFreeOccSearch=false&tspTypes=16%2C8&los=4&searchrequestid=709a39e5-55e4-4ffc-a2af-37ab37f66aaa&ds=qqYuwCdeeyGgIaeA
AGODA_4,agoda,Ramada by Wyndham Waupaca,"2 Queen Beds, Non-Smoking",king bed,King,Normal,0,9523,0,9523,"['Wi-Fi [free]', 'Room size: 30 m²/323 ft²', '1 king bed and 1 sofa bed', 'Bathtub', 'Window', 'Non-smoking', 'Private bathroom', 'Individual air conditioning', 'Coffee/tea maker', 'Refrigerator']",2025-11-15,2025-11-16,https://www.agoda.com/en-in/ramada-waupaca_4/hotel/waupaca-wi-us.html?countryId=181&finalPriceView=1&isShowMobileAppPrice=false&cid=1922885&numberOfBedrooms=&familyMode=false&adults=1&children=0&rooms=1&maxRooms=0&checkIn=2025-11-1&isCalendarCallout=false&childAges=&numberOfGuest=0&missingChildAges=false&travellerType=0&showReviewSubmissionEntry=false&currencyCode=USD&isFreeOccSearch=false&tspTypes=16%2C8&los=4&searchrequestid=709a39e5-55e4-4ffc-a2af-37ab37f66aaa&ds=qqYuwCdeeyGgIaeA
AGODA_4,agoda,Ramada by Wyndham Waupaca,"2 Queen Beds, Mobility Accessible Room, Bathtub W/ Grab Bars, Non-Smoking",king bed,King,Normal,3,9523,0,9523,"['Wi-Fi [free]', 'Room size: 30 m²/323 ft²', '1 king bed and 1 sofa bed', 'Bathtub', 'Window', 'Non-smoking', 'Private bathroom', 'Individual air conditioning', 'Coffee/tea maker', 'Refrigerator']",2025-11-15,2025-11-16,https://www.agoda.com/en-in/ramada-waupaca_4/hotel/waupaca-wi-us.html?countryId=181&finalPriceView=1&isShowMobileAppPrice=false&cid=1922885&numberOfBedrooms=&familyMode=false&adults=1&children=0&rooms=1&maxRooms=0&checkIn=2025-11-1&isCalendarCallout=false&childAges=&numberOfGuest=0&missingChildAges=false&travellerType=0&showReviewSubmissionEntry=false&currencyCode=USD&isFreeOccSearch=false&tspTypes=16%2C8&los=4&searchrequestid=709a39e5-55e4-4ffc-a2af-37ab37f66aaa&ds=qqYuwCdeeyGgIaeA
AGODA_4,agoda,Ramada by Wyndham Waupaca,"1 King Bed, Studio Suite, Non-Smoking",queen bed,Queen,Suite,2,10615,0,10615,"['Wi-Fi [free]', 'Room size: 30 m²/323 ft²', '1 queen bed and 1 sofa bed', 'Bathtub', 'Window', 'Non-smoking', 'Private bathroom', 'Individual air conditioning', 'Coffee/tea maker', 'Refrigerator']",2025-11-15,2025-11-16,https://www.agoda.com/en-in/ramada-waupaca_4/hotel/waupaca-wi-us.html?countryId=181&finalPriceView=1&isShowMobileAppPrice=false&cid=1922885&numberOfBedrooms=&familyMode=false&adults=1&children=0&rooms=1&maxRooms=0&checkIn=2025-11-1&isCalendarCallout=false&childAges=&numberOfGuest=0&missingChildAges=false&travellerType=0&showReviewSubmissionEntry=false&currencyCode=USD&isFreeOccSearch=false&tspTypes=16%2C8&los=4&searchrequestid=709a39e5-55e4-4ffc-a2af-37ab37f66aaa&ds=qqYuwCdeeyGgIaeA
AGODA_4,agoda,Ramada by Wyndham Waupaca,"1 King Bed, Deluxe Studio Suite, Non-Smoking",king bed,King,Suite,3,11156,0,11156,"['Wi-Fi [free]', 'Room size: 30 m²/323 ft²', '1 king bed', 'Bathtub', 'Window', 'Non-smoking', 'Private bathroom', 'Individual air conditioning', 'Coffee/tea maker', 'Refrigerator']",2025-11-15,2025-11-16,https://www.agoda.com/en-in/ramada-waupaca_4/hotel/waupaca-wi-us.html?countryId=181&finalPriceView=1&isShowMobileAppPrice=false&cid=1922885&numberOfBedrooms=&familyMode=false&adults=1&children=0&rooms=1&maxRooms=0&checkIn=2025-11-1&isCalendarCallout=false&childAges=&numberOfGuest=0&missingChildAges=false&travellerType=0&showReviewSubmissionEntry=false&currencyCode=USD&isFreeOccSearch=false&tspTypes=16%2C8&los=4&searchrequestid=709a39e5-55e4-4ffc-a2af-37ab37f66aaa&ds=qqYuwCdeeyGgIaeA
AGODA_4,agoda,Ramada by Wyndham Waupaca,"1 Queen Bed, Efficiency Room, Non-Smoking",queen bed,Queen,Normal,2,11815,0,11815,"['1 queen bed', 'Mini bar', 'Non-smoking', 'Internet access – wireless', 'Coffee/tea maker', 'Refrigerator', 'Hair dryer']",2025-11-15,2025-11-16,https://www.agoda.com/en-in/ramada-waupaca_4/hotel/waupaca-wi-us.html?countryId=181&finalPriceView=1&isShowMobileAppPrice=false&cid=1922885&numberOfBedrooms=&familyMode=false&adults=1&children=0&rooms=1&maxRooms=0&checkIn=2025-11-1&isCalendarCallout=false&childAges=&numberOfGuest=0&missingChildAges=false&travellerType=0&showReviewSubmissionEntry=false&currencyCode=USD&isFreeOccSearch=false&tspTypes=16%2C8&los=4&searchrequestid=709a39e5-55e4-4ffc-a2af-37ab37f66aaa&ds=qqYuwCdeeyGgIaeA
AGODA_4,agoda,Ramada by Wyndham Waupaca,"1 King Bed, One Bedroom Suite, Non-Smoking",king bed,King,Suite,0,11815,0,11815,"['Wi-Fi [free]', 'Room size: 30 m²/323 ft²', '1 king bed', 'Bathtub', 'Window', 'Non-smoking', 'Private bathroom', 'Individual air conditioning', 'Coffee/tea maker', 'Refrigerator']",2025-11-15,2025-11-16,https://www.agoda.com/en-in/ramada-waupaca_4/hotel/waupaca-wi-us.html?countryId=181&finalPriceView=1&isShowMobileAppPrice=false&cid=1922885&numberOfBedrooms=&familyMode=false&adults=1&children=0&rooms=1&maxRooms=0&checkIn=2025-11-1&isCalendarCallout=false&childAges=&numberOfGuest=0&missingChildAges=false&travellerType=0&showReviewSubmissionEntry=false&currencyCode=USD&isFreeOccSearch=false&tspTypes=16%2C8&los=4&searchrequestid=709a39e5-55e4-4ffc-a2af-37ab37f66aaa&ds=qqYuwCdeeyGgIaeA
AGODA_4,agoda,Ramada by Wyndham Waupaca,Efficiency Queen Room - Non-Smoking,queen bed,Queen,Normal,2,13506,0,13506,"['1 queen bed', 'Mini bar', 'Private bathroom', 'Internet access – wireless', 'Closet', 'Air conditioning', 'Coffee/tea maker', 'Refrigerator', 'Hair dryer']",2025-11-15,2025-11-16,https://www.agoda.com/en-in/ramada-waupaca_4/hotel/waupaca-wi-us.html?countryId=181&finalPriceView=1&isShowMobileAppPrice=false&cid=1922885&numberOfBedrooms=&familyMode=false&adults=1&children=0&rooms=1&maxRooms=0&checkIn=2025-11-1&isCalendarCallout=false&childAges=&numberOfGuest=0&missingChildAges=false&travellerType=0&showReviewSubmissionEntry=false&currencyCode=USD&isFreeOccSearch=false&tspTypes=16%2C8&los=4&searchrequestid=709a39e5-55e4-4ffc-a2af-37ab37f66aaa&ds=qqYuwCdeeyGgIaeA
AGODA_5,agoda,La Quinta Inn & Suites by Wyndham Stevens Point,"1 Double Bed, Mobility Accessible Room, Non-Smoking",double bedS,Double,Normal,3,6345,0,6345,"['Wi-Fi [free]', 'Room size: 23 m²/248 ft²', '1 double bed', 'Separate shower/bathtub', 'Blackout curtains', 'Non-smoking', 'Private bathroom', 'Individual air conditioning', 'Coffee/tea maker', 'Refrigerator']",2025-11-04,2025-11-05,"https://www.agoda.com/en-in/la-quinta-inn-suites-stevens-point_2/hotel/stevens-point-wi-us.html?countryId=181&finalPriceView=1&isShowMobileAppPrice=false&cid=1922885&numberOfBedrooms=&familyMode=false&adults=1&children=0&rooms=1&maxRooms=0&checkIn=2025-11-1&isCalendarCallout=false&childAges=&numberOfGuest=0&missingChildAges=false&travellerType=0&showReviewSubmissionEntry=false&currencyCode=USD&isFreeOccSearch=false&tspTypes=6,8&los=4&searchrequestid=af799112-03fb-4479-ba5c-d19fd43b97ed"
AGODA_5,agoda,La Quinta Inn & Suites by Wyndham Stevens Point,"1 King Bed, Non-Smoking",king bedS,King,Normal,0,6345,0,6345,"['Wi-Fi [free]', 'Room size: 28 m²/301 ft²', '1 king bed', 'Separate shower/bathtub', 'Blackout curtains', 'Non-smoking', 'Private bathroom', 'Individual air conditioning', 'Coffee/tea maker', 'Hair dryer']",2025-11-04,2025-11-05,"https://www.agoda.com/en-in/la-quinta-inn-suites-stevens-point_2/hotel/stevens-point-wi-us.html?countryId=181&finalPriceView=1&isShowMobileAppPrice=false&cid=1922885&numberOfBedrooms=&familyMode=false&adults=1&children=0&rooms=1&maxRooms=0&checkIn=2025-11-1&isCalendarCallout=false&childAges=&numberOfGuest=0&missingChildAges=false&travellerType=0&showReviewSubmissionEntry=false&currencyCode=USD&isFreeOccSearch=false&tspTypes=6,8&los=4&searchrequestid=af799112-03fb-4479-ba5c-d19fd43b97ed"
AGODA_5,agoda,La Quinta Inn & Suites by Wyndham Stevens Point,"2 Double Beds, Non-Smoking",double beds,Double,Normal,0,6966,0,6966,"['Wi-Fi [free]', 'Room size: 28 m²/301 ft²', '2 double beds', 'Separate shower/bathtub', 'Blackout curtains', 'Non-smoking', 'Private bathroom', 'Individual air conditioning', 'Coffee/tea maker', 'Refrigerator']",2025-11-04,2025-11-05,"https://www.agoda.com/en-in/la-quinta-inn-suites-stevens-point_2/hotel/stevens-point-wi-us.html?countryId=181&finalPriceView=1&isShowMobileAppPrice=false&cid=1922885&numberOfBedrooms=&familyMode=false&adults=1&children=0&rooms=1&maxRooms=0&checkIn=2025-11-1&isCalendarCallout=false&childAges=&numberOfGuest=0&missingChildAges=false&travellerType=0&showReviewSubmissionEntry=false&currencyCode=USD&isFreeOccSearch=false&tspTypes=6,8&los=4&searchrequestid=af799112-03fb-4479-ba5c-d19fd43b97ed"
AGODA_5,agoda,La Quinta Inn & Suites by Wyndham Stevens Point,"1 King Bed, Deluxe Room, Non-Smoking",king bed,King,Deluxe,4,9671,0,9671,"['Wi-Fi [free]', 'Room size: 29 m²/312 ft²', '1 king bed', 'Bathtub', 'Blackout curtains', 'Non-smoking', 'Private bathroom', 'Individual air conditioning', 'Coffee/tea maker', 'Refrigerator']",2025-11-04,2025-11-05,"https://www.agoda.com/en-in/la-quinta-inn-suites-stevens-point_2/hotel/stevens-point-wi-us.html?countryId=181&finalPriceView=1&isShowMobileAppPrice=false&cid=1922885&numberOfBedrooms=&familyMode=false&adults=1&children=0&rooms=1&maxRooms=0&checkIn=2025-11-1&isCalendarCallout=false&childAges=&numberOfGuest=0&missingChildAges=false&travellerType=0&showReviewSubmissionEntry=false&currencyCode=USD&isFreeOccSearch=false&tspTypes=6,8&los=4&searchrequestid=af799112-03fb-4479-ba5c-d19fd43b97ed"
AGODA_5,agoda,La Quinta Inn & Suites by Wyndham Stevens Point,"1 King Bed, One-Bedroom, Suite, Non-Smoking",king bedS,King,Suite,2,12182,0,12182,"['Wi-Fi [free]', 'Room size: 56 m²/603 ft²', '1 king bed', 'Separate shower/bathtub', 'Blackout curtains', 'Non-smoking', 'Private bathroom', 'Individual air conditioning', 'Coffee/tea maker', 'Hair dryer']",2025-11-04,2025-11-05,"https://www.agoda.com/en-in/la-quinta-inn-suites-stevens-point_2/hotel/stevens-point-wi-us.html?countryId=181&finalPriceView=1&isShowMobileAppPrice=false&cid=1922885&numberOfBedrooms=&familyMode=false&adults=1&children=0&rooms=1&maxRooms=0&checkIn=2025-11-1&isCalendarCallout=false&childAges=&numberOfGuest=0&missingChildAges=false&travellerType=0&showReviewSubmissionEntry=false&currencyCode=USD&isFreeOccSearch=false&tspTypes=6,8&los=4&searchrequestid=af799112-03fb-4479-ba5c-d19fd43b97ed"
AGODA_5,agoda,La Quinta Inn & Suites by Wyndham Stevens Point,"1 Double Bed, Mobility Accessible Room, Non-Smoking",double bedS,Double,Normal,3,6059,0,6059,"['Wi-Fi [free]', 'Room size: 23 m²/248 ft²', '1 double bed', 'Separate shower/bathtub', 'Blackout curtains', 'Non-smoking', 'Private bathroom', 'Individual air conditioning', 'Coffee/tea maker', 'Refrigerator']",2025-11-05,2025-11-06,"https://www.agoda.com/en-in/la-quinta-inn-suites-stevens-point_2/hotel/stevens-point-wi-us.html?countryId=181&finalPriceView=1&isShowMobileAppPrice=false&cid=1922885&numberOfBedrooms=&familyMode=false&adults=1&children=0&rooms=1&maxRooms=0&checkIn=2025-11-1&isCalendarCallout=false&childAges=&numberOfGuest=0&missingChildAges=false&travellerType=0&showReviewSubmissionEntry=false&currencyCode=USD&isFreeOccSearch=false&tspTypes=6,8&los=4&searchrequestid=af799112-03fb-4479-ba5c-d19fd43b97ed"
AGODA_5,agoda,La Quinta Inn & Suites by Wyndham Stevens Point,"1 King Bed, Non-Smoking",king bedS,King,Normal,0,6059,0,6059,"['Wi-Fi [free]', 'Room size: 28 m²/301 ft²', '1 king bed', 'Separate shower/bathtub', 'Blackout curtains', 'Non-smoking', 'Private bathroom', 'Individual air conditioning', 'Coffee/tea maker', 'Hair dryer']",2025-11-05,2025-11-06,"https://www.agoda.com/en-in/la-quinta-inn-suites-stevens-point_2/hotel/stevens-point-wi-us.html?countryId=181&finalPriceView=1&isShowMobileAppPrice=false&cid=1922885&numberOfBedrooms=&familyMode=false&adults=1&children=0&rooms=1&maxRooms=0&checkIn=2025-11-1&isCalendarCallout=false&childAges=&numberOfGuest=0&missingChildAges=false&travellerType=0&showReviewSubmissionEntry=false&currencyCode=USD&isFreeOccSearch=false&tspTypes=6,8&los=4&searchrequestid=af799112-03fb-4479-ba5c-d19fd43b97ed"
AGODA_5,agoda,La Quinta Inn & Suites by Wyndham Stevens Point,"2 Double Beds, Non-Smoking",double beds,Double,Normal,0,6941,0,6941,"['Wi-Fi [free]', 'Room size: 28 m²/301 ft²', '2 double beds', 'Separate shower/bathtub', 'Blackout curtains', 'Non-smoking', 'Private bathroom', 'Individual air conditioning', 'Coffee/tea maker', 'Refrigerator']",2025-11-05,2025-11-06,"https://www.agoda.com/en-in/la-quinta-inn-suites-stevens-point_2/hotel/stevens-point-wi-us.html?countryId=181&finalPriceView=1&isShowMobileAppPrice=false&cid=1922885&numberOfBedrooms=&familyMode=false&adults=1&children=0&rooms=1&maxRooms=0&checkIn=2025-11-1&isCalendarCallout=false&childAges=&numberOfGuest=0&missingChildAges=false&travellerType=0&showReviewSubmissionEntry=false&currencyCode=USD&isFreeOccSearch=false&tspTypes=6,8&los=4&searchrequestid=af799112-03fb-4479-ba5c-d19fd43b97ed"
AGODA_5,agoda,La Quinta Inn & Suites by Wyndham Stevens Point,"1 King Bed, Deluxe Room, Non-Smoking",king bed,King,Deluxe,5,9439,0,9439,"['Wi-Fi [free]', 'Room size: 29 m²/312 ft²', '1 king bed', 'Bathtub', 'Blackout curtains', 'Non-smoking', 'Private bathroom', 'Individual air conditioning', 'Coffee/tea maker', 'Refrigerator']",2025-11-05,2025-11-06,"https://www.agoda.com/en-in/la-quinta-inn-suites-stevens-point_2/hotel/stevens-point-wi-us.html?countryId=181&finalPriceView=1&isShowMobileAppPrice=false&cid=1922885&numberOfBedrooms=&familyMode=false&adults=1&children=0&rooms=1&maxRooms=0&checkIn=2025-11-1&isCalendarCallout=false&childAges=&numberOfGuest=0&missingChildAges=false&travellerType=0&showReviewSubmissionEntry=false&currencyCode=USD&isFreeOccSearch=false&tspTypes=6,8&los=4&searchrequestid=af799112-03fb-4479-ba5c-d19fd43b97ed"
AGODA_5,agoda,La Quinta Inn & Suites by Wyndham Stevens Point,"1 King Bed, One-Bedroom, Suite, Non-Smoking",king bedS,King,Suite,2,11943,0,11943,"['Wi-Fi [free]', 'Room size: 56 m²/603 ft²', '1 king bed', 'Separate shower/bathtub', 'Blackout curtains', 'Non-smoking', 'Private bathroom', 'Individual air conditioning', 'Coffee/tea maker', 'Hair dryer']",2025-11-05,2025-11-06,"https://www.agoda.com/en-in/la-quinta-inn-suites-stevens-point_2/hotel/stevens-point-wi-us.html?countryId=181&finalPriceView=1&isShowMobileAppPrice=false&cid=1922885&numberOfBedrooms=&familyMode=false&adults=1&children=0&rooms=1&maxRooms=0&checkIn=2025-11-1&isCalendarCallout=false&childAges=&numberOfGuest=0&missingChildAges=false&travellerType=0&showReviewSubmissionEntry=false&currencyCode=USD&isFreeOccSearch=false&tspTypes=6,8&los=4&searchrequestid=af799112-03fb-4479-ba5c-d19fd43b97ed"
AGODA_5,agoda,La Quinta Inn & Suites by Wyndham Stevens Point,"1 Double Bed, Mobility Accessible Room, Non-Smoking",double bedS,Double,Normal,3,9123,0,9123,"['Wi-Fi [free]', 'Room size: 23 m²/248 ft²', '1 double bed', 'Separate shower/bathtub', 'Blackout curtains', 'Non-smoking', 'Private bathroom', 'Individual air conditioning', 'Coffee/tea maker', 'Refrigerator']",2025-11-07,2025-11-08,"https://www.agoda.com/en-in/la-quinta-inn-suites-stevens-point_2/hotel/stevens-point-wi-us.html?countryId=181&finalPriceView=1&isShowMobileAppPrice=false&cid=1922885&numberOfBedrooms=&familyMode=false&adults=1&children=0&rooms=1&maxRooms=0&checkIn=2025-11-1&isCalendarCallout=false&childAges=&numberOfGuest=0&missingChildAges=false&travellerType=0&showReviewSubmissionEntry=false&currencyCode=USD&isFreeOccSearch=false&tspTypes=6,8&los=4&searchrequestid=af799112-03fb-4479-ba5c-d19fd43b97ed"
AGODA_5,agoda,La Quinta Inn & Suites by Wyndham Stevens Point,"1 King Bed, Non-Smoking",king bedS,King,Normal,0,9123,0,9123,"['Wi-Fi [free]', 'Room size: 28 m²/301 ft²', '1 king bed', 'Separate shower/bathtub', 'Blackout curtains', 'Non-smoking', 'Private bathroom', 'Individual air conditioning', 'Coffee/tea maker', 'Hair dryer']",2025-11-07,2025-11-08,"https://www.agoda.com/en-in/la-quinta-inn-suites-stevens-point_2/hotel/stevens-point-wi-us.html?countryId=181&finalPriceView=1&isShowMobileAppPrice=false&cid=1922885&numberOfBedrooms=&familyMode=false&adults=1&children=0&rooms=1&maxRooms=0&checkIn=2025-11-1&isCalendarCallout=false&childAges=&numberOfGuest=0&missingChildAges=false&travellerType=0&showReviewSubmissionEntry=false&currencyCode=USD&isFreeOccSearch=false&tspTypes=6,8&los=4&searchrequestid=af799112-03fb-4479-ba5c-d19fd43b97ed"
AGODA_5,agoda,La Quinta Inn & Suites by Wyndham Stevens Point,"2 Double Beds, Non-Smoking",double beds,Double,Normal,0,10526,0,10526,"['Wi-Fi [free]', 'Room size: 28 m²/301 ft²', '2 double beds', 'Separate shower/bathtub', 'Blackout curtains', 'Non-smoking', 'Private bathroom', 'Individual air conditioning', 'Coffee/tea maker', 'Refrigerator']",2025-11-07,2025-11-08,"https://www.agoda.com/en-in/la-quinta-inn-suites-stevens-point_2/hotel/stevens-point-wi-us.html?countryId=181&finalPriceView=1&isShowMobileAppPrice=false&cid=1922885&numberOfBedrooms=&familyMode=false&adults=1&children=0&rooms=1&maxRooms=0&checkIn=2025-11-1&isCalendarCallout=false&childAges=&numberOfGuest=0&missingChildAges=false&travellerType=0&showReviewSubmissionEntry=false&currencyCode=USD&isFreeOccSearch=false&tspTypes=6,8&los=4&searchrequestid=af799112-03fb-4479-ba5c-d19fd43b97ed"
AGODA_5,agoda,La Quinta Inn & Suites by Wyndham Stevens Point,"1 King Bed, Deluxe Room, Non-Smoking",king bed,King,Deluxe,5,11327,0,11327,"['Wi-Fi [free]', 'Room size: 29 m²/312 ft²', '1 king bed', 'Bathtub', 'Blackout curtains', 'Non-smoking', 'Private bathroom', 'Individual air conditioning', 'Coffee/tea maker', 'Refrigerator']",2025-11-07,2025-11-08,"https://www.agoda.com/en-in/la-quinta-inn-suites-stevens-point_2/hotel/stevens-point-wi-us.html?countryId=181&finalPriceView=1&isShowMobileAppPrice=false&cid=1922885&numberOfBedrooms=&familyMode=false&adults=1&children=0&rooms=1&maxRooms=0&checkIn=2025-11-1&isCalendarCallout=false&childAges=&numberOfGuest=0&missingChildAges=false&travellerType=0&showReviewSubmissionEntry=false&currencyCode=USD&isFreeOccSearch=false&tspTypes=6,8&los=4&searchrequestid=af799112-03fb-4479-ba5c-d19fd43b97ed"
AGODA_5,agoda,La Quinta Inn & Suites by Wyndham Stevens Point,"1 King Bed, One-Bedroom, Suite, Non-Smoking",king bedS,King,Suite,2,13390,0,13390,"['Wi-Fi [free]', 'Room size: 56 m²/603 ft²', '1 king bed', 'Separate shower/bathtub', 'Blackout curtains', 'Non-smoking', 'Private bathroom', 'Individual air conditioning', 'Coffee/tea maker', 'Hair dryer']",2025-11-07,2025-11-08,"https://www.agoda.com/en-in/la-quinta-inn-suites-stevens-point_2/hotel/stevens-point-wi-us.html?countryId=181&finalPriceView=1&isShowMobileAppPrice=false&cid=1922885&numberOfBedrooms=&familyMode=false&adults=1&children=0&rooms=1&maxRooms=0&checkIn=2025-11-1&isCalendarCallout=false&childAges=&numberOfGuest=0&missingChildAges=false&travellerType=0&showReviewSubmissionEntry=false&currencyCode=USD&isFreeOccSearch=false&tspTypes=6,8&los=4&searchrequestid=af799112-03fb-4479-ba5c-d19fd43b97ed"
AGODA_5,agoda,La Quinta Inn & Suites by Wyndham Stevens Point,"1 Double Bed, Mobility Accessible Room, Non-Smoking",double bedS,Double,Normal,3,6161,0,6161,"['Wi-Fi [free]', 'Room size: 23 m²/248 ft²', '1 double bed', 'Separate shower/bathtub', 'Blackout curtains', 'Non-smoking', 'Private bathroom', 'Individual air conditioning', 'Coffee/tea maker', 'Refrigerator']",2025-11-11,2025-11-12,"https://www.agoda.com/en-in/la-quinta-inn-suites-stevens-point_2/hotel/stevens-point-wi-us.html?countryId=181&finalPriceView=1&isShowMobileAppPrice=false&cid=1922885&numberOfBedrooms=&familyMode=false&adults=1&children=0&rooms=1&maxRooms=0&checkIn=2025-11-1&isCalendarCallout=false&childAges=&numberOfGuest=0&missingChildAges=false&travellerType=0&showReviewSubmissionEntry=false&currencyCode=USD&isFreeOccSearch=false&tspTypes=6,8&los=4&searchrequestid=af799112-03fb-4479-ba5c-d19fd43b97ed"
AGODA_5,agoda,La Quinta Inn & Suites by Wyndham Stevens Point,"1 King Bed, Non-Smoking",king bedS,King,Normal,0,6161,0,6161,"['Wi-Fi [free]', 'Room size: 28 m²/301 ft²', '1 king bed', 'Separate shower/bathtub', 'Blackout curtains', 'Non-smoking', 'Private bathroom', 'Individual air conditioning', 'Coffee/tea maker', 'Hair dryer']",2025-11-11,2025-11-12,"https://www.agoda.com/en-in/la-quinta-inn-suites-stevens-point_2/hotel/stevens-point-wi-us.html?countryId=181&finalPriceView=1&isShowMobileAppPrice=false&cid=1922885&numberOfBedrooms=&familyMode=false&adults=1&children=0&rooms=1&maxRooms=0&checkIn=2025-11-1&isCalendarCallout=false&childAges=&numberOfGuest=0&missingChildAges=false&travellerType=0&showReviewSubmissionEntry=false&currencyCode=USD&isFreeOccSearch=false&tspTypes=6,8&los=4&searchrequestid=af799112-03fb-4479-ba5c-d19fd43b97ed"
AGODA_5,agoda,La Quinta Inn & Suites by Wyndham Stevens Point,"2 Double Beds, Non-Smoking",double beds,Double,Normal,0,6995,0,6995,"['Wi-Fi [free]', 'Room size: 28 m²/301 ft²', '2 double beds', 'Separate shower/bathtub', 'Blackout curtains', 'Non-smoking', 'Private bathroom', 'Individual air conditioning', 'Coffee/tea maker', 'Refrigerator']",2025-11-11,2025-11-12,"https://www.agoda.com/en-in/la-quinta-inn-suites-stevens-point_2/hotel/stevens-point-wi-us.html?countryId=181&finalPriceView=1&isShowMobileAppPrice=false&cid=1922885&numberOfBedrooms=&familyMode=false&adults=1&children=0&rooms=1&maxRooms=0&checkIn=2025-11-1&isCalendarCallout=false&childAges=&numberOfGuest=0&missingChildAges=false&travellerType=0&showReviewSubmissionEntry=false&currencyCode=USD&isFreeOccSearch=false&tspTypes=6,8&los=4&searchrequestid=af799112-03fb-4479-ba5c-d19fd43b97ed"
AGODA_5,agoda,La Quinta Inn & Suites by Wyndham Stevens Point,"1 King Bed, Deluxe Room, Non-Smoking",king bed,King,Deluxe,5,8448,0,8448,"['Wi-Fi [free]', 'Room size: 29 m²/312 ft²', '1 king bed', 'Bathtub', 'Blackout curtains', 'Non-smoking', 'Private bathroom', 'Individual air conditioning', 'Coffee/tea maker', 'Refrigerator']",2025-11-11,2025-11-12,"https://www.agoda.com/en-in/la-quinta-inn-suites-stevens-point_2/hotel/stevens-point-wi-us.html?countryId=181&finalPriceView=1&isShowMobileAppPrice=false&cid=1922885&numberOfBedrooms=&familyMode=false&adults=1&children=0&rooms=1&maxRooms=0&checkIn=2025-11-1&isCalendarCallout=false&childAges=&numberOfGuest=0&missingChildAges=false&travellerType=0&showReviewSubmissionEntry=false&currencyCode=USD&isFreeOccSearch=false&tspTypes=6,8&los=4&searchrequestid=af799112-03fb-4479-ba5c-d19fd43b97ed"
AGODA_5,agoda,La Quinta Inn & Suites by Wyndham Stevens Point,"1 King Bed, One-Bedroom, Suite, Non-Smoking",king bedS,King,Suite,2,10672,0,10672,"['Wi-Fi [free]', 'Room size: 56 m²/603 ft²', '1 king bed', 'Separate shower/bathtub', 'Blackout curtains', 'Non-smoking', 'Private bathroom', 'Individual air conditioning', 'Coffee/tea maker', 'Hair dryer']",2025-11-11,2025-11-12,"https://www.agoda.com/en-in/la-quinta-inn-suites-stevens-point_2/hotel/stevens-point-wi-us.html?countryId=181&finalPriceView=1&isShowMobileAppPrice=false&cid=1922885&numberOfBedrooms=&familyMode=false&adults=1&children=0&rooms=1&maxRooms=0&checkIn=2025-11-1&isCalendarCallout=false&childAges=&numberOfGuest=0&missingChildAges=false&travellerType=0&showReviewSubmissionEntry=false&currencyCode=USD&isFreeOccSearch=false&tspTypes=6,8&los=4&searchrequestid=af799112-03fb-4479-ba5c-d19fd43b97ed"
AGODA_5,agoda,La Quinta Inn & Suites by Wyndham Stevens Point,"1 Double Bed, Mobility Accessible Room, Non-Smoking",double bedS,Double,Normal,3,8551,0,8551,"['Wi-Fi [free]', 'Room size: 23 m²/248 ft²', '1 double bed', 'Separate shower/bathtub', 'Blackout curtains', 'Non-smoking', 'Private bathroom', 'Individual air conditioning', 'Coffee/tea maker', 'Refrigerator']",2025-11-14,2025-11-15,"https://www.agoda.com/en-in/la-quinta-inn-suites-stevens-point_2/hotel/stevens-point-wi-us.html?countryId=181&finalPriceView=1&isShowMobileAppPrice=false&cid=1922885&numberOfBedrooms=&familyMode=false&adults=1&children=0&rooms=1&maxRooms=0&checkIn=2025-11-1&isCalendarCallout=false&childAges=&numberOfGuest=0&missingChildAges=false&travellerType=0&showReviewSubmissionEntry=false&currencyCode=USD&isFreeOccSearch=false&tspTypes=6,8&los=4&searchrequestid=af799112-03fb-4479-ba5c-d19fd43b97ed"
AGODA_5,agoda,La Quinta Inn & Suites by Wyndham Stevens Point,"1 King Bed, Non-Smoking",king bedS,King,Normal,0,8551,0,8551,"['Wi-Fi [free]', 'Room size: 28 m²/301 ft²', '1 king bed', 'Separate shower/bathtub', 'Blackout curtains', 'Non-smoking', 'Private bathroom', 'Individual air conditioning', 'Coffee/tea maker', 'Hair dryer']",2025-11-14,2025-11-15,"https://www.agoda.com/en-in/la-quinta-inn-suites-stevens-point_2/hotel/stevens-point-wi-us.html?countryId=181&finalPriceView=1&isShowMobileAppPrice=false&cid=1922885&numberOfBedrooms=&familyMode=false&adults=1&children=0&rooms=1&maxRooms=0&checkIn=2025-11-1&isCalendarCallout=false&childAges=&numberOfGuest=0&missingChildAges=false&travellerType=0&showReviewSubmissionEntry=false&currencyCode=USD&isFreeOccSearch=false&tspTypes=6,8&los=4&searchrequestid=af799112-03fb-4479-ba5c-d19fd43b97ed"
AGODA_5,agoda,La Quinta Inn & Suites by Wyndham Stevens Point,"2 Double Beds, Non-Smoking",double beds,Double,Normal,0,9488,0,9488,"['Wi-Fi [free]', 'Room size: 28 m²/301 ft²', '2 double beds', 'Separate shower/bathtub', 'Blackout curtains', 'Non-smoking', 'Private bathroom', 'Individual air conditioning', 'Coffee/tea maker', 'Refrigerator']",2025-11-14,2025-11-15,"https://www.agoda.com/en-in/la-quinta-inn-suites-stevens-point_2/hotel/stevens-point-wi-us.html?countryId=181&finalPriceView=1&isShowMobileAppPrice=false&cid=1922885&numberOfBedrooms=&familyMode=false&adults=1&children=0&rooms=1&maxRooms=0&checkIn=2025-11-1&isCalendarCallout=false&childAges=&numberOfGuest=0&missingChildAges=false&travellerType=0&showReviewSubmissionEntry=false&currencyCode=USD&isFreeOccSearch=false&tspTypes=6,8&los=4&searchrequestid=af799112-03fb-4479-ba5c-d19fd43b97ed"
AGODA_5,agoda,La Quinta Inn & Suites by Wyndham Stevens Point,"1 King Bed, Deluxe Room, Non-Smoking",king bed,King,Deluxe,5,10139,0,10139,"['Wi-Fi [free]', 'Room size: 29 m²/312 ft²', '1 king bed', 'Bathtub', 'Blackout curtains', 'Non-smoking', 'Private bathroom', 'Individual air conditioning', 'Coffee/tea maker', 'Refrigerator']",2025-11-14,2025-11-15,"https://www.agoda.com/en-in/la-quinta-inn-suites-stevens-point_2/hotel/stevens-point-wi-us.html?countryId=181&finalPriceView=1&isShowMobileAppPrice=false&cid=1922885&numberOfBedrooms=&familyMode=false&adults=1&children=0&rooms=1&maxRooms=0&checkIn=2025-11-1&isCalendarCallout=false&childAges=&numberOfGuest=0&missingChildAges=false&travellerType=0&showReviewSubmissionEntry=false&currencyCode=USD&isFreeOccSearch=false&tspTypes=6,8&los=4&searchrequestid=af799112-03fb-4479-ba5c-d19fd43b97ed"
AGODA_5,agoda,La Quinta Inn & Suites by Wyndham Stevens Point,"1 King Bed, One-Bedroom, Suite, Non-Smoking",king bedS,King,Suite,2,12213,0,12213,"['Wi-Fi [free]', 'Room size: 56 m²/603 ft²', '1 king bed', 'Separate shower/bathtub', 'Blackout curtains', 'Non-smoking', 'Private bathroom', 'Individual air conditioning', 'Coffee/tea maker', 'Hair dryer']",2025-11-14,2025-11-15,"https://www.agoda.com/en-in/la-quinta-inn-suites-stevens-point_2/hotel/stevens-point-wi-us.html?countryId=181&finalPriceView=1&isShowMobileAppPrice=false&cid=1922885&numberOfBedrooms=&familyMode=false&adults=1&children=0&rooms=1&maxRooms=0&checkIn=2025-11-1&isCalendarCallout=false&childAges=&numberOfGuest=0&missingChildAges=false&travellerType=0&showReviewSubmissionEntry=false&currencyCode=USD&isFreeOccSearch=false&tspTypes=6,8&los=4&searchrequestid=af799112-03fb-4479-ba5c-d19fd43b97ed"
AGODA_5,agoda,La Quinta Inn & Suites by Wyndham Stevens Point,"1 Double Bed, Mobility Accessible Room, Non-Smoking",double bedS,Double,Normal,0,8759,0,8759,"['Wi-Fi [free]', 'Room size: 23 m²/248 ft²', '1 double bed', 'Separate shower/bathtub', 'Blackout curtains', 'Non-smoking', 'Private bathroom', 'Individual air conditioning', 'Coffee/tea maker', 'Refrigerator']",2025-11-15,2025-11-16,"https://www.agoda.com/en-in/la-quinta-inn-suites-stevens-point_2/hotel/stevens-point-wi-us.html?countryId=181&finalPriceView=1&isShowMobileAppPrice=false&cid=1922885&numberOfBedrooms=&familyMode=false&adults=1&children=0&rooms=1&maxRooms=0&checkIn=2025-11-1&isCalendarCallout=false&childAges=&numberOfGuest=0&missingChildAges=false&travellerType=0&showReviewSubmissionEntry=false&currencyCode=USD&isFreeOccSearch=false&tspTypes=6,8&los=4&searchrequestid=af799112-03fb-4479-ba5c-d19fd43b97ed"
AGODA_5,agoda,La Quinta Inn & Suites by Wyndham Stevens Point,"1 King Bed, Non-Smoking",king bedS,King,Normal,0,8759,0,8759,"['Wi-Fi [free]', 'Room size: 28 m²/301 ft²', '1 king bed', 'Separate shower/bathtub', 'Blackout curtains', 'Non-smoking', 'Private bathroom', 'Individual air conditioning', 'Coffee/tea maker', 'Hair dryer']",2025-11-15,2025-11-16,"https://www.agoda.com/en-in/la-quinta-inn-suites-stevens-point_2/hotel/stevens-point-wi-us.html?countryId=181&finalPriceView=1&isShowMobileAppPrice=false&cid=1922885&numberOfBedrooms=&familyMode=false&adults=1&children=0&rooms=1&maxRooms=0&checkIn=2025-11-1&isCalendarCallout=false&childAges=&numberOfGuest=0&missingChildAges=false&travellerType=0&showReviewSubmissionEntry=false&currencyCode=USD&isFreeOccSearch=false&tspTypes=6,8&los=4&searchrequestid=af799112-03fb-4479-ba5c-d19fd43b97ed"
AGODA_5,agoda,La Quinta Inn & Suites by Wyndham Stevens Point,"2 Double Beds, Non-Smoking",double beds,Double,Normal,0,10132,0,10132,"['Wi-Fi [free]', 'Room size: 28 m²/301 ft²', '2 double beds', 'Separate shower/bathtub', 'Blackout curtains', 'Non-smoking', 'Private bathroom', 'Individual air conditioning', 'Coffee/tea maker', 'Refrigerator']",2025-11-15,2025-11-16,"https://www.agoda.com/en-in/la-quinta-inn-suites-stevens-point_2/hotel/stevens-point-wi-us.html?countryId=181&finalPriceView=1&isShowMobileAppPrice=false&cid=1922885&numberOfBedrooms=&familyMode=false&adults=1&children=0&rooms=1&maxRooms=0&checkIn=2025-11-1&isCalendarCallout=false&childAges=&numberOfGuest=0&missingChildAges=false&travellerType=0&showReviewSubmissionEntry=false&currencyCode=USD&isFreeOccSearch=false&tspTypes=6,8&los=4&searchrequestid=af799112-03fb-4479-ba5c-d19fd43b97ed"
AGODA_5,agoda,La Quinta Inn & Suites by Wyndham Stevens Point,"1 King Bed, Deluxe Room, Non-Smoking",king bed,King,Deluxe,5,10860,0,10860,"['Wi-Fi [free]', 'Room size: 29 m²/312 ft²', '1 king bed', 'Bathtub', 'Blackout curtains', 'Non-smoking', 'Private bathroom', 'Individual air conditioning', 'Coffee/tea maker', 'Refrigerator']",2025-11-15,2025-11-16,"https://www.agoda.com/en-in/la-quinta-inn-suites-stevens-point_2/hotel/stevens-point-wi-us.html?countryId=181&finalPriceView=1&isShowMobileAppPrice=false&cid=1922885&numberOfBedrooms=&familyMode=false&adults=1&children=0&rooms=1&maxRooms=0&checkIn=2025-11-1&isCalendarCallout=false&childAges=&numberOfGuest=0&missingChildAges=false&travellerType=0&showReviewSubmissionEntry=false&currencyCode=USD&isFreeOccSearch=false&tspTypes=6,8&los=4&searchrequestid=af799112-03fb-4479-ba5c-d19fd43b97ed"
AGODA_5,agoda,La Quinta Inn & Suites by Wyndham Stevens Point,"1 King Bed, One-Bedroom, Suite, Non-Smoking",king bedS,King,Suite,2,12958,0,12958,"['Wi-Fi [free]', 'Room size: 56 m²/603 ft²', '1 king bed', 'Separate shower/bathtub', 'Blackout curtains', 'Non-smoking', 'Private bathroom', 'Individual air conditioning', 'Coffee/tea maker', 'Hair dryer']",2025-11-15,2025-11-16,"https://www.agoda.com/en-in/la-quinta-inn-suites-stevens-point_2/hotel/stevens-point-wi-us.html?countryId=181&finalPriceView=1&isShowMobileAppPrice=false&cid=1922885&numberOfBedrooms=&familyMode=false&adults=1&children=0&rooms=1&maxRooms=0&checkIn=2025-11-1&isCalendarCallout=false&childAges=&numberOfGuest=0&missingChildAges=false&travellerType=0&showReviewSubmissionEntry=false&currencyCode=USD&isFreeOccSearch=false&tspTypes=6,8&los=4&searchrequestid=af799112-03fb-4479-ba5c-d19fd43b97ed"
