hotel_id,hotel_source,hotel_name,check_in,check_out,room_name,bed_type,bed_category,room_category,available_rooms,base_price,tax_price,total_price,room_facilities,link
EXPEDIA_1,Expedia.com,Econo Lodge Inn & Suites,2025-11-03,2025-11-04,"Standard Room, 1 Queen Bed, Non Smoking",Queen Bed,Queen,Normal,,10137.0,1244.0,11381.0,"Free continental breakfast, Free self parking, Sleeps 2, 1 Queen Bed, Reserve now, pay later",https://www.expedia.co.in/High-Level-Hotels-Econo-Lodge-Inn-Suites.h1353803.Hotel-Information?chkin=2025-11-03&chkout=2025-11-04&x_pwa=1&rfrr=HSR&useRewards=true&rm1=a2&selected=EXPEDIA_1&sort=RECOMMENDED&pwa_ts=1762084727320&top_cur=USD
EXPEDIA_1,Expedia.com,Econo Lodge Inn & Suites,2025-11-03,2025-11-04,"Standard Room, 2 Queen Beds, Non Smoking",Queen Beds,Queen,Normal,,10771.0,1322.0,12093.0,"Free continental breakfast, Free self parking, Sleeps 4, 2 Queen Beds, Reserve now, pay later",https://www.expedia.co.in/High-Level-Hotels-Econo-Lodge-Inn-Suites.h1353803.Hotel-Information?chkin=2025-11-03&chkout=2025-11-04&x_pwa=1&rfrr=HSR&useRewards=true&rm1=a2&selected=EXPEDIA_1&sort=RECOMMENDED&pwa_ts=1762084727320&top_cur=USD
EXPEDIA_1,Expedia.com,Econo Lodge Inn & Suites,2025-11-03,2025-11-04,"Efficiency, Room, 1 Queen Bed, Non Smoking",Queen Bed,Queen,Normal,5.0,11405.0,1399.0,12804.0,"Free continental breakfast, Free self parking, Sleeps 2, 1 Queen Bed, Reserve now, pay later",https://www.expedia.co.in/High-Level-Hotels-Econo-Lodge-Inn-Suites.h1353803.Hotel-Information?chkin=2025-11-03&chkout=2025-11-04&x_pwa=1&rfrr=HSR&useRewards=true&rm1=a2&selected=EXPEDIA_1&sort=RECOMMENDED&pwa_ts=1762084727320&top_cur=USD
EXPEDIA_1,Expedia.com,Econo Lodge Inn & Suites,2025-11-03,2025-11-04,"Suite, 1 Queen Bed, Non Smoking",Queen Bed,Queen,Suite,4.0,12672.0,1555.0,14227.0,"Free continental breakfast, Free self parking, Sleeps 2, 1 Queen Bed, Reserve now, pay later",https://www.expedia.co.in/High-Level-Hotels-Econo-Lodge-Inn-Suites.h1353803.Hotel-Information?chkin=2025-11-03&chkout=2025-11-04&x_pwa=1&rfrr=HSR&useRewards=true&rm1=a2&selected=EXPEDIA_1&sort=RECOMMENDED&pwa_ts=1762084727320&top_cur=USD
EXPEDIA_1,Expedia.com,Econo Lodge Inn & Suites,2025-11-04,2025-11-05,"Standard Room, 1 Queen Bed, Non Smoking",Queen Bed,Queen,Normal,,10137.0,1244.0,11381.0,"Free continental breakfast, Free self parking, Sleeps 2, 1 Queen Bed, Reserve now, pay later",https://www.expedia.co.in/High-Level-Hotels-Econo-Lodge-Inn-Suites.h1353803.Hotel-Information?chkin=2025-11-04&chkout=2025-11-05&x_pwa=1&rfrr=HSR&useRewards=true&rm1=a2&selected=EXPEDIA_1&sort=RECOMMENDED&pwa_ts=1762084779572&top_cur=USD
EXPEDIA_1,Expedia.com,Econo Lodge Inn & Suites,2025-11-04,2025-11-05,"Standard Room, 2 Queen Beds, Non Smoking",Queen Beds,Queen,Normal,,10771.0,1322.0,12093.0,"Free continental breakfast, Free self parking, Sleeps 4, 2 Queen Beds, Reserve now, pay later",https://www.expedia.co.in/High-Level-Hotels-Econo-Lodge-Inn-Suites.h1353803.Hotel-Information?chkin=2025-11-04&chkout=2025-11-05&x_pwa=1&rfrr=HSR&useRewards=true&rm1=a2&selected=EXPEDIA_1&sort=RECOMMENDED&pwa_ts=1762084779572&top_cur=USD
EXPEDIA_1,Expedia.com,Econo Lodge Inn & Suites,2025-11-04,2025-11-05,"Efficiency, Room, 1 Queen Bed, Non Smoking",Queen Bed,Queen,Normal,6.0,11405.0,1399.0,12804.0,"Free continental breakfast, Free self parking, Sleeps 2, 1 Queen Bed, Reserve now, pay later",https://www.expedia.co.in/High-Level-Hotels-Econo-Lodge-Inn-Suites.h1353803.Hotel-Information?chkin=2025-11-04&chkout=2025-11-05&x_pwa=1&rfrr=HSR&useRewards=true&rm1=a2&selected=EXPEDIA_1&sort=RECOMMENDED&pwa_ts=1762084779572&top_cur=USD
EXPEDIA_1,Expedia.com,Econo Lodge Inn & Suites,2025-11-04,2025-11-05,"Suite, 1 Queen Bed, Non Smoking",Queen Bed,Queen,Suite,4.0,12672.0,1555.0,14227.0,"Free continental breakfast, Free self parking, Sleeps 2, 1 Queen Bed, Reserve now, pay later",https://www.expedia.co.in/High-Level-Hotels-Econo-Lodge-Inn-Suites.h1353803.Hotel-Information?chkin=2025-11-04&chkout=2025-11-05&x_pwa=1&rfrr=HSR&useRewards=true&rm1=a2&selected=EXPEDIA_1&sort=RECOMMENDED&pwa_ts=1762084779572&top_cur=USD
EXPEDIA_1,Expedia.com,Econo Lodge Inn & Suites,2025-11-05,2025-11-06,"Standard Room, 1 Queen Bed, Non Smoking",Queen Bed,Queen,Normal,,10137.0,1244.0,11381.0,"Free continental breakfast, Free self parking, Sleeps 2, 1 Queen Bed, Reserve now, pay later",https://www.expedia.co.in/High-Level-Hotels-Econo-Lodge-Inn-Suites.h1353803.Hotel-Information?chkin=2025-11-05&chkout=2025-11-06&x_pwa=1&rfrr=HSR&useRewards=true&rm1=a2&selected=EXPEDIA_1&sort=RECOMMENDED&pwa_ts=1762084826182&top_cur=USD
EXPEDIA_1,Expedia.com,Econo Lodge Inn & Suites,2025-11-05,2025-11-06,"Standard Room, 2 Queen Beds, Non Smoking",Queen Beds,Queen,Normal,,10771.0,1322.0,12093.0,"Free continental breakfast, Free self parking, Sleeps 4, 2 Queen Beds, Reserve now, pay later",https://www.expedia.co.in/High-Level-Hotels-Econo-Lodge-Inn-Suites.h1353803.Hotel-Information?chkin=2025-11-05&chkout=2025-11-06&x_pwa=1&rfrr=HSR&useRewards=true&rm1=a2&selected=EXPEDIA_1&sort=RECOMMENDED&pwa_ts=1762084826182&top_cur=USD
EXPEDIA_1,Expedia.com,Econo Lodge Inn & Suites,2025-11-05,2025-11-06,"Efficiency, Room, 1 Queen Bed, Non Smoking",Queen Bed,Queen,Normal,5.0,11405.0,1399.0,12804.0,"Free continental breakfast, Free self parking, Sleeps 2, 1 Queen Bed, Reserve now, pay later",https://www.expedia.co.in/High-Level-Hotels-Econo-Lodge-Inn-Suites.h1353803.Hotel-Information?chkin=2025-11-05&chkout=2025-11-06&x_pwa=1&rfrr=HSR&useRewards=true&rm1=a2&selected=EXPEDIA_1&sort=RECOMMENDED&pwa_ts=1762084826182&top_cur=USD
EXPEDIA_1,Expedia.com,Econo Lodge Inn & Suites,2025-11-05,2025-11-06,"Suite, 1 Queen Bed, Non Smoking",Queen Bed,Queen,Suite,4.0,12672.0,1555.0,14227.0,"Free continental breakfast, Free self parking, Sleeps 2, 1 Queen Bed, Reserve now, pay later",https://www.expedia.co.in/High-Level-Hotels-Econo-Lodge-Inn-Suites.h1353803.Hotel-Information?chkin=2025-11-05&chkout=2025-11-06&x_pwa=1&rfrr=HSR&useRewards=true&rm1=a2&selected=EXPEDIA_1&sort=RECOMMENDED&pwa_ts=1762084826182&top_cur=USD
EXPEDIA_1,Expedia.com,Econo Lodge Inn & Suites,2025-11-06,2025-11-07,"Standard Room, 1 Queen Bed, Non Smoking",Queen Bed,Queen,Normal,,10137.0,1244.0,11381.0,"Free continental breakfast, Free self parking, Sleeps 2, 1 Queen Bed, Reserve now, pay later",https://www.expedia.co.in/High-Level-Hotels-Econo-Lodge-Inn-Suites.h1353803.Hotel-Information?chkin=2025-11-06&chkout=2025-11-07&x_pwa=1&rfrr=HSR&useRewards=true&rm1=a2&selected=EXPEDIA_1&sort=RECOMMENDED&pwa_ts=1762084868377&top_cur=USD
EXPEDIA_1,Expedia.com,Econo Lodge Inn & Suites,2025-11-06,2025-11-07,"Standard Room, 2 Queen Beds, Non Smoking",Queen Beds,Queen,Normal,,10771.0,1322.0,12093.0,"Free continental breakfast, Free self parking, Sleeps 4, 2 Queen Beds, Reserve now, pay later",https://www.expedia.co.in/High-Level-Hotels-Econo-Lodge-Inn-Suites.h1353803.Hotel-Information?chkin=2025-11-06&chkout=2025-11-07&x_pwa=1&rfrr=HSR&useRewards=true&rm1=a2&selected=EXPEDIA_1&sort=RECOMMENDED&pwa_ts=1762084868377&top_cur=USD
EXPEDIA_1,Expedia.com,Econo Lodge Inn & Suites,2025-11-06,2025-11-07,"Efficiency, Room, 1 Queen Bed, Non Smoking",Queen Bed,Queen,Normal,5.0,11405.0,1399.0,12804.0,"Free continental breakfast, Free self parking, Sleeps 2, 1 Queen Bed, Reserve now, pay later",https://www.expedia.co.in/High-Level-Hotels-Econo-Lodge-Inn-Suites.h1353803.Hotel-Information?chkin=2025-11-06&chkout=2025-11-07&x_pwa=1&rfrr=HSR&useRewards=true&rm1=a2&selected=EXPEDIA_1&sort=RECOMMENDED&pwa_ts=1762084868377&top_cur=USD
EXPEDIA_1,Expedia.com,Econo Lodge Inn & Suites,2025-11-06,2025-11-07,"Suite, 1 Queen Bed, Non Smoking",Queen Bed,Queen,Suite,4.0,12672.0,1555.0,14227.0,"Free continental breakfast, Free self parking, Sleeps 2, 1 Queen Bed, Reserve now, pay later",https://www.expedia.co.in/High-Level-Hotels-Econo-Lodge-Inn-Suites.h1353803.Hotel-Information?chkin=2025-11-06&chkout=2025-11-07&x_pwa=1&rfrr=HSR&useRewards=true&rm1=a2&selected=EXPEDIA_1&sort=RECOMMENDED&pwa_ts=1762084868377&top_cur=USD
EXPEDIA_1,Expedia.com,Econo Lodge Inn & Suites,2025-11-07,2025-11-08,"Standard Room, 1 Queen Bed, Non Smoking",Queen Bed,Queen,Normal,,9504.0,1166.0,10670.0,"Free continental breakfast, Free self parking, Sleeps 2, 1 Queen Bed, Reserve now, pay later",https://www.expedia.co.in/High-Level-Hotels-Econo-Lodge-Inn-Suites.h1353803.Hotel-Information?chkin=2025-11-07&chkout=2025-11-08&x_pwa=1&rfrr=HSR&useRewards=true&rm1=a2&selected=EXPEDIA_1&sort=RECOMMENDED&pwa_ts=1762084915145&top_cur=USD
EXPEDIA_1,Expedia.com,Econo Lodge Inn & Suites,2025-11-07,2025-11-08,"Standard Room, 2 Queen Beds, Non Smoking",Queen Beds,Queen,Normal,,10137.0,1244.0,11381.0,"Free continental breakfast, Free self parking, Sleeps 4, 2 Queen Beds, Reserve now, pay later",https://www.expedia.co.in/High-Level-Hotels-Econo-Lodge-Inn-Suites.h1353803.Hotel-Information?chkin=2025-11-07&chkout=2025-11-08&x_pwa=1&rfrr=HSR&useRewards=true&rm1=a2&selected=EXPEDIA_1&sort=RECOMMENDED&pwa_ts=1762084915145&top_cur=USD
EXPEDIA_1,Expedia.com,Econo Lodge Inn & Suites,2025-11-07,2025-11-08,"Efficiency, Room, 1 Queen Bed, Non Smoking",Queen Bed,Queen,Normal,5.0,10771.0,1322.0,12093.0,"Free continental breakfast, Free self parking, Sleeps 2, 1 Queen Bed, Reserve now, pay later",https://www.expedia.co.in/High-Level-Hotels-Econo-Lodge-Inn-Suites.h1353803.Hotel-Information?chkin=2025-11-07&chkout=2025-11-08&x_pwa=1&rfrr=HSR&useRewards=true&rm1=a2&selected=EXPEDIA_1&sort=RECOMMENDED&pwa_ts=1762084915145&top_cur=USD
EXPEDIA_1,Expedia.com,Econo Lodge Inn & Suites,2025-11-07,2025-11-08,"Suite, 1 Queen Bed, Non Smoking",Queen Bed,Queen,Suite,4.0,12038.0,1477.0,13515.0,"Free continental breakfast, Free self parking, Sleeps 2, 1 Queen Bed, Reserve now, pay later",https://www.expedia.co.in/High-Level-Hotels-Econo-Lodge-Inn-Suites.h1353803.Hotel-Information?chkin=2025-11-07&chkout=2025-11-08&x_pwa=1&rfrr=HSR&useRewards=true&rm1=a2&selected=EXPEDIA_1&sort=RECOMMENDED&pwa_ts=1762084915145&top_cur=USD
EXPEDIA_1,Expedia.com,Econo Lodge Inn & Suites,2025-11-08,2025-11-09,"Standard Room, 1 Queen Bed, Non Smoking",Queen Bed,Queen,Normal,,9504.0,1166.0,10670.0,"Free continental breakfast, Free self parking, Sleeps 2, 1 Queen Bed, Reserve now, pay later",https://www.expedia.co.in/High-Level-Hotels-Econo-Lodge-Inn-Suites.h1353803.Hotel-Information?chkin=2025-11-08&chkout=2025-11-09&x_pwa=1&rfrr=HSR&useRewards=true&rm1=a2&selected=EXPEDIA_1&sort=RECOMMENDED&pwa_ts=1762084958837&top_cur=USD
EXPEDIA_1,Expedia.com,Econo Lodge Inn & Suites,2025-11-08,2025-11-09,"Standard Room, 2 Queen Beds, Non Smoking",Queen Beds,Queen,Normal,,10137.0,1244.0,11381.0,"Free continental breakfast, Free self parking, Sleeps 4, 2 Queen Beds, Reserve now, pay later",https://www.expedia.co.in/High-Level-Hotels-Econo-Lodge-Inn-Suites.h1353803.Hotel-Information?chkin=2025-11-08&chkout=2025-11-09&x_pwa=1&rfrr=HSR&useRewards=true&rm1=a2&selected=EXPEDIA_1&sort=RECOMMENDED&pwa_ts=1762084958837&top_cur=USD
EXPEDIA_1,Expedia.com,Econo Lodge Inn & Suites,2025-11-08,2025-11-09,"Efficiency, Room, 1 Queen Bed, Non Smoking",Queen Bed,Queen,Normal,6.0,10771.0,1322.0,12093.0,"Free continental breakfast, Free self parking, Sleeps 2, 1 Queen Bed, Reserve now, pay later",https://www.expedia.co.in/High-Level-Hotels-Econo-Lodge-Inn-Suites.h1353803.Hotel-Information?chkin=2025-11-08&chkout=2025-11-09&x_pwa=1&rfrr=HSR&useRewards=true&rm1=a2&selected=EXPEDIA_1&sort=RECOMMENDED&pwa_ts=1762084958837&top_cur=USD
EXPEDIA_1,Expedia.com,Econo Lodge Inn & Suites,2025-11-08,2025-11-09,"Suite, 1 Queen Bed, Non Smoking",Queen Bed,Queen,Suite,4.0,12038.0,1477.0,13515.0,"Free continental breakfast, Free self parking, Sleeps 2, 1 Queen Bed, Reserve now, pay later",https://www.expedia.co.in/High-Level-Hotels-Econo-Lodge-Inn-Suites.h1353803.Hotel-Information?chkin=2025-11-08&chkout=2025-11-09&x_pwa=1&rfrr=HSR&useRewards=true&rm1=a2&selected=EXPEDIA_1&sort=RECOMMENDED&pwa_ts=1762084958837&top_cur=USD
EXPEDIA_1,Expedia.com,Econo Lodge Inn & Suites,2025-11-09,2025-11-10,"Standard Room, 1 Queen Bed, Non Smoking",Queen Bed,Queen,Normal,,9504.0,1166.0,10670.0,"Free continental breakfast, Free self parking, Sleeps 2, 1 Queen Bed, Reserve now, pay later",https://www.expedia.co.in/High-Level-Hotels-Econo-Lodge-Inn-Suites.h1353803.Hotel-Information?chkin=2025-11-09&chkout=2025-11-10&x_pwa=1&rfrr=HSR&useRewards=true&rm1=a2&selected=EXPEDIA_1&sort=RECOMMENDED&pwa_ts=1762085005720&top_cur=USD
EXPEDIA_1,Expedia.com,Econo Lodge Inn & Suites,2025-11-09,2025-11-10,"Standard Room, 2 Queen Beds, Non Smoking",Queen Beds,Queen,Normal,,10137.0,1244.0,11381.0,"Free continental breakfast, Free self parking, Sleeps 4, 2 Queen Beds, Reserve now, pay later",https://www.expedia.co.in/High-Level-Hotels-Econo-Lodge-Inn-Suites.h1353803.Hotel-Information?chkin=2025-11-09&chkout=2025-11-10&x_pwa=1&rfrr=HSR&useRewards=true&rm1=a2&selected=EXPEDIA_1&sort=RECOMMENDED&pwa_ts=1762085005720&top_cur=USD
EXPEDIA_1,Expedia.com,Econo Lodge Inn & Suites,2025-11-09,2025-11-10,"Efficiency, Room, 1 Queen Bed, Non Smoking",Queen Bed,Queen,Normal,6.0,10771.0,1322.0,12093.0,"Free continental breakfast, Free self parking, Sleeps 2, 1 Queen Bed, Reserve now, pay later",https://www.expedia.co.in/High-Level-Hotels-Econo-Lodge-Inn-Suites.h1353803.Hotel-Information?chkin=2025-11-09&chkout=2025-11-10&x_pwa=1&rfrr=HSR&useRewards=true&rm1=a2&selected=EXPEDIA_1&sort=RECOMMENDED&pwa_ts=1762085005720&top_cur=USD
EXPEDIA_1,Expedia.com,Econo Lodge Inn & Suites,2025-11-09,2025-11-10,"Suite, 1 Queen Bed, Non Smoking",Queen Bed,Queen,Suite,4.0,12038.0,1477.0,13515.0,"Free continental breakfast, Free self parking, Sleeps 2, 1 Queen Bed, Reserve now, pay later",https://www.expedia.co.in/High-Level-Hotels-Econo-Lodge-Inn-Suites.h1353803.Hotel-Information?chkin=2025-11-09&chkout=2025-11-10&x_pwa=1&rfrr=HSR&useRewards=true&rm1=a2&selected=EXPEDIA_1&sort=RECOMMENDED&pwa_ts=1762085005720&top_cur=USD
EXPEDIA_1,Expedia.com,Econo Lodge Inn & Suites,2025-11-10,2025-11-11,"Standard Room, 1 Queen Bed, Non Smoking",Queen Bed,Queen,Normal,,9504.0,1166.0,10670.0,"Free continental breakfast, Free self parking, Sleeps 2, 1 Queen Bed, Reserve now, pay later",https://www.expedia.co.in/High-Level-Hotels-Econo-Lodge-Inn-Suites.h1353803.Hotel-Information?chkin=2025-11-10&chkout=2025-11-11&x_pwa=1&rfrr=HSR&useRewards=true&rm1=a2&selected=EXPEDIA_1&sort=RECOMMENDED&pwa_ts=1762085046778&top_cur=USD
EXPEDIA_1,Expedia.com,Econo Lodge Inn & Suites,2025-11-10,2025-11-11,"Standard Room, 2 Queen Beds, Non Smoking",Queen Beds,Queen,Normal,,10137.0,1244.0,11381.0,"Free continental breakfast, Free self parking, Sleeps 4, 2 Queen Beds, Reserve now, pay later",https://www.expedia.co.in/High-Level-Hotels-Econo-Lodge-Inn-Suites.h1353803.Hotel-Information?chkin=2025-11-10&chkout=2025-11-11&x_pwa=1&rfrr=HSR&useRewards=true&rm1=a2&selected=EXPEDIA_1&sort=RECOMMENDED&pwa_ts=1762085046778&top_cur=USD
EXPEDIA_1,Expedia.com,Econo Lodge Inn & Suites,2025-11-10,2025-11-11,"Efficiency, Room, 1 Queen Bed, Non Smoking",Queen Bed,Queen,Normal,6.0,10771.0,1322.0,12093.0,"Free continental breakfast, Free self parking, Sleeps 2, 1 Queen Bed, Reserve now, pay later",https://www.expedia.co.in/High-Level-Hotels-Econo-Lodge-Inn-Suites.h1353803.Hotel-Information?chkin=2025-11-10&chkout=2025-11-11&x_pwa=1&rfrr=HSR&useRewards=true&rm1=a2&selected=EXPEDIA_1&sort=RECOMMENDED&pwa_ts=1762085046778&top_cur=USD
EXPEDIA_1,Expedia.com,Econo Lodge Inn & Suites,2025-11-10,2025-11-11,"Suite, 1 Queen Bed, Non Smoking",Queen Bed,Queen,Suite,4.0,12038.0,1477.0,13515.0,"Free continental breakfast, Free self parking, Sleeps 2, 1 Queen Bed, Reserve now, pay later",https://www.expedia.co.in/High-Level-Hotels-Econo-Lodge-Inn-Suites.h1353803.Hotel-Information?chkin=2025-11-10&chkout=2025-11-11&x_pwa=1&rfrr=HSR&useRewards=true&rm1=a2&selected=EXPEDIA_1&sort=RECOMMENDED&pwa_ts=1762085046778&top_cur=USD
EXPEDIA_1,Expedia.com,Econo Lodge Inn & Suites,2025-11-11,2025-11-12,"Standard Room, 1 Queen Bed, Non Smoking",Queen Bed,Queen,Normal,,9504.0,1166.0,10670.0,"Free continental breakfast, Free self parking, Sleeps 2, 1 Queen Bed, Reserve now, pay later",https://www.expedia.co.in/High-Level-Hotels-Econo-Lodge-Inn-Suites.h1353803.Hotel-Information?chkin=2025-11-11&chkout=2025-11-12&x_pwa=1&rfrr=HSR&useRewards=true&rm1=a2&selected=EXPEDIA_1&sort=RECOMMENDED&pwa_ts=1762085089612&top_cur=USD
EXPEDIA_1,Expedia.com,Econo Lodge Inn & Suites,2025-11-11,2025-11-12,"Standard Room, 2 Queen Beds, Non Smoking",Queen Beds,Queen,Normal,,10137.0,1244.0,11381.0,"Free continental breakfast, Free self parking, Sleeps 4, 2 Queen Beds, Reserve now, pay later",https://www.expedia.co.in/High-Level-Hotels-Econo-Lodge-Inn-Suites.h1353803.Hotel-Information?chkin=2025-11-11&chkout=2025-11-12&x_pwa=1&rfrr=HSR&useRewards=true&rm1=a2&selected=EXPEDIA_1&sort=RECOMMENDED&pwa_ts=1762085089612&top_cur=USD
EXPEDIA_1,Expedia.com,Econo Lodge Inn & Suites,2025-11-11,2025-11-12,"Efficiency, Room, 1 Queen Bed, Non Smoking",Queen Bed,Queen,Normal,6.0,10771.0,1322.0,12093.0,"Free continental breakfast, Free self parking, Sleeps 2, 1 Queen Bed, Reserve now, pay later",https://www.expedia.co.in/High-Level-Hotels-Econo-Lodge-Inn-Suites.h1353803.Hotel-Information?chkin=2025-11-11&chkout=2025-11-12&x_pwa=1&rfrr=HSR&useRewards=true&rm1=a2&selected=EXPEDIA_1&sort=RECOMMENDED&pwa_ts=1762085089612&top_cur=USD
EXPEDIA_1,Expedia.com,Econo Lodge Inn & Suites,2025-11-11,2025-11-12,"Suite, 1 Queen Bed, Non Smoking",Queen Bed,Queen,Suite,4.0,12038.0,1477.0,13515.0,"Free continental breakfast, Free self parking, Sleeps 2, 1 Queen Bed, Reserve now, pay later",https://www.expedia.co.in/High-Level-Hotels-Econo-Lodge-Inn-Suites.h1353803.Hotel-Information?chkin=2025-11-11&chkout=2025-11-12&x_pwa=1&rfrr=HSR&useRewards=true&rm1=a2&selected=EXPEDIA_1&sort=RECOMMENDED&pwa_ts=1762085089612&top_cur=USD
EXPEDIA_1,Expedia.com,Econo Lodge Inn & Suites,2025-11-12,2025-11-13,"Standard Room, 1 Queen Bed, Non Smoking",Queen Bed,Queen,Normal,,10137.0,1244.0,11381.0,"Free continental breakfast, Free self parking, Sleeps 2, 1 Queen Bed, Reserve now, pay later",https://www.expedia.co.in/High-Level-Hotels-Econo-Lodge-Inn-Suites.h1353803.Hotel-Information?chkin=2025-11-12&chkout=2025-11-13&x_pwa=1&rfrr=HSR&useRewards=true&rm1=a2&selected=EXPEDIA_1&sort=RECOMMENDED&pwa_ts=1762085135993&top_cur=USD
EXPEDIA_1,Expedia.com,Econo Lodge Inn & Suites,2025-11-12,2025-11-13,"Standard Room, 2 Queen Beds, Non Smoking",Queen Beds,Queen,Normal,,10771.0,1322.0,12093.0,"Free continental breakfast, Free self parking, Sleeps 4, 2 Queen Beds, Reserve now, pay later",https://www.expedia.co.in/High-Level-Hotels-Econo-Lodge-Inn-Suites.h1353803.Hotel-Information?chkin=2025-11-12&chkout=2025-11-13&x_pwa=1&rfrr=HSR&useRewards=true&rm1=a2&selected=EXPEDIA_1&sort=RECOMMENDED&pwa_ts=1762085135993&top_cur=USD
EXPEDIA_1,Expedia.com,Econo Lodge Inn & Suites,2025-11-12,2025-11-13,"Efficiency, Room, 1 Queen Bed, Non Smoking",Queen Bed,Queen,Normal,6.0,11405.0,1399.0,12804.0,"Free continental breakfast, Free self parking, Sleeps 2, 1 Queen Bed, Reserve now, pay later",https://www.expedia.co.in/High-Level-Hotels-Econo-Lodge-Inn-Suites.h1353803.Hotel-Information?chkin=2025-11-12&chkout=2025-11-13&x_pwa=1&rfrr=HSR&useRewards=true&rm1=a2&selected=EXPEDIA_1&sort=RECOMMENDED&pwa_ts=1762085135993&top_cur=USD
EXPEDIA_1,Expedia.com,Econo Lodge Inn & Suites,2025-11-12,2025-11-13,"Suite, 1 Queen Bed, Non Smoking",Queen Bed,Queen,Suite,5.0,12672.0,1555.0,14227.0,"Free continental breakfast, Free self parking, Sleeps 2, 1 Queen Bed, Reserve now, pay later",https://www.expedia.co.in/High-Level-Hotels-Econo-Lodge-Inn-Suites.h1353803.Hotel-Information?chkin=2025-11-12&chkout=2025-11-13&x_pwa=1&rfrr=HSR&useRewards=true&rm1=a2&selected=EXPEDIA_1&sort=RECOMMENDED&pwa_ts=1762085135993&top_cur=USD
EXPEDIA_1,Expedia.com,Econo Lodge Inn & Suites,2025-11-13,2025-11-14,"Standard Room, 1 Queen Bed, Non Smoking",Queen Bed,Queen,Normal,,10137.0,1244.0,11381.0,"Free continental breakfast, Free self parking, Sleeps 2, 1 Queen Bed, Reserve now, pay later",https://www.expedia.co.in/High-Level-Hotels-Econo-Lodge-Inn-Suites.h1353803.Hotel-Information?chkin=2025-11-13&chkout=2025-11-14&x_pwa=1&rfrr=HSR&useRewards=true&rm1=a2&selected=EXPEDIA_1&sort=RECOMMENDED&pwa_ts=1762085176895&top_cur=USD
EXPEDIA_1,Expedia.com,Econo Lodge Inn & Suites,2025-11-13,2025-11-14,"Standard Room, 2 Queen Beds, Non Smoking",Queen Beds,Queen,Normal,,10771.0,1322.0,12093.0,"Free continental breakfast, Free self parking, Sleeps 4, 2 Queen Beds, Reserve now, pay later",https://www.expedia.co.in/High-Level-Hotels-Econo-Lodge-Inn-Suites.h1353803.Hotel-Information?chkin=2025-11-13&chkout=2025-11-14&x_pwa=1&rfrr=HSR&useRewards=true&rm1=a2&selected=EXPEDIA_1&sort=RECOMMENDED&pwa_ts=1762085176895&top_cur=USD
EXPEDIA_1,Expedia.com,Econo Lodge Inn & Suites,2025-11-13,2025-11-14,"Efficiency, Room, 1 Queen Bed, Non Smoking",Queen Bed,Queen,Normal,6.0,11405.0,1399.0,12804.0,"Free continental breakfast, Free self parking, Sleeps 2, 1 Queen Bed, Reserve now, pay later",https://www.expedia.co.in/High-Level-Hotels-Econo-Lodge-Inn-Suites.h1353803.Hotel-Information?chkin=2025-11-13&chkout=2025-11-14&x_pwa=1&rfrr=HSR&useRewards=true&rm1=a2&selected=EXPEDIA_1&sort=RECOMMENDED&pwa_ts=1762085176895&top_cur=USD
EXPEDIA_1,Expedia.com,Econo Lodge Inn & Suites,2025-11-13,2025-11-14,"Suite, 1 Queen Bed, Non Smoking",Queen Bed,Queen,Suite,5.0,12672.0,1555.0,14227.0,"Free continental breakfast, Free self parking, Sleeps 2, 1 Queen Bed, Reserve now, pay later",https://www.expedia.co.in/High-Level-Hotels-Econo-Lodge-Inn-Suites.h1353803.Hotel-Information?chkin=2025-11-13&chkout=2025-11-14&x_pwa=1&rfrr=HSR&useRewards=true&rm1=a2&selected=EXPEDIA_1&sort=RECOMMENDED&pwa_ts=1762085176895&top_cur=USD
EXPEDIA_1,Expedia.com,Econo Lodge Inn & Suites,2025-11-14,2025-11-15,"Standard Room, 1 Queen Bed, Non Smoking",Queen Bed,Queen,Normal,,9504.0,1166.0,10670.0,"Free continental breakfast, Free self parking, Sleeps 2, 1 Queen Bed, Reserve now, pay later",https://www.expedia.co.in/High-Level-Hotels-Econo-Lodge-Inn-Suites.h1353803.Hotel-Information?chkin=2025-11-14&chkout=2025-11-15&x_pwa=1&rfrr=HSR&useRewards=true&rm1=a2&selected=EXPEDIA_1&sort=RECOMMENDED&pwa_ts=1762085221340&top_cur=USD
EXPEDIA_1,Expedia.com,Econo Lodge Inn & Suites,2025-11-14,2025-11-15,"Standard Room, 2 Queen Beds, Non Smoking",Queen Beds,Queen,Normal,,10137.0,1244.0,11381.0,"Free continental breakfast, Free self parking, Sleeps 4, 2 Queen Beds, Reserve now, pay later",https://www.expedia.co.in/High-Level-Hotels-Econo-Lodge-Inn-Suites.h1353803.Hotel-Information?chkin=2025-11-14&chkout=2025-11-15&x_pwa=1&rfrr=HSR&useRewards=true&rm1=a2&selected=EXPEDIA_1&sort=RECOMMENDED&pwa_ts=1762085221340&top_cur=USD
EXPEDIA_1,Expedia.com,Econo Lodge Inn & Suites,2025-11-14,2025-11-15,"Efficiency, Room, 1 Queen Bed, Non Smoking",Queen Bed,Queen,Normal,6.0,10771.0,1322.0,12093.0,"Free continental breakfast, Free self parking, Sleeps 2, 1 Queen Bed, Reserve now, pay later",https://www.expedia.co.in/High-Level-Hotels-Econo-Lodge-Inn-Suites.h1353803.Hotel-Information?chkin=2025-11-14&chkout=2025-11-15&x_pwa=1&rfrr=HSR&useRewards=true&rm1=a2&selected=EXPEDIA_1&sort=RECOMMENDED&pwa_ts=1762085221340&top_cur=USD
EXPEDIA_1,Expedia.com,Econo Lodge Inn & Suites,2025-11-14,2025-11-15,"Suite, 1 Queen Bed, Non Smoking",Queen Bed,Queen,Suite,5.0,12038.0,1477.0,13515.0,"Free continental breakfast, Free self parking, Sleeps 2, 1 Queen Bed, Reserve now, pay later",https://www.expedia.co.in/High-Level-Hotels-Econo-Lodge-Inn-Suites.h1353803.Hotel-Information?chkin=2025-11-14&chkout=2025-11-15&x_pwa=1&rfrr=HSR&useRewards=true&rm1=a2&selected=EXPEDIA_1&sort=RECOMMENDED&pwa_ts=1762085221340&top_cur=USD
EXPEDIA_1,Expedia.com,Econo Lodge Inn & Suites,2025-11-15,2025-11-16,"Standard Room, 1 Queen Bed, Non Smoking",Queen Bed,Queen,Normal,,9504.0,1166.0,10670.0,"Free continental breakfast, Free self parking, Sleeps 2, 1 Queen Bed, Reserve now, pay later",https://www.expedia.co.in/High-Level-Hotels-Econo-Lodge-Inn-Suites.h1353803.Hotel-Information?chkin=2025-11-15&chkout=2025-11-16&x_pwa=1&rfrr=HSR&useRewards=true&rm1=a2&selected=EXPEDIA_1&sort=RECOMMENDED&pwa_ts=1762085263231&top_cur=USD
EXPEDIA_1,Expedia.com,Econo Lodge Inn & Suites,2025-11-15,2025-11-16,"Standard Room, 2 Queen Beds, Non Smoking",Queen Beds,Queen,Normal,,10137.0,1244.0,11381.0,"Free continental breakfast, Free self parking, Sleeps 4, 2 Queen Beds, Reserve now, pay later",https://www.expedia.co.in/High-Level-Hotels-Econo-Lodge-Inn-Suites.h1353803.Hotel-Information?chkin=2025-11-15&chkout=2025-11-16&x_pwa=1&rfrr=HSR&useRewards=true&rm1=a2&selected=EXPEDIA_1&sort=RECOMMENDED&pwa_ts=1762085263231&top_cur=USD
EXPEDIA_1,Expedia.com,Econo Lodge Inn & Suites,2025-11-15,2025-11-16,"Efficiency, Room, 1 Queen Bed, Non Smoking",Queen Bed,Queen,Normal,6.0,10771.0,1322.0,12093.0,"Free continental breakfast, Free self parking, Sleeps 2, 1 Queen Bed, Reserve now, pay later",https://www.expedia.co.in/High-Level-Hotels-Econo-Lodge-Inn-Suites.h1353803.Hotel-Information?chkin=2025-11-15&chkout=2025-11-16&x_pwa=1&rfrr=HSR&useRewards=true&rm1=a2&selected=EXPEDIA_1&sort=RECOMMENDED&pwa_ts=1762085263231&top_cur=USD
EXPEDIA_1,Expedia.com,Econo Lodge Inn & Suites,2025-11-15,2025-11-16,"Suite, 1 Queen Bed, Non Smoking",Queen Bed,Queen,Suite,5.0,12038.0,1477.0,13515.0,"Free continental breakfast, Free self parking, Sleeps 2, 1 Queen Bed, Reserve now, pay later",https://www.expedia.co.in/High-Level-Hotels-Econo-Lodge-Inn-Suites.h1353803.Hotel-Information?chkin=2025-11-15&chkout=2025-11-16&x_pwa=1&rfrr=HSR&useRewards=true&rm1=a2&selected=EXPEDIA_1&sort=RECOMMENDED&pwa_ts=1762085263231&top_cur=USD
EXPEDIA_2,Expedia.com,Best Western Plover-Stevens Point Hotel & Conference Center,2025-11-03,2025-11-04,"Standard Room, 1 King Bed, Non Smoking, Refrigerator & Microwave",King Bed,King,Normal,,7989.0,1078.0,9067.0,"Free breakfast, Free self parking, Sleeps 2, 1 King Bed, Reserve now, pay later, Free WiFi",https://www.expedia.co.in/Stevens-Point-Hotels-Best-Western-Plover-Stevens-Point-Hotel-Conference-Center.h4327852.Hotel-Information?chkin=2025-11-03&chkout=2025-11-04&x_pwa=1&rfrr=HSR&useRewards=true&rm1=a2&selected=EXPEDIA_2&sort=RECOMMENDED&pwa_ts=1762085307257&top_cur=USD
EXPEDIA_2,Expedia.com,Best Western Plover-Stevens Point Hotel & Conference Center,2025-11-03,2025-11-04,"Standard Room, 1 King Bed, Accessible, Refrigerator & Microwave",King Bed,King,Normal,2.0,7989.0,1078.0,9067.0,"Free breakfast, Free self parking, Sleeps 2, 1 King Bed, Reserve now, pay later, Free WiFi",https://www.expedia.co.in/Stevens-Point-Hotels-Best-Western-Plover-Stevens-Point-Hotel-Conference-Center.h4327852.Hotel-Information?chkin=2025-11-03&chkout=2025-11-04&x_pwa=1&rfrr=HSR&useRewards=true&rm1=a2&selected=EXPEDIA_2&sort=RECOMMENDED&pwa_ts=1762085307257&top_cur=USD
EXPEDIA_2,Expedia.com,Best Western Plover-Stevens Point Hotel & Conference Center,2025-11-03,2025-11-04,"Standard Room, 2 Queen Beds, Non Smoking, Refrigerator & Microwave",Queen Beds,Queen,Normal,,8876.0,1199.0,10075.0,"Free breakfast, Free self parking, Sleeps 4, 2 Queen Beds, Reserve now, pay later, Free WiFi",https://www.expedia.co.in/Stevens-Point-Hotels-Best-Western-Plover-Stevens-Point-Hotel-Conference-Center.h4327852.Hotel-Information?chkin=2025-11-03&chkout=2025-11-04&x_pwa=1&rfrr=HSR&useRewards=true&rm1=a2&selected=EXPEDIA_2&sort=RECOMMENDED&pwa_ts=1762085307257&top_cur=USD
EXPEDIA_2,Expedia.com,Best Western Plover-Stevens Point Hotel & Conference Center,2025-11-03,2025-11-04,"Suite, 1 King Bed, Non Smoking, Jetted Tub",King Bed,King,Suite,4.0,9764.0,1318.0,11082.0,"Free breakfast, Free self parking, Sleeps 2, 1 King Bed, Reserve now, pay later, Free WiFi",https://www.expedia.co.in/Stevens-Point-Hotels-Best-Western-Plover-Stevens-Point-Hotel-Conference-Center.h4327852.Hotel-Information?chkin=2025-11-03&chkout=2025-11-04&x_pwa=1&rfrr=HSR&useRewards=true&rm1=a2&selected=EXPEDIA_2&sort=RECOMMENDED&pwa_ts=1762085307257&top_cur=USD
EXPEDIA_2,Expedia.com,Best Western Plover-Stevens Point Hotel & Conference Center,2025-11-03,2025-11-04,"Family Suite, 1 King Bed, Non Smoking, Refrigerator & Microwave (with Sofabed)",King Bed,King,Suite,2.0,11096.0,1497.0,12593.0,"Free breakfast, Free self parking, Sleeps 4, 1 King Bed, Reserve now, pay later, Free WiFi",https://www.expedia.co.in/Stevens-Point-Hotels-Best-Western-Plover-Stevens-Point-Hotel-Conference-Center.h4327852.Hotel-Information?chkin=2025-11-03&chkout=2025-11-04&x_pwa=1&rfrr=HSR&useRewards=true&rm1=a2&selected=EXPEDIA_2&sort=RECOMMENDED&pwa_ts=1762085307257&top_cur=USD
EXPEDIA_2,Expedia.com,Best Western Plover-Stevens Point Hotel & Conference Center,2025-11-03,2025-11-04,"Suite, 2 Queen Beds, Non Smoking, Refrigerator & Microwave (with Sofabed)",Queen Beds,Queen,Suite,1.0,11096.0,1497.0,12593.0,"Free breakfast, Free self parking, Sleeps 6, 2 Queen Beds, Reserve now, pay later, Free WiFi",https://www.expedia.co.in/Stevens-Point-Hotels-Best-Western-Plover-Stevens-Point-Hotel-Conference-Center.h4327852.Hotel-Information?chkin=2025-11-03&chkout=2025-11-04&x_pwa=1&rfrr=HSR&useRewards=true&rm1=a2&selected=EXPEDIA_2&sort=RECOMMENDED&pwa_ts=1762085307257&top_cur=USD
EXPEDIA_2,Expedia.com,Best Western Plover-Stevens Point Hotel & Conference Center,2025-11-03,2025-11-04,"Family Suite, 2 Queen Beds, Non Smoking, Refrigerator & Microwave (with Sofabed)",Queen Beds,Queen,Suite,2.0,12427.0,1678.0,14105.0,"Free breakfast, Free self parking, Sleeps 6, 2 Queen Beds, Reserve now, pay later, Free WiFi",https://www.expedia.co.in/Stevens-Point-Hotels-Best-Western-Plover-Stevens-Point-Hotel-Conference-Center.h4327852.Hotel-Information?chkin=2025-11-03&chkout=2025-11-04&x_pwa=1&rfrr=HSR&useRewards=true&rm1=a2&selected=EXPEDIA_2&sort=RECOMMENDED&pwa_ts=1762085307257&top_cur=USD
EXPEDIA_2,Expedia.com,Best Western Plover-Stevens Point Hotel & Conference Center,2025-11-03,2025-11-04,"Suite, 2 Queen Beds, Non Smoking, Refrigerator & Microwave",Queen Beds,Queen,Suite,2.0,12871.0,1737.0,14608.0,"Free breakfast, Free self parking, Sleeps 6, 2 Queen Beds, Reserve now, pay later, Free WiFi",https://www.expedia.co.in/Stevens-Point-Hotels-Best-Western-Plover-Stevens-Point-Hotel-Conference-Center.h4327852.Hotel-Information?chkin=2025-11-03&chkout=2025-11-04&x_pwa=1&rfrr=HSR&useRewards=true&rm1=a2&selected=EXPEDIA_2&sort=RECOMMENDED&pwa_ts=1762085307257&top_cur=USD
EXPEDIA_2,Expedia.com,Best Western Plover-Stevens Point Hotel & Conference Center,2025-11-04,2025-11-05,"Standard Room, 1 King Bed, Non Smoking, Refrigerator & Microwave",King Bed,King,Normal,,7989.0,1078.0,9067.0,"Free breakfast, Free self parking, Sleeps 2, 1 King Bed, Reserve now, pay later, Free WiFi",https://www.expedia.co.in/Stevens-Point-Hotels-Best-Western-Plover-Stevens-Point-Hotel-Conference-Center.h4327852.Hotel-Information?chkin=2025-11-04&chkout=2025-11-05&x_pwa=1&rfrr=HSR&useRewards=true&rm1=a2&selected=EXPEDIA_2&sort=RECOMMENDED&pwa_ts=1762085353800&top_cur=USD
EXPEDIA_2,Expedia.com,Best Western Plover-Stevens Point Hotel & Conference Center,2025-11-04,2025-11-05,"Standard Room, 1 King Bed, Accessible, Refrigerator & Microwave",King Bed,King,Normal,2.0,7989.0,1078.0,9067.0,"Free breakfast, Free self parking, Sleeps 2, 1 King Bed, Reserve now, pay later, Free WiFi",https://www.expedia.co.in/Stevens-Point-Hotels-Best-Western-Plover-Stevens-Point-Hotel-Conference-Center.h4327852.Hotel-Information?chkin=2025-11-04&chkout=2025-11-05&x_pwa=1&rfrr=HSR&useRewards=true&rm1=a2&selected=EXPEDIA_2&sort=RECOMMENDED&pwa_ts=1762085353800&top_cur=USD
EXPEDIA_2,Expedia.com,Best Western Plover-Stevens Point Hotel & Conference Center,2025-11-04,2025-11-05,"Standard Room, 2 Queen Beds, Non Smoking, Refrigerator & Microwave",Queen Beds,Queen,Normal,,8876.0,1199.0,10075.0,"Free breakfast, Free self parking, Sleeps 4, 2 Queen Beds, Reserve now, pay later, Free WiFi",https://www.expedia.co.in/Stevens-Point-Hotels-Best-Western-Plover-Stevens-Point-Hotel-Conference-Center.h4327852.Hotel-Information?chkin=2025-11-04&chkout=2025-11-05&x_pwa=1&rfrr=HSR&useRewards=true&rm1=a2&selected=EXPEDIA_2&sort=RECOMMENDED&pwa_ts=1762085353800&top_cur=USD
EXPEDIA_2,Expedia.com,Best Western Plover-Stevens Point Hotel & Conference Center,2025-11-04,2025-11-05,"Suite, 1 King Bed, Non Smoking, Jetted Tub",King Bed,King,Suite,3.0,9764.0,1318.0,11082.0,"Free breakfast, Free self parking, Sleeps 2, 1 King Bed, Reserve now, pay later, Free WiFi",https://www.expedia.co.in/Stevens-Point-Hotels-Best-Western-Plover-Stevens-Point-Hotel-Conference-Center.h4327852.Hotel-Information?chkin=2025-11-04&chkout=2025-11-05&x_pwa=1&rfrr=HSR&useRewards=true&rm1=a2&selected=EXPEDIA_2&sort=RECOMMENDED&pwa_ts=1762085353800&top_cur=USD
EXPEDIA_2,Expedia.com,Best Western Plover-Stevens Point Hotel & Conference Center,2025-11-04,2025-11-05,"Family Suite, 1 King Bed, Non Smoking, Refrigerator & Microwave (with Sofabed)",King Bed,King,Suite,2.0,11096.0,1497.0,12593.0,"Free breakfast, Free self parking, Sleeps 4, 1 King Bed, Reserve now, pay later, Free WiFi",https://www.expedia.co.in/Stevens-Point-Hotels-Best-Western-Plover-Stevens-Point-Hotel-Conference-Center.h4327852.Hotel-Information?chkin=2025-11-04&chkout=2025-11-05&x_pwa=1&rfrr=HSR&useRewards=true&rm1=a2&selected=EXPEDIA_2&sort=RECOMMENDED&pwa_ts=1762085353800&top_cur=USD
EXPEDIA_2,Expedia.com,Best Western Plover-Stevens Point Hotel & Conference Center,2025-11-04,2025-11-05,"Suite, 2 Queen Beds, Non Smoking, Refrigerator & Microwave (with Sofabed)",Queen Beds,Queen,Suite,1.0,11096.0,1497.0,12593.0,"Free breakfast, Free self parking, Sleeps 6, 2 Queen Beds, Reserve now, pay later, Free WiFi",https://www.expedia.co.in/Stevens-Point-Hotels-Best-Western-Plover-Stevens-Point-Hotel-Conference-Center.h4327852.Hotel-Information?chkin=2025-11-04&chkout=2025-11-05&x_pwa=1&rfrr=HSR&useRewards=true&rm1=a2&selected=EXPEDIA_2&sort=RECOMMENDED&pwa_ts=1762085353800&top_cur=USD
EXPEDIA_2,Expedia.com,Best Western Plover-Stevens Point Hotel & Conference Center,2025-11-04,2025-11-05,"Family Suite, 2 Queen Beds, Non Smoking, Refrigerator & Microwave (with Sofabed)",Queen Beds,Queen,Suite,2.0,12427.0,1678.0,14105.0,"Free breakfast, Free self parking, Sleeps 6, 2 Queen Beds, Reserve now, pay later, Free WiFi",https://www.expedia.co.in/Stevens-Point-Hotels-Best-Western-Plover-Stevens-Point-Hotel-Conference-Center.h4327852.Hotel-Information?chkin=2025-11-04&chkout=2025-11-05&x_pwa=1&rfrr=HSR&useRewards=true&rm1=a2&selected=EXPEDIA_2&sort=RECOMMENDED&pwa_ts=1762085353800&top_cur=USD
EXPEDIA_2,Expedia.com,Best Western Plover-Stevens Point Hotel & Conference Center,2025-11-04,2025-11-05,"Suite, 2 Queen Beds, Non Smoking, Refrigerator & Microwave",Queen Beds,Queen,Suite,2.0,12871.0,1737.0,14608.0,"Free breakfast, Free self parking, Sleeps 6, 2 Queen Beds, Reserve now, pay later, Free WiFi",https://www.expedia.co.in/Stevens-Point-Hotels-Best-Western-Plover-Stevens-Point-Hotel-Conference-Center.h4327852.Hotel-Information?chkin=2025-11-04&chkout=2025-11-05&x_pwa=1&rfrr=HSR&useRewards=true&rm1=a2&selected=EXPEDIA_2&sort=RECOMMENDED&pwa_ts=1762085353800&top_cur=USD
EXPEDIA_2,Expedia.com,Best Western Plover-Stevens Point Hotel & Conference Center,2025-11-05,2025-11-06,"Standard Room, 1 King Bed, Non Smoking, Refrigerator & Microwave",King Bed,King,Normal,,7989.0,1078.0,9067.0,"Free breakfast, Free self parking, Sleeps 2, 1 King Bed, Reserve now, pay later, Free WiFi",https://www.expedia.co.in/Stevens-Point-Hotels-Best-Western-Plover-Stevens-Point-Hotel-Conference-Center.h4327852.Hotel-Information?chkin=2025-11-05&chkout=2025-11-06&x_pwa=1&rfrr=HSR&useRewards=true&rm1=a2&selected=EXPEDIA_2&sort=RECOMMENDED&pwa_ts=1762085394808&top_cur=USD
EXPEDIA_2,Expedia.com,Best Western Plover-Stevens Point Hotel & Conference Center,2025-11-05,2025-11-06,"Standard Room, 1 King Bed, Accessible, Refrigerator & Microwave",King Bed,King,Normal,2.0,7989.0,1078.0,9067.0,"Free breakfast, Free self parking, Sleeps 2, 1 King Bed, Reserve now, pay later, Free WiFi",https://www.expedia.co.in/Stevens-Point-Hotels-Best-Western-Plover-Stevens-Point-Hotel-Conference-Center.h4327852.Hotel-Information?chkin=2025-11-05&chkout=2025-11-06&x_pwa=1&rfrr=HSR&useRewards=true&rm1=a2&selected=EXPEDIA_2&sort=RECOMMENDED&pwa_ts=1762085394808&top_cur=USD
EXPEDIA_2,Expedia.com,Best Western Plover-Stevens Point Hotel & Conference Center,2025-11-05,2025-11-06,"Standard Room, 2 Queen Beds, Non Smoking, Refrigerator & Microwave",Queen Beds,Queen,Normal,,8876.0,1199.0,10075.0,"Free breakfast, Free self parking, Sleeps 4, 2 Queen Beds, Reserve now, pay later, Free WiFi",https://www.expedia.co.in/Stevens-Point-Hotels-Best-Western-Plover-Stevens-Point-Hotel-Conference-Center.h4327852.Hotel-Information?chkin=2025-11-05&chkout=2025-11-06&x_pwa=1&rfrr=HSR&useRewards=true&rm1=a2&selected=EXPEDIA_2&sort=RECOMMENDED&pwa_ts=1762085394808&top_cur=USD
EXPEDIA_2,Expedia.com,Best Western Plover-Stevens Point Hotel & Conference Center,2025-11-05,2025-11-06,"Suite, 1 King Bed, Non Smoking, Jetted Tub",King Bed,King,Suite,4.0,9764.0,1318.0,11082.0,"Free breakfast, Free self parking, Sleeps 2, 1 King Bed, Reserve now, pay later, Free WiFi",https://www.expedia.co.in/Stevens-Point-Hotels-Best-Western-Plover-Stevens-Point-Hotel-Conference-Center.h4327852.Hotel-Information?chkin=2025-11-05&chkout=2025-11-06&x_pwa=1&rfrr=HSR&useRewards=true&rm1=a2&selected=EXPEDIA_2&sort=RECOMMENDED&pwa_ts=1762085394808&top_cur=USD
EXPEDIA_2,Expedia.com,Best Western Plover-Stevens Point Hotel & Conference Center,2025-11-05,2025-11-06,"Family Suite, 1 King Bed, Non Smoking, Refrigerator & Microwave (with Sofabed)",King Bed,King,Suite,2.0,11096.0,1497.0,12593.0,"Free breakfast, Free self parking, Sleeps 4, 1 King Bed, Reserve now, pay later, Free WiFi",https://www.expedia.co.in/Stevens-Point-Hotels-Best-Western-Plover-Stevens-Point-Hotel-Conference-Center.h4327852.Hotel-Information?chkin=2025-11-05&chkout=2025-11-06&x_pwa=1&rfrr=HSR&useRewards=true&rm1=a2&selected=EXPEDIA_2&sort=RECOMMENDED&pwa_ts=1762085394808&top_cur=USD
EXPEDIA_2,Expedia.com,Best Western Plover-Stevens Point Hotel & Conference Center,2025-11-05,2025-11-06,"Suite, 2 Queen Beds, Non Smoking, Refrigerator & Microwave (with Sofabed)",Queen Beds,Queen,Suite,1.0,11096.0,1497.0,12593.0,"Free breakfast, Free self parking, Sleeps 6, 2 Queen Beds, Reserve now, pay later, Free WiFi",https://www.expedia.co.in/Stevens-Point-Hotels-Best-Western-Plover-Stevens-Point-Hotel-Conference-Center.h4327852.Hotel-Information?chkin=2025-11-05&chkout=2025-11-06&x_pwa=1&rfrr=HSR&useRewards=true&rm1=a2&selected=EXPEDIA_2&sort=RECOMMENDED&pwa_ts=1762085394808&top_cur=USD
EXPEDIA_2,Expedia.com,Best Western Plover-Stevens Point Hotel & Conference Center,2025-11-05,2025-11-06,"Family Suite, 2 Queen Beds, Non Smoking, Refrigerator & Microwave (with Sofabed)",Queen Beds,Queen,Suite,2.0,12427.0,1678.0,14105.0,"Free breakfast, Free self parking, Sleeps 6, 2 Queen Beds, Reserve now, pay later, Free WiFi",https://www.expedia.co.in/Stevens-Point-Hotels-Best-Western-Plover-Stevens-Point-Hotel-Conference-Center.h4327852.Hotel-Information?chkin=2025-11-05&chkout=2025-11-06&x_pwa=1&rfrr=HSR&useRewards=true&rm1=a2&selected=EXPEDIA_2&sort=RECOMMENDED&pwa_ts=1762085394808&top_cur=USD
EXPEDIA_2,Expedia.com,Best Western Plover-Stevens Point Hotel & Conference Center,2025-11-05,2025-11-06,"Suite, 2 Queen Beds, Non Smoking, Refrigerator & Microwave",Queen Beds,Queen,Suite,2.0,12871.0,1737.0,14608.0,"Free breakfast, Free self parking, Sleeps 6, 2 Queen Beds, Reserve now, pay later, Free WiFi",https://www.expedia.co.in/Stevens-Point-Hotels-Best-Western-Plover-Stevens-Point-Hotel-Conference-Center.h4327852.Hotel-Information?chkin=2025-11-05&chkout=2025-11-06&x_pwa=1&rfrr=HSR&useRewards=true&rm1=a2&selected=EXPEDIA_2&sort=RECOMMENDED&pwa_ts=1762085394808&top_cur=USD
EXPEDIA_2,Expedia.com,Best Western Plover-Stevens Point Hotel & Conference Center,2025-11-06,2025-11-07,"Standard Room, 1 King Bed, Non Smoking, Refrigerator & Microwave",King Bed,King,Normal,,7989.0,1078.0,9067.0,"Free breakfast, Free self parking, Sleeps 2, 1 King Bed, Reserve now, pay later, Free WiFi",https://www.expedia.co.in/Stevens-Point-Hotels-Best-Western-Plover-Stevens-Point-Hotel-Conference-Center.h4327852.Hotel-Information?chkin=2025-11-06&chkout=2025-11-07&x_pwa=1&rfrr=HSR&useRewards=true&rm1=a2&selected=EXPEDIA_2&sort=RECOMMENDED&pwa_ts=1762085436804&top_cur=USD
EXPEDIA_2,Expedia.com,Best Western Plover-Stevens Point Hotel & Conference Center,2025-11-06,2025-11-07,"Standard Room, 1 King Bed, Accessible, Refrigerator & Microwave",King Bed,King,Normal,2.0,7989.0,1078.0,9067.0,"Free breakfast, Free self parking, Sleeps 2, 1 King Bed, Reserve now, pay later, Free WiFi",https://www.expedia.co.in/Stevens-Point-Hotels-Best-Western-Plover-Stevens-Point-Hotel-Conference-Center.h4327852.Hotel-Information?chkin=2025-11-06&chkout=2025-11-07&x_pwa=1&rfrr=HSR&useRewards=true&rm1=a2&selected=EXPEDIA_2&sort=RECOMMENDED&pwa_ts=1762085436804&top_cur=USD
EXPEDIA_2,Expedia.com,Best Western Plover-Stevens Point Hotel & Conference Center,2025-11-06,2025-11-07,"Standard Room, 2 Queen Beds, Non Smoking, Refrigerator & Microwave",Queen Beds,Queen,Normal,,8876.0,1199.0,10075.0,"Free breakfast, Free self parking, Sleeps 4, 2 Queen Beds, Reserve now, pay later, Free WiFi",https://www.expedia.co.in/Stevens-Point-Hotels-Best-Western-Plover-Stevens-Point-Hotel-Conference-Center.h4327852.Hotel-Information?chkin=2025-11-06&chkout=2025-11-07&x_pwa=1&rfrr=HSR&useRewards=true&rm1=a2&selected=EXPEDIA_2&sort=RECOMMENDED&pwa_ts=1762085436804&top_cur=USD
EXPEDIA_2,Expedia.com,Best Western Plover-Stevens Point Hotel & Conference Center,2025-11-06,2025-11-07,"Suite, 1 King Bed, Non Smoking, Jetted Tub",King Bed,King,Suite,4.0,9764.0,1318.0,11082.0,"Free breakfast, Free self parking, Sleeps 2, 1 King Bed, Reserve now, pay later, Free WiFi",https://www.expedia.co.in/Stevens-Point-Hotels-Best-Western-Plover-Stevens-Point-Hotel-Conference-Center.h4327852.Hotel-Information?chkin=2025-11-06&chkout=2025-11-07&x_pwa=1&rfrr=HSR&useRewards=true&rm1=a2&selected=EXPEDIA_2&sort=RECOMMENDED&pwa_ts=1762085436804&top_cur=USD
EXPEDIA_2,Expedia.com,Best Western Plover-Stevens Point Hotel & Conference Center,2025-11-06,2025-11-07,"Family Suite, 1 King Bed, Non Smoking, Refrigerator & Microwave (with Sofabed)",King Bed,King,Suite,2.0,11096.0,1497.0,12593.0,"Free breakfast, Free self parking, Sleeps 4, 1 King Bed, Reserve now, pay later, Free WiFi",https://www.expedia.co.in/Stevens-Point-Hotels-Best-Western-Plover-Stevens-Point-Hotel-Conference-Center.h4327852.Hotel-Information?chkin=2025-11-06&chkout=2025-11-07&x_pwa=1&rfrr=HSR&useRewards=true&rm1=a2&selected=EXPEDIA_2&sort=RECOMMENDED&pwa_ts=1762085436804&top_cur=USD
EXPEDIA_2,Expedia.com,Best Western Plover-Stevens Point Hotel & Conference Center,2025-11-06,2025-11-07,"Suite, 2 Queen Beds, Non Smoking, Refrigerator & Microwave (with Sofabed)",Queen Beds,Queen,Suite,1.0,11096.0,1497.0,12593.0,"Free breakfast, Free self parking, Sleeps 6, 2 Queen Beds, Reserve now, pay later, Free WiFi",https://www.expedia.co.in/Stevens-Point-Hotels-Best-Western-Plover-Stevens-Point-Hotel-Conference-Center.h4327852.Hotel-Information?chkin=2025-11-06&chkout=2025-11-07&x_pwa=1&rfrr=HSR&useRewards=true&rm1=a2&selected=EXPEDIA_2&sort=RECOMMENDED&pwa_ts=1762085436804&top_cur=USD
EXPEDIA_2,Expedia.com,Best Western Plover-Stevens Point Hotel & Conference Center,2025-11-06,2025-11-07,"Family Suite, 2 Queen Beds, Non Smoking, Refrigerator & Microwave (with Sofabed)",Queen Beds,Queen,Suite,2.0,12427.0,1678.0,14105.0,"Free breakfast, Free self parking, Sleeps 6, 2 Queen Beds, Reserve now, pay later, Free WiFi",https://www.expedia.co.in/Stevens-Point-Hotels-Best-Western-Plover-Stevens-Point-Hotel-Conference-Center.h4327852.Hotel-Information?chkin=2025-11-06&chkout=2025-11-07&x_pwa=1&rfrr=HSR&useRewards=true&rm1=a2&selected=EXPEDIA_2&sort=RECOMMENDED&pwa_ts=1762085436804&top_cur=USD
EXPEDIA_2,Expedia.com,Best Western Plover-Stevens Point Hotel & Conference Center,2025-11-06,2025-11-07,"Suite, 2 Queen Beds, Non Smoking, Refrigerator & Microwave",Queen Beds,Queen,Suite,2.0,12871.0,1737.0,14608.0,"Free breakfast, Free self parking, Sleeps 6, 2 Queen Beds, Reserve now, pay later, Free WiFi",https://www.expedia.co.in/Stevens-Point-Hotels-Best-Western-Plover-Stevens-Point-Hotel-Conference-Center.h4327852.Hotel-Information?chkin=2025-11-06&chkout=2025-11-07&x_pwa=1&rfrr=HSR&useRewards=true&rm1=a2&selected=EXPEDIA_2&sort=RECOMMENDED&pwa_ts=1762085436804&top_cur=USD
EXPEDIA_2,Expedia.com,Best Western Plover-Stevens Point Hotel & Conference Center,2025-11-07,2025-11-08,"Standard Room, 1 King Bed, Accessible, Refrigerator & Microwave",King Bed,King,Normal,2.0,7989.0,1078.0,9067.0,"Free breakfast, Free self parking, Sleeps 2, 1 King Bed, Reserve now, pay later, Free WiFi",https://www.expedia.co.in/Stevens-Point-Hotels-Best-Western-Plover-Stevens-Point-Hotel-Conference-Center.h4327852.Hotel-Information?chkin=2025-11-07&chkout=2025-11-08&x_pwa=1&rfrr=HSR&useRewards=true&rm1=a2&selected=EXPEDIA_2&sort=RECOMMENDED&pwa_ts=1762085479055&top_cur=USD
EXPEDIA_2,Expedia.com,Best Western Plover-Stevens Point Hotel & Conference Center,2025-11-07,2025-11-08,"Suite, 1 King Bed, Non Smoking, Jetted Tub",King Bed,King,Suite,3.0,9764.0,1318.0,11082.0,"Free breakfast, Free self parking, Sleeps 2, 1 King Bed, Reserve now, pay later, Free WiFi",https://www.expedia.co.in/Stevens-Point-Hotels-Best-Western-Plover-Stevens-Point-Hotel-Conference-Center.h4327852.Hotel-Information?chkin=2025-11-07&chkout=2025-11-08&x_pwa=1&rfrr=HSR&useRewards=true&rm1=a2&selected=EXPEDIA_2&sort=RECOMMENDED&pwa_ts=1762085479055&top_cur=USD
EXPEDIA_2,Expedia.com,Best Western Plover-Stevens Point Hotel & Conference Center,2025-11-07,2025-11-08,"Standard Room, 1 King Bed, Non Smoking, Refrigerator & Microwave",King Bed,King,Normal,,9765.0,1318.0,11083.0,"Free breakfast, Free self parking, Sleeps 2, 1 King Bed, Reserve now, pay later, Free WiFi",https://www.expedia.co.in/Stevens-Point-Hotels-Best-Western-Plover-Stevens-Point-Hotel-Conference-Center.h4327852.Hotel-Information?chkin=2025-11-07&chkout=2025-11-08&x_pwa=1&rfrr=HSR&useRewards=true&rm1=a2&selected=EXPEDIA_2&sort=RECOMMENDED&pwa_ts=1762085479055&top_cur=USD
EXPEDIA_2,Expedia.com,Best Western Plover-Stevens Point Hotel & Conference Center,2025-11-07,2025-11-08,"Standard Room, 2 Queen Beds, Non Smoking, Refrigerator & Microwave",Queen Beds,Queen,Normal,,9765.0,1318.0,11083.0,"Free breakfast, Free self parking, Sleeps 4, 2 Queen Beds, Reserve now, pay later, Free WiFi",https://www.expedia.co.in/Stevens-Point-Hotels-Best-Western-Plover-Stevens-Point-Hotel-Conference-Center.h4327852.Hotel-Information?chkin=2025-11-07&chkout=2025-11-08&x_pwa=1&rfrr=HSR&useRewards=true&rm1=a2&selected=EXPEDIA_2&sort=RECOMMENDED&pwa_ts=1762085479055&top_cur=USD
EXPEDIA_2,Expedia.com,Best Western Plover-Stevens Point Hotel & Conference Center,2025-11-07,2025-11-08,"Family Suite, 2 Queen Beds, Non Smoking, Refrigerator & Microwave (with Sofabed)",Queen Beds,Queen,Suite,1.0,11540.0,1558.0,13098.0,"Free breakfast, Free self parking, Sleeps 6, 2 Queen Beds, Reserve now, pay later, Free WiFi",https://www.expedia.co.in/Stevens-Point-Hotels-Best-Western-Plover-Stevens-Point-Hotel-Conference-Center.h4327852.Hotel-Information?chkin=2025-11-07&chkout=2025-11-08&x_pwa=1&rfrr=HSR&useRewards=true&rm1=a2&selected=EXPEDIA_2&sort=RECOMMENDED&pwa_ts=1762085479055&top_cur=USD
EXPEDIA_2,Expedia.com,Best Western Plover-Stevens Point Hotel & Conference Center,2025-11-07,2025-11-08,"Family Suite, 1 King Bed, Non Smoking, Refrigerator & Microwave (with Sofabed)",King Bed,King,Suite,2.0,11540.0,1558.0,13098.0,"Free breakfast, Free self parking, Sleeps 4, 1 King Bed, Reserve now, pay later, Free WiFi",https://www.expedia.co.in/Stevens-Point-Hotels-Best-Western-Plover-Stevens-Point-Hotel-Conference-Center.h4327852.Hotel-Information?chkin=2025-11-07&chkout=2025-11-08&x_pwa=1&rfrr=HSR&useRewards=true&rm1=a2&selected=EXPEDIA_2&sort=RECOMMENDED&pwa_ts=1762085479055&top_cur=USD
EXPEDIA_2,Expedia.com,Best Western Plover-Stevens Point Hotel & Conference Center,2025-11-07,2025-11-08,"Suite, 2 Queen Beds, Non Smoking, Refrigerator & Microwave (with Sofabed)",Queen Beds,Queen,Suite,1.0,11540.0,1558.0,13098.0,"Free breakfast, Free self parking, Sleeps 6, 2 Queen Beds, Reserve now, pay later, Free WiFi",https://www.expedia.co.in/Stevens-Point-Hotels-Best-Western-Plover-Stevens-Point-Hotel-Conference-Center.h4327852.Hotel-Information?chkin=2025-11-07&chkout=2025-11-08&x_pwa=1&rfrr=HSR&useRewards=true&rm1=a2&selected=EXPEDIA_2&sort=RECOMMENDED&pwa_ts=1762085479055&top_cur=USD
EXPEDIA_2,Expedia.com,Best Western Plover-Stevens Point Hotel & Conference Center,2025-11-08,2025-11-09,"Standard Room, 1 King Bed, Accessible, Refrigerator & Microwave",King Bed,King,Normal,2.0,7989.0,1078.0,9067.0,"Free breakfast, Free self parking, Sleeps 2, 1 King Bed, Reserve now, pay later, Free WiFi",https://www.expedia.co.in/Stevens-Point-Hotels-Best-Western-Plover-Stevens-Point-Hotel-Conference-Center.h4327852.Hotel-Information?chkin=2025-11-08&chkout=2025-11-09&x_pwa=1&rfrr=HSR&useRewards=true&rm1=a2&selected=EXPEDIA_2&sort=RECOMMENDED&pwa_ts=1762085522937&top_cur=USD
EXPEDIA_2,Expedia.com,Best Western Plover-Stevens Point Hotel & Conference Center,2025-11-08,2025-11-09,"Suite, 1 King Bed, Non Smoking, Jetted Tub",King Bed,King,Suite,3.0,9764.0,1318.0,11082.0,"Free breakfast, Free self parking, Sleeps 2, 1 King Bed, Reserve now, pay later, Free WiFi",https://www.expedia.co.in/Stevens-Point-Hotels-Best-Western-Plover-Stevens-Point-Hotel-Conference-Center.h4327852.Hotel-Information?chkin=2025-11-08&chkout=2025-11-09&x_pwa=1&rfrr=HSR&useRewards=true&rm1=a2&selected=EXPEDIA_2&sort=RECOMMENDED&pwa_ts=1762085522937&top_cur=USD
EXPEDIA_2,Expedia.com,Best Western Plover-Stevens Point Hotel & Conference Center,2025-11-08,2025-11-09,"Standard Room, 1 King Bed, Non Smoking, Refrigerator & Microwave",King Bed,King,Normal,,9765.0,1318.0,11083.0,"Free breakfast, Free self parking, Sleeps 2, 1 King Bed, Reserve now, pay later, Free WiFi",https://www.expedia.co.in/Stevens-Point-Hotels-Best-Western-Plover-Stevens-Point-Hotel-Conference-Center.h4327852.Hotel-Information?chkin=2025-11-08&chkout=2025-11-09&x_pwa=1&rfrr=HSR&useRewards=true&rm1=a2&selected=EXPEDIA_2&sort=RECOMMENDED&pwa_ts=1762085522937&top_cur=USD
EXPEDIA_2,Expedia.com,Best Western Plover-Stevens Point Hotel & Conference Center,2025-11-08,2025-11-09,"Standard Room, 2 Queen Beds, Non Smoking, Refrigerator & Microwave",Queen Beds,Queen,Normal,,9765.0,1318.0,11083.0,"Free breakfast, Free self parking, Sleeps 4, 2 Queen Beds, Reserve now, pay later, Free WiFi",https://www.expedia.co.in/Stevens-Point-Hotels-Best-Western-Plover-Stevens-Point-Hotel-Conference-Center.h4327852.Hotel-Information?chkin=2025-11-08&chkout=2025-11-09&x_pwa=1&rfrr=HSR&useRewards=true&rm1=a2&selected=EXPEDIA_2&sort=RECOMMENDED&pwa_ts=1762085522937&top_cur=USD
EXPEDIA_2,Expedia.com,Best Western Plover-Stevens Point Hotel & Conference Center,2025-11-08,2025-11-09,"Family Suite, 1 King Bed, Non Smoking, Refrigerator & Microwave (with Sofabed)",King Bed,King,Suite,2.0,11540.0,1558.0,13098.0,"Free breakfast, Free self parking, Sleeps 4, 1 King Bed, Reserve now, pay later, Free WiFi",https://www.expedia.co.in/Stevens-Point-Hotels-Best-Western-Plover-Stevens-Point-Hotel-Conference-Center.h4327852.Hotel-Information?chkin=2025-11-08&chkout=2025-11-09&x_pwa=1&rfrr=HSR&useRewards=true&rm1=a2&selected=EXPEDIA_2&sort=RECOMMENDED&pwa_ts=1762085522937&top_cur=USD
EXPEDIA_2,Expedia.com,Best Western Plover-Stevens Point Hotel & Conference Center,2025-11-08,2025-11-09,"Suite, 2 Queen Beds, Non Smoking, Refrigerator & Microwave (with Sofabed)",Queen Beds,Queen,Suite,1.0,11540.0,1558.0,13098.0,"Free breakfast, Free self parking, Sleeps 6, 2 Queen Beds, Reserve now, pay later, Free WiFi",https://www.expedia.co.in/Stevens-Point-Hotels-Best-Western-Plover-Stevens-Point-Hotel-Conference-Center.h4327852.Hotel-Information?chkin=2025-11-08&chkout=2025-11-09&x_pwa=1&rfrr=HSR&useRewards=true&rm1=a2&selected=EXPEDIA_2&sort=RECOMMENDED&pwa_ts=1762085522937&top_cur=USD
EXPEDIA_2,Expedia.com,Best Western Plover-Stevens Point Hotel & Conference Center,2025-11-09,2025-11-10,"Standard Room, 1 King Bed, Non Smoking, Refrigerator & Microwave",King Bed,King,Normal,,7989.0,1078.0,9067.0,"Free breakfast, Free self parking, Sleeps 2, 1 King Bed, Reserve now, pay later, Free WiFi",https://www.expedia.co.in/Stevens-Point-Hotels-Best-Western-Plover-Stevens-Point-Hotel-Conference-Center.h4327852.Hotel-Information?chkin=2025-11-09&chkout=2025-11-10&x_pwa=1&rfrr=HSR&useRewards=true&rm1=a2&selected=EXPEDIA_2&sort=RECOMMENDED&pwa_ts=1762085564578&top_cur=USD
EXPEDIA_2,Expedia.com,Best Western Plover-Stevens Point Hotel & Conference Center,2025-11-09,2025-11-10,"Standard Room, 1 King Bed, Accessible, Refrigerator & Microwave",King Bed,King,Normal,2.0,7989.0,1078.0,9067.0,"Free breakfast, Free self parking, Sleeps 2, 1 King Bed, Reserve now, pay later, Free WiFi",https://www.expedia.co.in/Stevens-Point-Hotels-Best-Western-Plover-Stevens-Point-Hotel-Conference-Center.h4327852.Hotel-Information?chkin=2025-11-09&chkout=2025-11-10&x_pwa=1&rfrr=HSR&useRewards=true&rm1=a2&selected=EXPEDIA_2&sort=RECOMMENDED&pwa_ts=1762085564578&top_cur=USD
EXPEDIA_2,Expedia.com,Best Western Plover-Stevens Point Hotel & Conference Center,2025-11-09,2025-11-10,"Standard Room, 2 Queen Beds, Non Smoking, Refrigerator & Microwave",Queen Beds,Queen,Normal,,8876.0,1199.0,10075.0,"Free breakfast, Free self parking, Sleeps 4, 2 Queen Beds, Reserve now, pay later, Free WiFi",https://www.expedia.co.in/Stevens-Point-Hotels-Best-Western-Plover-Stevens-Point-Hotel-Conference-Center.h4327852.Hotel-Information?chkin=2025-11-09&chkout=2025-11-10&x_pwa=1&rfrr=HSR&useRewards=true&rm1=a2&selected=EXPEDIA_2&sort=RECOMMENDED&pwa_ts=1762085564578&top_cur=USD
EXPEDIA_2,Expedia.com,Best Western Plover-Stevens Point Hotel & Conference Center,2025-11-09,2025-11-10,"Suite, 1 King Bed, Non Smoking, Jetted Tub",King Bed,King,Suite,4.0,9764.0,1318.0,11082.0,"Free breakfast, Free self parking, Sleeps 2, 1 King Bed, Reserve now, pay later, Free WiFi",https://www.expedia.co.in/Stevens-Point-Hotels-Best-Western-Plover-Stevens-Point-Hotel-Conference-Center.h4327852.Hotel-Information?chkin=2025-11-09&chkout=2025-11-10&x_pwa=1&rfrr=HSR&useRewards=true&rm1=a2&selected=EXPEDIA_2&sort=RECOMMENDED&pwa_ts=1762085564578&top_cur=USD
EXPEDIA_2,Expedia.com,Best Western Plover-Stevens Point Hotel & Conference Center,2025-11-09,2025-11-10,"Family Suite, 1 King Bed, Non Smoking, Refrigerator & Microwave (with Sofabed)",King Bed,King,Suite,2.0,11096.0,1497.0,12593.0,"Free breakfast, Free self parking, Sleeps 4, 1 King Bed, Reserve now, pay later, Free WiFi",https://www.expedia.co.in/Stevens-Point-Hotels-Best-Western-Plover-Stevens-Point-Hotel-Conference-Center.h4327852.Hotel-Information?chkin=2025-11-09&chkout=2025-11-10&x_pwa=1&rfrr=HSR&useRewards=true&rm1=a2&selected=EXPEDIA_2&sort=RECOMMENDED&pwa_ts=1762085564578&top_cur=USD
EXPEDIA_2,Expedia.com,Best Western Plover-Stevens Point Hotel & Conference Center,2025-11-09,2025-11-10,"Suite, 2 Queen Beds, Non Smoking, Refrigerator & Microwave (with Sofabed)",Queen Beds,Queen,Suite,1.0,11096.0,1497.0,12593.0,"Free breakfast, Free self parking, Sleeps 6, 2 Queen Beds, Reserve now, pay later, Free WiFi",https://www.expedia.co.in/Stevens-Point-Hotels-Best-Western-Plover-Stevens-Point-Hotel-Conference-Center.h4327852.Hotel-Information?chkin=2025-11-09&chkout=2025-11-10&x_pwa=1&rfrr=HSR&useRewards=true&rm1=a2&selected=EXPEDIA_2&sort=RECOMMENDED&pwa_ts=1762085564578&top_cur=USD
EXPEDIA_2,Expedia.com,Best Western Plover-Stevens Point Hotel & Conference Center,2025-11-09,2025-11-10,"Family Suite, 2 Queen Beds, Non Smoking, Refrigerator & Microwave (with Sofabed)",Queen Beds,Queen,Suite,2.0,12427.0,1678.0,14105.0,"Free breakfast, Free self parking, Sleeps 6, 2 Queen Beds, Reserve now, pay later, Free WiFi",https://www.expedia.co.in/Stevens-Point-Hotels-Best-Western-Plover-Stevens-Point-Hotel-Conference-Center.h4327852.Hotel-Information?chkin=2025-11-09&chkout=2025-11-10&x_pwa=1&rfrr=HSR&useRewards=true&rm1=a2&selected=EXPEDIA_2&sort=RECOMMENDED&pwa_ts=1762085564578&top_cur=USD
EXPEDIA_2,Expedia.com,Best Western Plover-Stevens Point Hotel & Conference Center,2025-11-09,2025-11-10,"Suite, 2 Queen Beds, Non Smoking, Refrigerator & Microwave",Queen Beds,Queen,Suite,2.0,12871.0,1737.0,14608.0,"Free breakfast, Free self parking, Sleeps 6, 2 Queen Beds, Reserve now, pay later, Free WiFi",https://www.expedia.co.in/Stevens-Point-Hotels-Best-Western-Plover-Stevens-Point-Hotel-Conference-Center.h4327852.Hotel-Information?chkin=2025-11-09&chkout=2025-11-10&x_pwa=1&rfrr=HSR&useRewards=true&rm1=a2&selected=EXPEDIA_2&sort=RECOMMENDED&pwa_ts=1762085564578&top_cur=USD
EXPEDIA_2,Expedia.com,Best Western Plover-Stevens Point Hotel & Conference Center,2025-11-10,2025-11-11,"Standard Room, 1 King Bed, Non Smoking, Refrigerator & Microwave",King Bed,King,Normal,,7989.0,1078.0,9067.0,"Free breakfast, Free self parking, Sleeps 2, 1 King Bed, Reserve now, pay later, Free WiFi",https://www.expedia.co.in/Stevens-Point-Hotels-Best-Western-Plover-Stevens-Point-Hotel-Conference-Center.h4327852.Hotel-Information?chkin=2025-11-10&chkout=2025-11-11&x_pwa=1&rfrr=HSR&useRewards=true&rm1=a2&selected=EXPEDIA_2&sort=RECOMMENDED&pwa_ts=1762085611071&top_cur=USD
EXPEDIA_2,Expedia.com,Best Western Plover-Stevens Point Hotel & Conference Center,2025-11-10,2025-11-11,"Standard Room, 1 King Bed, Accessible, Refrigerator & Microwave",King Bed,King,Normal,2.0,7989.0,1078.0,9067.0,"Free breakfast, Free self parking, Sleeps 2, 1 King Bed, Reserve now, pay later, Free WiFi",https://www.expedia.co.in/Stevens-Point-Hotels-Best-Western-Plover-Stevens-Point-Hotel-Conference-Center.h4327852.Hotel-Information?chkin=2025-11-10&chkout=2025-11-11&x_pwa=1&rfrr=HSR&useRewards=true&rm1=a2&selected=EXPEDIA_2&sort=RECOMMENDED&pwa_ts=1762085611071&top_cur=USD
EXPEDIA_2,Expedia.com,Best Western Plover-Stevens Point Hotel & Conference Center,2025-11-10,2025-11-11,"Standard Room, 2 Queen Beds, Non Smoking, Refrigerator & Microwave",Queen Beds,Queen,Normal,,8876.0,1199.0,10075.0,"Free breakfast, Free self parking, Sleeps 4, 2 Queen Beds, Reserve now, pay later, Free WiFi",https://www.expedia.co.in/Stevens-Point-Hotels-Best-Western-Plover-Stevens-Point-Hotel-Conference-Center.h4327852.Hotel-Information?chkin=2025-11-10&chkout=2025-11-11&x_pwa=1&rfrr=HSR&useRewards=true&rm1=a2&selected=EXPEDIA_2&sort=RECOMMENDED&pwa_ts=1762085611071&top_cur=USD
EXPEDIA_2,Expedia.com,Best Western Plover-Stevens Point Hotel & Conference Center,2025-11-10,2025-11-11,"Suite, 1 King Bed, Non Smoking, Jetted Tub",King Bed,King,Suite,4.0,9764.0,1318.0,11082.0,"Free breakfast, Free self parking, Sleeps 2, 1 King Bed, Reserve now, pay later, Free WiFi",https://www.expedia.co.in/Stevens-Point-Hotels-Best-Western-Plover-Stevens-Point-Hotel-Conference-Center.h4327852.Hotel-Information?chkin=2025-11-10&chkout=2025-11-11&x_pwa=1&rfrr=HSR&useRewards=true&rm1=a2&selected=EXPEDIA_2&sort=RECOMMENDED&pwa_ts=1762085611071&top_cur=USD
EXPEDIA_2,Expedia.com,Best Western Plover-Stevens Point Hotel & Conference Center,2025-11-10,2025-11-11,"Family Suite, 1 King Bed, Non Smoking, Refrigerator & Microwave (with Sofabed)",King Bed,King,Suite,2.0,11096.0,1497.0,12593.0,"Free breakfast, Free self parking, Sleeps 4, 1 King Bed, Reserve now, pay later, Free WiFi",https://www.expedia.co.in/Stevens-Point-Hotels-Best-Western-Plover-Stevens-Point-Hotel-Conference-Center.h4327852.Hotel-Information?chkin=2025-11-10&chkout=2025-11-11&x_pwa=1&rfrr=HSR&useRewards=true&rm1=a2&selected=EXPEDIA_2&sort=RECOMMENDED&pwa_ts=1762085611071&top_cur=USD
EXPEDIA_2,Expedia.com,Best Western Plover-Stevens Point Hotel & Conference Center,2025-11-10,2025-11-11,"Suite, 2 Queen Beds, Non Smoking, Refrigerator & Microwave (with Sofabed)",Queen Beds,Queen,Suite,1.0,11096.0,1497.0,12593.0,"Free breakfast, Free self parking, Sleeps 6, 2 Queen Beds, Reserve now, pay later, Free WiFi",https://www.expedia.co.in/Stevens-Point-Hotels-Best-Western-Plover-Stevens-Point-Hotel-Conference-Center.h4327852.Hotel-Information?chkin=2025-11-10&chkout=2025-11-11&x_pwa=1&rfrr=HSR&useRewards=true&rm1=a2&selected=EXPEDIA_2&sort=RECOMMENDED&pwa_ts=1762085611071&top_cur=USD
EXPEDIA_2,Expedia.com,Best Western Plover-Stevens Point Hotel & Conference Center,2025-11-10,2025-11-11,"Family Suite, 2 Queen Beds, Non Smoking, Refrigerator & Microwave (with Sofabed)",Queen Beds,Queen,Suite,2.0,12427.0,1678.0,14105.0,"Free breakfast, Free self parking, Sleeps 6, 2 Queen Beds, Reserve now, pay later, Free WiFi",https://www.expedia.co.in/Stevens-Point-Hotels-Best-Western-Plover-Stevens-Point-Hotel-Conference-Center.h4327852.Hotel-Information?chkin=2025-11-10&chkout=2025-11-11&x_pwa=1&rfrr=HSR&useRewards=true&rm1=a2&selected=EXPEDIA_2&sort=RECOMMENDED&pwa_ts=1762085611071&top_cur=USD
EXPEDIA_2,Expedia.com,Best Western Plover-Stevens Point Hotel & Conference Center,2025-11-10,2025-11-11,"Suite, 2 Queen Beds, Non Smoking, Refrigerator & Microwave",Queen Beds,Queen,Suite,2.0,12871.0,1737.0,14608.0,"Free breakfast, Free self parking, Sleeps 6, 2 Queen Beds, Reserve now, pay later, Free WiFi",https://www.expedia.co.in/Stevens-Point-Hotels-Best-Western-Plover-Stevens-Point-Hotel-Conference-Center.h4327852.Hotel-Information?chkin=2025-11-10&chkout=2025-11-11&x_pwa=1&rfrr=HSR&useRewards=true&rm1=a2&selected=EXPEDIA_2&sort=RECOMMENDED&pwa_ts=1762085611071&top_cur=USD
EXPEDIA_2,Expedia.com,Best Western Plover-Stevens Point Hotel & Conference Center,2025-11-11,2025-11-12,"Standard Room, 1 King Bed, Non Smoking, Refrigerator & Microwave",King Bed,King,Normal,,7989.0,1078.0,9067.0,"Free breakfast, Free self parking, Sleeps 2, 1 King Bed, Reserve now, pay later, Free WiFi",https://www.expedia.co.in/Stevens-Point-Hotels-Best-Western-Plover-Stevens-Point-Hotel-Conference-Center.h4327852.Hotel-Information?chkin=2025-11-11&chkout=2025-11-12&x_pwa=1&rfrr=HSR&useRewards=true&rm1=a2&selected=EXPEDIA_2&sort=RECOMMENDED&pwa_ts=1762085657226&top_cur=USD
EXPEDIA_2,Expedia.com,Best Western Plover-Stevens Point Hotel & Conference Center,2025-11-11,2025-11-12,"Standard Room, 1 King Bed, Accessible, Refrigerator & Microwave",King Bed,King,Normal,2.0,7989.0,1078.0,9067.0,"Free breakfast, Free self parking, Sleeps 2, 1 King Bed, Reserve now, pay later, Free WiFi",https://www.expedia.co.in/Stevens-Point-Hotels-Best-Western-Plover-Stevens-Point-Hotel-Conference-Center.h4327852.Hotel-Information?chkin=2025-11-11&chkout=2025-11-12&x_pwa=1&rfrr=HSR&useRewards=true&rm1=a2&selected=EXPEDIA_2&sort=RECOMMENDED&pwa_ts=1762085657226&top_cur=USD
EXPEDIA_2,Expedia.com,Best Western Plover-Stevens Point Hotel & Conference Center,2025-11-11,2025-11-12,"Standard Room, 2 Queen Beds, Non Smoking, Refrigerator & Microwave",Queen Beds,Queen,Normal,,8876.0,1199.0,10075.0,"Free breakfast, Free self parking, Sleeps 4, 2 Queen Beds, Reserve now, pay later, Free WiFi",https://www.expedia.co.in/Stevens-Point-Hotels-Best-Western-Plover-Stevens-Point-Hotel-Conference-Center.h4327852.Hotel-Information?chkin=2025-11-11&chkout=2025-11-12&x_pwa=1&rfrr=HSR&useRewards=true&rm1=a2&selected=EXPEDIA_2&sort=RECOMMENDED&pwa_ts=1762085657226&top_cur=USD
EXPEDIA_2,Expedia.com,Best Western Plover-Stevens Point Hotel & Conference Center,2025-11-11,2025-11-12,"Suite, 1 King Bed, Non Smoking, Jetted Tub",King Bed,King,Suite,4.0,9764.0,1318.0,11082.0,"Free breakfast, Free self parking, Sleeps 2, 1 King Bed, Reserve now, pay later, Free WiFi",https://www.expedia.co.in/Stevens-Point-Hotels-Best-Western-Plover-Stevens-Point-Hotel-Conference-Center.h4327852.Hotel-Information?chkin=2025-11-11&chkout=2025-11-12&x_pwa=1&rfrr=HSR&useRewards=true&rm1=a2&selected=EXPEDIA_2&sort=RECOMMENDED&pwa_ts=1762085657226&top_cur=USD
EXPEDIA_2,Expedia.com,Best Western Plover-Stevens Point Hotel & Conference Center,2025-11-11,2025-11-12,"Family Suite, 1 King Bed, Non Smoking, Refrigerator & Microwave (with Sofabed)",King Bed,King,Suite,2.0,11096.0,1497.0,12593.0,"Free breakfast, Free self parking, Sleeps 4, 1 King Bed, Reserve now, pay later, Free WiFi",https://www.expedia.co.in/Stevens-Point-Hotels-Best-Western-Plover-Stevens-Point-Hotel-Conference-Center.h4327852.Hotel-Information?chkin=2025-11-11&chkout=2025-11-12&x_pwa=1&rfrr=HSR&useRewards=true&rm1=a2&selected=EXPEDIA_2&sort=RECOMMENDED&pwa_ts=1762085657226&top_cur=USD
EXPEDIA_2,Expedia.com,Best Western Plover-Stevens Point Hotel & Conference Center,2025-11-11,2025-11-12,"Suite, 2 Queen Beds, Non Smoking, Refrigerator & Microwave (with Sofabed)",Queen Beds,Queen,Suite,1.0,11096.0,1497.0,12593.0,"Free breakfast, Free self parking, Sleeps 6, 2 Queen Beds, Reserve now, pay later, Free WiFi",https://www.expedia.co.in/Stevens-Point-Hotels-Best-Western-Plover-Stevens-Point-Hotel-Conference-Center.h4327852.Hotel-Information?chkin=2025-11-11&chkout=2025-11-12&x_pwa=1&rfrr=HSR&useRewards=true&rm1=a2&selected=EXPEDIA_2&sort=RECOMMENDED&pwa_ts=1762085657226&top_cur=USD
EXPEDIA_2,Expedia.com,Best Western Plover-Stevens Point Hotel & Conference Center,2025-11-11,2025-11-12,"Family Suite, 2 Queen Beds, Non Smoking, Refrigerator & Microwave (with Sofabed)",Queen Beds,Queen,Suite,2.0,12427.0,1678.0,14105.0,"Free breakfast, Free self parking, Sleeps 6, 2 Queen Beds, Reserve now, pay later, Free WiFi",https://www.expedia.co.in/Stevens-Point-Hotels-Best-Western-Plover-Stevens-Point-Hotel-Conference-Center.h4327852.Hotel-Information?chkin=2025-11-11&chkout=2025-11-12&x_pwa=1&rfrr=HSR&useRewards=true&rm1=a2&selected=EXPEDIA_2&sort=RECOMMENDED&pwa_ts=1762085657226&top_cur=USD
EXPEDIA_2,Expedia.com,Best Western Plover-Stevens Point Hotel & Conference Center,2025-11-11,2025-11-12,"Suite, 2 Queen Beds, Non Smoking, Refrigerator & Microwave",Queen Beds,Queen,Suite,2.0,12871.0,1737.0,14608.0,"Free breakfast, Free self parking, Sleeps 6, 2 Queen Beds, Reserve now, pay later, Free WiFi",https://www.expedia.co.in/Stevens-Point-Hotels-Best-Western-Plover-Stevens-Point-Hotel-Conference-Center.h4327852.Hotel-Information?chkin=2025-11-11&chkout=2025-11-12&x_pwa=1&rfrr=HSR&useRewards=true&rm1=a2&selected=EXPEDIA_2&sort=RECOMMENDED&pwa_ts=1762085657226&top_cur=USD
EXPEDIA_2,Expedia.com,Best Western Plover-Stevens Point Hotel & Conference Center,2025-11-12,2025-11-13,"Standard Room, 1 King Bed, Non Smoking, Refrigerator & Microwave",King Bed,King,Normal,,7349.0,993.0,8342.0,"Free breakfast, Free self parking, Sleeps 2, 1 King Bed, Free WiFi",https://www.expedia.co.in/Stevens-Point-Hotels-Best-Western-Plover-Stevens-Point-Hotel-Conference-Center.h4327852.Hotel-Information?chkin=2025-11-12&chkout=2025-11-13&x_pwa=1&rfrr=HSR&useRewards=true&rm1=a2&selected=EXPEDIA_2&sort=RECOMMENDED&pwa_ts=1762085700522&top_cur=USD
EXPEDIA_2,Expedia.com,Best Western Plover-Stevens Point Hotel & Conference Center,2025-11-12,2025-11-13,"Standard Room, 2 Queen Beds, Non Smoking, Refrigerator & Microwave",Queen Beds,Queen,Normal,,8166.0,1102.0,9268.0,"Free breakfast, Free self parking, Sleeps 4, 2 Queen Beds, Free WiFi",https://www.expedia.co.in/Stevens-Point-Hotels-Best-Western-Plover-Stevens-Point-Hotel-Conference-Center.h4327852.Hotel-Information?chkin=2025-11-12&chkout=2025-11-13&x_pwa=1&rfrr=HSR&useRewards=true&rm1=a2&selected=EXPEDIA_2&sort=RECOMMENDED&pwa_ts=1762085700522&top_cur=USD
EXPEDIA_2,Expedia.com,Best Western Plover-Stevens Point Hotel & Conference Center,2025-11-12,2025-11-13,"Standard Room, 1 King Bed, Accessible, Refrigerator & Microwave",King Bed,King,Normal,2.0,7349.0,993.0,8342.0,"Free breakfast, Free self parking, Sleeps 2, 1 King Bed, Free WiFi",https://www.expedia.co.in/Stevens-Point-Hotels-Best-Western-Plover-Stevens-Point-Hotel-Conference-Center.h4327852.Hotel-Information?chkin=2025-11-12&chkout=2025-11-13&x_pwa=1&rfrr=HSR&useRewards=true&rm1=a2&selected=EXPEDIA_2&sort=RECOMMENDED&pwa_ts=1762085700522&top_cur=USD
EXPEDIA_2,Expedia.com,Best Western Plover-Stevens Point Hotel & Conference Center,2025-11-12,2025-11-13,"Suite, 1 King Bed, Non Smoking, Jetted Tub",King Bed,King,Suite,3.0,8983.0,1212.0,10195.0,"Free breakfast, Free self parking, Sleeps 2, 1 King Bed, Free WiFi",https://www.expedia.co.in/Stevens-Point-Hotels-Best-Western-Plover-Stevens-Point-Hotel-Conference-Center.h4327852.Hotel-Information?chkin=2025-11-12&chkout=2025-11-13&x_pwa=1&rfrr=HSR&useRewards=true&rm1=a2&selected=EXPEDIA_2&sort=RECOMMENDED&pwa_ts=1762085700522&top_cur=USD
EXPEDIA_2,Expedia.com,Best Western Plover-Stevens Point Hotel & Conference Center,2025-11-12,2025-11-13,"Family Suite, 1 King Bed, Non Smoking, Refrigerator & Microwave (with Sofabed)",King Bed,King,Suite,2.0,10208.0,1378.0,11586.0,"Free breakfast, Free self parking, Sleeps 4, 1 King Bed, Free WiFi",https://www.expedia.co.in/Stevens-Point-Hotels-Best-Western-Plover-Stevens-Point-Hotel-Conference-Center.h4327852.Hotel-Information?chkin=2025-11-12&chkout=2025-11-13&x_pwa=1&rfrr=HSR&useRewards=true&rm1=a2&selected=EXPEDIA_2&sort=RECOMMENDED&pwa_ts=1762085700522&top_cur=USD
EXPEDIA_2,Expedia.com,Best Western Plover-Stevens Point Hotel & Conference Center,2025-11-12,2025-11-13,"Suite, 2 Queen Beds, Non Smoking, Refrigerator & Microwave (with Sofabed)",Queen Beds,Queen,Suite,1.0,11096.0,1497.0,12593.0,"Free breakfast, Free self parking, Sleeps 6, 2 Queen Beds, Free WiFi",https://www.expedia.co.in/Stevens-Point-Hotels-Best-Western-Plover-Stevens-Point-Hotel-Conference-Center.h4327852.Hotel-Information?chkin=2025-11-12&chkout=2025-11-13&x_pwa=1&rfrr=HSR&useRewards=true&rm1=a2&selected=EXPEDIA_2&sort=RECOMMENDED&pwa_ts=1762085700522&top_cur=USD
EXPEDIA_2,Expedia.com,Best Western Plover-Stevens Point Hotel & Conference Center,2025-11-12,2025-11-13,"Family Suite, 2 Queen Beds, Non Smoking, Refrigerator & Microwave (with Sofabed)",Queen Beds,Queen,Suite,2.0,11433.0,1543.0,12976.0,"Free breakfast, Free self parking, Sleeps 6, 2 Queen Beds, Free WiFi",https://www.expedia.co.in/Stevens-Point-Hotels-Best-Western-Plover-Stevens-Point-Hotel-Conference-Center.h4327852.Hotel-Information?chkin=2025-11-12&chkout=2025-11-13&x_pwa=1&rfrr=HSR&useRewards=true&rm1=a2&selected=EXPEDIA_2&sort=RECOMMENDED&pwa_ts=1762085700522&top_cur=USD
EXPEDIA_2,Expedia.com,Best Western Plover-Stevens Point Hotel & Conference Center,2025-11-12,2025-11-13,"Suite, 2 Queen Beds, Non Smoking, Refrigerator & Microwave",Queen Beds,Queen,Suite,2.0,11841.0,1599.0,13440.0,"Free breakfast, Free self parking, Sleeps 6, 2 Queen Beds, Free WiFi",https://www.expedia.co.in/Stevens-Point-Hotels-Best-Western-Plover-Stevens-Point-Hotel-Conference-Center.h4327852.Hotel-Information?chkin=2025-11-12&chkout=2025-11-13&x_pwa=1&rfrr=HSR&useRewards=true&rm1=a2&selected=EXPEDIA_2&sort=RECOMMENDED&pwa_ts=1762085700522&top_cur=USD
EXPEDIA_2,Expedia.com,Best Western Plover-Stevens Point Hotel & Conference Center,2025-11-13,2025-11-14,"Standard Room, 1 King Bed, Non Smoking, Refrigerator & Microwave",King Bed,King,Normal,,7349.0,993.0,8342.0,"Free breakfast, Free self parking, Sleeps 2, 1 King Bed, Free WiFi",https://www.expedia.co.in/Stevens-Point-Hotels-Best-Western-Plover-Stevens-Point-Hotel-Conference-Center.h4327852.Hotel-Information?chkin=2025-11-13&chkout=2025-11-14&x_pwa=1&rfrr=HSR&useRewards=true&rm1=a2&selected=EXPEDIA_2&sort=RECOMMENDED&pwa_ts=1762085743623&top_cur=USD
EXPEDIA_2,Expedia.com,Best Western Plover-Stevens Point Hotel & Conference Center,2025-11-13,2025-11-14,"Standard Room, 2 Queen Beds, Non Smoking, Refrigerator & Microwave",Queen Beds,Queen,Normal,,8166.0,1102.0,9268.0,"Free breakfast, Free self parking, Sleeps 4, 2 Queen Beds, Free WiFi",https://www.expedia.co.in/Stevens-Point-Hotels-Best-Western-Plover-Stevens-Point-Hotel-Conference-Center.h4327852.Hotel-Information?chkin=2025-11-13&chkout=2025-11-14&x_pwa=1&rfrr=HSR&useRewards=true&rm1=a2&selected=EXPEDIA_2&sort=RECOMMENDED&pwa_ts=1762085743623&top_cur=USD
EXPEDIA_2,Expedia.com,Best Western Plover-Stevens Point Hotel & Conference Center,2025-11-13,2025-11-14,"Standard Room, 1 King Bed, Accessible, Refrigerator & Microwave",King Bed,King,Normal,2.0,7349.0,993.0,8342.0,"Free breakfast, Free self parking, Sleeps 2, 1 King Bed, Free WiFi",https://www.expedia.co.in/Stevens-Point-Hotels-Best-Western-Plover-Stevens-Point-Hotel-Conference-Center.h4327852.Hotel-Information?chkin=2025-11-13&chkout=2025-11-14&x_pwa=1&rfrr=HSR&useRewards=true&rm1=a2&selected=EXPEDIA_2&sort=RECOMMENDED&pwa_ts=1762085743623&top_cur=USD
EXPEDIA_2,Expedia.com,Best Western Plover-Stevens Point Hotel & Conference Center,2025-11-13,2025-11-14,"Suite, 1 King Bed, Non Smoking, Jetted Tub",King Bed,King,Suite,4.0,8983.0,1212.0,10195.0,"Free breakfast, Free self parking, Sleeps 2, 1 King Bed, Free WiFi",https://www.expedia.co.in/Stevens-Point-Hotels-Best-Western-Plover-Stevens-Point-Hotel-Conference-Center.h4327852.Hotel-Information?chkin=2025-11-13&chkout=2025-11-14&x_pwa=1&rfrr=HSR&useRewards=true&rm1=a2&selected=EXPEDIA_2&sort=RECOMMENDED&pwa_ts=1762085743623&top_cur=USD
EXPEDIA_2,Expedia.com,Best Western Plover-Stevens Point Hotel & Conference Center,2025-11-13,2025-11-14,"Family Suite, 1 King Bed, Non Smoking, Refrigerator & Microwave (with Sofabed)",King Bed,King,Suite,2.0,10208.0,1378.0,11586.0,"Free breakfast, Free self parking, Sleeps 4, 1 King Bed, Free WiFi",https://www.expedia.co.in/Stevens-Point-Hotels-Best-Western-Plover-Stevens-Point-Hotel-Conference-Center.h4327852.Hotel-Information?chkin=2025-11-13&chkout=2025-11-14&x_pwa=1&rfrr=HSR&useRewards=true&rm1=a2&selected=EXPEDIA_2&sort=RECOMMENDED&pwa_ts=1762085743623&top_cur=USD
EXPEDIA_2,Expedia.com,Best Western Plover-Stevens Point Hotel & Conference Center,2025-11-13,2025-11-14,"Suite, 2 Queen Beds, Non Smoking, Refrigerator & Microwave (with Sofabed)",Queen Beds,Queen,Suite,1.0,11096.0,1497.0,12593.0,"Free breakfast, Free self parking, Sleeps 6, 2 Queen Beds, Free WiFi",https://www.expedia.co.in/Stevens-Point-Hotels-Best-Western-Plover-Stevens-Point-Hotel-Conference-Center.h4327852.Hotel-Information?chkin=2025-11-13&chkout=2025-11-14&x_pwa=1&rfrr=HSR&useRewards=true&rm1=a2&selected=EXPEDIA_2&sort=RECOMMENDED&pwa_ts=1762085743623&top_cur=USD
EXPEDIA_2,Expedia.com,Best Western Plover-Stevens Point Hotel & Conference Center,2025-11-13,2025-11-14,"Family Suite, 2 Queen Beds, Non Smoking, Refrigerator & Microwave (with Sofabed)",Queen Beds,Queen,Suite,2.0,11433.0,1543.0,12976.0,"Free breakfast, Free self parking, Sleeps 6, 2 Queen Beds, Free WiFi",https://www.expedia.co.in/Stevens-Point-Hotels-Best-Western-Plover-Stevens-Point-Hotel-Conference-Center.h4327852.Hotel-Information?chkin=2025-11-13&chkout=2025-11-14&x_pwa=1&rfrr=HSR&useRewards=true&rm1=a2&selected=EXPEDIA_2&sort=RECOMMENDED&pwa_ts=1762085743623&top_cur=USD
EXPEDIA_2,Expedia.com,Best Western Plover-Stevens Point Hotel & Conference Center,2025-11-13,2025-11-14,"Suite, 2 Queen Beds, Non Smoking, Refrigerator & Microwave",Queen Beds,Queen,Suite,2.0,11841.0,1599.0,13440.0,"Free breakfast, Free self parking, Sleeps 6, 2 Queen Beds, Free WiFi",https://www.expedia.co.in/Stevens-Point-Hotels-Best-Western-Plover-Stevens-Point-Hotel-Conference-Center.h4327852.Hotel-Information?chkin=2025-11-13&chkout=2025-11-14&x_pwa=1&rfrr=HSR&useRewards=true&rm1=a2&selected=EXPEDIA_2&sort=RECOMMENDED&pwa_ts=1762085743623&top_cur=USD
EXPEDIA_2,Expedia.com,Best Western Plover-Stevens Point Hotel & Conference Center,2025-11-14,2025-11-15,"Standard Room, 1 King Bed, Accessible, Refrigerator & Microwave",King Bed,King,Normal,2.0,7349.0,993.0,8342.0,"Free breakfast, Free self parking, Sleeps 2, 1 King Bed, Free WiFi",https://www.expedia.co.in/Stevens-Point-Hotels-Best-Western-Plover-Stevens-Point-Hotel-Conference-Center.h4327852.Hotel-Information?chkin=2025-11-14&chkout=2025-11-15&x_pwa=1&rfrr=HSR&useRewards=true&rm1=a2&selected=EXPEDIA_2&sort=RECOMMENDED&pwa_ts=1762085790138&top_cur=USD
EXPEDIA_2,Expedia.com,Best Western Plover-Stevens Point Hotel & Conference Center,2025-11-14,2025-11-15,"Standard Room, 1 King Bed, Non Smoking, Refrigerator & Microwave",King Bed,King,Normal,,8984.0,1212.0,10196.0,"Free breakfast, Free self parking, Sleeps 2, 1 King Bed, Free WiFi",https://www.expedia.co.in/Stevens-Point-Hotels-Best-Western-Plover-Stevens-Point-Hotel-Conference-Center.h4327852.Hotel-Information?chkin=2025-11-14&chkout=2025-11-15&x_pwa=1&rfrr=HSR&useRewards=true&rm1=a2&selected=EXPEDIA_2&sort=RECOMMENDED&pwa_ts=1762085790138&top_cur=USD
EXPEDIA_2,Expedia.com,Best Western Plover-Stevens Point Hotel & Conference Center,2025-11-14,2025-11-15,"Suite, 1 King Bed, Non Smoking, Jetted Tub",King Bed,King,Suite,4.0,8983.0,1212.0,10195.0,"Free breakfast, Free self parking, Sleeps 2, 1 King Bed, Free WiFi",https://www.expedia.co.in/Stevens-Point-Hotels-Best-Western-Plover-Stevens-Point-Hotel-Conference-Center.h4327852.Hotel-Information?chkin=2025-11-14&chkout=2025-11-15&x_pwa=1&rfrr=HSR&useRewards=true&rm1=a2&selected=EXPEDIA_2&sort=RECOMMENDED&pwa_ts=1762085790138&top_cur=USD
EXPEDIA_2,Expedia.com,Best Western Plover-Stevens Point Hotel & Conference Center,2025-11-14,2025-11-15,"Suite, 2 Queen Beds, Non Smoking, Refrigerator & Microwave",Queen Beds,Queen,Suite,2.0,8983.0,1212.0,10195.0,"Free breakfast, Free self parking, Sleeps 6, 2 Queen Beds, Free WiFi",https://www.expedia.co.in/Stevens-Point-Hotels-Best-Western-Plover-Stevens-Point-Hotel-Conference-Center.h4327852.Hotel-Information?chkin=2025-11-14&chkout=2025-11-15&x_pwa=1&rfrr=HSR&useRewards=true&rm1=a2&selected=EXPEDIA_2&sort=RECOMMENDED&pwa_ts=1762085790138&top_cur=USD
EXPEDIA_2,Expedia.com,Best Western Plover-Stevens Point Hotel & Conference Center,2025-11-14,2025-11-15,"Standard Room, 2 Queen Beds, Non Smoking, Refrigerator & Microwave",Queen Beds,Queen,Normal,,8984.0,1212.0,10196.0,"Free breakfast, Free self parking, Sleeps 4, 2 Queen Beds, Free WiFi",https://www.expedia.co.in/Stevens-Point-Hotels-Best-Western-Plover-Stevens-Point-Hotel-Conference-Center.h4327852.Hotel-Information?chkin=2025-11-14&chkout=2025-11-15&x_pwa=1&rfrr=HSR&useRewards=true&rm1=a2&selected=EXPEDIA_2&sort=RECOMMENDED&pwa_ts=1762085790138&top_cur=USD
EXPEDIA_2,Expedia.com,Best Western Plover-Stevens Point Hotel & Conference Center,2025-11-14,2025-11-15,"Family Suite, 2 Queen Beds, Non Smoking, Refrigerator & Microwave (with Sofabed)",Queen Beds,Queen,Suite,2.0,10617.0,1433.0,12050.0,"Free breakfast, Free self parking, Sleeps 6, 2 Queen Beds, Free WiFi",https://www.expedia.co.in/Stevens-Point-Hotels-Best-Western-Plover-Stevens-Point-Hotel-Conference-Center.h4327852.Hotel-Information?chkin=2025-11-14&chkout=2025-11-15&x_pwa=1&rfrr=HSR&useRewards=true&rm1=a2&selected=EXPEDIA_2&sort=RECOMMENDED&pwa_ts=1762085790138&top_cur=USD
EXPEDIA_2,Expedia.com,Best Western Plover-Stevens Point Hotel & Conference Center,2025-11-14,2025-11-15,"Family Suite, 1 King Bed, Non Smoking, Refrigerator & Microwave (with Sofabed)",King Bed,King,Suite,2.0,10617.0,1433.0,12050.0,"Free breakfast, Free self parking, Sleeps 4, 1 King Bed, Free WiFi",https://www.expedia.co.in/Stevens-Point-Hotels-Best-Western-Plover-Stevens-Point-Hotel-Conference-Center.h4327852.Hotel-Information?chkin=2025-11-14&chkout=2025-11-15&x_pwa=1&rfrr=HSR&useRewards=true&rm1=a2&selected=EXPEDIA_2&sort=RECOMMENDED&pwa_ts=1762085790138&top_cur=USD
EXPEDIA_2,Expedia.com,Best Western Plover-Stevens Point Hotel & Conference Center,2025-11-14,2025-11-15,"Suite, 2 Queen Beds, Non Smoking, Refrigerator & Microwave (with Sofabed)",Queen Beds,Queen,Suite,1.0,11540.0,1558.0,13098.0,"Free breakfast, Free self parking, Sleeps 6, 2 Queen Beds, Free WiFi",https://www.expedia.co.in/Stevens-Point-Hotels-Best-Western-Plover-Stevens-Point-Hotel-Conference-Center.h4327852.Hotel-Information?chkin=2025-11-14&chkout=2025-11-15&x_pwa=1&rfrr=HSR&useRewards=true&rm1=a2&selected=EXPEDIA_2&sort=RECOMMENDED&pwa_ts=1762085790138&top_cur=USD
EXPEDIA_2,Expedia.com,Best Western Plover-Stevens Point Hotel & Conference Center,2025-11-15,2025-11-16,"Standard Room, 1 King Bed, Accessible, Refrigerator & Microwave",King Bed,King,Normal,2.0,7349.0,993.0,8342.0,"Free breakfast, Free self parking, Sleeps 2, 1 King Bed, Free WiFi",https://www.expedia.co.in/Stevens-Point-Hotels-Best-Western-Plover-Stevens-Point-Hotel-Conference-Center.h4327852.Hotel-Information?chkin=2025-11-15&chkout=2025-11-16&x_pwa=1&rfrr=HSR&useRewards=true&rm1=a2&selected=EXPEDIA_2&sort=RECOMMENDED&pwa_ts=1762085835691&top_cur=USD
EXPEDIA_2,Expedia.com,Best Western Plover-Stevens Point Hotel & Conference Center,2025-11-15,2025-11-16,"Standard Room, 1 King Bed, Non Smoking, Refrigerator & Microwave",King Bed,King,Normal,,8984.0,1212.0,10196.0,"Free breakfast, Free self parking, Sleeps 2, 1 King Bed, Free WiFi",https://www.expedia.co.in/Stevens-Point-Hotels-Best-Western-Plover-Stevens-Point-Hotel-Conference-Center.h4327852.Hotel-Information?chkin=2025-11-15&chkout=2025-11-16&x_pwa=1&rfrr=HSR&useRewards=true&rm1=a2&selected=EXPEDIA_2&sort=RECOMMENDED&pwa_ts=1762085835691&top_cur=USD
EXPEDIA_2,Expedia.com,Best Western Plover-Stevens Point Hotel & Conference Center,2025-11-15,2025-11-16,"Suite, 1 King Bed, Non Smoking, Jetted Tub",King Bed,King,Suite,4.0,8983.0,1212.0,10195.0,"Free breakfast, Free self parking, Sleeps 2, 1 King Bed, Free WiFi",https://www.expedia.co.in/Stevens-Point-Hotels-Best-Western-Plover-Stevens-Point-Hotel-Conference-Center.h4327852.Hotel-Information?chkin=2025-11-15&chkout=2025-11-16&x_pwa=1&rfrr=HSR&useRewards=true&rm1=a2&selected=EXPEDIA_2&sort=RECOMMENDED&pwa_ts=1762085835691&top_cur=USD
EXPEDIA_2,Expedia.com,Best Western Plover-Stevens Point Hotel & Conference Center,2025-11-15,2025-11-16,"Suite, 2 Queen Beds, Non Smoking, Refrigerator & Microwave",Queen Beds,Queen,Suite,2.0,8983.0,1212.0,10195.0,"Free breakfast, Free self parking, Sleeps 6, 2 Queen Beds, Free WiFi",https://www.expedia.co.in/Stevens-Point-Hotels-Best-Western-Plover-Stevens-Point-Hotel-Conference-Center.h4327852.Hotel-Information?chkin=2025-11-15&chkout=2025-11-16&x_pwa=1&rfrr=HSR&useRewards=true&rm1=a2&selected=EXPEDIA_2&sort=RECOMMENDED&pwa_ts=1762085835691&top_cur=USD
EXPEDIA_2,Expedia.com,Best Western Plover-Stevens Point Hotel & Conference Center,2025-11-15,2025-11-16,"Standard Room, 2 Queen Beds, Non Smoking, Refrigerator & Microwave",Queen Beds,Queen,Normal,,8984.0,1212.0,10196.0,"Free breakfast, Free self parking, Sleeps 4, 2 Queen Beds, Free WiFi",https://www.expedia.co.in/Stevens-Point-Hotels-Best-Western-Plover-Stevens-Point-Hotel-Conference-Center.h4327852.Hotel-Information?chkin=2025-11-15&chkout=2025-11-16&x_pwa=1&rfrr=HSR&useRewards=true&rm1=a2&selected=EXPEDIA_2&sort=RECOMMENDED&pwa_ts=1762085835691&top_cur=USD
EXPEDIA_2,Expedia.com,Best Western Plover-Stevens Point Hotel & Conference Center,2025-11-15,2025-11-16,"Family Suite, 2 Queen Beds, Non Smoking, Refrigerator & Microwave (with Sofabed)",Queen Beds,Queen,Suite,2.0,10617.0,1433.0,12050.0,"Free breakfast, Free self parking, Sleeps 6, 2 Queen Beds, Free WiFi",https://www.expedia.co.in/Stevens-Point-Hotels-Best-Western-Plover-Stevens-Point-Hotel-Conference-Center.h4327852.Hotel-Information?chkin=2025-11-15&chkout=2025-11-16&x_pwa=1&rfrr=HSR&useRewards=true&rm1=a2&selected=EXPEDIA_2&sort=RECOMMENDED&pwa_ts=1762085835691&top_cur=USD
EXPEDIA_2,Expedia.com,Best Western Plover-Stevens Point Hotel & Conference Center,2025-11-15,2025-11-16,"Family Suite, 1 King Bed, Non Smoking, Refrigerator & Microwave (with Sofabed)",King Bed,King,Suite,2.0,10617.0,1433.0,12050.0,"Free breakfast, Free self parking, Sleeps 4, 1 King Bed, Free WiFi",https://www.expedia.co.in/Stevens-Point-Hotels-Best-Western-Plover-Stevens-Point-Hotel-Conference-Center.h4327852.Hotel-Information?chkin=2025-11-15&chkout=2025-11-16&x_pwa=1&rfrr=HSR&useRewards=true&rm1=a2&selected=EXPEDIA_2&sort=RECOMMENDED&pwa_ts=1762085835691&top_cur=USD
EXPEDIA_2,Expedia.com,Best Western Plover-Stevens Point Hotel & Conference Center,2025-11-15,2025-11-16,"Suite, 2 Queen Beds, Non Smoking, Refrigerator & Microwave (with Sofabed)",Queen Beds,Queen,Suite,1.0,11540.0,1558.0,13098.0,"Free breakfast, Free self parking, Sleeps 6, 2 Queen Beds, Free WiFi",https://www.expedia.co.in/Stevens-Point-Hotels-Best-Western-Plover-Stevens-Point-Hotel-Conference-Center.h4327852.Hotel-Information?chkin=2025-11-15&chkout=2025-11-16&x_pwa=1&rfrr=HSR&useRewards=true&rm1=a2&selected=EXPEDIA_2&sort=RECOMMENDED&pwa_ts=1762085835691&top_cur=USD
EXPEDIA_3,Expedia.com,Comfort Suites at Par 4 Resort,2025-11-03,2025-11-04,"Suite, 2 Queen Beds, Non Smoking",Queen Beds,Queen,Suite,,12579.0,1699.0,14278.0,"452 sq ft, Sleeps 6, 2 Queen Beds, Reserve now, pay later, Free wired internet, Golf view",https://www.expedia.co.in/Stevens-Point-Hotels-Comfort-Suites-At-Par-4-Resort.h1085058.Hotel-Information?chkin=2025-11-03&chkout=2025-11-04&x_pwa=1&rfrr=HSR&useRewards=true&rm1=a2&selected=EXPEDIA_3&sort=RECOMMENDED&pwa_ts=1762085881027&top_cur=USD
EXPEDIA_3,Expedia.com,Comfort Suites at Par 4 Resort,2025-11-03,2025-11-04,"Suite, Multiple Beds, Accessible, Non Smoking",Queen Beds and 1 Double Sofa Bed,Queen,Suite,1.0,12579.0,1699.0,14278.0,"Sleeps 6, 2 Queen Beds and 1 Double Sofa Bed, Reserve now, pay later, Free wired internet, Golf view",https://www.expedia.co.in/Stevens-Point-Hotels-Comfort-Suites-At-Par-4-Resort.h1085058.Hotel-Information?chkin=2025-11-03&chkout=2025-11-04&x_pwa=1&rfrr=HSR&useRewards=true&rm1=a2&selected=EXPEDIA_3&sort=RECOMMENDED&pwa_ts=1762085881027&top_cur=USD
EXPEDIA_3,Expedia.com,Comfort Suites at Par 4 Resort,2025-11-03,2025-11-04,"Suite, 1 King Bed, Accessible, Non Smoking",King Bed,King,Suite,4.0,14354.0,1938.0,16292.0,"452 sq ft, Sleeps 4, 1 King Bed, Reserve now, pay later, Free wired internet, Golf view",https://www.expedia.co.in/Stevens-Point-Hotels-Comfort-Suites-At-Par-4-Resort.h1085058.Hotel-Information?chkin=2025-11-03&chkout=2025-11-04&x_pwa=1&rfrr=HSR&useRewards=true&rm1=a2&selected=EXPEDIA_3&sort=RECOMMENDED&pwa_ts=1762085881027&top_cur=USD
EXPEDIA_3,Expedia.com,Comfort Suites at Par 4 Resort,2025-11-03,2025-11-04,"Suite, Non Smoking",King Bed OR 1 Double Sofa Bed,King,Suite,4.0,14354.0,1938.0,16292.0,"450 sq ft, Sleeps 4, 1 King Bed OR 1 Double Sofa Bed, Reserve now, pay later, Free wired internet, Golf view",https://www.expedia.co.in/Stevens-Point-Hotels-Comfort-Suites-At-Par-4-Resort.h1085058.Hotel-Information?chkin=2025-11-03&chkout=2025-11-04&x_pwa=1&rfrr=HSR&useRewards=true&rm1=a2&selected=EXPEDIA_3&sort=RECOMMENDED&pwa_ts=1762085881027&top_cur=USD
EXPEDIA_3,Expedia.com,Comfort Suites at Par 4 Resort,2025-11-03,2025-11-04,"Suite, 1 King Bed with Sofa bed, Non Smoking, Hot Tub",King Bed and 1 Double Sofa Bed,King,Suite,7.0,15242.0,2059.0,17301.0,"452 sq ft, Sleeps 2, 1 King Bed and 1 Double Sofa Bed, Reserve now, pay later, Free wired internet, Golf view",https://www.expedia.co.in/Stevens-Point-Hotels-Comfort-Suites-At-Par-4-Resort.h1085058.Hotel-Information?chkin=2025-11-03&chkout=2025-11-04&x_pwa=1&rfrr=HSR&useRewards=true&rm1=a2&selected=EXPEDIA_3&sort=RECOMMENDED&pwa_ts=1762085881027&top_cur=USD
EXPEDIA_3,Expedia.com,Comfort Suites at Par 4 Resort,2025-11-03,2025-11-04,"Suite, 1 King Bed with Sofa bed, Non Smoking",King Bed and 1 Double Sofa Bed,King,Suite,7.0,15242.0,2059.0,17301.0,"452 sq ft, Sleeps 2, 1 King Bed and 1 Double Sofa Bed, Reserve now, pay later, Free wired internet, Golf view",https://www.expedia.co.in/Stevens-Point-Hotels-Comfort-Suites-At-Par-4-Resort.h1085058.Hotel-Information?chkin=2025-11-03&chkout=2025-11-04&x_pwa=1&rfrr=HSR&useRewards=true&rm1=a2&selected=EXPEDIA_3&sort=RECOMMENDED&pwa_ts=1762085881027&top_cur=USD
EXPEDIA_3,Expedia.com,Comfort Suites at Par 4 Resort,2025-11-04,2025-11-05,"Suite, 2 Queen Beds, Non Smoking",Queen Beds,Queen,Suite,,12974.0,1751.0,14725.0,"452 sq ft, Sleeps 6, 2 Queen Beds, Reserve now, pay later, Free wired internet, Golf view",https://www.expedia.co.in/Stevens-Point-Hotels-Comfort-Suites-At-Par-4-Resort.h1085058.Hotel-Information?chkin=2025-11-04&chkout=2025-11-05&x_pwa=1&rfrr=HSR&useRewards=true&rm1=a2&selected=EXPEDIA_3&sort=RECOMMENDED&pwa_ts=1762085924974&top_cur=USD
EXPEDIA_3,Expedia.com,Comfort Suites at Par 4 Resort,2025-11-04,2025-11-05,"Suite, Multiple Beds, Accessible, Non Smoking",Queen Beds and 1 Double Sofa Bed,Queen,Suite,1.0,12974.0,1751.0,14725.0,"Sleeps 6, 2 Queen Beds and 1 Double Sofa Bed, Reserve now, pay later, Free wired internet, Golf view",https://www.expedia.co.in/Stevens-Point-Hotels-Comfort-Suites-At-Par-4-Resort.h1085058.Hotel-Information?chkin=2025-11-04&chkout=2025-11-05&x_pwa=1&rfrr=HSR&useRewards=true&rm1=a2&selected=EXPEDIA_3&sort=RECOMMENDED&pwa_ts=1762085924974&top_cur=USD
EXPEDIA_3,Expedia.com,Comfort Suites at Par 4 Resort,2025-11-04,2025-11-05,"Suite, 1 King Bed, Accessible, Non Smoking",King Bed,King,Suite,4.0,14749.0,1991.0,16740.0,"452 sq ft, Sleeps 4, 1 King Bed, Reserve now, pay later, Free wired internet, Golf view",https://www.expedia.co.in/Stevens-Point-Hotels-Comfort-Suites-At-Par-4-Resort.h1085058.Hotel-Information?chkin=2025-11-04&chkout=2025-11-05&x_pwa=1&rfrr=HSR&useRewards=true&rm1=a2&selected=EXPEDIA_3&sort=RECOMMENDED&pwa_ts=1762085924974&top_cur=USD
EXPEDIA_3,Expedia.com,Comfort Suites at Par 4 Resort,2025-11-04,2025-11-05,"Suite, Non Smoking",King Bed OR 1 Double Sofa Bed,King,Suite,5.0,14749.0,1991.0,16740.0,"450 sq ft, Sleeps 4, 1 King Bed OR 1 Double Sofa Bed, Reserve now, pay later, Free wired internet, Golf view",https://www.expedia.co.in/Stevens-Point-Hotels-Comfort-Suites-At-Par-4-Resort.h1085058.Hotel-Information?chkin=2025-11-04&chkout=2025-11-05&x_pwa=1&rfrr=HSR&useRewards=true&rm1=a2&selected=EXPEDIA_3&sort=RECOMMENDED&pwa_ts=1762085924974&top_cur=USD
EXPEDIA_3,Expedia.com,Comfort Suites at Par 4 Resort,2025-11-04,2025-11-05,"Suite, 1 King Bed with Sofa bed, Non Smoking",King Bed and 1 Double Sofa Bed,King,Suite,7.0,15637.0,2111.0,17748.0,"452 sq ft, Sleeps 2, 1 King Bed and 1 Double Sofa Bed, Reserve now, pay later, Free wired internet, Golf view",https://www.expedia.co.in/Stevens-Point-Hotels-Comfort-Suites-At-Par-4-Resort.h1085058.Hotel-Information?chkin=2025-11-04&chkout=2025-11-05&x_pwa=1&rfrr=HSR&useRewards=true&rm1=a2&selected=EXPEDIA_3&sort=RECOMMENDED&pwa_ts=1762085924974&top_cur=USD
EXPEDIA_3,Expedia.com,Comfort Suites at Par 4 Resort,2025-11-04,2025-11-05,"Suite, 1 King Bed with Sofa bed, Non Smoking, Hot Tub",King Bed and 1 Double Sofa Bed,King,Suite,7.0,15637.0,2111.0,17748.0,"452 sq ft, Sleeps 2, 1 King Bed and 1 Double Sofa Bed, Reserve now, pay later, Free wired internet, Golf view",https://www.expedia.co.in/Stevens-Point-Hotels-Comfort-Suites-At-Par-4-Resort.h1085058.Hotel-Information?chkin=2025-11-04&chkout=2025-11-05&x_pwa=1&rfrr=HSR&useRewards=true&rm1=a2&selected=EXPEDIA_3&sort=RECOMMENDED&pwa_ts=1762085924974&top_cur=USD
EXPEDIA_3,Expedia.com,Comfort Suites at Par 4 Resort,2025-11-05,2025-11-06,"Suite, 2 Queen Beds, Non Smoking",Queen Beds,Queen,Suite,,11329.0,1529.0,12858.0,"452 sq ft, Sleeps 6, 2 Queen Beds, Free wired internet, Golf view",https://www.expedia.co.in/Stevens-Point-Hotels-Comfort-Suites-At-Par-4-Resort.h1085058.Hotel-Information?chkin=2025-11-05&chkout=2025-11-06&x_pwa=1&rfrr=HSR&useRewards=true&rm1=a2&selected=EXPEDIA_3&sort=RECOMMENDED&pwa_ts=1762085969785&top_cur=USD
EXPEDIA_3,Expedia.com,Comfort Suites at Par 4 Resort,2025-11-05,2025-11-06,"Suite, 1 King Bed, Accessible, Non Smoking",King Bed,King,Suite,3.0,12927.0,1745.0,14672.0,"452 sq ft, Sleeps 4, 1 King Bed, Free wired internet, Golf view",https://www.expedia.co.in/Stevens-Point-Hotels-Comfort-Suites-At-Par-4-Resort.h1085058.Hotel-Information?chkin=2025-11-05&chkout=2025-11-06&x_pwa=1&rfrr=HSR&useRewards=true&rm1=a2&selected=EXPEDIA_3&sort=RECOMMENDED&pwa_ts=1762085969785&top_cur=USD
EXPEDIA_3,Expedia.com,Comfort Suites at Par 4 Resort,2025-11-05,2025-11-06,"Suite, Multiple Beds, Accessible, Non Smoking",Queen Beds and 1 Double Sofa Bed,Queen,Suite,1.0,11329.0,1529.0,12858.0,"Sleeps 6, 2 Queen Beds and 1 Double Sofa Bed, Free wired internet, Golf view",https://www.expedia.co.in/Stevens-Point-Hotels-Comfort-Suites-At-Par-4-Resort.h1085058.Hotel-Information?chkin=2025-11-05&chkout=2025-11-06&x_pwa=1&rfrr=HSR&useRewards=true&rm1=a2&selected=EXPEDIA_3&sort=RECOMMENDED&pwa_ts=1762085969785&top_cur=USD
EXPEDIA_3,Expedia.com,Comfort Suites at Par 4 Resort,2025-11-05,2025-11-06,"Suite, Non Smoking",King Bed OR 1 Double Sofa Bed,King,Suite,8.0,12927.0,1745.0,14672.0,"450 sq ft, Sleeps 4, 1 King Bed OR 1 Double Sofa Bed, Free wired internet, Golf view",https://www.expedia.co.in/Stevens-Point-Hotels-Comfort-Suites-At-Par-4-Resort.h1085058.Hotel-Information?chkin=2025-11-05&chkout=2025-11-06&x_pwa=1&rfrr=HSR&useRewards=true&rm1=a2&selected=EXPEDIA_3&sort=RECOMMENDED&pwa_ts=1762085969785&top_cur=USD
EXPEDIA_3,Expedia.com,Comfort Suites at Par 4 Resort,2025-11-05,2025-11-06,"2 Queen Beds, Suite, Nonsmoking, Accessible",N/A,Other,Suite,1.0,12153.0,1641.0,13794.0,"430 sq ft, Breakfast included, Free wired internet",https://www.expedia.co.in/Stevens-Point-Hotels-Comfort-Suites-At-Par-4-Resort.h1085058.Hotel-Information?chkin=2025-11-05&chkout=2025-11-06&x_pwa=1&rfrr=HSR&useRewards=true&rm1=a2&selected=EXPEDIA_3&sort=RECOMMENDED&pwa_ts=1762085969785&top_cur=USD
EXPEDIA_3,Expedia.com,Comfort Suites at Par 4 Resort,2025-11-05,2025-11-06,"Suite, 1 King Bed with Sofa bed, Non Smoking",King Bed and 1 Double Sofa Bed,King,Suite,7.0,13726.0,1853.0,15579.0,"452 sq ft, Sleeps 2, 1 King Bed and 1 Double Sofa Bed, Free wired internet, Golf view",https://www.expedia.co.in/Stevens-Point-Hotels-Comfort-Suites-At-Par-4-Resort.h1085058.Hotel-Information?chkin=2025-11-05&chkout=2025-11-06&x_pwa=1&rfrr=HSR&useRewards=true&rm1=a2&selected=EXPEDIA_3&sort=RECOMMENDED&pwa_ts=1762085969785&top_cur=USD
EXPEDIA_3,Expedia.com,Comfort Suites at Par 4 Resort,2025-11-05,2025-11-06,"Suite, 1 King Bed with Sofa bed, Non Smoking, Hot Tub",King Bed and 1 Double Sofa Bed,King,Suite,6.0,13726.0,1853.0,15579.0,"452 sq ft, Sleeps 2, 1 King Bed and 1 Double Sofa Bed, Free wired internet, Golf view",https://www.expedia.co.in/Stevens-Point-Hotels-Comfort-Suites-At-Par-4-Resort.h1085058.Hotel-Information?chkin=2025-11-05&chkout=2025-11-06&x_pwa=1&rfrr=HSR&useRewards=true&rm1=a2&selected=EXPEDIA_3&sort=RECOMMENDED&pwa_ts=1762085969785&top_cur=USD
EXPEDIA_3,Expedia.com,Comfort Suites at Par 4 Resort,2025-11-06,2025-11-07,"Suite, 2 Queen Beds, Non Smoking",Queen Beds,Queen,Suite,,10479.0,1414.0,11893.0,"452 sq ft, Sleeps 6, 2 Queen Beds, Free wired internet, Golf view",https://www.expedia.co.in/Stevens-Point-Hotels-Comfort-Suites-At-Par-4-Resort.h1085058.Hotel-Information?chkin=2025-11-06&chkout=2025-11-07&x_pwa=1&rfrr=HSR&useRewards=true&rm1=a2&selected=EXPEDIA_3&sort=RECOMMENDED&pwa_ts=1762086014925&top_cur=USD
EXPEDIA_3,Expedia.com,Comfort Suites at Par 4 Resort,2025-11-06,2025-11-07,"Suite, 1 King Bed, Accessible, Non Smoking",King Bed,King,Suite,3.0,12076.0,1631.0,13707.0,"452 sq ft, Sleeps 4, 1 King Bed, Free wired internet, Golf view",https://www.expedia.co.in/Stevens-Point-Hotels-Comfort-Suites-At-Par-4-Resort.h1085058.Hotel-Information?chkin=2025-11-06&chkout=2025-11-07&x_pwa=1&rfrr=HSR&useRewards=true&rm1=a2&selected=EXPEDIA_3&sort=RECOMMENDED&pwa_ts=1762086014925&top_cur=USD
EXPEDIA_3,Expedia.com,Comfort Suites at Par 4 Resort,2025-11-06,2025-11-07,"2 Queen Beds, Suite, Nonsmoking, Accessible",N/A,Other,Suite,1.0,11240.0,1517.0,12757.0,"430 sq ft, Breakfast included, Free wired internet",https://www.expedia.co.in/Stevens-Point-Hotels-Comfort-Suites-At-Par-4-Resort.h1085058.Hotel-Information?chkin=2025-11-06&chkout=2025-11-07&x_pwa=1&rfrr=HSR&useRewards=true&rm1=a2&selected=EXPEDIA_3&sort=RECOMMENDED&pwa_ts=1762086014925&top_cur=USD
EXPEDIA_3,Expedia.com,Comfort Suites at Par 4 Resort,2025-11-06,2025-11-07,"Suite, Multiple Beds, Accessible, Non Smoking",Queen Beds and 1 Double Sofa Bed,Queen,Suite,1.0,10479.0,1414.0,11893.0,"Sleeps 6, 2 Queen Beds and 1 Double Sofa Bed, Free wired internet, Golf view",https://www.expedia.co.in/Stevens-Point-Hotels-Comfort-Suites-At-Par-4-Resort.h1085058.Hotel-Information?chkin=2025-11-06&chkout=2025-11-07&x_pwa=1&rfrr=HSR&useRewards=true&rm1=a2&selected=EXPEDIA_3&sort=RECOMMENDED&pwa_ts=1762086014925&top_cur=USD
EXPEDIA_3,Expedia.com,Comfort Suites at Par 4 Resort,2025-11-06,2025-11-07,"Suite, Non Smoking",King Bed OR 1 Double Sofa Bed,King,Suite,,12076.0,1631.0,13707.0,"450 sq ft, Sleeps 4, 1 King Bed OR 1 Double Sofa Bed, Free wired internet, Golf view",https://www.expedia.co.in/Stevens-Point-Hotels-Comfort-Suites-At-Par-4-Resort.h1085058.Hotel-Information?chkin=2025-11-06&chkout=2025-11-07&x_pwa=1&rfrr=HSR&useRewards=true&rm1=a2&selected=EXPEDIA_3&sort=RECOMMENDED&pwa_ts=1762086014925&top_cur=USD
EXPEDIA_3,Expedia.com,Comfort Suites at Par 4 Resort,2025-11-06,2025-11-07,"Suite, 1 King Bed with Sofa bed, Non Smoking",King Bed and 1 Double Sofa Bed,King,Suite,7.0,12875.0,1739.0,14614.0,"452 sq ft, Sleeps 2, 1 King Bed and 1 Double Sofa Bed, Free wired internet, Golf view",https://www.expedia.co.in/Stevens-Point-Hotels-Comfort-Suites-At-Par-4-Resort.h1085058.Hotel-Information?chkin=2025-11-06&chkout=2025-11-07&x_pwa=1&rfrr=HSR&useRewards=true&rm1=a2&selected=EXPEDIA_3&sort=RECOMMENDED&pwa_ts=1762086014925&top_cur=USD
EXPEDIA_3,Expedia.com,Comfort Suites at Par 4 Resort,2025-11-06,2025-11-07,"Suite, 1 King Bed with Sofa bed, Non Smoking, Hot Tub",King Bed and 1 Double Sofa Bed,King,Suite,6.0,12875.0,1739.0,14614.0,"452 sq ft, Sleeps 2, 1 King Bed and 1 Double Sofa Bed, Free wired internet, Golf view",https://www.expedia.co.in/Stevens-Point-Hotels-Comfort-Suites-At-Par-4-Resort.h1085058.Hotel-Information?chkin=2025-11-06&chkout=2025-11-07&x_pwa=1&rfrr=HSR&useRewards=true&rm1=a2&selected=EXPEDIA_3&sort=RECOMMENDED&pwa_ts=1762086014925&top_cur=USD
EXPEDIA_3,Expedia.com,Comfort Suites at Par 4 Resort,2025-11-07,2025-11-08,"Suite, 2 Queen Beds, Non Smoking",Queen Beds,Queen,Suite,,12995.0,1755.0,14750.0,"452 sq ft, Sleeps 6, 2 Queen Beds, Free wired internet, Golf view",https://www.expedia.co.in/Stevens-Point-Hotels-Comfort-Suites-At-Par-4-Resort.h1085058.Hotel-Information?chkin=2025-11-07&chkout=2025-11-08&x_pwa=1&rfrr=HSR&useRewards=true&rm1=a2&selected=EXPEDIA_3&sort=RECOMMENDED&pwa_ts=1762086060156&top_cur=USD
EXPEDIA_3,Expedia.com,Comfort Suites at Par 4 Resort,2025-11-07,2025-11-08,"Suite, 1 King Bed, Accessible, Non Smoking",King Bed,King,Suite,4.0,13155.0,1776.0,14931.0,"452 sq ft, Sleeps 4, 1 King Bed, Free wired internet, Golf view",https://www.expedia.co.in/Stevens-Point-Hotels-Comfort-Suites-At-Par-4-Resort.h1085058.Hotel-Information?chkin=2025-11-07&chkout=2025-11-08&x_pwa=1&rfrr=HSR&useRewards=true&rm1=a2&selected=EXPEDIA_3&sort=RECOMMENDED&pwa_ts=1762086060156&top_cur=USD
EXPEDIA_3,Expedia.com,Comfort Suites at Par 4 Resort,2025-11-07,2025-11-08,"Suite, 1 King Bed with Sofa bed, Non Smoking, Hot Tub",King Bed and 1 Double Sofa Bed,King,Suite,6.0,13794.0,1862.0,15656.0,"452 sq ft, Sleeps 2, 1 King Bed and 1 Double Sofa Bed, Free wired internet, Golf view",https://www.expedia.co.in/Stevens-Point-Hotels-Comfort-Suites-At-Par-4-Resort.h1085058.Hotel-Information?chkin=2025-11-07&chkout=2025-11-08&x_pwa=1&rfrr=HSR&useRewards=true&rm1=a2&selected=EXPEDIA_3&sort=RECOMMENDED&pwa_ts=1762086060156&top_cur=USD
EXPEDIA_3,Expedia.com,Comfort Suites at Par 4 Resort,2025-11-07,2025-11-08,"Suite, Non Smoking",King Bed OR 1 Double Sofa Bed,King,Suite,,13155.0,1776.0,14931.0,"450 sq ft, Sleeps 4, 1 King Bed OR 1 Double Sofa Bed, Free wired internet, Golf view",https://www.expedia.co.in/Stevens-Point-Hotels-Comfort-Suites-At-Par-4-Resort.h1085058.Hotel-Information?chkin=2025-11-07&chkout=2025-11-08&x_pwa=1&rfrr=HSR&useRewards=true&rm1=a2&selected=EXPEDIA_3&sort=RECOMMENDED&pwa_ts=1762086060156&top_cur=USD
EXPEDIA_3,Expedia.com,Comfort Suites at Par 4 Resort,2025-11-07,2025-11-08,"Suite, 1 King Bed with Sofa bed, Non Smoking",King Bed and 1 Double Sofa Bed,King,Suite,6.0,13794.0,1862.0,15656.0,"452 sq ft, Sleeps 2, 1 King Bed and 1 Double Sofa Bed, Free wired internet, Golf view",https://www.expedia.co.in/Stevens-Point-Hotels-Comfort-Suites-At-Par-4-Resort.h1085058.Hotel-Information?chkin=2025-11-07&chkout=2025-11-08&x_pwa=1&rfrr=HSR&useRewards=true&rm1=a2&selected=EXPEDIA_3&sort=RECOMMENDED&pwa_ts=1762086060156&top_cur=USD
EXPEDIA_3,Expedia.com,Comfort Suites at Par 4 Resort,2025-11-07,2025-11-08,"Suite, Multiple Beds, Accessible, Non Smoking",Queen Beds and 1 Double Sofa Bed,Queen,Suite,1.0,12995.0,1755.0,14750.0,"Sleeps 6, 2 Queen Beds and 1 Double Sofa Bed, Free wired internet, Golf view",https://www.expedia.co.in/Stevens-Point-Hotels-Comfort-Suites-At-Par-4-Resort.h1085058.Hotel-Information?chkin=2025-11-07&chkout=2025-11-08&x_pwa=1&rfrr=HSR&useRewards=true&rm1=a2&selected=EXPEDIA_3&sort=RECOMMENDED&pwa_ts=1762086060156&top_cur=USD
EXPEDIA_3,Expedia.com,Comfort Suites at Par 4 Resort,2025-11-08,2025-11-09,"Suite, 2 Queen Beds, Non Smoking",Queen Beds,Queen,Suite,,13278.0,1793.0,15071.0,"452 sq ft, Sleeps 6, 2 Queen Beds, Free wired internet, Golf view",https://www.expedia.co.in/Stevens-Point-Hotels-Comfort-Suites-At-Par-4-Resort.h1085058.Hotel-Information?chkin=2025-11-08&chkout=2025-11-09&x_pwa=1&rfrr=HSR&useRewards=true&rm1=a2&selected=EXPEDIA_3&sort=RECOMMENDED&pwa_ts=1762086105421&top_cur=USD
EXPEDIA_3,Expedia.com,Comfort Suites at Par 4 Resort,2025-11-08,2025-11-09,"Suite, 1 King Bed, Accessible, Non Smoking",King Bed,King,Suite,4.0,13438.0,1814.0,15252.0,"452 sq ft, Sleeps 4, 1 King Bed, Free wired internet, Golf view",https://www.expedia.co.in/Stevens-Point-Hotels-Comfort-Suites-At-Par-4-Resort.h1085058.Hotel-Information?chkin=2025-11-08&chkout=2025-11-09&x_pwa=1&rfrr=HSR&useRewards=true&rm1=a2&selected=EXPEDIA_3&sort=RECOMMENDED&pwa_ts=1762086105421&top_cur=USD
EXPEDIA_3,Expedia.com,Comfort Suites at Par 4 Resort,2025-11-08,2025-11-09,"Suite, 1 King Bed with Sofa bed, Non Smoking, Hot Tub",King Bed and 1 Double Sofa Bed,King,Suite,2.0,14077.0,1901.0,15978.0,"452 sq ft, Sleeps 2, 1 King Bed and 1 Double Sofa Bed, Free wired internet, Golf view",https://www.expedia.co.in/Stevens-Point-Hotels-Comfort-Suites-At-Par-4-Resort.h1085058.Hotel-Information?chkin=2025-11-08&chkout=2025-11-09&x_pwa=1&rfrr=HSR&useRewards=true&rm1=a2&selected=EXPEDIA_3&sort=RECOMMENDED&pwa_ts=1762086105421&top_cur=USD
EXPEDIA_3,Expedia.com,Comfort Suites at Par 4 Resort,2025-11-08,2025-11-09,"Suite, Non Smoking",King Bed OR 1 Double Sofa Bed,King,Suite,,13438.0,1814.0,15252.0,"450 sq ft, Sleeps 4, 1 King Bed OR 1 Double Sofa Bed, Free wired internet, Golf view",https://www.expedia.co.in/Stevens-Point-Hotels-Comfort-Suites-At-Par-4-Resort.h1085058.Hotel-Information?chkin=2025-11-08&chkout=2025-11-09&x_pwa=1&rfrr=HSR&useRewards=true&rm1=a2&selected=EXPEDIA_3&sort=RECOMMENDED&pwa_ts=1762086105421&top_cur=USD
EXPEDIA_3,Expedia.com,Comfort Suites at Par 4 Resort,2025-11-08,2025-11-09,"Suite, 1 King Bed with Sofa bed, Non Smoking",King Bed and 1 Double Sofa Bed,King,Suite,6.0,14077.0,1901.0,15978.0,"452 sq ft, Sleeps 2, 1 King Bed and 1 Double Sofa Bed, Free wired internet, Golf view",https://www.expedia.co.in/Stevens-Point-Hotels-Comfort-Suites-At-Par-4-Resort.h1085058.Hotel-Information?chkin=2025-11-08&chkout=2025-11-09&x_pwa=1&rfrr=HSR&useRewards=true&rm1=a2&selected=EXPEDIA_3&sort=RECOMMENDED&pwa_ts=1762086105421&top_cur=USD
EXPEDIA_3,Expedia.com,Comfort Suites at Par 4 Resort,2025-11-08,2025-11-09,"Suite, Multiple Beds, Accessible, Non Smoking",Queen Beds and 1 Double Sofa Bed,Queen,Suite,1.0,13278.0,1793.0,15071.0,"Sleeps 6, 2 Queen Beds and 1 Double Sofa Bed, Free wired internet, Golf view",https://www.expedia.co.in/Stevens-Point-Hotels-Comfort-Suites-At-Par-4-Resort.h1085058.Hotel-Information?chkin=2025-11-08&chkout=2025-11-09&x_pwa=1&rfrr=HSR&useRewards=true&rm1=a2&selected=EXPEDIA_3&sort=RECOMMENDED&pwa_ts=1762086105421&top_cur=USD
EXPEDIA_3,Expedia.com,Comfort Suites at Par 4 Resort,2025-11-09,2025-11-10,"Suite, 2 Queen Beds, Non Smoking",Queen Beds,Queen,Suite,,11279.0,1523.0,12802.0,"452 sq ft, Sleeps 6, 2 Queen Beds, Free wired internet, Golf view",https://www.expedia.co.in/Stevens-Point-Hotels-Comfort-Suites-At-Par-4-Resort.h1085058.Hotel-Information?chkin=2025-11-09&chkout=2025-11-10&x_pwa=1&rfrr=HSR&useRewards=true&rm1=a2&selected=EXPEDIA_3&sort=RECOMMENDED&pwa_ts=1762086150390&top_cur=USD
EXPEDIA_3,Expedia.com,Comfort Suites at Par 4 Resort,2025-11-09,2025-11-10,"Suite, 1 King Bed, Accessible, Non Smoking",King Bed,King,Suite,3.0,12788.0,1727.0,14515.0,"452 sq ft, Sleeps 4, 1 King Bed, Free wired internet, Golf view",https://www.expedia.co.in/Stevens-Point-Hotels-Comfort-Suites-At-Par-4-Resort.h1085058.Hotel-Information?chkin=2025-11-09&chkout=2025-11-10&x_pwa=1&rfrr=HSR&useRewards=true&rm1=a2&selected=EXPEDIA_3&sort=RECOMMENDED&pwa_ts=1762086150390&top_cur=USD
EXPEDIA_3,Expedia.com,Comfort Suites at Par 4 Resort,2025-11-09,2025-11-10,"Suite, Non Smoking",King Bed OR 1 Double Sofa Bed,King,Suite,8.0,12788.0,1727.0,14515.0,"450 sq ft, Sleeps 4, 1 King Bed OR 1 Double Sofa Bed, Free wired internet, Golf view",https://www.expedia.co.in/Stevens-Point-Hotels-Comfort-Suites-At-Par-4-Resort.h1085058.Hotel-Information?chkin=2025-11-09&chkout=2025-11-10&x_pwa=1&rfrr=HSR&useRewards=true&rm1=a2&selected=EXPEDIA_3&sort=RECOMMENDED&pwa_ts=1762086150390&top_cur=USD
EXPEDIA_3,Expedia.com,Comfort Suites at Par 4 Resort,2025-11-09,2025-11-10,"Suite, Multiple Beds, Accessible, Non Smoking",Queen Beds and 1 Double Sofa Bed,Queen,Suite,1.0,11279.0,1523.0,12802.0,"Sleeps 6, 2 Queen Beds and 1 Double Sofa Bed, Free wired internet, Golf view",https://www.expedia.co.in/Stevens-Point-Hotels-Comfort-Suites-At-Par-4-Resort.h1085058.Hotel-Information?chkin=2025-11-09&chkout=2025-11-10&x_pwa=1&rfrr=HSR&useRewards=true&rm1=a2&selected=EXPEDIA_3&sort=RECOMMENDED&pwa_ts=1762086150390&top_cur=USD
EXPEDIA_3,Expedia.com,Comfort Suites at Par 4 Resort,2025-11-09,2025-11-10,"Suite, 1 King Bed with Sofa bed, Non Smoking, Hot Tub",King Bed and 1 Double Sofa Bed,King,Suite,4.0,13543.0,1828.0,15371.0,"452 sq ft, Sleeps 2, 1 King Bed and 1 Double Sofa Bed, Free wired internet, Golf view",https://www.expedia.co.in/Stevens-Point-Hotels-Comfort-Suites-At-Par-4-Resort.h1085058.Hotel-Information?chkin=2025-11-09&chkout=2025-11-10&x_pwa=1&rfrr=HSR&useRewards=true&rm1=a2&selected=EXPEDIA_3&sort=RECOMMENDED&pwa_ts=1762086150390&top_cur=USD
EXPEDIA_3,Expedia.com,Comfort Suites at Par 4 Resort,2025-11-09,2025-11-10,"Suite, 1 King Bed with Sofa bed, Non Smoking",King Bed and 1 Double Sofa Bed,King,Suite,6.0,13543.0,1828.0,15371.0,"452 sq ft, Sleeps 2, 1 King Bed and 1 Double Sofa Bed, Free wired internet, Golf view",https://www.expedia.co.in/Stevens-Point-Hotels-Comfort-Suites-At-Par-4-Resort.h1085058.Hotel-Information?chkin=2025-11-09&chkout=2025-11-10&x_pwa=1&rfrr=HSR&useRewards=true&rm1=a2&selected=EXPEDIA_3&sort=RECOMMENDED&pwa_ts=1762086150390&top_cur=USD
EXPEDIA_3,Expedia.com,Comfort Suites at Par 4 Resort,2025-11-10,2025-11-11,"Suite, 2 Queen Beds, Non Smoking",Queen Beds,Queen,Suite,,11734.0,1584.0,13318.0,"452 sq ft, Sleeps 6, 2 Queen Beds, Free wired internet, Golf view",https://www.expedia.co.in/Stevens-Point-Hotels-Comfort-Suites-At-Par-4-Resort.h1085058.Hotel-Information?chkin=2025-11-10&chkout=2025-11-11&x_pwa=1&rfrr=HSR&useRewards=true&rm1=a2&selected=EXPEDIA_3&sort=RECOMMENDED&pwa_ts=1762086194030&top_cur=USD
EXPEDIA_3,Expedia.com,Comfort Suites at Par 4 Resort,2025-11-10,2025-11-11,"Suite, 1 King Bed, Accessible, Non Smoking",King Bed,King,Suite,3.0,13243.0,1788.0,15031.0,"452 sq ft, Sleeps 4, 1 King Bed, Free wired internet, Golf view",https://www.expedia.co.in/Stevens-Point-Hotels-Comfort-Suites-At-Par-4-Resort.h1085058.Hotel-Information?chkin=2025-11-10&chkout=2025-11-11&x_pwa=1&rfrr=HSR&useRewards=true&rm1=a2&selected=EXPEDIA_3&sort=RECOMMENDED&pwa_ts=1762086194030&top_cur=USD
EXPEDIA_3,Expedia.com,Comfort Suites at Par 4 Resort,2025-11-10,2025-11-11,"Suite, Non Smoking",King Bed OR 1 Double Sofa Bed,King,Suite,6.0,13243.0,1788.0,15031.0,"450 sq ft, Sleeps 4, 1 King Bed OR 1 Double Sofa Bed, Free wired internet, Golf view",https://www.expedia.co.in/Stevens-Point-Hotels-Comfort-Suites-At-Par-4-Resort.h1085058.Hotel-Information?chkin=2025-11-10&chkout=2025-11-11&x_pwa=1&rfrr=HSR&useRewards=true&rm1=a2&selected=EXPEDIA_3&sort=RECOMMENDED&pwa_ts=1762086194030&top_cur=USD
EXPEDIA_3,Expedia.com,Comfort Suites at Par 4 Resort,2025-11-10,2025-11-11,"Suite, Multiple Beds, Accessible, Non Smoking",Queen Beds and 1 Double Sofa Bed,Queen,Suite,1.0,11734.0,1584.0,13318.0,"Sleeps 6, 2 Queen Beds and 1 Double Sofa Bed, Free wired internet, Golf view",https://www.expedia.co.in/Stevens-Point-Hotels-Comfort-Suites-At-Par-4-Resort.h1085058.Hotel-Information?chkin=2025-11-10&chkout=2025-11-11&x_pwa=1&rfrr=HSR&useRewards=true&rm1=a2&selected=EXPEDIA_3&sort=RECOMMENDED&pwa_ts=1762086194030&top_cur=USD
EXPEDIA_3,Expedia.com,Comfort Suites at Par 4 Resort,2025-11-10,2025-11-11,"Suite, 1 King Bed with Sofa bed, Non Smoking, Hot Tub",King Bed and 1 Double Sofa Bed,King,Suite,5.0,13997.0,1890.0,15887.0,"452 sq ft, Sleeps 2, 1 King Bed and 1 Double Sofa Bed, Free wired internet, Golf view",https://www.expedia.co.in/Stevens-Point-Hotels-Comfort-Suites-At-Par-4-Resort.h1085058.Hotel-Information?chkin=2025-11-10&chkout=2025-11-11&x_pwa=1&rfrr=HSR&useRewards=true&rm1=a2&selected=EXPEDIA_3&sort=RECOMMENDED&pwa_ts=1762086194030&top_cur=USD
EXPEDIA_3,Expedia.com,Comfort Suites at Par 4 Resort,2025-11-10,2025-11-11,"Suite, 1 King Bed with Sofa bed, Non Smoking",King Bed and 1 Double Sofa Bed,King,Suite,6.0,13997.0,1890.0,15887.0,"452 sq ft, Sleeps 2, 1 King Bed and 1 Double Sofa Bed, Free wired internet, Golf view",https://www.expedia.co.in/Stevens-Point-Hotels-Comfort-Suites-At-Par-4-Resort.h1085058.Hotel-Information?chkin=2025-11-10&chkout=2025-11-11&x_pwa=1&rfrr=HSR&useRewards=true&rm1=a2&selected=EXPEDIA_3&sort=RECOMMENDED&pwa_ts=1762086194030&top_cur=USD
EXPEDIA_3,Expedia.com,Comfort Suites at Par 4 Resort,2025-11-11,2025-11-12,"Suite, 2 Queen Beds, Non Smoking",Queen Beds,Queen,Suite,,11657.0,1573.0,13230.0,"452 sq ft, Sleeps 6, 2 Queen Beds, Free wired internet, Golf view",https://www.expedia.co.in/Stevens-Point-Hotels-Comfort-Suites-At-Par-4-Resort.h1085058.Hotel-Information?chkin=2025-11-11&chkout=2025-11-12&x_pwa=1&rfrr=HSR&useRewards=true&rm1=a2&selected=EXPEDIA_3&sort=RECOMMENDED&pwa_ts=1762086239545&top_cur=USD
EXPEDIA_3,Expedia.com,Comfort Suites at Par 4 Resort,2025-11-11,2025-11-12,"Suite, 1 King Bed, Accessible, Non Smoking",King Bed,King,Suite,2.0,13166.0,1777.0,14943.0,"452 sq ft, Sleeps 4, 1 King Bed, Free wired internet, Golf view",https://www.expedia.co.in/Stevens-Point-Hotels-Comfort-Suites-At-Par-4-Resort.h1085058.Hotel-Information?chkin=2025-11-11&chkout=2025-11-12&x_pwa=1&rfrr=HSR&useRewards=true&rm1=a2&selected=EXPEDIA_3&sort=RECOMMENDED&pwa_ts=1762086239545&top_cur=USD
EXPEDIA_3,Expedia.com,Comfort Suites at Par 4 Resort,2025-11-11,2025-11-12,"Suite, Non Smoking",King Bed OR 1 Double Sofa Bed,King,Suite,6.0,13166.0,1777.0,14943.0,"450 sq ft, Sleeps 4, 1 King Bed OR 1 Double Sofa Bed, Free wired internet, Golf view",https://www.expedia.co.in/Stevens-Point-Hotels-Comfort-Suites-At-Par-4-Resort.h1085058.Hotel-Information?chkin=2025-11-11&chkout=2025-11-12&x_pwa=1&rfrr=HSR&useRewards=true&rm1=a2&selected=EXPEDIA_3&sort=RECOMMENDED&pwa_ts=1762086239545&top_cur=USD
EXPEDIA_3,Expedia.com,Comfort Suites at Par 4 Resort,2025-11-11,2025-11-12,"Suite, Multiple Beds, Accessible, Non Smoking",Queen Beds and 1 Double Sofa Bed,Queen,Suite,1.0,11657.0,1573.0,13230.0,"Sleeps 6, 2 Queen Beds and 1 Double Sofa Bed, Free wired internet, Golf view",https://www.expedia.co.in/Stevens-Point-Hotels-Comfort-Suites-At-Par-4-Resort.h1085058.Hotel-Information?chkin=2025-11-11&chkout=2025-11-12&x_pwa=1&rfrr=HSR&useRewards=true&rm1=a2&selected=EXPEDIA_3&sort=RECOMMENDED&pwa_ts=1762086239545&top_cur=USD
EXPEDIA_3,Expedia.com,Comfort Suites at Par 4 Resort,2025-11-11,2025-11-12,"Suite, 1 King Bed with Sofa bed, Non Smoking, Hot Tub",King Bed and 1 Double Sofa Bed,King,Suite,5.0,13920.0,1879.0,15799.0,"452 sq ft, Sleeps 2, 1 King Bed and 1 Double Sofa Bed, Free wired internet, Golf view",https://www.expedia.co.in/Stevens-Point-Hotels-Comfort-Suites-At-Par-4-Resort.h1085058.Hotel-Information?chkin=2025-11-11&chkout=2025-11-12&x_pwa=1&rfrr=HSR&useRewards=true&rm1=a2&selected=EXPEDIA_3&sort=RECOMMENDED&pwa_ts=1762086239545&top_cur=USD
EXPEDIA_3,Expedia.com,Comfort Suites at Par 4 Resort,2025-11-11,2025-11-12,"Suite, 1 King Bed with Sofa bed, Non Smoking",King Bed and 1 Double Sofa Bed,King,Suite,6.0,13920.0,1879.0,15799.0,"452 sq ft, Sleeps 2, 1 King Bed and 1 Double Sofa Bed, Free wired internet, Golf view",https://www.expedia.co.in/Stevens-Point-Hotels-Comfort-Suites-At-Par-4-Resort.h1085058.Hotel-Information?chkin=2025-11-11&chkout=2025-11-12&x_pwa=1&rfrr=HSR&useRewards=true&rm1=a2&selected=EXPEDIA_3&sort=RECOMMENDED&pwa_ts=1762086239545&top_cur=USD
EXPEDIA_3,Expedia.com,Comfort Suites at Par 4 Resort,2025-11-12,2025-11-13,"Suite, 2 Queen Beds, Non Smoking",Queen Beds,Queen,Suite,,11657.0,1573.0,13230.0,"452 sq ft, Sleeps 6, 2 Queen Beds, Free wired internet, Golf view",https://www.expedia.co.in/Stevens-Point-Hotels-Comfort-Suites-At-Par-4-Resort.h1085058.Hotel-Information?chkin=2025-11-12&chkout=2025-11-13&x_pwa=1&rfrr=HSR&useRewards=true&rm1=a2&selected=EXPEDIA_3&sort=RECOMMENDED&pwa_ts=1762086287182&top_cur=USD
EXPEDIA_3,Expedia.com,Comfort Suites at Par 4 Resort,2025-11-12,2025-11-13,"Suite, 1 King Bed, Accessible, Non Smoking",King Bed,King,Suite,3.0,13166.0,1777.0,14943.0,"452 sq ft, Sleeps 4, 1 King Bed, Free wired internet, Golf view",https://www.expedia.co.in/Stevens-Point-Hotels-Comfort-Suites-At-Par-4-Resort.h1085058.Hotel-Information?chkin=2025-11-12&chkout=2025-11-13&x_pwa=1&rfrr=HSR&useRewards=true&rm1=a2&selected=EXPEDIA_3&sort=RECOMMENDED&pwa_ts=1762086287182&top_cur=USD
EXPEDIA_3,Expedia.com,Comfort Suites at Par 4 Resort,2025-11-12,2025-11-13,"Suite, Non Smoking",King Bed OR 1 Double Sofa Bed,King,Suite,6.0,13166.0,1777.0,14943.0,"450 sq ft, Sleeps 4, 1 King Bed OR 1 Double Sofa Bed, Free wired internet, Golf view",https://www.expedia.co.in/Stevens-Point-Hotels-Comfort-Suites-At-Par-4-Resort.h1085058.Hotel-Information?chkin=2025-11-12&chkout=2025-11-13&x_pwa=1&rfrr=HSR&useRewards=true&rm1=a2&selected=EXPEDIA_3&sort=RECOMMENDED&pwa_ts=1762086287182&top_cur=USD
EXPEDIA_3,Expedia.com,Comfort Suites at Par 4 Resort,2025-11-12,2025-11-13,"Suite, Multiple Beds, Accessible, Non Smoking",Queen Beds and 1 Double Sofa Bed,Queen,Suite,1.0,11657.0,1573.0,13230.0,"Sleeps 6, 2 Queen Beds and 1 Double Sofa Bed, Free wired internet, Golf view",https://www.expedia.co.in/Stevens-Point-Hotels-Comfort-Suites-At-Par-4-Resort.h1085058.Hotel-Information?chkin=2025-11-12&chkout=2025-11-13&x_pwa=1&rfrr=HSR&useRewards=true&rm1=a2&selected=EXPEDIA_3&sort=RECOMMENDED&pwa_ts=1762086287182&top_cur=USD
EXPEDIA_3,Expedia.com,Comfort Suites at Par 4 Resort,2025-11-12,2025-11-13,"Suite, 1 King Bed with Sofa bed, Non Smoking, Hot Tub",King Bed and 1 Double Sofa Bed,King,Suite,5.0,13920.0,1879.0,15799.0,"452 sq ft, Sleeps 2, 1 King Bed and 1 Double Sofa Bed, Free wired internet, Golf view",https://www.expedia.co.in/Stevens-Point-Hotels-Comfort-Suites-At-Par-4-Resort.h1085058.Hotel-Information?chkin=2025-11-12&chkout=2025-11-13&x_pwa=1&rfrr=HSR&useRewards=true&rm1=a2&selected=EXPEDIA_3&sort=RECOMMENDED&pwa_ts=1762086287182&top_cur=USD
EXPEDIA_3,Expedia.com,Comfort Suites at Par 4 Resort,2025-11-12,2025-11-13,"Suite, 1 King Bed with Sofa bed, Non Smoking",King Bed and 1 Double Sofa Bed,King,Suite,6.0,13920.0,1879.0,15799.0,"452 sq ft, Sleeps 2, 1 King Bed and 1 Double Sofa Bed, Free wired internet, Golf view",https://www.expedia.co.in/Stevens-Point-Hotels-Comfort-Suites-At-Par-4-Resort.h1085058.Hotel-Information?chkin=2025-11-12&chkout=2025-11-13&x_pwa=1&rfrr=HSR&useRewards=true&rm1=a2&selected=EXPEDIA_3&sort=RECOMMENDED&pwa_ts=1762086287182&top_cur=USD
EXPEDIA_3,Expedia.com,Comfort Suites at Par 4 Resort,2025-11-13,2025-11-14,"Suite, 2 Queen Beds, Non Smoking",Queen Beds,Queen,Suite,,11204.0,1512.0,12716.0,"452 sq ft, Sleeps 6, 2 Queen Beds, Free wired internet, Golf view",https://www.expedia.co.in/Stevens-Point-Hotels-Comfort-Suites-At-Par-4-Resort.h1085058.Hotel-Information?chkin=2025-11-13&chkout=2025-11-14&x_pwa=1&rfrr=HSR&useRewards=true&rm1=a2&selected=EXPEDIA_3&sort=RECOMMENDED&pwa_ts=1762086331930&top_cur=USD
EXPEDIA_3,Expedia.com,Comfort Suites at Par 4 Resort,2025-11-13,2025-11-14,"Suite, 1 King Bed, Accessible, Non Smoking",King Bed,King,Suite,3.0,12713.0,1716.0,14429.0,"452 sq ft, Sleeps 4, 1 King Bed, Free wired internet, Golf view",https://www.expedia.co.in/Stevens-Point-Hotels-Comfort-Suites-At-Par-4-Resort.h1085058.Hotel-Information?chkin=2025-11-13&chkout=2025-11-14&x_pwa=1&rfrr=HSR&useRewards=true&rm1=a2&selected=EXPEDIA_3&sort=RECOMMENDED&pwa_ts=1762086331930&top_cur=USD
EXPEDIA_3,Expedia.com,Comfort Suites at Par 4 Resort,2025-11-13,2025-11-14,"Suite, Non Smoking",King Bed OR 1 Double Sofa Bed,King,Suite,,12713.0,1716.0,14429.0,"450 sq ft, Sleeps 4, 1 King Bed OR 1 Double Sofa Bed, Free wired internet, Golf view",https://www.expedia.co.in/Stevens-Point-Hotels-Comfort-Suites-At-Par-4-Resort.h1085058.Hotel-Information?chkin=2025-11-13&chkout=2025-11-14&x_pwa=1&rfrr=HSR&useRewards=true&rm1=a2&selected=EXPEDIA_3&sort=RECOMMENDED&pwa_ts=1762086331930&top_cur=USD
EXPEDIA_3,Expedia.com,Comfort Suites at Par 4 Resort,2025-11-13,2025-11-14,"Suite, Multiple Beds, Accessible, Non Smoking",Queen Beds and 1 Double Sofa Bed,Queen,Suite,1.0,11204.0,1512.0,12716.0,"Sleeps 6, 2 Queen Beds and 1 Double Sofa Bed, Free wired internet, Golf view",https://www.expedia.co.in/Stevens-Point-Hotels-Comfort-Suites-At-Par-4-Resort.h1085058.Hotel-Information?chkin=2025-11-13&chkout=2025-11-14&x_pwa=1&rfrr=HSR&useRewards=true&rm1=a2&selected=EXPEDIA_3&sort=RECOMMENDED&pwa_ts=1762086331930&top_cur=USD
EXPEDIA_3,Expedia.com,Comfort Suites at Par 4 Resort,2025-11-13,2025-11-14,"Suite, 1 King Bed with Sofa bed, Non Smoking, Hot Tub",King Bed and 1 Double Sofa Bed,King,Suite,5.0,13467.0,1819.0,15286.0,"452 sq ft, Sleeps 2, 1 King Bed and 1 Double Sofa Bed, Free wired internet, Golf view",https://www.expedia.co.in/Stevens-Point-Hotels-Comfort-Suites-At-Par-4-Resort.h1085058.Hotel-Information?chkin=2025-11-13&chkout=2025-11-14&x_pwa=1&rfrr=HSR&useRewards=true&rm1=a2&selected=EXPEDIA_3&sort=RECOMMENDED&pwa_ts=1762086331930&top_cur=USD
EXPEDIA_3,Expedia.com,Comfort Suites at Par 4 Resort,2025-11-13,2025-11-14,"Suite, 1 King Bed with Sofa bed, Non Smoking",King Bed and 1 Double Sofa Bed,King,Suite,6.0,13467.0,1819.0,15286.0,"452 sq ft, Sleeps 2, 1 King Bed and 1 Double Sofa Bed, Free wired internet, Golf view",https://www.expedia.co.in/Stevens-Point-Hotels-Comfort-Suites-At-Par-4-Resort.h1085058.Hotel-Information?chkin=2025-11-13&chkout=2025-11-14&x_pwa=1&rfrr=HSR&useRewards=true&rm1=a2&selected=EXPEDIA_3&sort=RECOMMENDED&pwa_ts=1762086331930&top_cur=USD
EXPEDIA_3,Expedia.com,Comfort Suites at Par 4 Resort,2025-11-14,2025-11-15,"Suite, 2 Queen Beds, Non Smoking",Queen Beds,Queen,Suite,,12526.0,1691.0,14217.0,"452 sq ft, Sleeps 6, 2 Queen Beds, Free wired internet, Golf view",https://www.expedia.co.in/Stevens-Point-Hotels-Comfort-Suites-At-Par-4-Resort.h1085058.Hotel-Information?chkin=2025-11-14&chkout=2025-11-15&x_pwa=1&rfrr=HSR&useRewards=true&rm1=a2&selected=EXPEDIA_3&sort=RECOMMENDED&pwa_ts=1762086378438&top_cur=USD
EXPEDIA_3,Expedia.com,Comfort Suites at Par 4 Resort,2025-11-14,2025-11-15,"Suite, 1 King Bed, Accessible, Non Smoking",King Bed,King,Suite,4.0,12677.0,1711.0,14388.0,"452 sq ft, Sleeps 4, 1 King Bed, Free wired internet, Golf view",https://www.expedia.co.in/Stevens-Point-Hotels-Comfort-Suites-At-Par-4-Resort.h1085058.Hotel-Information?chkin=2025-11-14&chkout=2025-11-15&x_pwa=1&rfrr=HSR&useRewards=true&rm1=a2&selected=EXPEDIA_3&sort=RECOMMENDED&pwa_ts=1762086378438&top_cur=USD
EXPEDIA_3,Expedia.com,Comfort Suites at Par 4 Resort,2025-11-14,2025-11-15,"Suite, 1 King Bed with Sofa bed, Non Smoking, Hot Tub",King Bed and 1 Double Sofa Bed,King,Suite,5.0,13280.0,1793.0,15073.0,"452 sq ft, Sleeps 2, 1 King Bed and 1 Double Sofa Bed, Free wired internet, Golf view",https://www.expedia.co.in/Stevens-Point-Hotels-Comfort-Suites-At-Par-4-Resort.h1085058.Hotel-Information?chkin=2025-11-14&chkout=2025-11-15&x_pwa=1&rfrr=HSR&useRewards=true&rm1=a2&selected=EXPEDIA_3&sort=RECOMMENDED&pwa_ts=1762086378438&top_cur=USD
EXPEDIA_3,Expedia.com,Comfort Suites at Par 4 Resort,2025-11-14,2025-11-15,"Suite, Non Smoking",King Bed OR 1 Double Sofa Bed,King,Suite,,12677.0,1711.0,14388.0,"450 sq ft, Sleeps 4, 1 King Bed OR 1 Double Sofa Bed, Free wired internet, Golf view",https://www.expedia.co.in/Stevens-Point-Hotels-Comfort-Suites-At-Par-4-Resort.h1085058.Hotel-Information?chkin=2025-11-14&chkout=2025-11-15&x_pwa=1&rfrr=HSR&useRewards=true&rm1=a2&selected=EXPEDIA_3&sort=RECOMMENDED&pwa_ts=1762086378438&top_cur=USD
EXPEDIA_3,Expedia.com,Comfort Suites at Par 4 Resort,2025-11-14,2025-11-15,"Suite, 1 King Bed with Sofa bed, Non Smoking",King Bed and 1 Double Sofa Bed,King,Suite,7.0,13280.0,1793.0,15073.0,"452 sq ft, Sleeps 2, 1 King Bed and 1 Double Sofa Bed, Free wired internet, Golf view",https://www.expedia.co.in/Stevens-Point-Hotels-Comfort-Suites-At-Par-4-Resort.h1085058.Hotel-Information?chkin=2025-11-14&chkout=2025-11-15&x_pwa=1&rfrr=HSR&useRewards=true&rm1=a2&selected=EXPEDIA_3&sort=RECOMMENDED&pwa_ts=1762086378438&top_cur=USD
EXPEDIA_3,Expedia.com,Comfort Suites at Par 4 Resort,2025-11-14,2025-11-15,"Suite, Multiple Beds, Accessible, Non Smoking",Queen Beds and 1 Double Sofa Bed,Queen,Suite,1.0,12526.0,1691.0,14217.0,"Sleeps 6, 2 Queen Beds and 1 Double Sofa Bed, Free wired internet, Golf view",https://www.expedia.co.in/Stevens-Point-Hotels-Comfort-Suites-At-Par-4-Resort.h1085058.Hotel-Information?chkin=2025-11-14&chkout=2025-11-15&x_pwa=1&rfrr=HSR&useRewards=true&rm1=a2&selected=EXPEDIA_3&sort=RECOMMENDED&pwa_ts=1762086378438&top_cur=USD
EXPEDIA_3,Expedia.com,Comfort Suites at Par 4 Resort,2025-11-15,2025-11-16,"Suite, 2 Queen Beds, Non Smoking",Queen Beds,Queen,Suite,,12534.0,1692.0,14226.0,"452 sq ft, Sleeps 6, 2 Queen Beds, Free wired internet, Golf view",https://www.expedia.co.in/Stevens-Point-Hotels-Comfort-Suites-At-Par-4-Resort.h1085058.Hotel-Information?chkin=2025-11-15&chkout=2025-11-16&x_pwa=1&rfrr=HSR&useRewards=true&rm1=a2&selected=EXPEDIA_3&sort=RECOMMENDED&pwa_ts=1762086425766&top_cur=USD
EXPEDIA_3,Expedia.com,Comfort Suites at Par 4 Resort,2025-11-15,2025-11-16,"Suite, 1 King Bed, Accessible, Non Smoking",King Bed,King,Suite,4.0,12685.0,1712.0,14397.0,"452 sq ft, Sleeps 4, 1 King Bed, Free wired internet, Golf view",https://www.expedia.co.in/Stevens-Point-Hotels-Comfort-Suites-At-Par-4-Resort.h1085058.Hotel-Information?chkin=2025-11-15&chkout=2025-11-16&x_pwa=1&rfrr=HSR&useRewards=true&rm1=a2&selected=EXPEDIA_3&sort=RECOMMENDED&pwa_ts=1762086425766&top_cur=USD
EXPEDIA_3,Expedia.com,Comfort Suites at Par 4 Resort,2025-11-15,2025-11-16,"Suite, 1 King Bed with Sofa bed, Non Smoking, Hot Tub",King Bed and 1 Double Sofa Bed,King,Suite,6.0,13288.0,1794.0,15082.0,"452 sq ft, Sleeps 2, 1 King Bed and 1 Double Sofa Bed, Free wired internet, Golf view",https://www.expedia.co.in/Stevens-Point-Hotels-Comfort-Suites-At-Par-4-Resort.h1085058.Hotel-Information?chkin=2025-11-15&chkout=2025-11-16&x_pwa=1&rfrr=HSR&useRewards=true&rm1=a2&selected=EXPEDIA_3&sort=RECOMMENDED&pwa_ts=1762086425766&top_cur=USD
EXPEDIA_3,Expedia.com,Comfort Suites at Par 4 Resort,2025-11-15,2025-11-16,"Suite, Non Smoking",King Bed OR 1 Double Sofa Bed,King,Suite,,12685.0,1712.0,14397.0,"450 sq ft, Sleeps 4, 1 King Bed OR 1 Double Sofa Bed, Free wired internet, Golf view",https://www.expedia.co.in/Stevens-Point-Hotels-Comfort-Suites-At-Par-4-Resort.h1085058.Hotel-Information?chkin=2025-11-15&chkout=2025-11-16&x_pwa=1&rfrr=HSR&useRewards=true&rm1=a2&selected=EXPEDIA_3&sort=RECOMMENDED&pwa_ts=1762086425766&top_cur=USD
EXPEDIA_3,Expedia.com,Comfort Suites at Par 4 Resort,2025-11-15,2025-11-16,"Suite, 1 King Bed with Sofa bed, Non Smoking",King Bed and 1 Double Sofa Bed,King,Suite,7.0,13288.0,1794.0,15082.0,"452 sq ft, Sleeps 2, 1 King Bed and 1 Double Sofa Bed, Free wired internet, Golf view",https://www.expedia.co.in/Stevens-Point-Hotels-Comfort-Suites-At-Par-4-Resort.h1085058.Hotel-Information?chkin=2025-11-15&chkout=2025-11-16&x_pwa=1&rfrr=HSR&useRewards=true&rm1=a2&selected=EXPEDIA_3&sort=RECOMMENDED&pwa_ts=1762086425766&top_cur=USD
EXPEDIA_3,Expedia.com,Comfort Suites at Par 4 Resort,2025-11-15,2025-11-16,"Suite, Multiple Beds, Accessible, Non Smoking",Queen Beds and 1 Double Sofa Bed,Queen,Suite,1.0,12534.0,1692.0,14226.0,"Sleeps 6, 2 Queen Beds and 1 Double Sofa Bed, Free wired internet, Golf view",https://www.expedia.co.in/Stevens-Point-Hotels-Comfort-Suites-At-Par-4-Resort.h1085058.Hotel-Information?chkin=2025-11-15&chkout=2025-11-16&x_pwa=1&rfrr=HSR&useRewards=true&rm1=a2&selected=EXPEDIA_3&sort=RECOMMENDED&pwa_ts=1762086425766&top_cur=USD
EXPEDIA_4,Expedia.com,Ramada by Wyndham Waupaca,2025-11-03,2025-11-04,"Room, 1 King Bed, Non Smoking",King Bed,King,Normal,7.0,6631.0,896.0,7527.0,"Free breakfast, Free self parking, Sleeps 2, 1 King Bed, Reserve now, pay later, High-speed internet access",https://www.expedia.co.in/Stevens-Point-Hotels-Ramada-By-Wyndham-Waupaca.h7695.Hotel-Information?chkin=2025-11-03&chkout=2025-11-04&x_pwa=1&rfrr=HSR&useRewards=true&rm1=a2&selected=EXPEDIA_4&sort=RECOMMENDED&pwa_ts=1762086472897&top_cur=USD
EXPEDIA_4,Expedia.com,Ramada by Wyndham Waupaca,2025-11-03,2025-11-04,"Room, 2 Queen Beds, Accessible, Non Smoking (Tub with Grab Bars)",Queen Beds,Queen,Normal,8.0,6631.0,896.0,7527.0,"Free breakfast, Free self parking, Sleeps 4, 2 Queen Beds, Reserve now, pay later, High-speed internet access",https://www.expedia.co.in/Stevens-Point-Hotels-Ramada-By-Wyndham-Waupaca.h7695.Hotel-Information?chkin=2025-11-03&chkout=2025-11-04&x_pwa=1&rfrr=HSR&useRewards=true&rm1=a2&selected=EXPEDIA_4&sort=RECOMMENDED&pwa_ts=1762086472897&top_cur=USD
EXPEDIA_4,Expedia.com,Ramada by Wyndham Waupaca,2025-11-03,2025-11-04,"Room, 1 Queen Bed, Non Smoking",Queen Bed,Queen,Normal,1.0,6631.0,896.0,7527.0,"Free breakfast, Free self parking, Sleeps 4, 1 Queen Bed, Reserve now, pay later, High-speed internet access",https://www.expedia.co.in/Stevens-Point-Hotels-Ramada-By-Wyndham-Waupaca.h7695.Hotel-Information?chkin=2025-11-03&chkout=2025-11-04&x_pwa=1&rfrr=HSR&useRewards=true&rm1=a2&selected=EXPEDIA_4&sort=RECOMMENDED&pwa_ts=1762086472897&top_cur=USD
EXPEDIA_4,Expedia.com,Ramada by Wyndham Waupaca,2025-11-03,2025-11-04,"Room, 2 Queen Beds, Non Smoking",Queen Beds,Queen,Normal,,6631.0,896.0,7527.0,"Free breakfast, Free self parking, Sleeps 4, 2 Queen Beds, Reserve now, pay later, High-speed internet access",https://www.expedia.co.in/Stevens-Point-Hotels-Ramada-By-Wyndham-Waupaca.h7695.Hotel-Information?chkin=2025-11-03&chkout=2025-11-04&x_pwa=1&rfrr=HSR&useRewards=true&rm1=a2&selected=EXPEDIA_4&sort=RECOMMENDED&pwa_ts=1762086472897&top_cur=USD
EXPEDIA_4,Expedia.com,Ramada by Wyndham Waupaca,2025-11-03,2025-11-04,"Studio Suite, 1 King Bed, Non Smoking",King Bed,King,Suite,2.0,7430.0,1004.0,8434.0,"Free breakfast, Free self parking, Sleeps 2, 1 King Bed, Reserve now, pay later, High-speed internet access",https://www.expedia.co.in/Stevens-Point-Hotels-Ramada-By-Wyndham-Waupaca.h7695.Hotel-Information?chkin=2025-11-03&chkout=2025-11-04&x_pwa=1&rfrr=HSR&useRewards=true&rm1=a2&selected=EXPEDIA_4&sort=RECOMMENDED&pwa_ts=1762086472897&top_cur=USD
EXPEDIA_4,Expedia.com,Ramada by Wyndham Waupaca,2025-11-03,2025-11-04,"Suite, 1 Bedroom, Non Smoking (1 King Bed)",King Bed,King,Suite,2.0,7830.0,1057.0,8887.0,"Free breakfast, Free self parking, Sleeps 4, 1 King Bed, Reserve now, pay later, High-speed internet access",https://www.expedia.co.in/Stevens-Point-Hotels-Ramada-By-Wyndham-Waupaca.h7695.Hotel-Information?chkin=2025-11-03&chkout=2025-11-04&x_pwa=1&rfrr=HSR&useRewards=true&rm1=a2&selected=EXPEDIA_4&sort=RECOMMENDED&pwa_ts=1762086472897&top_cur=USD
EXPEDIA_4,Expedia.com,Ramada by Wyndham Waupaca,2025-11-03,2025-11-04,"Deluxe Studio Suite, 1 King Bed, Non Smoking",King Bed,King,Suite,3.0,8229.0,1111.0,9340.0,"Free breakfast, Free self parking, Sleeps 4, 1 King Bed, Reserve now, pay later, High-speed internet access",https://www.expedia.co.in/Stevens-Point-Hotels-Ramada-By-Wyndham-Waupaca.h7695.Hotel-Information?chkin=2025-11-03&chkout=2025-11-04&x_pwa=1&rfrr=HSR&useRewards=true&rm1=a2&selected=EXPEDIA_4&sort=RECOMMENDED&pwa_ts=1762086472897&top_cur=USD
EXPEDIA_4,Expedia.com,Ramada by Wyndham Waupaca,2025-11-03,2025-11-04,"Room, 1 Queen Bed, Non Smoking (Efficiency)",Queen Bed,Queen,Normal,2.0,9827.0,1327.0,11154.0,"Free breakfast, Free self parking, Sleeps 4, 1 Queen Bed, Reserve now, pay later, High-speed internet access",https://www.expedia.co.in/Stevens-Point-Hotels-Ramada-By-Wyndham-Waupaca.h7695.Hotel-Information?chkin=2025-11-03&chkout=2025-11-04&x_pwa=1&rfrr=HSR&useRewards=true&rm1=a2&selected=EXPEDIA_4&sort=RECOMMENDED&pwa_ts=1762086472897&top_cur=USD
EXPEDIA_4,Expedia.com,Ramada by Wyndham Waupaca,2025-11-04,2025-11-05,"Room, 1 King Bed, Non Smoking",King Bed,King,Normal,8.0,6791.0,917.0,7708.0,"Free breakfast, Free self parking, Sleeps 2, 1 King Bed, Reserve now, pay later, High-speed internet access",https://www.expedia.co.in/Stevens-Point-Hotels-Ramada-By-Wyndham-Waupaca.h7695.Hotel-Information?chkin=2025-11-04&chkout=2025-11-05&x_pwa=1&rfrr=HSR&useRewards=true&rm1=a2&selected=EXPEDIA_4&sort=RECOMMENDED&pwa_ts=1762086519658&top_cur=USD
EXPEDIA_4,Expedia.com,Ramada by Wyndham Waupaca,2025-11-04,2025-11-05,"Room, 2 Queen Beds, Accessible, Non Smoking (Tub with Grab Bars)",Queen Beds,Queen,Normal,8.0,6791.0,917.0,7708.0,"Free breakfast, Free self parking, Sleeps 4, 2 Queen Beds, Reserve now, pay later, High-speed internet access",https://www.expedia.co.in/Stevens-Point-Hotels-Ramada-By-Wyndham-Waupaca.h7695.Hotel-Information?chkin=2025-11-04&chkout=2025-11-05&x_pwa=1&rfrr=HSR&useRewards=true&rm1=a2&selected=EXPEDIA_4&sort=RECOMMENDED&pwa_ts=1762086519658&top_cur=USD
EXPEDIA_4,Expedia.com,Ramada by Wyndham Waupaca,2025-11-04,2025-11-05,"Room, 1 Queen Bed, Non Smoking",Queen Bed,Queen,Normal,1.0,6791.0,917.0,7708.0,"Free breakfast, Free self parking, Sleeps 4, 1 Queen Bed, Reserve now, pay later, High-speed internet access",https://www.expedia.co.in/Stevens-Point-Hotels-Ramada-By-Wyndham-Waupaca.h7695.Hotel-Information?chkin=2025-11-04&chkout=2025-11-05&x_pwa=1&rfrr=HSR&useRewards=true&rm1=a2&selected=EXPEDIA_4&sort=RECOMMENDED&pwa_ts=1762086519658&top_cur=USD
EXPEDIA_4,Expedia.com,Ramada by Wyndham Waupaca,2025-11-04,2025-11-05,"Room, 2 Queen Beds, Non Smoking",Queen Beds,Queen,Normal,,6791.0,917.0,7708.0,"Free breakfast, Free self parking, Sleeps 4, 2 Queen Beds, Reserve now, pay later, High-speed internet access",https://www.expedia.co.in/Stevens-Point-Hotels-Ramada-By-Wyndham-Waupaca.h7695.Hotel-Information?chkin=2025-11-04&chkout=2025-11-05&x_pwa=1&rfrr=HSR&useRewards=true&rm1=a2&selected=EXPEDIA_4&sort=RECOMMENDED&pwa_ts=1762086519658&top_cur=USD
EXPEDIA_4,Expedia.com,Ramada by Wyndham Waupaca,2025-11-04,2025-11-05,"Studio Suite, 1 King Bed, Non Smoking",King Bed,King,Suite,2.0,7590.0,1025.0,8615.0,"Free breakfast, Free self parking, Sleeps 2, 1 King Bed, Reserve now, pay later, High-speed internet access",https://www.expedia.co.in/Stevens-Point-Hotels-Ramada-By-Wyndham-Waupaca.h7695.Hotel-Information?chkin=2025-11-04&chkout=2025-11-05&x_pwa=1&rfrr=HSR&useRewards=true&rm1=a2&selected=EXPEDIA_4&sort=RECOMMENDED&pwa_ts=1762086519658&top_cur=USD
EXPEDIA_4,Expedia.com,Ramada by Wyndham Waupaca,2025-11-04,2025-11-05,"Suite, 1 Bedroom, Non Smoking (1 King Bed)",King Bed,King,Suite,2.0,7989.0,1079.0,9068.0,"Free breakfast, Free self parking, Sleeps 4, 1 King Bed, Reserve now, pay later, High-speed internet access",https://www.expedia.co.in/Stevens-Point-Hotels-Ramada-By-Wyndham-Waupaca.h7695.Hotel-Information?chkin=2025-11-04&chkout=2025-11-05&x_pwa=1&rfrr=HSR&useRewards=true&rm1=a2&selected=EXPEDIA_4&sort=RECOMMENDED&pwa_ts=1762086519658&top_cur=USD
EXPEDIA_4,Expedia.com,Ramada by Wyndham Waupaca,2025-11-04,2025-11-05,"Deluxe Studio Suite, 1 King Bed, Non Smoking",King Bed,King,Suite,3.0,8389.0,1133.0,9522.0,"Free breakfast, Free self parking, Sleeps 4, 1 King Bed, Reserve now, pay later, High-speed internet access",https://www.expedia.co.in/Stevens-Point-Hotels-Ramada-By-Wyndham-Waupaca.h7695.Hotel-Information?chkin=2025-11-04&chkout=2025-11-05&x_pwa=1&rfrr=HSR&useRewards=true&rm1=a2&selected=EXPEDIA_4&sort=RECOMMENDED&pwa_ts=1762086519658&top_cur=USD
EXPEDIA_4,Expedia.com,Ramada by Wyndham Waupaca,2025-11-04,2025-11-05,"Room, 1 Queen Bed, Non Smoking (Efficiency)",Queen Bed,Queen,Normal,2.0,9987.0,1348.0,11335.0,"Free breakfast, Free self parking, Sleeps 4, 1 Queen Bed, Reserve now, pay later, High-speed internet access",https://www.expedia.co.in/Stevens-Point-Hotels-Ramada-By-Wyndham-Waupaca.h7695.Hotel-Information?chkin=2025-11-04&chkout=2025-11-05&x_pwa=1&rfrr=HSR&useRewards=true&rm1=a2&selected=EXPEDIA_4&sort=RECOMMENDED&pwa_ts=1762086519658&top_cur=USD
