hotel_id,hotel_source,hotel_name,room_name,bed_type,bed_category,room_category,available_rooms,base_price,tax_price,total_price,room_facilities,checkin,checkout,hotel_url,link
AGODA_1,agoda,Econo Lodge Mount Laurel - Philadelphia East,"1 King Bed, Nonsmoking",king bed,King,Normal,5.0,6204.0,0.0,6204.0,"['Wi-Fi [free]', 'Room size: 26 m²/280 ft²', '1 king bed', 'Private bathroom', 'Air conditioning', 'Refrigerator', 'Hair dryer', 'Shower']",2025-11-05,2025-11-06,https://www.agoda.com/econo-lodge_2/hotel/mount-laurel-nj-us.html?countryId=181&finalPriceView=1&isShowMobileAppPrice=false&cid=-1&numberOfBedrooms=&familyMode=false&adults=2&children=0&rooms=1&maxRooms=0&checkIn=2025-11-1&isCalendarCallout=false&childAges=&numberOfGuest=0&missingChildAges=false&travellerType=1&showReviewSubmissionEntry=false&currencyCode=INR&isFreeOccSearch=false&los=4&searchrequestid=054e8861-9dbe-4d30-a873-69fffa1fe3d6&ds=CH3TEme3dqOaFa9f,
AGODA_1,agoda,Econo Lodge Mount Laurel - Philadelphia East,"2 Queen Beds, Nonsmoking",queen beds,Queen,Normal,5.0,7109.0,0.0,7109.0,"['Wi-Fi [free]', 'Room size: 26 m²/280 ft²', '2 queen beds', 'Exterior corridor', 'Private bathroom', 'Air conditioning', 'Refrigerator', 'Hair dryer', 'Shower']",2025-11-05,2025-11-06,https://www.agoda.com/econo-lodge_2/hotel/mount-laurel-nj-us.html?countryId=181&finalPriceView=1&isShowMobileAppPrice=false&cid=-1&numberOfBedrooms=&familyMode=false&adults=2&children=0&rooms=1&maxRooms=0&checkIn=2025-11-1&isCalendarCallout=false&childAges=&numberOfGuest=0&missingChildAges=false&travellerType=1&showReviewSubmissionEntry=false&currencyCode=INR&isFreeOccSearch=false&los=4&searchrequestid=054e8861-9dbe-4d30-a873-69fffa1fe3d6&ds=CH3TEme3dqOaFa9f,
AGODA_1,agoda,Econo Lodge Mount Laurel - Philadelphia East,"1 King Bed, Nonsmoking",king bed,King,Normal,5.0,6637.0,0.0,6637.0,"['Wi-Fi [free]', 'Room size: 26 m²/280 ft²', '1 king bed', 'Private bathroom', 'Air conditioning', 'Refrigerator', 'Hair dryer', 'Shower']",2025-11-06,2025-11-07,https://www.agoda.com/econo-lodge_2/hotel/mount-laurel-nj-us.html?countryId=181&finalPriceView=1&isShowMobileAppPrice=false&cid=-1&numberOfBedrooms=&familyMode=false&adults=2&children=0&rooms=1&maxRooms=0&checkIn=2025-11-1&isCalendarCallout=false&childAges=&numberOfGuest=0&missingChildAges=false&travellerType=1&showReviewSubmissionEntry=false&currencyCode=INR&isFreeOccSearch=false&los=4&searchrequestid=054e8861-9dbe-4d30-a873-69fffa1fe3d6&ds=CH3TEme3dqOaFa9f,
AGODA_1,agoda,Econo Lodge Mount Laurel - Philadelphia East,"2 Queen Beds, Nonsmoking",queen beds,Queen,Normal,5.0,7357.0,0.0,7357.0,"['Wi-Fi [free]', 'Room size: 26 m²/280 ft²', '2 queen beds', 'Exterior corridor', 'Private bathroom', 'Air conditioning', 'Refrigerator', 'Hair dryer', 'Shower']",2025-11-06,2025-11-07,https://www.agoda.com/econo-lodge_2/hotel/mount-laurel-nj-us.html?countryId=181&finalPriceView=1&isShowMobileAppPrice=false&cid=-1&numberOfBedrooms=&familyMode=false&adults=2&children=0&rooms=1&maxRooms=0&checkIn=2025-11-1&isCalendarCallout=false&childAges=&numberOfGuest=0&missingChildAges=false&travellerType=1&showReviewSubmissionEntry=false&currencyCode=INR&isFreeOccSearch=false&los=4&searchrequestid=054e8861-9dbe-4d30-a873-69fffa1fe3d6&ds=CH3TEme3dqOaFa9f,
AGODA_1,agoda,Econo Lodge Mount Laurel - Philadelphia East,"1 King Bed, Nonsmoking",king bed,King,Normal,5.0,7259.0,0.0,7259.0,"['Wi-Fi [free]', 'Room size: 26 m²/280 ft²', '1 king bed', 'Private bathroom', 'Air conditioning', 'Refrigerator', 'Hair dryer', 'Shower']",2025-11-07,2025-11-08,https://www.agoda.com/econo-lodge_2/hotel/mount-laurel-nj-us.html?countryId=181&finalPriceView=1&isShowMobileAppPrice=false&cid=-1&numberOfBedrooms=&familyMode=false&adults=2&children=0&rooms=1&maxRooms=0&checkIn=2025-11-1&isCalendarCallout=false&childAges=&numberOfGuest=0&missingChildAges=false&travellerType=1&showReviewSubmissionEntry=false&currencyCode=INR&isFreeOccSearch=false&los=4&searchrequestid=054e8861-9dbe-4d30-a873-69fffa1fe3d6&ds=CH3TEme3dqOaFa9f,
AGODA_1,agoda,Econo Lodge Mount Laurel - Philadelphia East,"2 Queen Beds, Nonsmoking",queen beds,Queen,Normal,5.0,8352.0,0.0,8352.0,"['Wi-Fi [free]', 'Room size: 26 m²/280 ft²', '2 queen beds', 'Exterior corridor', 'Private bathroom', 'Air conditioning', 'Refrigerator', 'Hair dryer', 'Shower']",2025-11-07,2025-11-08,https://www.agoda.com/econo-lodge_2/hotel/mount-laurel-nj-us.html?countryId=181&finalPriceView=1&isShowMobileAppPrice=false&cid=-1&numberOfBedrooms=&familyMode=false&adults=2&children=0&rooms=1&maxRooms=0&checkIn=2025-11-1&isCalendarCallout=false&childAges=&numberOfGuest=0&missingChildAges=false&travellerType=1&showReviewSubmissionEntry=false&currencyCode=INR&isFreeOccSearch=false&los=4&searchrequestid=054e8861-9dbe-4d30-a873-69fffa1fe3d6&ds=CH3TEme3dqOaFa9f,
AGODA_1,agoda,Econo Lodge Mount Laurel - Philadelphia East,"1 King Bed, Nonsmoking",king bed,King,Normal,5.0,7516.0,0.0,7516.0,"['Wi-Fi [free]', 'Room size: 26 m²/280 ft²', '1 king bed', 'Private bathroom', 'Air conditioning', 'Refrigerator', 'Hair dryer', 'Shower']",2025-11-08,2025-11-09,https://www.agoda.com/econo-lodge_2/hotel/mount-laurel-nj-us.html?countryId=181&finalPriceView=1&isShowMobileAppPrice=false&cid=-1&numberOfBedrooms=&familyMode=false&adults=2&children=0&rooms=1&maxRooms=0&checkIn=2025-11-1&isCalendarCallout=false&childAges=&numberOfGuest=0&missingChildAges=false&travellerType=1&showReviewSubmissionEntry=false&currencyCode=INR&isFreeOccSearch=false&los=4&searchrequestid=054e8861-9dbe-4d30-a873-69fffa1fe3d6&ds=CH3TEme3dqOaFa9f,
AGODA_1,agoda,Econo Lodge Mount Laurel - Philadelphia East,"2 Queen Beds, Nonsmoking",queen beds,Queen,Normal,5.0,8177.0,0.0,8177.0,"['Wi-Fi [free]', 'Room size: 26 m²/280 ft²', '2 queen beds', 'Exterior corridor', 'Private bathroom', 'Air conditioning', 'Refrigerator', 'Hair dryer', 'Shower']",2025-11-08,2025-11-09,https://www.agoda.com/econo-lodge_2/hotel/mount-laurel-nj-us.html?countryId=181&finalPriceView=1&isShowMobileAppPrice=false&cid=-1&numberOfBedrooms=&familyMode=false&adults=2&children=0&rooms=1&maxRooms=0&checkIn=2025-11-1&isCalendarCallout=false&childAges=&numberOfGuest=0&missingChildAges=false&travellerType=1&showReviewSubmissionEntry=false&currencyCode=INR&isFreeOccSearch=false&los=4&searchrequestid=054e8861-9dbe-4d30-a873-69fffa1fe3d6&ds=CH3TEme3dqOaFa9f,
AGODA_1,agoda,Econo Lodge Mount Laurel - Philadelphia East,"1 King Bed, Nonsmoking",king bed,King,Normal,5.0,6204.0,0.0,6204.0,"['Wi-Fi [free]', 'Room size: 26 m²/280 ft²', '1 king bed', 'Private bathroom', 'Air conditioning', 'Refrigerator', 'Hair dryer', 'Shower']",2025-11-09,2025-11-10,https://www.agoda.com/econo-lodge_2/hotel/mount-laurel-nj-us.html?countryId=181&finalPriceView=1&isShowMobileAppPrice=false&cid=-1&numberOfBedrooms=&familyMode=false&adults=2&children=0&rooms=1&maxRooms=0&checkIn=2025-11-1&isCalendarCallout=false&childAges=&numberOfGuest=0&missingChildAges=false&travellerType=1&showReviewSubmissionEntry=false&currencyCode=INR&isFreeOccSearch=false&los=4&searchrequestid=054e8861-9dbe-4d30-a873-69fffa1fe3d6&ds=CH3TEme3dqOaFa9f,
AGODA_1,agoda,Econo Lodge Mount Laurel - Philadelphia East,"2 Queen Beds, Nonsmoking",queen beds,Queen,Normal,5.0,7109.0,0.0,7109.0,"['Wi-Fi [free]', 'Room size: 26 m²/280 ft²', '2 queen beds', 'Exterior corridor', 'Private bathroom', 'Air conditioning', 'Refrigerator', 'Hair dryer', 'Shower']",2025-11-09,2025-11-10,https://www.agoda.com/econo-lodge_2/hotel/mount-laurel-nj-us.html?countryId=181&finalPriceView=1&isShowMobileAppPrice=false&cid=-1&numberOfBedrooms=&familyMode=false&adults=2&children=0&rooms=1&maxRooms=0&checkIn=2025-11-1&isCalendarCallout=false&childAges=&numberOfGuest=0&missingChildAges=false&travellerType=1&showReviewSubmissionEntry=false&currencyCode=INR&isFreeOccSearch=false&los=4&searchrequestid=054e8861-9dbe-4d30-a873-69fffa1fe3d6&ds=CH3TEme3dqOaFa9f,
AGODA_1,agoda,Econo Lodge Mount Laurel - Philadelphia East,"1 King Bed, Nonsmoking",king bed,King,Normal,5.0,6637.0,0.0,6637.0,"['Wi-Fi [free]', 'Room size: 26 m²/280 ft²', '1 king bed', 'Private bathroom', 'Air conditioning', 'Refrigerator', 'Hair dryer', 'Shower']",2025-11-10,2025-11-11,https://www.agoda.com/econo-lodge_2/hotel/mount-laurel-nj-us.html?countryId=181&finalPriceView=1&isShowMobileAppPrice=false&cid=-1&numberOfBedrooms=&familyMode=false&adults=2&children=0&rooms=1&maxRooms=0&checkIn=2025-11-1&isCalendarCallout=false&childAges=&numberOfGuest=0&missingChildAges=false&travellerType=1&showReviewSubmissionEntry=false&currencyCode=INR&isFreeOccSearch=false&los=4&searchrequestid=054e8861-9dbe-4d30-a873-69fffa1fe3d6&ds=CH3TEme3dqOaFa9f,
AGODA_1,agoda,Econo Lodge Mount Laurel - Philadelphia East,"2 Queen Beds, Nonsmoking",queen beds,Queen,Normal,5.0,7357.0,0.0,7357.0,"['Wi-Fi [free]', 'Room size: 26 m²/280 ft²', '2 queen beds', 'Exterior corridor', 'Private bathroom', 'Air conditioning', 'Refrigerator', 'Hair dryer', 'Shower']",2025-11-10,2025-11-11,https://www.agoda.com/econo-lodge_2/hotel/mount-laurel-nj-us.html?countryId=181&finalPriceView=1&isShowMobileAppPrice=false&cid=-1&numberOfBedrooms=&familyMode=false&adults=2&children=0&rooms=1&maxRooms=0&checkIn=2025-11-1&isCalendarCallout=false&childAges=&numberOfGuest=0&missingChildAges=false&travellerType=1&showReviewSubmissionEntry=false&currencyCode=INR&isFreeOccSearch=false&los=4&searchrequestid=054e8861-9dbe-4d30-a873-69fffa1fe3d6&ds=CH3TEme3dqOaFa9f,
AGODA_1,agoda,Econo Lodge Mount Laurel - Philadelphia East,"1 King Bed, Nonsmoking",king bed,King,Normal,5.0,6201.0,0.0,6201.0,"['Wi-Fi [free]', 'Room size: 26 m²/280 ft²', '1 king bed', 'Private bathroom', 'Air conditioning', 'Refrigerator', 'Hair dryer', 'Shower']",2025-11-13,2025-11-14,https://www.agoda.com/econo-lodge_2/hotel/mount-laurel-nj-us.html?countryId=181&finalPriceView=1&isShowMobileAppPrice=false&cid=-1&numberOfBedrooms=&familyMode=false&adults=2&children=0&rooms=1&maxRooms=0&checkIn=2025-11-1&isCalendarCallout=false&childAges=&numberOfGuest=0&missingChildAges=false&travellerType=1&showReviewSubmissionEntry=false&currencyCode=INR&isFreeOccSearch=false&los=4&searchrequestid=054e8861-9dbe-4d30-a873-69fffa1fe3d6&ds=CH3TEme3dqOaFa9f,
AGODA_1,agoda,Econo Lodge Mount Laurel - Philadelphia East,"2 Queen Beds, Nonsmoking",queen beds,Queen,Normal,5.0,7029.0,0.0,7029.0,"['Wi-Fi [free]', 'Room size: 26 m²/280 ft²', '2 queen beds', 'Exterior corridor', 'Private bathroom', 'Air conditioning', 'Refrigerator', 'Hair dryer', 'Shower']",2025-11-13,2025-11-14,https://www.agoda.com/econo-lodge_2/hotel/mount-laurel-nj-us.html?countryId=181&finalPriceView=1&isShowMobileAppPrice=false&cid=-1&numberOfBedrooms=&familyMode=false&adults=2&children=0&rooms=1&maxRooms=0&checkIn=2025-11-1&isCalendarCallout=false&childAges=&numberOfGuest=0&missingChildAges=false&travellerType=1&showReviewSubmissionEntry=false&currencyCode=INR&isFreeOccSearch=false&los=4&searchrequestid=054e8861-9dbe-4d30-a873-69fffa1fe3d6&ds=CH3TEme3dqOaFa9f,
AGODA_2,agoda,Quality Inn New London,"1 King Bed, Nonsmoking",king bed,King,Normal,5.0,5070.0,0.0,5070.0,"['Wi-Fi [free]', 'Room size: 28 m²/301 ft²', 'Street view', '1 king bed', 'Bathtub', 'Window', 'Sleep comfort items', 'Ground floor available', 'Non-smoking', 'Shared bathroom']",2025-11-04,2025-11-05,https://www.agoda.com/americas-best-value-inn-new-london_4/hotel/new-london-wi-us.html?countryId=181&finalPriceView=1&isShowMobileAppPrice=false&cid=-1&numberOfBedrooms=&familyMode=false&adults=2&children=0&rooms=1&maxRooms=0&checkIn=2025-11-1&isCalendarCallout=false&childAges=&numberOfGuest=0&missingChildAges=false&travellerType=1&showReviewSubmissionEntry=false&currencyCode=INR&isFreeOccSearch=false&tspTypes=8&los=4&searchrequestid=88693a4b-7fef-4a69-9b08-650154e6aa7b&ds=CH3TEme3dqOaFa9f,
AGODA_2,agoda,Quality Inn New London,"2 Queen Beds, Nonsmoking",queen beds,Queen,Normal,5.0,5399.0,0.0,5399.0,"['Wi-Fi [free]', 'Room size: 42 m²/452 ft²', 'Street view', '2 queen beds', 'Bathtub', 'Window', 'Sleep comfort items', 'Ground floor available', 'Non-smoking', 'Shared bathroom']",2025-11-04,2025-11-05,https://www.agoda.com/americas-best-value-inn-new-london_4/hotel/new-london-wi-us.html?countryId=181&finalPriceView=1&isShowMobileAppPrice=false&cid=-1&numberOfBedrooms=&familyMode=false&adults=2&children=0&rooms=1&maxRooms=0&checkIn=2025-11-1&isCalendarCallout=false&childAges=&numberOfGuest=0&missingChildAges=false&travellerType=1&showReviewSubmissionEntry=false&currencyCode=INR&isFreeOccSearch=false&tspTypes=8&los=4&searchrequestid=88693a4b-7fef-4a69-9b08-650154e6aa7b&ds=CH3TEme3dqOaFa9f,
AGODA_2,agoda,Quality Inn New London,"1 King Bed, Nonsmoking",king bed,King,Normal,5.0,5399.0,0.0,5399.0,"['Wi-Fi [free]', 'Room size: 28 m²/301 ft²', 'Street view', '1 king bed', 'Bathtub', 'Window', 'Sleep comfort items', 'Non-smoking', 'Shared bathroom', 'Closet']",2025-11-04,2025-11-05,https://www.agoda.com/americas-best-value-inn-new-london_4/hotel/new-london-wi-us.html?countryId=181&finalPriceView=1&isShowMobileAppPrice=false&cid=-1&numberOfBedrooms=&familyMode=false&adults=2&children=0&rooms=1&maxRooms=0&checkIn=2025-11-1&isCalendarCallout=false&childAges=&numberOfGuest=0&missingChildAges=false&travellerType=1&showReviewSubmissionEntry=false&currencyCode=INR&isFreeOccSearch=false&tspTypes=8&los=4&searchrequestid=88693a4b-7fef-4a69-9b08-650154e6aa7b&ds=CH3TEme3dqOaFa9f,
AGODA_2,agoda,Quality Inn New London,"2 Queen Beds, Nonsmoking",queen beds,Queen,Normal,5.0,5399.0,0.0,5399.0,"['Wi-Fi [free]', 'Room size: 28 m²/301 ft²', 'Street view', '2 queen beds', 'Bathtub', 'Window', 'Sleep comfort items', 'Ground floor available', 'Non-smoking', 'Shared bathroom']",2025-11-04,2025-11-05,https://www.agoda.com/americas-best-value-inn-new-london_4/hotel/new-london-wi-us.html?countryId=181&finalPriceView=1&isShowMobileAppPrice=false&cid=-1&numberOfBedrooms=&familyMode=false&adults=2&children=0&rooms=1&maxRooms=0&checkIn=2025-11-1&isCalendarCallout=false&childAges=&numberOfGuest=0&missingChildAges=false&travellerType=1&showReviewSubmissionEntry=false&currencyCode=INR&isFreeOccSearch=false&tspTypes=8&los=4&searchrequestid=88693a4b-7fef-4a69-9b08-650154e6aa7b&ds=CH3TEme3dqOaFa9f,
AGODA_2,agoda,Quality Inn New London,"2 Queen Beds, Nonsmoking",queen beds,Queen,Normal,5.0,5721.0,0.0,5721.0,"['Wi-Fi [free]', 'Room size: 42 m²/452 ft²', 'Street view', '2 queen beds', 'Bathtub', 'Window', 'Sleep comfort items', 'Ground floor available', 'Non-smoking', 'Shared bathroom']",2025-11-04,2025-11-05,https://www.agoda.com/americas-best-value-inn-new-london_4/hotel/new-london-wi-us.html?countryId=181&finalPriceView=1&isShowMobileAppPrice=false&cid=-1&numberOfBedrooms=&familyMode=false&adults=2&children=0&rooms=1&maxRooms=0&checkIn=2025-11-1&isCalendarCallout=false&childAges=&numberOfGuest=0&missingChildAges=false&travellerType=1&showReviewSubmissionEntry=false&currencyCode=INR&isFreeOccSearch=false&tspTypes=8&los=4&searchrequestid=88693a4b-7fef-4a69-9b08-650154e6aa7b&ds=CH3TEme3dqOaFa9f,
AGODA_2,agoda,Quality Inn New London,"1 Queen Bed, Suite, Nonsmoking",queen bed,Queen,Suite,5.0,8299.0,0.0,8299.0,"['Wi-Fi [free]', 'Room size: 42 m²/452 ft²', 'Street view', '1 queen bed', 'Whirlpool bathtub', 'Window', 'Sleep comfort items', 'Non-smoking', 'Shared bathroom', 'Closet']",2025-11-04,2025-11-05,https://www.agoda.com/americas-best-value-inn-new-london_4/hotel/new-london-wi-us.html?countryId=181&finalPriceView=1&isShowMobileAppPrice=false&cid=-1&numberOfBedrooms=&familyMode=false&adults=2&children=0&rooms=1&maxRooms=0&checkIn=2025-11-1&isCalendarCallout=false&childAges=&numberOfGuest=0&missingChildAges=false&travellerType=1&showReviewSubmissionEntry=false&currencyCode=INR&isFreeOccSearch=false&tspTypes=8&los=4&searchrequestid=88693a4b-7fef-4a69-9b08-650154e6aa7b&ds=CH3TEme3dqOaFa9f,
AGODA_2,agoda,Quality Inn New London,"1 King Bed, Suite, Nonsmoking",king bedS,King,Suite,0.0,11894.0,0.0,11894.0,"['Wi-Fi [free]', 'Room size: 42 m²/452 ft²', 'Street view', '1 king bed', 'Separate shower/bathtub', 'Window', 'Blackout curtains', 'Top floor available', 'Non-smoking', 'Shared bathroom']",2025-11-04,2025-11-05,https://www.agoda.com/americas-best-value-inn-new-london_4/hotel/new-london-wi-us.html?countryId=181&finalPriceView=1&isShowMobileAppPrice=false&cid=-1&numberOfBedrooms=&familyMode=false&adults=2&children=0&rooms=1&maxRooms=0&checkIn=2025-11-1&isCalendarCallout=false&childAges=&numberOfGuest=0&missingChildAges=false&travellerType=1&showReviewSubmissionEntry=false&currencyCode=INR&isFreeOccSearch=false&tspTypes=8&los=4&searchrequestid=88693a4b-7fef-4a69-9b08-650154e6aa7b&ds=CH3TEme3dqOaFa9f,
AGODA_2,agoda,Quality Inn New London,"1 King Bed, Nonsmoking",king bed,King,Normal,5.0,6007.0,0.0,6007.0,"['Wi-Fi [free]', 'Room size: 28 m²/301 ft²', 'Street view', '1 king bed', 'Bathtub', 'Window', 'Sleep comfort items', 'Ground floor available', 'Non-smoking', 'Shared bathroom']",2025-11-08,2025-11-09,https://www.agoda.com/americas-best-value-inn-new-london_4/hotel/new-london-wi-us.html?countryId=181&finalPriceView=1&isShowMobileAppPrice=false&cid=-1&numberOfBedrooms=&familyMode=false&adults=2&children=0&rooms=1&maxRooms=0&checkIn=2025-11-1&isCalendarCallout=false&childAges=&numberOfGuest=0&missingChildAges=false&travellerType=1&showReviewSubmissionEntry=false&currencyCode=INR&isFreeOccSearch=false&tspTypes=8&los=4&searchrequestid=88693a4b-7fef-4a69-9b08-650154e6aa7b&ds=CH3TEme3dqOaFa9f,
AGODA_2,agoda,Quality Inn New London,"2 Queen Beds, Nonsmoking",queen beds,Queen,Normal,5.0,6598.0,0.0,6598.0,"['Wi-Fi [free]', 'Room size: 42 m²/452 ft²', 'Street view', '2 queen beds', 'Bathtub', 'Window', 'Sleep comfort items', 'Ground floor available', 'Non-smoking', 'Shared bathroom']",2025-11-08,2025-11-09,https://www.agoda.com/americas-best-value-inn-new-london_4/hotel/new-london-wi-us.html?countryId=181&finalPriceView=1&isShowMobileAppPrice=false&cid=-1&numberOfBedrooms=&familyMode=false&adults=2&children=0&rooms=1&maxRooms=0&checkIn=2025-11-1&isCalendarCallout=false&childAges=&numberOfGuest=0&missingChildAges=false&travellerType=1&showReviewSubmissionEntry=false&currencyCode=INR&isFreeOccSearch=false&tspTypes=8&los=4&searchrequestid=88693a4b-7fef-4a69-9b08-650154e6aa7b&ds=CH3TEme3dqOaFa9f,
AGODA_2,agoda,Quality Inn New London,"1 King Bed, Nonsmoking",king bed,King,Normal,5.0,6598.0,0.0,6598.0,"['Wi-Fi [free]', 'Room size: 28 m²/301 ft²', 'Street view', '1 king bed', 'Bathtub', 'Window', 'Sleep comfort items', 'Non-smoking', 'Shared bathroom', 'Closet']",2025-11-08,2025-11-09,https://www.agoda.com/americas-best-value-inn-new-london_4/hotel/new-london-wi-us.html?countryId=181&finalPriceView=1&isShowMobileAppPrice=false&cid=-1&numberOfBedrooms=&familyMode=false&adults=2&children=0&rooms=1&maxRooms=0&checkIn=2025-11-1&isCalendarCallout=false&childAges=&numberOfGuest=0&missingChildAges=false&travellerType=1&showReviewSubmissionEntry=false&currencyCode=INR&isFreeOccSearch=false&tspTypes=8&los=4&searchrequestid=88693a4b-7fef-4a69-9b08-650154e6aa7b&ds=CH3TEme3dqOaFa9f,
AGODA_2,agoda,Quality Inn New London,"2 Queen Beds, Nonsmoking",queen beds,Queen,Normal,5.0,6598.0,0.0,6598.0,"['Wi-Fi [free]', 'Room size: 28 m²/301 ft²', 'Street view', '2 queen beds', 'Bathtub', 'Window', 'Sleep comfort items', 'Ground floor available', 'Non-smoking', 'Shared bathroom']",2025-11-08,2025-11-09,https://www.agoda.com/americas-best-value-inn-new-london_4/hotel/new-london-wi-us.html?countryId=181&finalPriceView=1&isShowMobileAppPrice=false&cid=-1&numberOfBedrooms=&familyMode=false&adults=2&children=0&rooms=1&maxRooms=0&checkIn=2025-11-1&isCalendarCallout=false&childAges=&numberOfGuest=0&missingChildAges=false&travellerType=1&showReviewSubmissionEntry=false&currencyCode=INR&isFreeOccSearch=false&tspTypes=8&los=4&searchrequestid=88693a4b-7fef-4a69-9b08-650154e6aa7b&ds=CH3TEme3dqOaFa9f,
AGODA_2,agoda,Quality Inn New London,"2 Queen Beds, Nonsmoking",queen beds,Queen,Normal,5.0,6888.0,0.0,6888.0,"['Wi-Fi [free]', 'Room size: 42 m²/452 ft²', 'Street view', '2 queen beds', 'Bathtub', 'Window', 'Sleep comfort items', 'Ground floor available', 'Non-smoking', 'Shared bathroom']",2025-11-08,2025-11-09,https://www.agoda.com/americas-best-value-inn-new-london_4/hotel/new-london-wi-us.html?countryId=181&finalPriceView=1&isShowMobileAppPrice=false&cid=-1&numberOfBedrooms=&familyMode=false&adults=2&children=0&rooms=1&maxRooms=0&checkIn=2025-11-1&isCalendarCallout=false&childAges=&numberOfGuest=0&missingChildAges=false&travellerType=1&showReviewSubmissionEntry=false&currencyCode=INR&isFreeOccSearch=false&tspTypes=8&los=4&searchrequestid=88693a4b-7fef-4a69-9b08-650154e6aa7b&ds=CH3TEme3dqOaFa9f,
AGODA_2,agoda,Quality Inn New London,"1 Queen Bed, Suite, Nonsmoking",queen bed,Queen,Suite,5.0,9562.0,0.0,9562.0,"['Wi-Fi [free]', 'Room size: 42 m²/452 ft²', 'Street view', '1 queen bed', 'Whirlpool bathtub', 'Window', 'Sleep comfort items', 'Non-smoking', 'Shared bathroom', 'Closet']",2025-11-08,2025-11-09,https://www.agoda.com/americas-best-value-inn-new-london_4/hotel/new-london-wi-us.html?countryId=181&finalPriceView=1&isShowMobileAppPrice=false&cid=-1&numberOfBedrooms=&familyMode=false&adults=2&children=0&rooms=1&maxRooms=0&checkIn=2025-11-1&isCalendarCallout=false&childAges=&numberOfGuest=0&missingChildAges=false&travellerType=1&showReviewSubmissionEntry=false&currencyCode=INR&isFreeOccSearch=false&tspTypes=8&los=4&searchrequestid=88693a4b-7fef-4a69-9b08-650154e6aa7b&ds=CH3TEme3dqOaFa9f,
AGODA_2,agoda,Quality Inn New London,"1 King Bed, Suite, Nonsmoking",king bedS,King,Suite,0.0,13501.0,0.0,13501.0,"['Wi-Fi [free]', 'Room size: 42 m²/452 ft²', 'Street view', '1 king bed', 'Separate shower/bathtub', 'Window', 'Blackout curtains', 'Top floor available', 'Non-smoking', 'Shared bathroom']",2025-11-08,2025-11-09,https://www.agoda.com/americas-best-value-inn-new-london_4/hotel/new-london-wi-us.html?countryId=181&finalPriceView=1&isShowMobileAppPrice=false&cid=-1&numberOfBedrooms=&familyMode=false&adults=2&children=0&rooms=1&maxRooms=0&checkIn=2025-11-1&isCalendarCallout=false&childAges=&numberOfGuest=0&missingChildAges=false&travellerType=1&showReviewSubmissionEntry=false&currencyCode=INR&isFreeOccSearch=false&tspTypes=8&los=4&searchrequestid=88693a4b-7fef-4a69-9b08-650154e6aa7b&ds=CH3TEme3dqOaFa9f,
AGODA_2,agoda,Quality Inn New London,"1 King Bed, Nonsmoking",king bed,King,Normal,5.0,4568.0,0.0,4568.0,"['Wi-Fi [free]', 'Room size: 28 m²/301 ft²', 'Street view', '1 king bed', 'Bathtub', 'Window', 'Sleep comfort items', 'Ground floor available', 'Non-smoking', 'Shared bathroom']",2025-11-11,2025-11-12,https://www.agoda.com/americas-best-value-inn-new-london_4/hotel/new-london-wi-us.html?countryId=181&finalPriceView=1&isShowMobileAppPrice=false&cid=-1&numberOfBedrooms=&familyMode=false&adults=2&children=0&rooms=1&maxRooms=0&checkIn=2025-11-1&isCalendarCallout=false&childAges=&numberOfGuest=0&missingChildAges=false&travellerType=1&showReviewSubmissionEntry=false&currencyCode=INR&isFreeOccSearch=false&tspTypes=8&los=4&searchrequestid=88693a4b-7fef-4a69-9b08-650154e6aa7b&ds=CH3TEme3dqOaFa9f,
AGODA_2,agoda,Quality Inn New London,"2 Queen Beds, Nonsmoking",queen beds,Queen,Normal,5.0,4855.0,0.0,4855.0,"['Wi-Fi [free]', 'Room size: 42 m²/452 ft²', 'Street view', '2 queen beds', 'Bathtub', 'Window', 'Sleep comfort items', 'Ground floor available', 'Non-smoking', 'Shared bathroom']",2025-11-11,2025-11-12,https://www.agoda.com/americas-best-value-inn-new-london_4/hotel/new-london-wi-us.html?countryId=181&finalPriceView=1&isShowMobileAppPrice=false&cid=-1&numberOfBedrooms=&familyMode=false&adults=2&children=0&rooms=1&maxRooms=0&checkIn=2025-11-1&isCalendarCallout=false&childAges=&numberOfGuest=0&missingChildAges=false&travellerType=1&showReviewSubmissionEntry=false&currencyCode=INR&isFreeOccSearch=false&tspTypes=8&los=4&searchrequestid=88693a4b-7fef-4a69-9b08-650154e6aa7b&ds=CH3TEme3dqOaFa9f,
AGODA_2,agoda,Quality Inn New London,"1 King Bed, Nonsmoking",king bed,King,Normal,5.0,4855.0,0.0,4855.0,"['Wi-Fi [free]', 'Room size: 28 m²/301 ft²', 'Street view', '1 king bed', 'Bathtub', 'Window', 'Sleep comfort items', 'Non-smoking', 'Shared bathroom', 'Closet']",2025-11-11,2025-11-12,https://www.agoda.com/americas-best-value-inn-new-london_4/hotel/new-london-wi-us.html?countryId=181&finalPriceView=1&isShowMobileAppPrice=false&cid=-1&numberOfBedrooms=&familyMode=false&adults=2&children=0&rooms=1&maxRooms=0&checkIn=2025-11-1&isCalendarCallout=false&childAges=&numberOfGuest=0&missingChildAges=false&travellerType=1&showReviewSubmissionEntry=false&currencyCode=INR&isFreeOccSearch=false&tspTypes=8&los=4&searchrequestid=88693a4b-7fef-4a69-9b08-650154e6aa7b&ds=CH3TEme3dqOaFa9f,
AGODA_2,agoda,Quality Inn New London,"2 Queen Beds, Nonsmoking",queen beds,Queen,Normal,5.0,4855.0,0.0,4855.0,"['Wi-Fi [free]', 'Room size: 28 m²/301 ft²', 'Street view', '2 queen beds', 'Bathtub', 'Window', 'Sleep comfort items', 'Ground floor available', 'Non-smoking', 'Shared bathroom']",2025-11-11,2025-11-12,https://www.agoda.com/americas-best-value-inn-new-london_4/hotel/new-london-wi-us.html?countryId=181&finalPriceView=1&isShowMobileAppPrice=false&cid=-1&numberOfBedrooms=&familyMode=false&adults=2&children=0&rooms=1&maxRooms=0&checkIn=2025-11-1&isCalendarCallout=false&childAges=&numberOfGuest=0&missingChildAges=false&travellerType=1&showReviewSubmissionEntry=false&currencyCode=INR&isFreeOccSearch=false&tspTypes=8&los=4&searchrequestid=88693a4b-7fef-4a69-9b08-650154e6aa7b&ds=CH3TEme3dqOaFa9f,
AGODA_2,agoda,Quality Inn New London,"2 Queen Beds, Nonsmoking",queen beds,Queen,Normal,5.0,5144.0,0.0,5144.0,"['Wi-Fi [free]', 'Room size: 42 m²/452 ft²', 'Street view', '2 queen beds', 'Bathtub', 'Window', 'Sleep comfort items', 'Ground floor available', 'Non-smoking', 'Shared bathroom']",2025-11-11,2025-11-12,https://www.agoda.com/americas-best-value-inn-new-london_4/hotel/new-london-wi-us.html?countryId=181&finalPriceView=1&isShowMobileAppPrice=false&cid=-1&numberOfBedrooms=&familyMode=false&adults=2&children=0&rooms=1&maxRooms=0&checkIn=2025-11-1&isCalendarCallout=false&childAges=&numberOfGuest=0&missingChildAges=false&travellerType=1&showReviewSubmissionEntry=false&currencyCode=INR&isFreeOccSearch=false&tspTypes=8&los=4&searchrequestid=88693a4b-7fef-4a69-9b08-650154e6aa7b&ds=CH3TEme3dqOaFa9f,
AGODA_2,agoda,Quality Inn New London,"1 Queen Bed, Suite, Nonsmoking",queen bed,Queen,Suite,5.0,7459.0,0.0,7459.0,"['Wi-Fi [free]', 'Room size: 42 m²/452 ft²', 'Street view', '1 queen bed', 'Whirlpool bathtub', 'Window', 'Sleep comfort items', 'Non-smoking', 'Shared bathroom', 'Closet']",2025-11-11,2025-11-12,https://www.agoda.com/americas-best-value-inn-new-london_4/hotel/new-london-wi-us.html?countryId=181&finalPriceView=1&isShowMobileAppPrice=false&cid=-1&numberOfBedrooms=&familyMode=false&adults=2&children=0&rooms=1&maxRooms=0&checkIn=2025-11-1&isCalendarCallout=false&childAges=&numberOfGuest=0&missingChildAges=false&travellerType=1&showReviewSubmissionEntry=false&currencyCode=INR&isFreeOccSearch=false&tspTypes=8&los=4&searchrequestid=88693a4b-7fef-4a69-9b08-650154e6aa7b&ds=CH3TEme3dqOaFa9f,
AGODA_2,agoda,Quality Inn New London,"1 King Bed, Suite, Nonsmoking",king bedS,King,Suite,0.0,10110.0,0.0,10110.0,"['Wi-Fi [free]', 'Room size: 42 m²/452 ft²', 'Street view', '1 king bed', 'Separate shower/bathtub', 'Window', 'Blackout curtains', 'Top floor available', 'Non-smoking', 'Shared bathroom']",2025-11-11,2025-11-12,https://www.agoda.com/americas-best-value-inn-new-london_4/hotel/new-london-wi-us.html?countryId=181&finalPriceView=1&isShowMobileAppPrice=false&cid=-1&numberOfBedrooms=&familyMode=false&adults=2&children=0&rooms=1&maxRooms=0&checkIn=2025-11-1&isCalendarCallout=false&childAges=&numberOfGuest=0&missingChildAges=false&travellerType=1&showReviewSubmissionEntry=false&currencyCode=INR&isFreeOccSearch=false&tspTypes=8&los=4&searchrequestid=88693a4b-7fef-4a69-9b08-650154e6aa7b&ds=CH3TEme3dqOaFa9f,
AGODA_2,agoda,Quality Inn New London,"1 King Bed, Nonsmoking",king bed,King,Normal,5.0,4626.0,0.0,4626.0,"['Wi-Fi [free]', 'Room size: 28 m²/301 ft²', 'Street view', '1 king bed', 'Bathtub', 'Window', 'Sleep comfort items', 'Ground floor available', 'Non-smoking', 'Shared bathroom']",2025-11-13,2025-11-14,https://www.agoda.com/americas-best-value-inn-new-london_4/hotel/new-london-wi-us.html?countryId=181&finalPriceView=1&isShowMobileAppPrice=false&cid=-1&numberOfBedrooms=&familyMode=false&adults=2&children=0&rooms=1&maxRooms=0&checkIn=2025-11-1&isCalendarCallout=false&childAges=&numberOfGuest=0&missingChildAges=false&travellerType=1&showReviewSubmissionEntry=false&currencyCode=INR&isFreeOccSearch=false&tspTypes=8&los=4&searchrequestid=88693a4b-7fef-4a69-9b08-650154e6aa7b&ds=CH3TEme3dqOaFa9f,
AGODA_2,agoda,Quality Inn New London,"2 Queen Beds, Nonsmoking",queen beds,Queen,Normal,5.0,4913.0,0.0,4913.0,"['Wi-Fi [free]', 'Room size: 42 m²/452 ft²', 'Street view', '2 queen beds', 'Bathtub', 'Window', 'Sleep comfort items', 'Ground floor available', 'Non-smoking', 'Shared bathroom']",2025-11-13,2025-11-14,https://www.agoda.com/americas-best-value-inn-new-london_4/hotel/new-london-wi-us.html?countryId=181&finalPriceView=1&isShowMobileAppPrice=false&cid=-1&numberOfBedrooms=&familyMode=false&adults=2&children=0&rooms=1&maxRooms=0&checkIn=2025-11-1&isCalendarCallout=false&childAges=&numberOfGuest=0&missingChildAges=false&travellerType=1&showReviewSubmissionEntry=false&currencyCode=INR&isFreeOccSearch=false&tspTypes=8&los=4&searchrequestid=88693a4b-7fef-4a69-9b08-650154e6aa7b&ds=CH3TEme3dqOaFa9f,
AGODA_2,agoda,Quality Inn New London,"1 King Bed, Nonsmoking",king bed,King,Normal,5.0,4913.0,0.0,4913.0,"['Wi-Fi [free]', 'Room size: 28 m²/301 ft²', 'Street view', '1 king bed', 'Bathtub', 'Window', 'Sleep comfort items', 'Non-smoking', 'Shared bathroom', 'Closet']",2025-11-13,2025-11-14,https://www.agoda.com/americas-best-value-inn-new-london_4/hotel/new-london-wi-us.html?countryId=181&finalPriceView=1&isShowMobileAppPrice=false&cid=-1&numberOfBedrooms=&familyMode=false&adults=2&children=0&rooms=1&maxRooms=0&checkIn=2025-11-1&isCalendarCallout=false&childAges=&numberOfGuest=0&missingChildAges=false&travellerType=1&showReviewSubmissionEntry=false&currencyCode=INR&isFreeOccSearch=false&tspTypes=8&los=4&searchrequestid=88693a4b-7fef-4a69-9b08-650154e6aa7b&ds=CH3TEme3dqOaFa9f,
AGODA_2,agoda,Quality Inn New London,"2 Queen Beds, Nonsmoking",queen beds,Queen,Normal,5.0,4913.0,0.0,4913.0,"['Wi-Fi [free]', 'Room size: 28 m²/301 ft²', 'Street view', '2 queen beds', 'Bathtub', 'Window', 'Sleep comfort items', 'Ground floor available', 'Non-smoking', 'Shared bathroom']",2025-11-13,2025-11-14,https://www.agoda.com/americas-best-value-inn-new-london_4/hotel/new-london-wi-us.html?countryId=181&finalPriceView=1&isShowMobileAppPrice=false&cid=-1&numberOfBedrooms=&familyMode=false&adults=2&children=0&rooms=1&maxRooms=0&checkIn=2025-11-1&isCalendarCallout=false&childAges=&numberOfGuest=0&missingChildAges=false&travellerType=1&showReviewSubmissionEntry=false&currencyCode=INR&isFreeOccSearch=false&tspTypes=8&los=4&searchrequestid=88693a4b-7fef-4a69-9b08-650154e6aa7b&ds=CH3TEme3dqOaFa9f,
AGODA_2,agoda,Quality Inn New London,"2 Queen Beds, Nonsmoking",queen beds,Queen,Normal,5.0,5201.0,0.0,5201.0,"['Wi-Fi [free]', 'Room size: 42 m²/452 ft²', 'Street view', '2 queen beds', 'Bathtub', 'Window', 'Sleep comfort items', 'Ground floor available', 'Non-smoking', 'Shared bathroom']",2025-11-13,2025-11-14,https://www.agoda.com/americas-best-value-inn-new-london_4/hotel/new-london-wi-us.html?countryId=181&finalPriceView=1&isShowMobileAppPrice=false&cid=-1&numberOfBedrooms=&familyMode=false&adults=2&children=0&rooms=1&maxRooms=0&checkIn=2025-11-1&isCalendarCallout=false&childAges=&numberOfGuest=0&missingChildAges=false&travellerType=1&showReviewSubmissionEntry=false&currencyCode=INR&isFreeOccSearch=false&tspTypes=8&los=4&searchrequestid=88693a4b-7fef-4a69-9b08-650154e6aa7b&ds=CH3TEme3dqOaFa9f,
AGODA_2,agoda,Quality Inn New London,"1 Queen Bed, Suite, Nonsmoking",queen bed,Queen,Suite,5.0,7517.0,0.0,7517.0,"['Wi-Fi [free]', 'Room size: 42 m²/452 ft²', 'Street view', '1 queen bed', 'Whirlpool bathtub', 'Window', 'Sleep comfort items', 'Non-smoking', 'Shared bathroom', 'Closet']",2025-11-13,2025-11-14,https://www.agoda.com/americas-best-value-inn-new-london_4/hotel/new-london-wi-us.html?countryId=181&finalPriceView=1&isShowMobileAppPrice=false&cid=-1&numberOfBedrooms=&familyMode=false&adults=2&children=0&rooms=1&maxRooms=0&checkIn=2025-11-1&isCalendarCallout=false&childAges=&numberOfGuest=0&missingChildAges=false&travellerType=1&showReviewSubmissionEntry=false&currencyCode=INR&isFreeOccSearch=false&tspTypes=8&los=4&searchrequestid=88693a4b-7fef-4a69-9b08-650154e6aa7b&ds=CH3TEme3dqOaFa9f,
AGODA_2,agoda,Quality Inn New London,"1 King Bed, Suite, Nonsmoking",king bedS,King,Suite,0.0,10186.0,0.0,10186.0,"['Wi-Fi [free]', 'Room size: 42 m²/452 ft²', 'Street view', '1 king bed', 'Separate shower/bathtub', 'Window', 'Blackout curtains', 'Top floor available', 'Non-smoking', 'Shared bathroom']",2025-11-13,2025-11-14,https://www.agoda.com/americas-best-value-inn-new-london_4/hotel/new-london-wi-us.html?countryId=181&finalPriceView=1&isShowMobileAppPrice=false&cid=-1&numberOfBedrooms=&familyMode=false&adults=2&children=0&rooms=1&maxRooms=0&checkIn=2025-11-1&isCalendarCallout=false&childAges=&numberOfGuest=0&missingChildAges=false&travellerType=1&showReviewSubmissionEntry=false&currencyCode=INR&isFreeOccSearch=false&tspTypes=8&los=4&searchrequestid=88693a4b-7fef-4a69-9b08-650154e6aa7b&ds=CH3TEme3dqOaFa9f,
AGODA_3,agoda,Comfort Suites at Par 4 Resort,"2 Queen Beds, Suite, Nonsmoking",queen beds,Queen,Suite,5.0,9087.0,0.0,9087.0,"['Wi-Fi [free]', 'Room size: 39 m²/420 ft²', '2 queen beds', 'Mini bar', 'Non-smoking', 'Shared bathroom', 'Closet', 'Air conditioning', 'Coffee/tea maker', 'Refrigerator']",2025-11-06,2025-11-07,https://www.agoda.com/en-in/comfort-suites-foxfire_5/hotel/waupaca-wi-us.html?asq=oSBZUdCJkTqIcAJrG1AX8Jufa9Vwpz6XltTHq4n+9gNpSLc+T+pB%2F8FnmmA8sOyABZMHJNyhPX8Prg%2FH1te1+vz5QyyV4UEqRQ9lzfdTBTxxn3WZkWNFTjlVRW+RlD7cD8zS52LqyqgGzSr4Q1yOV9fXfA8oGge%2Fyp6S5mpJBbOMmQnp4l%2FqxXHScg6%2FIMuw+IlKoH2RRzVED37Mh9Acgg2FjZQhPusmJYf5Wx3Xjom2O005JJr4tzCeQoVcD0pL1BrustHV7sjEhRQROgMYvvtksTw8xHnPyufhKXPrHNNQdwO4DN1hJ7DMFEBjA1tlsOuDhLfZOw1q2rQOnoj14WkhX+Rs50g0fdI7vUoNdFzciZtp1rX4kwueALQiVTpra8Q6YIY31VZ7ikracSjcaStovsPbQgCFuB4p9HKsGMuaiWpH3WUmUhYvwqBgss8OmYaYLY4mpvBQRFZ9DXnGL3Ab7LBfPPeV+xRKkQH%2FZbgm4pJ7H7mRjRxbsMXt2MhO4Waan8nej3fD86snlFzhLkuMmTTH5l9zLcYrLnjeW8QSqYQPBv+WKInhgy0w1c1tNvoKVnqZacA1np0vT683+qJ7vN1f5BqlEQqEAvmbOz7SfkPUnDmorqc9A57NEcuDP1S+AKBERrC%2FMG7qCA47RbfQ3Q3DeNYL8Fxddl6dcJ4c96xaz7wUkXZ4kU0h2nVNlZWZdwncM8i9lIIBkv7NjeRiEG3%2FHEwKwlkdRmn7a0F5nLRnaQbnusi0gbXykZ1nm0FFd++GSO81bPWsXT59pA8oVuEv166puW+LtIBENw0NMrQUqbkI%2FwyytdEKh7axbX90OXicJBjSGrd0%2Fn6OMvEjQybIYbot%2FTwTRAl1aunCMX9snHpla2HignvgSQ6O61oqP%2FsQl%2F5FT6%2FYHOkeZSxDri5N76BASZfIlUTsb%2FUyP%2FDP2PIYc7JCsfLcJiVKj7pGTnjzCTWVz1r2cxbbR1nXBijIPwuA6NzoWPOT+MZRi2C8ObEV3BMBzhh4CflX1f4tMtCkUOcG6AQSFmkuYiMsSy4QJH53bMsCXS2l9OQF+dC5xeJjQ%2F9f4m8IC7o5vJ62KCoAEKZybiY2V65fmulUkzStF1L1fv73voEZZxJ6OrJWWoC+5gLvjwA72fPMjlBDyy8N9snQ0B4PJWHB4g%3D%3D&hotel=203683&ds=qqYuwCdeeyGgIaeA,
AGODA_3,agoda,Comfort Suites at Par 4 Resort,"1 King Bed, Suite, Nonsmoking, Accessible",king bed,King,Suite,5.0,9785.0,0.0,9785.0,"['Wi-Fi [free]', 'Room size: 40 m²/431 ft²', '1 king bed', 'Bathtub', 'Non-smoking', 'Shared bathroom', 'Closet', 'Air conditioning', 'Coffee/tea maker', 'Refrigerator']",2025-11-06,2025-11-07,https://www.agoda.com/en-in/comfort-suites-foxfire_5/hotel/waupaca-wi-us.html?asq=oSBZUdCJkTqIcAJrG1AX8Jufa9Vwpz6XltTHq4n+9gNpSLc+T+pB%2F8FnmmA8sOyABZMHJNyhPX8Prg%2FH1te1+vz5QyyV4UEqRQ9lzfdTBTxxn3WZkWNFTjlVRW+RlD7cD8zS52LqyqgGzSr4Q1yOV9fXfA8oGge%2Fyp6S5mpJBbOMmQnp4l%2FqxXHScg6%2FIMuw+IlKoH2RRzVED37Mh9Acgg2FjZQhPusmJYf5Wx3Xjom2O005JJr4tzCeQoVcD0pL1BrustHV7sjEhRQROgMYvvtksTw8xHnPyufhKXPrHNNQdwO4DN1hJ7DMFEBjA1tlsOuDhLfZOw1q2rQOnoj14WkhX+Rs50g0fdI7vUoNdFzciZtp1rX4kwueALQiVTpra8Q6YIY31VZ7ikracSjcaStovsPbQgCFuB4p9HKsGMuaiWpH3WUmUhYvwqBgss8OmYaYLY4mpvBQRFZ9DXnGL3Ab7LBfPPeV+xRKkQH%2FZbgm4pJ7H7mRjRxbsMXt2MhO4Waan8nej3fD86snlFzhLkuMmTTH5l9zLcYrLnjeW8QSqYQPBv+WKInhgy0w1c1tNvoKVnqZacA1np0vT683+qJ7vN1f5BqlEQqEAvmbOz7SfkPUnDmorqc9A57NEcuDP1S+AKBERrC%2FMG7qCA47RbfQ3Q3DeNYL8Fxddl6dcJ4c96xaz7wUkXZ4kU0h2nVNlZWZdwncM8i9lIIBkv7NjeRiEG3%2FHEwKwlkdRmn7a0F5nLRnaQbnusi0gbXykZ1nm0FFd++GSO81bPWsXT59pA8oVuEv166puW+LtIBENw0NMrQUqbkI%2FwyytdEKh7axbX90OXicJBjSGrd0%2Fn6OMvEjQybIYbot%2FTwTRAl1aunCMX9snHpla2HignvgSQ6O61oqP%2FsQl%2F5FT6%2FYHOkeZSxDri5N76BASZfIlUTsb%2FUyP%2FDP2PIYc7JCsfLcJiVKj7pGTnjzCTWVz1r2cxbbR1nXBijIPwuA6NzoWPOT+MZRi2C8ObEV3BMBzhh4CflX1f4tMtCkUOcG6AQSFmkuYiMsSy4QJH53bMsCXS2l9OQF+dC5xeJjQ%2F9f4m8IC7o5vJ62KCoAEKZybiY2V65fmulUkzStF1L1fv73voEZZxJ6OrJWWoC+5gLvjwA72fPMjlBDyy8N9snQ0B4PJWHB4g%3D%3D&hotel=203683&ds=qqYuwCdeeyGgIaeA,
AGODA_3,agoda,Comfort Suites at Par 4 Resort,"1 King Bed, Suite, No Smoking",king bed,King,Suite,5.0,9785.0,0.0,9785.0,"['Wi-Fi [free]', 'Room size: 39 m²/420 ft²', '1 king bed', 'Mini bar', 'Non-smoking', 'Shared bathroom', 'Closet', 'Air conditioning', 'Coffee/tea maker', 'Refrigerator']",2025-11-06,2025-11-07,https://www.agoda.com/en-in/comfort-suites-foxfire_5/hotel/waupaca-wi-us.html?asq=oSBZUdCJkTqIcAJrG1AX8Jufa9Vwpz6XltTHq4n+9gNpSLc+T+pB%2F8FnmmA8sOyABZMHJNyhPX8Prg%2FH1te1+vz5QyyV4UEqRQ9lzfdTBTxxn3WZkWNFTjlVRW+RlD7cD8zS52LqyqgGzSr4Q1yOV9fXfA8oGge%2Fyp6S5mpJBbOMmQnp4l%2FqxXHScg6%2FIMuw+IlKoH2RRzVED37Mh9Acgg2FjZQhPusmJYf5Wx3Xjom2O005JJr4tzCeQoVcD0pL1BrustHV7sjEhRQROgMYvvtksTw8xHnPyufhKXPrHNNQdwO4DN1hJ7DMFEBjA1tlsOuDhLfZOw1q2rQOnoj14WkhX+Rs50g0fdI7vUoNdFzciZtp1rX4kwueALQiVTpra8Q6YIY31VZ7ikracSjcaStovsPbQgCFuB4p9HKsGMuaiWpH3WUmUhYvwqBgss8OmYaYLY4mpvBQRFZ9DXnGL3Ab7LBfPPeV+xRKkQH%2FZbgm4pJ7H7mRjRxbsMXt2MhO4Waan8nej3fD86snlFzhLkuMmTTH5l9zLcYrLnjeW8QSqYQPBv+WKInhgy0w1c1tNvoKVnqZacA1np0vT683+qJ7vN1f5BqlEQqEAvmbOz7SfkPUnDmorqc9A57NEcuDP1S+AKBERrC%2FMG7qCA47RbfQ3Q3DeNYL8Fxddl6dcJ4c96xaz7wUkXZ4kU0h2nVNlZWZdwncM8i9lIIBkv7NjeRiEG3%2FHEwKwlkdRmn7a0F5nLRnaQbnusi0gbXykZ1nm0FFd++GSO81bPWsXT59pA8oVuEv166puW+LtIBENw0NMrQUqbkI%2FwyytdEKh7axbX90OXicJBjSGrd0%2Fn6OMvEjQybIYbot%2FTwTRAl1aunCMX9snHpla2HignvgSQ6O61oqP%2FsQl%2F5FT6%2FYHOkeZSxDri5N76BASZfIlUTsb%2FUyP%2FDP2PIYc7JCsfLcJiVKj7pGTnjzCTWVz1r2cxbbR1nXBijIPwuA6NzoWPOT+MZRi2C8ObEV3BMBzhh4CflX1f4tMtCkUOcG6AQSFmkuYiMsSy4QJH53bMsCXS2l9OQF+dC5xeJjQ%2F9f4m8IC7o5vJ62KCoAEKZybiY2V65fmulUkzStF1L1fv73voEZZxJ6OrJWWoC+5gLvjwA72fPMjlBDyy8N9snQ0B4PJWHB4g%3D%3D&hotel=203683&ds=qqYuwCdeeyGgIaeA,
AGODA_3,agoda,Comfort Suites at Par 4 Resort,"1 King Bed, Suite, No smoking,Upgrade",king bedS,King,Suite,5.0,10345.0,0.0,10345.0,"['Wi-Fi [free]', 'Room size: 40 m²/431 ft²', '1 king bed', 'Separate shower/bathtub', 'Balcony/terrace', 'Mini bar', 'Non-smoking', 'Shared bathroom', 'Closet', 'Air conditioning']",2025-11-06,2025-11-07,https://www.agoda.com/en-in/comfort-suites-foxfire_5/hotel/waupaca-wi-us.html?asq=oSBZUdCJkTqIcAJrG1AX8Jufa9Vwpz6XltTHq4n+9gNpSLc+T+pB%2F8FnmmA8sOyABZMHJNyhPX8Prg%2FH1te1+vz5QyyV4UEqRQ9lzfdTBTxxn3WZkWNFTjlVRW+RlD7cD8zS52LqyqgGzSr4Q1yOV9fXfA8oGge%2Fyp6S5mpJBbOMmQnp4l%2FqxXHScg6%2FIMuw+IlKoH2RRzVED37Mh9Acgg2FjZQhPusmJYf5Wx3Xjom2O005JJr4tzCeQoVcD0pL1BrustHV7sjEhRQROgMYvvtksTw8xHnPyufhKXPrHNNQdwO4DN1hJ7DMFEBjA1tlsOuDhLfZOw1q2rQOnoj14WkhX+Rs50g0fdI7vUoNdFzciZtp1rX4kwueALQiVTpra8Q6YIY31VZ7ikracSjcaStovsPbQgCFuB4p9HKsGMuaiWpH3WUmUhYvwqBgss8OmYaYLY4mpvBQRFZ9DXnGL3Ab7LBfPPeV+xRKkQH%2FZbgm4pJ7H7mRjRxbsMXt2MhO4Waan8nej3fD86snlFzhLkuMmTTH5l9zLcYrLnjeW8QSqYQPBv+WKInhgy0w1c1tNvoKVnqZacA1np0vT683+qJ7vN1f5BqlEQqEAvmbOz7SfkPUnDmorqc9A57NEcuDP1S+AKBERrC%2FMG7qCA47RbfQ3Q3DeNYL8Fxddl6dcJ4c96xaz7wUkXZ4kU0h2nVNlZWZdwncM8i9lIIBkv7NjeRiEG3%2FHEwKwlkdRmn7a0F5nLRnaQbnusi0gbXykZ1nm0FFd++GSO81bPWsXT59pA8oVuEv166puW+LtIBENw0NMrQUqbkI%2FwyytdEKh7axbX90OXicJBjSGrd0%2Fn6OMvEjQybIYbot%2FTwTRAl1aunCMX9snHpla2HignvgSQ6O61oqP%2FsQl%2F5FT6%2FYHOkeZSxDri5N76BASZfIlUTsb%2FUyP%2FDP2PIYc7JCsfLcJiVKj7pGTnjzCTWVz1r2cxbbR1nXBijIPwuA6NzoWPOT+MZRi2C8ObEV3BMBzhh4CflX1f4tMtCkUOcG6AQSFmkuYiMsSy4QJH53bMsCXS2l9OQF+dC5xeJjQ%2F9f4m8IC7o5vJ62KCoAEKZybiY2V65fmulUkzStF1L1fv73voEZZxJ6OrJWWoC+5gLvjwA72fPMjlBDyy8N9snQ0B4PJWHB4g%3D%3D&hotel=203683&ds=qqYuwCdeeyGgIaeA,
AGODA_3,agoda,Comfort Suites at Par 4 Resort,"1 King Bed, Suite, No Smoking, Upgrade",king bed,King,Suite,5.0,10345.0,0.0,10345.0,"['Wi-Fi [free]', 'Room size: 40 m²/431 ft²', '1 king bed', 'Whirlpool bathtub', 'Non-smoking', 'Shared bathroom', 'Closet', 'Air conditioning', 'Coffee/tea maker', 'Refrigerator']",2025-11-06,2025-11-07,https://www.agoda.com/en-in/comfort-suites-foxfire_5/hotel/waupaca-wi-us.html?asq=oSBZUdCJkTqIcAJrG1AX8Jufa9Vwpz6XltTHq4n+9gNpSLc+T+pB%2F8FnmmA8sOyABZMHJNyhPX8Prg%2FH1te1+vz5QyyV4UEqRQ9lzfdTBTxxn3WZkWNFTjlVRW+RlD7cD8zS52LqyqgGzSr4Q1yOV9fXfA8oGge%2Fyp6S5mpJBbOMmQnp4l%2FqxXHScg6%2FIMuw+IlKoH2RRzVED37Mh9Acgg2FjZQhPusmJYf5Wx3Xjom2O005JJr4tzCeQoVcD0pL1BrustHV7sjEhRQROgMYvvtksTw8xHnPyufhKXPrHNNQdwO4DN1hJ7DMFEBjA1tlsOuDhLfZOw1q2rQOnoj14WkhX+Rs50g0fdI7vUoNdFzciZtp1rX4kwueALQiVTpra8Q6YIY31VZ7ikracSjcaStovsPbQgCFuB4p9HKsGMuaiWpH3WUmUhYvwqBgss8OmYaYLY4mpvBQRFZ9DXnGL3Ab7LBfPPeV+xRKkQH%2FZbgm4pJ7H7mRjRxbsMXt2MhO4Waan8nej3fD86snlFzhLkuMmTTH5l9zLcYrLnjeW8QSqYQPBv+WKInhgy0w1c1tNvoKVnqZacA1np0vT683+qJ7vN1f5BqlEQqEAvmbOz7SfkPUnDmorqc9A57NEcuDP1S+AKBERrC%2FMG7qCA47RbfQ3Q3DeNYL8Fxddl6dcJ4c96xaz7wUkXZ4kU0h2nVNlZWZdwncM8i9lIIBkv7NjeRiEG3%2FHEwKwlkdRmn7a0F5nLRnaQbnusi0gbXykZ1nm0FFd++GSO81bPWsXT59pA8oVuEv166puW+LtIBENw0NMrQUqbkI%2FwyytdEKh7axbX90OXicJBjSGrd0%2Fn6OMvEjQybIYbot%2FTwTRAl1aunCMX9snHpla2HignvgSQ6O61oqP%2FsQl%2F5FT6%2FYHOkeZSxDri5N76BASZfIlUTsb%2FUyP%2FDP2PIYc7JCsfLcJiVKj7pGTnjzCTWVz1r2cxbbR1nXBijIPwuA6NzoWPOT+MZRi2C8ObEV3BMBzhh4CflX1f4tMtCkUOcG6AQSFmkuYiMsSy4QJH53bMsCXS2l9OQF+dC5xeJjQ%2F9f4m8IC7o5vJ62KCoAEKZybiY2V65fmulUkzStF1L1fv73voEZZxJ6OrJWWoC+5gLvjwA72fPMjlBDyy8N9snQ0B4PJWHB4g%3D%3D&hotel=203683&ds=qqYuwCdeeyGgIaeA,
AGODA_3,agoda,Comfort Suites at Par 4 Resort,"2 Queen Beds, Suite, Nonsmoking",queen beds,Queen,Suite,5.0,9773.0,0.0,9773.0,"['Wi-Fi [free]', 'Room size: 39 m²/420 ft²', '2 queen beds', 'Mini bar', 'Non-smoking', 'Shared bathroom', 'Closet', 'Air conditioning', 'Coffee/tea maker', 'Refrigerator']",2025-11-08,2025-11-09,https://www.agoda.com/en-in/comfort-suites-foxfire_5/hotel/waupaca-wi-us.html?asq=oSBZUdCJkTqIcAJrG1AX8Jufa9Vwpz6XltTHq4n+9gNpSLc+T+pB%2F8FnmmA8sOyABZMHJNyhPX8Prg%2FH1te1+vz5QyyV4UEqRQ9lzfdTBTxxn3WZkWNFTjlVRW+RlD7cD8zS52LqyqgGzSr4Q1yOV9fXfA8oGge%2Fyp6S5mpJBbOMmQnp4l%2FqxXHScg6%2FIMuw+IlKoH2RRzVED37Mh9Acgg2FjZQhPusmJYf5Wx3Xjom2O005JJr4tzCeQoVcD0pL1BrustHV7sjEhRQROgMYvvtksTw8xHnPyufhKXPrHNNQdwO4DN1hJ7DMFEBjA1tlsOuDhLfZOw1q2rQOnoj14WkhX+Rs50g0fdI7vUoNdFzciZtp1rX4kwueALQiVTpra8Q6YIY31VZ7ikracSjcaStovsPbQgCFuB4p9HKsGMuaiWpH3WUmUhYvwqBgss8OmYaYLY4mpvBQRFZ9DXnGL3Ab7LBfPPeV+xRKkQH%2FZbgm4pJ7H7mRjRxbsMXt2MhO4Waan8nej3fD86snlFzhLkuMmTTH5l9zLcYrLnjeW8QSqYQPBv+WKInhgy0w1c1tNvoKVnqZacA1np0vT683+qJ7vN1f5BqlEQqEAvmbOz7SfkPUnDmorqc9A57NEcuDP1S+AKBERrC%2FMG7qCA47RbfQ3Q3DeNYL8Fxddl6dcJ4c96xaz7wUkXZ4kU0h2nVNlZWZdwncM8i9lIIBkv7NjeRiEG3%2FHEwKwlkdRmn7a0F5nLRnaQbnusi0gbXykZ1nm0FFd++GSO81bPWsXT59pA8oVuEv166puW+LtIBENw0NMrQUqbkI%2FwyytdEKh7axbX90OXicJBjSGrd0%2Fn6OMvEjQybIYbot%2FTwTRAl1aunCMX9snHpla2HignvgSQ6O61oqP%2FsQl%2F5FT6%2FYHOkeZSxDri5N76BASZfIlUTsb%2FUyP%2FDP2PIYc7JCsfLcJiVKj7pGTnjzCTWVz1r2cxbbR1nXBijIPwuA6NzoWPOT+MZRi2C8ObEV3BMBzhh4CflX1f4tMtCkUOcG6AQSFmkuYiMsSy4QJH53bMsCXS2l9OQF+dC5xeJjQ%2F9f4m8IC7o5vJ62KCoAEKZybiY2V65fmulUkzStF1L1fv73voEZZxJ6OrJWWoC+5gLvjwA72fPMjlBDyy8N9snQ0B4PJWHB4g%3D%3D&hotel=203683&ds=qqYuwCdeeyGgIaeA,
AGODA_3,agoda,Comfort Suites at Par 4 Resort,"1 King Bed, Suite, Nonsmoking, Accessible",king bed,King,Suite,5.0,10473.0,0.0,10473.0,"['Wi-Fi [free]', 'Room size: 40 m²/431 ft²', '1 king bed', 'Bathtub', 'Non-smoking', 'Shared bathroom', 'Closet', 'Air conditioning', 'Coffee/tea maker', 'Refrigerator']",2025-11-08,2025-11-09,https://www.agoda.com/en-in/comfort-suites-foxfire_5/hotel/waupaca-wi-us.html?asq=oSBZUdCJkTqIcAJrG1AX8Jufa9Vwpz6XltTHq4n+9gNpSLc+T+pB%2F8FnmmA8sOyABZMHJNyhPX8Prg%2FH1te1+vz5QyyV4UEqRQ9lzfdTBTxxn3WZkWNFTjlVRW+RlD7cD8zS52LqyqgGzSr4Q1yOV9fXfA8oGge%2Fyp6S5mpJBbOMmQnp4l%2FqxXHScg6%2FIMuw+IlKoH2RRzVED37Mh9Acgg2FjZQhPusmJYf5Wx3Xjom2O005JJr4tzCeQoVcD0pL1BrustHV7sjEhRQROgMYvvtksTw8xHnPyufhKXPrHNNQdwO4DN1hJ7DMFEBjA1tlsOuDhLfZOw1q2rQOnoj14WkhX+Rs50g0fdI7vUoNdFzciZtp1rX4kwueALQiVTpra8Q6YIY31VZ7ikracSjcaStovsPbQgCFuB4p9HKsGMuaiWpH3WUmUhYvwqBgss8OmYaYLY4mpvBQRFZ9DXnGL3Ab7LBfPPeV+xRKkQH%2FZbgm4pJ7H7mRjRxbsMXt2MhO4Waan8nej3fD86snlFzhLkuMmTTH5l9zLcYrLnjeW8QSqYQPBv+WKInhgy0w1c1tNvoKVnqZacA1np0vT683+qJ7vN1f5BqlEQqEAvmbOz7SfkPUnDmorqc9A57NEcuDP1S+AKBERrC%2FMG7qCA47RbfQ3Q3DeNYL8Fxddl6dcJ4c96xaz7wUkXZ4kU0h2nVNlZWZdwncM8i9lIIBkv7NjeRiEG3%2FHEwKwlkdRmn7a0F5nLRnaQbnusi0gbXykZ1nm0FFd++GSO81bPWsXT59pA8oVuEv166puW+LtIBENw0NMrQUqbkI%2FwyytdEKh7axbX90OXicJBjSGrd0%2Fn6OMvEjQybIYbot%2FTwTRAl1aunCMX9snHpla2HignvgSQ6O61oqP%2FsQl%2F5FT6%2FYHOkeZSxDri5N76BASZfIlUTsb%2FUyP%2FDP2PIYc7JCsfLcJiVKj7pGTnjzCTWVz1r2cxbbR1nXBijIPwuA6NzoWPOT+MZRi2C8ObEV3BMBzhh4CflX1f4tMtCkUOcG6AQSFmkuYiMsSy4QJH53bMsCXS2l9OQF+dC5xeJjQ%2F9f4m8IC7o5vJ62KCoAEKZybiY2V65fmulUkzStF1L1fv73voEZZxJ6OrJWWoC+5gLvjwA72fPMjlBDyy8N9snQ0B4PJWHB4g%3D%3D&hotel=203683&ds=qqYuwCdeeyGgIaeA,
AGODA_3,agoda,Comfort Suites at Par 4 Resort,"1 King Bed, Suite, No Smoking",king bed,King,Suite,5.0,10473.0,0.0,10473.0,"['Wi-Fi [free]', 'Room size: 39 m²/420 ft²', '1 king bed', 'Mini bar', 'Non-smoking', 'Shared bathroom', 'Closet', 'Air conditioning', 'Coffee/tea maker', 'Refrigerator']",2025-11-08,2025-11-09,https://www.agoda.com/en-in/comfort-suites-foxfire_5/hotel/waupaca-wi-us.html?asq=oSBZUdCJkTqIcAJrG1AX8Jufa9Vwpz6XltTHq4n+9gNpSLc+T+pB%2F8FnmmA8sOyABZMHJNyhPX8Prg%2FH1te1+vz5QyyV4UEqRQ9lzfdTBTxxn3WZkWNFTjlVRW+RlD7cD8zS52LqyqgGzSr4Q1yOV9fXfA8oGge%2Fyp6S5mpJBbOMmQnp4l%2FqxXHScg6%2FIMuw+IlKoH2RRzVED37Mh9Acgg2FjZQhPusmJYf5Wx3Xjom2O005JJr4tzCeQoVcD0pL1BrustHV7sjEhRQROgMYvvtksTw8xHnPyufhKXPrHNNQdwO4DN1hJ7DMFEBjA1tlsOuDhLfZOw1q2rQOnoj14WkhX+Rs50g0fdI7vUoNdFzciZtp1rX4kwueALQiVTpra8Q6YIY31VZ7ikracSjcaStovsPbQgCFuB4p9HKsGMuaiWpH3WUmUhYvwqBgss8OmYaYLY4mpvBQRFZ9DXnGL3Ab7LBfPPeV+xRKkQH%2FZbgm4pJ7H7mRjRxbsMXt2MhO4Waan8nej3fD86snlFzhLkuMmTTH5l9zLcYrLnjeW8QSqYQPBv+WKInhgy0w1c1tNvoKVnqZacA1np0vT683+qJ7vN1f5BqlEQqEAvmbOz7SfkPUnDmorqc9A57NEcuDP1S+AKBERrC%2FMG7qCA47RbfQ3Q3DeNYL8Fxddl6dcJ4c96xaz7wUkXZ4kU0h2nVNlZWZdwncM8i9lIIBkv7NjeRiEG3%2FHEwKwlkdRmn7a0F5nLRnaQbnusi0gbXykZ1nm0FFd++GSO81bPWsXT59pA8oVuEv166puW+LtIBENw0NMrQUqbkI%2FwyytdEKh7axbX90OXicJBjSGrd0%2Fn6OMvEjQybIYbot%2FTwTRAl1aunCMX9snHpla2HignvgSQ6O61oqP%2FsQl%2F5FT6%2FYHOkeZSxDri5N76BASZfIlUTsb%2FUyP%2FDP2PIYc7JCsfLcJiVKj7pGTnjzCTWVz1r2cxbbR1nXBijIPwuA6NzoWPOT+MZRi2C8ObEV3BMBzhh4CflX1f4tMtCkUOcG6AQSFmkuYiMsSy4QJH53bMsCXS2l9OQF+dC5xeJjQ%2F9f4m8IC7o5vJ62KCoAEKZybiY2V65fmulUkzStF1L1fv73voEZZxJ6OrJWWoC+5gLvjwA72fPMjlBDyy8N9snQ0B4PJWHB4g%3D%3D&hotel=203683&ds=qqYuwCdeeyGgIaeA,
AGODA_3,agoda,Comfort Suites at Par 4 Resort,"1 King Bed, Suite, No Smoking, Upgrade",king bed,King,Suite,5.0,11031.0,0.0,11031.0,"['Wi-Fi [free]', 'Room size: 40 m²/431 ft²', '1 king bed', 'Whirlpool bathtub', 'Non-smoking', 'Shared bathroom', 'Closet', 'Air conditioning', 'Coffee/tea maker', 'Refrigerator']",2025-11-08,2025-11-09,https://www.agoda.com/en-in/comfort-suites-foxfire_5/hotel/waupaca-wi-us.html?asq=oSBZUdCJkTqIcAJrG1AX8Jufa9Vwpz6XltTHq4n+9gNpSLc+T+pB%2F8FnmmA8sOyABZMHJNyhPX8Prg%2FH1te1+vz5QyyV4UEqRQ9lzfdTBTxxn3WZkWNFTjlVRW+RlD7cD8zS52LqyqgGzSr4Q1yOV9fXfA8oGge%2Fyp6S5mpJBbOMmQnp4l%2FqxXHScg6%2FIMuw+IlKoH2RRzVED37Mh9Acgg2FjZQhPusmJYf5Wx3Xjom2O005JJr4tzCeQoVcD0pL1BrustHV7sjEhRQROgMYvvtksTw8xHnPyufhKXPrHNNQdwO4DN1hJ7DMFEBjA1tlsOuDhLfZOw1q2rQOnoj14WkhX+Rs50g0fdI7vUoNdFzciZtp1rX4kwueALQiVTpra8Q6YIY31VZ7ikracSjcaStovsPbQgCFuB4p9HKsGMuaiWpH3WUmUhYvwqBgss8OmYaYLY4mpvBQRFZ9DXnGL3Ab7LBfPPeV+xRKkQH%2FZbgm4pJ7H7mRjRxbsMXt2MhO4Waan8nej3fD86snlFzhLkuMmTTH5l9zLcYrLnjeW8QSqYQPBv+WKInhgy0w1c1tNvoKVnqZacA1np0vT683+qJ7vN1f5BqlEQqEAvmbOz7SfkPUnDmorqc9A57NEcuDP1S+AKBERrC%2FMG7qCA47RbfQ3Q3DeNYL8Fxddl6dcJ4c96xaz7wUkXZ4kU0h2nVNlZWZdwncM8i9lIIBkv7NjeRiEG3%2FHEwKwlkdRmn7a0F5nLRnaQbnusi0gbXykZ1nm0FFd++GSO81bPWsXT59pA8oVuEv166puW+LtIBENw0NMrQUqbkI%2FwyytdEKh7axbX90OXicJBjSGrd0%2Fn6OMvEjQybIYbot%2FTwTRAl1aunCMX9snHpla2HignvgSQ6O61oqP%2FsQl%2F5FT6%2FYHOkeZSxDri5N76BASZfIlUTsb%2FUyP%2FDP2PIYc7JCsfLcJiVKj7pGTnjzCTWVz1r2cxbbR1nXBijIPwuA6NzoWPOT+MZRi2C8ObEV3BMBzhh4CflX1f4tMtCkUOcG6AQSFmkuYiMsSy4QJH53bMsCXS2l9OQF+dC5xeJjQ%2F9f4m8IC7o5vJ62KCoAEKZybiY2V65fmulUkzStF1L1fv73voEZZxJ6OrJWWoC+5gLvjwA72fPMjlBDyy8N9snQ0B4PJWHB4g%3D%3D&hotel=203683&ds=qqYuwCdeeyGgIaeA,
AGODA_3,agoda,Comfort Suites at Par 4 Resort,"1 King Bed, Suite, No smoking,Upgrade",king bedS,King,Suite,5.0,12017.0,0.0,12017.0,"['Wi-Fi [free]', 'Room size: 40 m²/431 ft²', '1 king bed', 'Separate shower/bathtub', 'Balcony/terrace', 'Mini bar', 'Non-smoking', 'Shared bathroom', 'Closet', 'Air conditioning']",2025-11-08,2025-11-09,https://www.agoda.com/en-in/comfort-suites-foxfire_5/hotel/waupaca-wi-us.html?asq=oSBZUdCJkTqIcAJrG1AX8Jufa9Vwpz6XltTHq4n+9gNpSLc+T+pB%2F8FnmmA8sOyABZMHJNyhPX8Prg%2FH1te1+vz5QyyV4UEqRQ9lzfdTBTxxn3WZkWNFTjlVRW+RlD7cD8zS52LqyqgGzSr4Q1yOV9fXfA8oGge%2Fyp6S5mpJBbOMmQnp4l%2FqxXHScg6%2FIMuw+IlKoH2RRzVED37Mh9Acgg2FjZQhPusmJYf5Wx3Xjom2O005JJr4tzCeQoVcD0pL1BrustHV7sjEhRQROgMYvvtksTw8xHnPyufhKXPrHNNQdwO4DN1hJ7DMFEBjA1tlsOuDhLfZOw1q2rQOnoj14WkhX+Rs50g0fdI7vUoNdFzciZtp1rX4kwueALQiVTpra8Q6YIY31VZ7ikracSjcaStovsPbQgCFuB4p9HKsGMuaiWpH3WUmUhYvwqBgss8OmYaYLY4mpvBQRFZ9DXnGL3Ab7LBfPPeV+xRKkQH%2FZbgm4pJ7H7mRjRxbsMXt2MhO4Waan8nej3fD86snlFzhLkuMmTTH5l9zLcYrLnjeW8QSqYQPBv+WKInhgy0w1c1tNvoKVnqZacA1np0vT683+qJ7vN1f5BqlEQqEAvmbOz7SfkPUnDmorqc9A57NEcuDP1S+AKBERrC%2FMG7qCA47RbfQ3Q3DeNYL8Fxddl6dcJ4c96xaz7wUkXZ4kU0h2nVNlZWZdwncM8i9lIIBkv7NjeRiEG3%2FHEwKwlkdRmn7a0F5nLRnaQbnusi0gbXykZ1nm0FFd++GSO81bPWsXT59pA8oVuEv166puW+LtIBENw0NMrQUqbkI%2FwyytdEKh7axbX90OXicJBjSGrd0%2Fn6OMvEjQybIYbot%2FTwTRAl1aunCMX9snHpla2HignvgSQ6O61oqP%2FsQl%2F5FT6%2FYHOkeZSxDri5N76BASZfIlUTsb%2FUyP%2FDP2PIYc7JCsfLcJiVKj7pGTnjzCTWVz1r2cxbbR1nXBijIPwuA6NzoWPOT+MZRi2C8ObEV3BMBzhh4CflX1f4tMtCkUOcG6AQSFmkuYiMsSy4QJH53bMsCXS2l9OQF+dC5xeJjQ%2F9f4m8IC7o5vJ62KCoAEKZybiY2V65fmulUkzStF1L1fv73voEZZxJ6OrJWWoC+5gLvjwA72fPMjlBDyy8N9snQ0B4PJWHB4g%3D%3D&hotel=203683&ds=qqYuwCdeeyGgIaeA,
AGODA_3,agoda,Comfort Suites at Par 4 Resort,"2 Queen Beds, Suite, Nonsmoking",queen beds,Queen,Suite,5.0,10142.0,0.0,10142.0,"['Wi-Fi [free]', 'Room size: 39 m²/420 ft²', '2 queen beds', 'Mini bar', 'Non-smoking', 'Shared bathroom', 'Closet', 'Air conditioning', 'Coffee/tea maker', 'Refrigerator']",2025-11-09,2025-11-10,https://www.agoda.com/en-in/comfort-suites-foxfire_5/hotel/waupaca-wi-us.html?asq=oSBZUdCJkTqIcAJrG1AX8Jufa9Vwpz6XltTHq4n+9gNpSLc+T+pB%2F8FnmmA8sOyABZMHJNyhPX8Prg%2FH1te1+vz5QyyV4UEqRQ9lzfdTBTxxn3WZkWNFTjlVRW+RlD7cD8zS52LqyqgGzSr4Q1yOV9fXfA8oGge%2Fyp6S5mpJBbOMmQnp4l%2FqxXHScg6%2FIMuw+IlKoH2RRzVED37Mh9Acgg2FjZQhPusmJYf5Wx3Xjom2O005JJr4tzCeQoVcD0pL1BrustHV7sjEhRQROgMYvvtksTw8xHnPyufhKXPrHNNQdwO4DN1hJ7DMFEBjA1tlsOuDhLfZOw1q2rQOnoj14WkhX+Rs50g0fdI7vUoNdFzciZtp1rX4kwueALQiVTpra8Q6YIY31VZ7ikracSjcaStovsPbQgCFuB4p9HKsGMuaiWpH3WUmUhYvwqBgss8OmYaYLY4mpvBQRFZ9DXnGL3Ab7LBfPPeV+xRKkQH%2FZbgm4pJ7H7mRjRxbsMXt2MhO4Waan8nej3fD86snlFzhLkuMmTTH5l9zLcYrLnjeW8QSqYQPBv+WKInhgy0w1c1tNvoKVnqZacA1np0vT683+qJ7vN1f5BqlEQqEAvmbOz7SfkPUnDmorqc9A57NEcuDP1S+AKBERrC%2FMG7qCA47RbfQ3Q3DeNYL8Fxddl6dcJ4c96xaz7wUkXZ4kU0h2nVNlZWZdwncM8i9lIIBkv7NjeRiEG3%2FHEwKwlkdRmn7a0F5nLRnaQbnusi0gbXykZ1nm0FFd++GSO81bPWsXT59pA8oVuEv166puW+LtIBENw0NMrQUqbkI%2FwyytdEKh7axbX90OXicJBjSGrd0%2Fn6OMvEjQybIYbot%2FTwTRAl1aunCMX9snHpla2HignvgSQ6O61oqP%2FsQl%2F5FT6%2FYHOkeZSxDri5N76BASZfIlUTsb%2FUyP%2FDP2PIYc7JCsfLcJiVKj7pGTnjzCTWVz1r2cxbbR1nXBijIPwuA6NzoWPOT+MZRi2C8ObEV3BMBzhh4CflX1f4tMtCkUOcG6AQSFmkuYiMsSy4QJH53bMsCXS2l9OQF+dC5xeJjQ%2F9f4m8IC7o5vJ62KCoAEKZybiY2V65fmulUkzStF1L1fv73voEZZxJ6OrJWWoC+5gLvjwA72fPMjlBDyy8N9snQ0B4PJWHB4g%3D%3D&hotel=203683&ds=qqYuwCdeeyGgIaeA,
AGODA_3,agoda,Comfort Suites at Par 4 Resort,"1 King Bed, Suite, Nonsmoking, Accessible",king bed,King,Suite,5.0,11441.0,0.0,11441.0,"['Wi-Fi [free]', 'Room size: 40 m²/431 ft²', '1 king bed', 'Bathtub', 'Non-smoking', 'Shared bathroom', 'Closet', 'Air conditioning', 'Coffee/tea maker', 'Refrigerator']",2025-11-09,2025-11-10,https://www.agoda.com/en-in/comfort-suites-foxfire_5/hotel/waupaca-wi-us.html?asq=oSBZUdCJkTqIcAJrG1AX8Jufa9Vwpz6XltTHq4n+9gNpSLc+T+pB%2F8FnmmA8sOyABZMHJNyhPX8Prg%2FH1te1+vz5QyyV4UEqRQ9lzfdTBTxxn3WZkWNFTjlVRW+RlD7cD8zS52LqyqgGzSr4Q1yOV9fXfA8oGge%2Fyp6S5mpJBbOMmQnp4l%2FqxXHScg6%2FIMuw+IlKoH2RRzVED37Mh9Acgg2FjZQhPusmJYf5Wx3Xjom2O005JJr4tzCeQoVcD0pL1BrustHV7sjEhRQROgMYvvtksTw8xHnPyufhKXPrHNNQdwO4DN1hJ7DMFEBjA1tlsOuDhLfZOw1q2rQOnoj14WkhX+Rs50g0fdI7vUoNdFzciZtp1rX4kwueALQiVTpra8Q6YIY31VZ7ikracSjcaStovsPbQgCFuB4p9HKsGMuaiWpH3WUmUhYvwqBgss8OmYaYLY4mpvBQRFZ9DXnGL3Ab7LBfPPeV+xRKkQH%2FZbgm4pJ7H7mRjRxbsMXt2MhO4Waan8nej3fD86snlFzhLkuMmTTH5l9zLcYrLnjeW8QSqYQPBv+WKInhgy0w1c1tNvoKVnqZacA1np0vT683+qJ7vN1f5BqlEQqEAvmbOz7SfkPUnDmorqc9A57NEcuDP1S+AKBERrC%2FMG7qCA47RbfQ3Q3DeNYL8Fxddl6dcJ4c96xaz7wUkXZ4kU0h2nVNlZWZdwncM8i9lIIBkv7NjeRiEG3%2FHEwKwlkdRmn7a0F5nLRnaQbnusi0gbXykZ1nm0FFd++GSO81bPWsXT59pA8oVuEv166puW+LtIBENw0NMrQUqbkI%2FwyytdEKh7axbX90OXicJBjSGrd0%2Fn6OMvEjQybIYbot%2FTwTRAl1aunCMX9snHpla2HignvgSQ6O61oqP%2FsQl%2F5FT6%2FYHOkeZSxDri5N76BASZfIlUTsb%2FUyP%2FDP2PIYc7JCsfLcJiVKj7pGTnjzCTWVz1r2cxbbR1nXBijIPwuA6NzoWPOT+MZRi2C8ObEV3BMBzhh4CflX1f4tMtCkUOcG6AQSFmkuYiMsSy4QJH53bMsCXS2l9OQF+dC5xeJjQ%2F9f4m8IC7o5vJ62KCoAEKZybiY2V65fmulUkzStF1L1fv73voEZZxJ6OrJWWoC+5gLvjwA72fPMjlBDyy8N9snQ0B4PJWHB4g%3D%3D&hotel=203683&ds=qqYuwCdeeyGgIaeA,
AGODA_3,agoda,Comfort Suites at Par 4 Resort,"1 King Bed, Suite, No Smoking",king bed,King,Suite,5.0,11875.0,0.0,11875.0,"['Wi-Fi [free]', 'Room size: 39 m²/420 ft²', '1 king bed', 'Mini bar', 'Non-smoking', 'Shared bathroom', 'Closet', 'Air conditioning', 'Coffee/tea maker', 'Refrigerator']",2025-11-09,2025-11-10,https://www.agoda.com/en-in/comfort-suites-foxfire_5/hotel/waupaca-wi-us.html?asq=oSBZUdCJkTqIcAJrG1AX8Jufa9Vwpz6XltTHq4n+9gNpSLc+T+pB%2F8FnmmA8sOyABZMHJNyhPX8Prg%2FH1te1+vz5QyyV4UEqRQ9lzfdTBTxxn3WZkWNFTjlVRW+RlD7cD8zS52LqyqgGzSr4Q1yOV9fXfA8oGge%2Fyp6S5mpJBbOMmQnp4l%2FqxXHScg6%2FIMuw+IlKoH2RRzVED37Mh9Acgg2FjZQhPusmJYf5Wx3Xjom2O005JJr4tzCeQoVcD0pL1BrustHV7sjEhRQROgMYvvtksTw8xHnPyufhKXPrHNNQdwO4DN1hJ7DMFEBjA1tlsOuDhLfZOw1q2rQOnoj14WkhX+Rs50g0fdI7vUoNdFzciZtp1rX4kwueALQiVTpra8Q6YIY31VZ7ikracSjcaStovsPbQgCFuB4p9HKsGMuaiWpH3WUmUhYvwqBgss8OmYaYLY4mpvBQRFZ9DXnGL3Ab7LBfPPeV+xRKkQH%2FZbgm4pJ7H7mRjRxbsMXt2MhO4Waan8nej3fD86snlFzhLkuMmTTH5l9zLcYrLnjeW8QSqYQPBv+WKInhgy0w1c1tNvoKVnqZacA1np0vT683+qJ7vN1f5BqlEQqEAvmbOz7SfkPUnDmorqc9A57NEcuDP1S+AKBERrC%2FMG7qCA47RbfQ3Q3DeNYL8Fxddl6dcJ4c96xaz7wUkXZ4kU0h2nVNlZWZdwncM8i9lIIBkv7NjeRiEG3%2FHEwKwlkdRmn7a0F5nLRnaQbnusi0gbXykZ1nm0FFd++GSO81bPWsXT59pA8oVuEv166puW+LtIBENw0NMrQUqbkI%2FwyytdEKh7axbX90OXicJBjSGrd0%2Fn6OMvEjQybIYbot%2FTwTRAl1aunCMX9snHpla2HignvgSQ6O61oqP%2FsQl%2F5FT6%2FYHOkeZSxDri5N76BASZfIlUTsb%2FUyP%2FDP2PIYc7JCsfLcJiVKj7pGTnjzCTWVz1r2cxbbR1nXBijIPwuA6NzoWPOT+MZRi2C8ObEV3BMBzhh4CflX1f4tMtCkUOcG6AQSFmkuYiMsSy4QJH53bMsCXS2l9OQF+dC5xeJjQ%2F9f4m8IC7o5vJ62KCoAEKZybiY2V65fmulUkzStF1L1fv73voEZZxJ6OrJWWoC+5gLvjwA72fPMjlBDyy8N9snQ0B4PJWHB4g%3D%3D&hotel=203683&ds=qqYuwCdeeyGgIaeA,
AGODA_3,agoda,Comfort Suites at Par 4 Resort,"1 King Bed, Suite, No smoking,Upgrade",king bedS,King,Suite,5.0,12103.0,0.0,12103.0,"['Wi-Fi [free]', 'Room size: 40 m²/431 ft²', '1 king bed', 'Separate shower/bathtub', 'Balcony/terrace', 'Mini bar', 'Non-smoking', 'Shared bathroom', 'Closet', 'Air conditioning']",2025-11-09,2025-11-10,https://www.agoda.com/en-in/comfort-suites-foxfire_5/hotel/waupaca-wi-us.html?asq=oSBZUdCJkTqIcAJrG1AX8Jufa9Vwpz6XltTHq4n+9gNpSLc+T+pB%2F8FnmmA8sOyABZMHJNyhPX8Prg%2FH1te1+vz5QyyV4UEqRQ9lzfdTBTxxn3WZkWNFTjlVRW+RlD7cD8zS52LqyqgGzSr4Q1yOV9fXfA8oGge%2Fyp6S5mpJBbOMmQnp4l%2FqxXHScg6%2FIMuw+IlKoH2RRzVED37Mh9Acgg2FjZQhPusmJYf5Wx3Xjom2O005JJr4tzCeQoVcD0pL1BrustHV7sjEhRQROgMYvvtksTw8xHnPyufhKXPrHNNQdwO4DN1hJ7DMFEBjA1tlsOuDhLfZOw1q2rQOnoj14WkhX+Rs50g0fdI7vUoNdFzciZtp1rX4kwueALQiVTpra8Q6YIY31VZ7ikracSjcaStovsPbQgCFuB4p9HKsGMuaiWpH3WUmUhYvwqBgss8OmYaYLY4mpvBQRFZ9DXnGL3Ab7LBfPPeV+xRKkQH%2FZbgm4pJ7H7mRjRxbsMXt2MhO4Waan8nej3fD86snlFzhLkuMmTTH5l9zLcYrLnjeW8QSqYQPBv+WKInhgy0w1c1tNvoKVnqZacA1np0vT683+qJ7vN1f5BqlEQqEAvmbOz7SfkPUnDmorqc9A57NEcuDP1S+AKBERrC%2FMG7qCA47RbfQ3Q3DeNYL8Fxddl6dcJ4c96xaz7wUkXZ4kU0h2nVNlZWZdwncM8i9lIIBkv7NjeRiEG3%2FHEwKwlkdRmn7a0F5nLRnaQbnusi0gbXykZ1nm0FFd++GSO81bPWsXT59pA8oVuEv166puW+LtIBENw0NMrQUqbkI%2FwyytdEKh7axbX90OXicJBjSGrd0%2Fn6OMvEjQybIYbot%2FTwTRAl1aunCMX9snHpla2HignvgSQ6O61oqP%2FsQl%2F5FT6%2FYHOkeZSxDri5N76BASZfIlUTsb%2FUyP%2FDP2PIYc7JCsfLcJiVKj7pGTnjzCTWVz1r2cxbbR1nXBijIPwuA6NzoWPOT+MZRi2C8ObEV3BMBzhh4CflX1f4tMtCkUOcG6AQSFmkuYiMsSy4QJH53bMsCXS2l9OQF+dC5xeJjQ%2F9f4m8IC7o5vJ62KCoAEKZybiY2V65fmulUkzStF1L1fv73voEZZxJ6OrJWWoC+5gLvjwA72fPMjlBDyy8N9snQ0B4PJWHB4g%3D%3D&hotel=203683&ds=qqYuwCdeeyGgIaeA,
AGODA_3,agoda,Comfort Suites at Par 4 Resort,"1 King Bed, Suite, No Smoking, Upgrade",king bed,King,Suite,5.0,12103.0,0.0,12103.0,"['Wi-Fi [free]', 'Room size: 40 m²/431 ft²', '1 king bed', 'Whirlpool bathtub', 'Non-smoking', 'Shared bathroom', 'Closet', 'Air conditioning', 'Coffee/tea maker', 'Refrigerator']",2025-11-09,2025-11-10,https://www.agoda.com/en-in/comfort-suites-foxfire_5/hotel/waupaca-wi-us.html?asq=oSBZUdCJkTqIcAJrG1AX8Jufa9Vwpz6XltTHq4n+9gNpSLc+T+pB%2F8FnmmA8sOyABZMHJNyhPX8Prg%2FH1te1+vz5QyyV4UEqRQ9lzfdTBTxxn3WZkWNFTjlVRW+RlD7cD8zS52LqyqgGzSr4Q1yOV9fXfA8oGge%2Fyp6S5mpJBbOMmQnp4l%2FqxXHScg6%2FIMuw+IlKoH2RRzVED37Mh9Acgg2FjZQhPusmJYf5Wx3Xjom2O005JJr4tzCeQoVcD0pL1BrustHV7sjEhRQROgMYvvtksTw8xHnPyufhKXPrHNNQdwO4DN1hJ7DMFEBjA1tlsOuDhLfZOw1q2rQOnoj14WkhX+Rs50g0fdI7vUoNdFzciZtp1rX4kwueALQiVTpra8Q6YIY31VZ7ikracSjcaStovsPbQgCFuB4p9HKsGMuaiWpH3WUmUhYvwqBgss8OmYaYLY4mpvBQRFZ9DXnGL3Ab7LBfPPeV+xRKkQH%2FZbgm4pJ7H7mRjRxbsMXt2MhO4Waan8nej3fD86snlFzhLkuMmTTH5l9zLcYrLnjeW8QSqYQPBv+WKInhgy0w1c1tNvoKVnqZacA1np0vT683+qJ7vN1f5BqlEQqEAvmbOz7SfkPUnDmorqc9A57NEcuDP1S+AKBERrC%2FMG7qCA47RbfQ3Q3DeNYL8Fxddl6dcJ4c96xaz7wUkXZ4kU0h2nVNlZWZdwncM8i9lIIBkv7NjeRiEG3%2FHEwKwlkdRmn7a0F5nLRnaQbnusi0gbXykZ1nm0FFd++GSO81bPWsXT59pA8oVuEv166puW+LtIBENw0NMrQUqbkI%2FwyytdEKh7axbX90OXicJBjSGrd0%2Fn6OMvEjQybIYbot%2FTwTRAl1aunCMX9snHpla2HignvgSQ6O61oqP%2FsQl%2F5FT6%2FYHOkeZSxDri5N76BASZfIlUTsb%2FUyP%2FDP2PIYc7JCsfLcJiVKj7pGTnjzCTWVz1r2cxbbR1nXBijIPwuA6NzoWPOT+MZRi2C8ObEV3BMBzhh4CflX1f4tMtCkUOcG6AQSFmkuYiMsSy4QJH53bMsCXS2l9OQF+dC5xeJjQ%2F9f4m8IC7o5vJ62KCoAEKZybiY2V65fmulUkzStF1L1fv73voEZZxJ6OrJWWoC+5gLvjwA72fPMjlBDyy8N9snQ0B4PJWHB4g%3D%3D&hotel=203683&ds=qqYuwCdeeyGgIaeA,
AGODA_3,agoda,Comfort Suites at Par 4 Resort,"2 Queen Beds, Suite, Nonsmoking",queen beds,Queen,Suite,5.0,9593.0,0.0,9593.0,"['Wi-Fi [free]', 'Room size: 39 m²/420 ft²', '2 queen beds', 'Mini bar', 'Non-smoking', 'Shared bathroom', 'Closet', 'Air conditioning', 'Coffee/tea maker', 'Refrigerator']",2025-11-10,2025-11-11,https://www.agoda.com/en-in/comfort-suites-foxfire_5/hotel/waupaca-wi-us.html?asq=oSBZUdCJkTqIcAJrG1AX8Jufa9Vwpz6XltTHq4n+9gNpSLc+T+pB%2F8FnmmA8sOyABZMHJNyhPX8Prg%2FH1te1+vz5QyyV4UEqRQ9lzfdTBTxxn3WZkWNFTjlVRW+RlD7cD8zS52LqyqgGzSr4Q1yOV9fXfA8oGge%2Fyp6S5mpJBbOMmQnp4l%2FqxXHScg6%2FIMuw+IlKoH2RRzVED37Mh9Acgg2FjZQhPusmJYf5Wx3Xjom2O005JJr4tzCeQoVcD0pL1BrustHV7sjEhRQROgMYvvtksTw8xHnPyufhKXPrHNNQdwO4DN1hJ7DMFEBjA1tlsOuDhLfZOw1q2rQOnoj14WkhX+Rs50g0fdI7vUoNdFzciZtp1rX4kwueALQiVTpra8Q6YIY31VZ7ikracSjcaStovsPbQgCFuB4p9HKsGMuaiWpH3WUmUhYvwqBgss8OmYaYLY4mpvBQRFZ9DXnGL3Ab7LBfPPeV+xRKkQH%2FZbgm4pJ7H7mRjRxbsMXt2MhO4Waan8nej3fD86snlFzhLkuMmTTH5l9zLcYrLnjeW8QSqYQPBv+WKInhgy0w1c1tNvoKVnqZacA1np0vT683+qJ7vN1f5BqlEQqEAvmbOz7SfkPUnDmorqc9A57NEcuDP1S+AKBERrC%2FMG7qCA47RbfQ3Q3DeNYL8Fxddl6dcJ4c96xaz7wUkXZ4kU0h2nVNlZWZdwncM8i9lIIBkv7NjeRiEG3%2FHEwKwlkdRmn7a0F5nLRnaQbnusi0gbXykZ1nm0FFd++GSO81bPWsXT59pA8oVuEv166puW+LtIBENw0NMrQUqbkI%2FwyytdEKh7axbX90OXicJBjSGrd0%2Fn6OMvEjQybIYbot%2FTwTRAl1aunCMX9snHpla2HignvgSQ6O61oqP%2FsQl%2F5FT6%2FYHOkeZSxDri5N76BASZfIlUTsb%2FUyP%2FDP2PIYc7JCsfLcJiVKj7pGTnjzCTWVz1r2cxbbR1nXBijIPwuA6NzoWPOT+MZRi2C8ObEV3BMBzhh4CflX1f4tMtCkUOcG6AQSFmkuYiMsSy4QJH53bMsCXS2l9OQF+dC5xeJjQ%2F9f4m8IC7o5vJ62KCoAEKZybiY2V65fmulUkzStF1L1fv73voEZZxJ6OrJWWoC+5gLvjwA72fPMjlBDyy8N9snQ0B4PJWHB4g%3D%3D&hotel=203683&ds=qqYuwCdeeyGgIaeA,
AGODA_3,agoda,Comfort Suites at Par 4 Resort,"1 King Bed, Suite, Nonsmoking, Accessible",king bed,King,Suite,5.0,10848.0,0.0,10848.0,"['Wi-Fi [free]', 'Room size: 40 m²/431 ft²', '1 king bed', 'Bathtub', 'Non-smoking', 'Shared bathroom', 'Closet', 'Air conditioning', 'Coffee/tea maker', 'Refrigerator']",2025-11-10,2025-11-11,https://www.agoda.com/en-in/comfort-suites-foxfire_5/hotel/waupaca-wi-us.html?asq=oSBZUdCJkTqIcAJrG1AX8Jufa9Vwpz6XltTHq4n+9gNpSLc+T+pB%2F8FnmmA8sOyABZMHJNyhPX8Prg%2FH1te1+vz5QyyV4UEqRQ9lzfdTBTxxn3WZkWNFTjlVRW+RlD7cD8zS52LqyqgGzSr4Q1yOV9fXfA8oGge%2Fyp6S5mpJBbOMmQnp4l%2FqxXHScg6%2FIMuw+IlKoH2RRzVED37Mh9Acgg2FjZQhPusmJYf5Wx3Xjom2O005JJr4tzCeQoVcD0pL1BrustHV7sjEhRQROgMYvvtksTw8xHnPyufhKXPrHNNQdwO4DN1hJ7DMFEBjA1tlsOuDhLfZOw1q2rQOnoj14WkhX+Rs50g0fdI7vUoNdFzciZtp1rX4kwueALQiVTpra8Q6YIY31VZ7ikracSjcaStovsPbQgCFuB4p9HKsGMuaiWpH3WUmUhYvwqBgss8OmYaYLY4mpvBQRFZ9DXnGL3Ab7LBfPPeV+xRKkQH%2FZbgm4pJ7H7mRjRxbsMXt2MhO4Waan8nej3fD86snlFzhLkuMmTTH5l9zLcYrLnjeW8QSqYQPBv+WKInhgy0w1c1tNvoKVnqZacA1np0vT683+qJ7vN1f5BqlEQqEAvmbOz7SfkPUnDmorqc9A57NEcuDP1S+AKBERrC%2FMG7qCA47RbfQ3Q3DeNYL8Fxddl6dcJ4c96xaz7wUkXZ4kU0h2nVNlZWZdwncM8i9lIIBkv7NjeRiEG3%2FHEwKwlkdRmn7a0F5nLRnaQbnusi0gbXykZ1nm0FFd++GSO81bPWsXT59pA8oVuEv166puW+LtIBENw0NMrQUqbkI%2FwyytdEKh7axbX90OXicJBjSGrd0%2Fn6OMvEjQybIYbot%2FTwTRAl1aunCMX9snHpla2HignvgSQ6O61oqP%2FsQl%2F5FT6%2FYHOkeZSxDri5N76BASZfIlUTsb%2FUyP%2FDP2PIYc7JCsfLcJiVKj7pGTnjzCTWVz1r2cxbbR1nXBijIPwuA6NzoWPOT+MZRi2C8ObEV3BMBzhh4CflX1f4tMtCkUOcG6AQSFmkuYiMsSy4QJH53bMsCXS2l9OQF+dC5xeJjQ%2F9f4m8IC7o5vJ62KCoAEKZybiY2V65fmulUkzStF1L1fv73voEZZxJ6OrJWWoC+5gLvjwA72fPMjlBDyy8N9snQ0B4PJWHB4g%3D%3D&hotel=203683&ds=qqYuwCdeeyGgIaeA,
AGODA_3,agoda,Comfort Suites at Par 4 Resort,"1 King Bed, Suite, No Smoking",king bed,King,Suite,5.0,10848.0,0.0,10848.0,"['Wi-Fi [free]', 'Room size: 39 m²/420 ft²', '1 king bed', 'Mini bar', 'Non-smoking', 'Shared bathroom', 'Closet', 'Air conditioning', 'Coffee/tea maker', 'Refrigerator']",2025-11-10,2025-11-11,https://www.agoda.com/en-in/comfort-suites-foxfire_5/hotel/waupaca-wi-us.html?asq=oSBZUdCJkTqIcAJrG1AX8Jufa9Vwpz6XltTHq4n+9gNpSLc+T+pB%2F8FnmmA8sOyABZMHJNyhPX8Prg%2FH1te1+vz5QyyV4UEqRQ9lzfdTBTxxn3WZkWNFTjlVRW+RlD7cD8zS52LqyqgGzSr4Q1yOV9fXfA8oGge%2Fyp6S5mpJBbOMmQnp4l%2FqxXHScg6%2FIMuw+IlKoH2RRzVED37Mh9Acgg2FjZQhPusmJYf5Wx3Xjom2O005JJr4tzCeQoVcD0pL1BrustHV7sjEhRQROgMYvvtksTw8xHnPyufhKXPrHNNQdwO4DN1hJ7DMFEBjA1tlsOuDhLfZOw1q2rQOnoj14WkhX+Rs50g0fdI7vUoNdFzciZtp1rX4kwueALQiVTpra8Q6YIY31VZ7ikracSjcaStovsPbQgCFuB4p9HKsGMuaiWpH3WUmUhYvwqBgss8OmYaYLY4mpvBQRFZ9DXnGL3Ab7LBfPPeV+xRKkQH%2FZbgm4pJ7H7mRjRxbsMXt2MhO4Waan8nej3fD86snlFzhLkuMmTTH5l9zLcYrLnjeW8QSqYQPBv+WKInhgy0w1c1tNvoKVnqZacA1np0vT683+qJ7vN1f5BqlEQqEAvmbOz7SfkPUnDmorqc9A57NEcuDP1S+AKBERrC%2FMG7qCA47RbfQ3Q3DeNYL8Fxddl6dcJ4c96xaz7wUkXZ4kU0h2nVNlZWZdwncM8i9lIIBkv7NjeRiEG3%2FHEwKwlkdRmn7a0F5nLRnaQbnusi0gbXykZ1nm0FFd++GSO81bPWsXT59pA8oVuEv166puW+LtIBENw0NMrQUqbkI%2FwyytdEKh7axbX90OXicJBjSGrd0%2Fn6OMvEjQybIYbot%2FTwTRAl1aunCMX9snHpla2HignvgSQ6O61oqP%2FsQl%2F5FT6%2FYHOkeZSxDri5N76BASZfIlUTsb%2FUyP%2FDP2PIYc7JCsfLcJiVKj7pGTnjzCTWVz1r2cxbbR1nXBijIPwuA6NzoWPOT+MZRi2C8ObEV3BMBzhh4CflX1f4tMtCkUOcG6AQSFmkuYiMsSy4QJH53bMsCXS2l9OQF+dC5xeJjQ%2F9f4m8IC7o5vJ62KCoAEKZybiY2V65fmulUkzStF1L1fv73voEZZxJ6OrJWWoC+5gLvjwA72fPMjlBDyy8N9snQ0B4PJWHB4g%3D%3D&hotel=203683&ds=qqYuwCdeeyGgIaeA,
AGODA_3,agoda,Comfort Suites at Par 4 Resort,"1 King Bed, Suite, No smoking,Upgrade",king bedS,King,Suite,5.0,11467.0,0.0,11467.0,"['Wi-Fi [free]', 'Room size: 40 m²/431 ft²', '1 king bed', 'Separate shower/bathtub', 'Balcony/terrace', 'Mini bar', 'Non-smoking', 'Shared bathroom', 'Closet', 'Air conditioning']",2025-11-10,2025-11-11,https://www.agoda.com/en-in/comfort-suites-foxfire_5/hotel/waupaca-wi-us.html?asq=oSBZUdCJkTqIcAJrG1AX8Jufa9Vwpz6XltTHq4n+9gNpSLc+T+pB%2F8FnmmA8sOyABZMHJNyhPX8Prg%2FH1te1+vz5QyyV4UEqRQ9lzfdTBTxxn3WZkWNFTjlVRW+RlD7cD8zS52LqyqgGzSr4Q1yOV9fXfA8oGge%2Fyp6S5mpJBbOMmQnp4l%2FqxXHScg6%2FIMuw+IlKoH2RRzVED37Mh9Acgg2FjZQhPusmJYf5Wx3Xjom2O005JJr4tzCeQoVcD0pL1BrustHV7sjEhRQROgMYvvtksTw8xHnPyufhKXPrHNNQdwO4DN1hJ7DMFEBjA1tlsOuDhLfZOw1q2rQOnoj14WkhX+Rs50g0fdI7vUoNdFzciZtp1rX4kwueALQiVTpra8Q6YIY31VZ7ikracSjcaStovsPbQgCFuB4p9HKsGMuaiWpH3WUmUhYvwqBgss8OmYaYLY4mpvBQRFZ9DXnGL3Ab7LBfPPeV+xRKkQH%2FZbgm4pJ7H7mRjRxbsMXt2MhO4Waan8nej3fD86snlFzhLkuMmTTH5l9zLcYrLnjeW8QSqYQPBv+WKInhgy0w1c1tNvoKVnqZacA1np0vT683+qJ7vN1f5BqlEQqEAvmbOz7SfkPUnDmorqc9A57NEcuDP1S+AKBERrC%2FMG7qCA47RbfQ3Q3DeNYL8Fxddl6dcJ4c96xaz7wUkXZ4kU0h2nVNlZWZdwncM8i9lIIBkv7NjeRiEG3%2FHEwKwlkdRmn7a0F5nLRnaQbnusi0gbXykZ1nm0FFd++GSO81bPWsXT59pA8oVuEv166puW+LtIBENw0NMrQUqbkI%2FwyytdEKh7axbX90OXicJBjSGrd0%2Fn6OMvEjQybIYbot%2FTwTRAl1aunCMX9snHpla2HignvgSQ6O61oqP%2FsQl%2F5FT6%2FYHOkeZSxDri5N76BASZfIlUTsb%2FUyP%2FDP2PIYc7JCsfLcJiVKj7pGTnjzCTWVz1r2cxbbR1nXBijIPwuA6NzoWPOT+MZRi2C8ObEV3BMBzhh4CflX1f4tMtCkUOcG6AQSFmkuYiMsSy4QJH53bMsCXS2l9OQF+dC5xeJjQ%2F9f4m8IC7o5vJ62KCoAEKZybiY2V65fmulUkzStF1L1fv73voEZZxJ6OrJWWoC+5gLvjwA72fPMjlBDyy8N9snQ0B4PJWHB4g%3D%3D&hotel=203683&ds=qqYuwCdeeyGgIaeA,
AGODA_3,agoda,Comfort Suites at Par 4 Resort,"1 King Bed, Suite, No Smoking, Upgrade",king bed,King,Suite,5.0,11467.0,0.0,11467.0,"['Wi-Fi [free]', 'Room size: 40 m²/431 ft²', '1 king bed', 'Whirlpool bathtub', 'Non-smoking', 'Shared bathroom', 'Closet', 'Air conditioning', 'Coffee/tea maker', 'Refrigerator']",2025-11-10,2025-11-11,https://www.agoda.com/en-in/comfort-suites-foxfire_5/hotel/waupaca-wi-us.html?asq=oSBZUdCJkTqIcAJrG1AX8Jufa9Vwpz6XltTHq4n+9gNpSLc+T+pB%2F8FnmmA8sOyABZMHJNyhPX8Prg%2FH1te1+vz5QyyV4UEqRQ9lzfdTBTxxn3WZkWNFTjlVRW+RlD7cD8zS52LqyqgGzSr4Q1yOV9fXfA8oGge%2Fyp6S5mpJBbOMmQnp4l%2FqxXHScg6%2FIMuw+IlKoH2RRzVED37Mh9Acgg2FjZQhPusmJYf5Wx3Xjom2O005JJr4tzCeQoVcD0pL1BrustHV7sjEhRQROgMYvvtksTw8xHnPyufhKXPrHNNQdwO4DN1hJ7DMFEBjA1tlsOuDhLfZOw1q2rQOnoj14WkhX+Rs50g0fdI7vUoNdFzciZtp1rX4kwueALQiVTpra8Q6YIY31VZ7ikracSjcaStovsPbQgCFuB4p9HKsGMuaiWpH3WUmUhYvwqBgss8OmYaYLY4mpvBQRFZ9DXnGL3Ab7LBfPPeV+xRKkQH%2FZbgm4pJ7H7mRjRxbsMXt2MhO4Waan8nej3fD86snlFzhLkuMmTTH5l9zLcYrLnjeW8QSqYQPBv+WKInhgy0w1c1tNvoKVnqZacA1np0vT683+qJ7vN1f5BqlEQqEAvmbOz7SfkPUnDmorqc9A57NEcuDP1S+AKBERrC%2FMG7qCA47RbfQ3Q3DeNYL8Fxddl6dcJ4c96xaz7wUkXZ4kU0h2nVNlZWZdwncM8i9lIIBkv7NjeRiEG3%2FHEwKwlkdRmn7a0F5nLRnaQbnusi0gbXykZ1nm0FFd++GSO81bPWsXT59pA8oVuEv166puW+LtIBENw0NMrQUqbkI%2FwyytdEKh7axbX90OXicJBjSGrd0%2Fn6OMvEjQybIYbot%2FTwTRAl1aunCMX9snHpla2HignvgSQ6O61oqP%2FsQl%2F5FT6%2FYHOkeZSxDri5N76BASZfIlUTsb%2FUyP%2FDP2PIYc7JCsfLcJiVKj7pGTnjzCTWVz1r2cxbbR1nXBijIPwuA6NzoWPOT+MZRi2C8ObEV3BMBzhh4CflX1f4tMtCkUOcG6AQSFmkuYiMsSy4QJH53bMsCXS2l9OQF+dC5xeJjQ%2F9f4m8IC7o5vJ62KCoAEKZybiY2V65fmulUkzStF1L1fv73voEZZxJ6OrJWWoC+5gLvjwA72fPMjlBDyy8N9snQ0B4PJWHB4g%3D%3D&hotel=203683&ds=qqYuwCdeeyGgIaeA,
AGODA_3,agoda,Comfort Suites at Par 4 Resort,"2 Queen Beds, Suite, Nonsmoking",queen beds,Queen,Suite,5.0,9379.0,0.0,9379.0,"['Wi-Fi [free]', 'Room size: 39 m²/420 ft²', '2 queen beds', 'Mini bar', 'Non-smoking', 'Shared bathroom', 'Closet', 'Air conditioning', 'Coffee/tea maker', 'Refrigerator']",2025-11-12,2025-11-13,https://www.agoda.com/en-in/comfort-suites-foxfire_5/hotel/waupaca-wi-us.html?asq=oSBZUdCJkTqIcAJrG1AX8Jufa9Vwpz6XltTHq4n+9gNpSLc+T+pB%2F8FnmmA8sOyABZMHJNyhPX8Prg%2FH1te1+vz5QyyV4UEqRQ9lzfdTBTxxn3WZkWNFTjlVRW+RlD7cD8zS52LqyqgGzSr4Q1yOV9fXfA8oGge%2Fyp6S5mpJBbOMmQnp4l%2FqxXHScg6%2FIMuw+IlKoH2RRzVED37Mh9Acgg2FjZQhPusmJYf5Wx3Xjom2O005JJr4tzCeQoVcD0pL1BrustHV7sjEhRQROgMYvvtksTw8xHnPyufhKXPrHNNQdwO4DN1hJ7DMFEBjA1tlsOuDhLfZOw1q2rQOnoj14WkhX+Rs50g0fdI7vUoNdFzciZtp1rX4kwueALQiVTpra8Q6YIY31VZ7ikracSjcaStovsPbQgCFuB4p9HKsGMuaiWpH3WUmUhYvwqBgss8OmYaYLY4mpvBQRFZ9DXnGL3Ab7LBfPPeV+xRKkQH%2FZbgm4pJ7H7mRjRxbsMXt2MhO4Waan8nej3fD86snlFzhLkuMmTTH5l9zLcYrLnjeW8QSqYQPBv+WKInhgy0w1c1tNvoKVnqZacA1np0vT683+qJ7vN1f5BqlEQqEAvmbOz7SfkPUnDmorqc9A57NEcuDP1S+AKBERrC%2FMG7qCA47RbfQ3Q3DeNYL8Fxddl6dcJ4c96xaz7wUkXZ4kU0h2nVNlZWZdwncM8i9lIIBkv7NjeRiEG3%2FHEwKwlkdRmn7a0F5nLRnaQbnusi0gbXykZ1nm0FFd++GSO81bPWsXT59pA8oVuEv166puW+LtIBENw0NMrQUqbkI%2FwyytdEKh7axbX90OXicJBjSGrd0%2Fn6OMvEjQybIYbot%2FTwTRAl1aunCMX9snHpla2HignvgSQ6O61oqP%2FsQl%2F5FT6%2FYHOkeZSxDri5N76BASZfIlUTsb%2FUyP%2FDP2PIYc7JCsfLcJiVKj7pGTnjzCTWVz1r2cxbbR1nXBijIPwuA6NzoWPOT+MZRi2C8ObEV3BMBzhh4CflX1f4tMtCkUOcG6AQSFmkuYiMsSy4QJH53bMsCXS2l9OQF+dC5xeJjQ%2F9f4m8IC7o5vJ62KCoAEKZybiY2V65fmulUkzStF1L1fv73voEZZxJ6OrJWWoC+5gLvjwA72fPMjlBDyy8N9snQ0B4PJWHB4g%3D%3D&hotel=203683&ds=qqYuwCdeeyGgIaeA,
AGODA_3,agoda,Comfort Suites at Par 4 Resort,"1 King Bed, Suite, Nonsmoking, Accessible",king bed,King,Suite,5.0,10637.0,0.0,10637.0,"['Wi-Fi [free]', 'Room size: 40 m²/431 ft²', '1 king bed', 'Bathtub', 'Non-smoking', 'Shared bathroom', 'Closet', 'Air conditioning', 'Coffee/tea maker', 'Refrigerator']",2025-11-12,2025-11-13,https://www.agoda.com/en-in/comfort-suites-foxfire_5/hotel/waupaca-wi-us.html?asq=oSBZUdCJkTqIcAJrG1AX8Jufa9Vwpz6XltTHq4n+9gNpSLc+T+pB%2F8FnmmA8sOyABZMHJNyhPX8Prg%2FH1te1+vz5QyyV4UEqRQ9lzfdTBTxxn3WZkWNFTjlVRW+RlD7cD8zS52LqyqgGzSr4Q1yOV9fXfA8oGge%2Fyp6S5mpJBbOMmQnp4l%2FqxXHScg6%2FIMuw+IlKoH2RRzVED37Mh9Acgg2FjZQhPusmJYf5Wx3Xjom2O005JJr4tzCeQoVcD0pL1BrustHV7sjEhRQROgMYvvtksTw8xHnPyufhKXPrHNNQdwO4DN1hJ7DMFEBjA1tlsOuDhLfZOw1q2rQOnoj14WkhX+Rs50g0fdI7vUoNdFzciZtp1rX4kwueALQiVTpra8Q6YIY31VZ7ikracSjcaStovsPbQgCFuB4p9HKsGMuaiWpH3WUmUhYvwqBgss8OmYaYLY4mpvBQRFZ9DXnGL3Ab7LBfPPeV+xRKkQH%2FZbgm4pJ7H7mRjRxbsMXt2MhO4Waan8nej3fD86snlFzhLkuMmTTH5l9zLcYrLnjeW8QSqYQPBv+WKInhgy0w1c1tNvoKVnqZacA1np0vT683+qJ7vN1f5BqlEQqEAvmbOz7SfkPUnDmorqc9A57NEcuDP1S+AKBERrC%2FMG7qCA47RbfQ3Q3DeNYL8Fxddl6dcJ4c96xaz7wUkXZ4kU0h2nVNlZWZdwncM8i9lIIBkv7NjeRiEG3%2FHEwKwlkdRmn7a0F5nLRnaQbnusi0gbXykZ1nm0FFd++GSO81bPWsXT59pA8oVuEv166puW+LtIBENw0NMrQUqbkI%2FwyytdEKh7axbX90OXicJBjSGrd0%2Fn6OMvEjQybIYbot%2FTwTRAl1aunCMX9snHpla2HignvgSQ6O61oqP%2FsQl%2F5FT6%2FYHOkeZSxDri5N76BASZfIlUTsb%2FUyP%2FDP2PIYc7JCsfLcJiVKj7pGTnjzCTWVz1r2cxbbR1nXBijIPwuA6NzoWPOT+MZRi2C8ObEV3BMBzhh4CflX1f4tMtCkUOcG6AQSFmkuYiMsSy4QJH53bMsCXS2l9OQF+dC5xeJjQ%2F9f4m8IC7o5vJ62KCoAEKZybiY2V65fmulUkzStF1L1fv73voEZZxJ6OrJWWoC+5gLvjwA72fPMjlBDyy8N9snQ0B4PJWHB4g%3D%3D&hotel=203683&ds=qqYuwCdeeyGgIaeA,
AGODA_3,agoda,Comfort Suites at Par 4 Resort,"1 King Bed, Suite, No Smoking",king bed,King,Suite,5.0,10637.0,0.0,10637.0,"['Wi-Fi [free]', 'Room size: 39 m²/420 ft²', '1 king bed', 'Mini bar', 'Non-smoking', 'Shared bathroom', 'Closet', 'Air conditioning', 'Coffee/tea maker', 'Refrigerator']",2025-11-12,2025-11-13,https://www.agoda.com/en-in/comfort-suites-foxfire_5/hotel/waupaca-wi-us.html?asq=oSBZUdCJkTqIcAJrG1AX8Jufa9Vwpz6XltTHq4n+9gNpSLc+T+pB%2F8FnmmA8sOyABZMHJNyhPX8Prg%2FH1te1+vz5QyyV4UEqRQ9lzfdTBTxxn3WZkWNFTjlVRW+RlD7cD8zS52LqyqgGzSr4Q1yOV9fXfA8oGge%2Fyp6S5mpJBbOMmQnp4l%2FqxXHScg6%2FIMuw+IlKoH2RRzVED37Mh9Acgg2FjZQhPusmJYf5Wx3Xjom2O005JJr4tzCeQoVcD0pL1BrustHV7sjEhRQROgMYvvtksTw8xHnPyufhKXPrHNNQdwO4DN1hJ7DMFEBjA1tlsOuDhLfZOw1q2rQOnoj14WkhX+Rs50g0fdI7vUoNdFzciZtp1rX4kwueALQiVTpra8Q6YIY31VZ7ikracSjcaStovsPbQgCFuB4p9HKsGMuaiWpH3WUmUhYvwqBgss8OmYaYLY4mpvBQRFZ9DXnGL3Ab7LBfPPeV+xRKkQH%2FZbgm4pJ7H7mRjRxbsMXt2MhO4Waan8nej3fD86snlFzhLkuMmTTH5l9zLcYrLnjeW8QSqYQPBv+WKInhgy0w1c1tNvoKVnqZacA1np0vT683+qJ7vN1f5BqlEQqEAvmbOz7SfkPUnDmorqc9A57NEcuDP1S+AKBERrC%2FMG7qCA47RbfQ3Q3DeNYL8Fxddl6dcJ4c96xaz7wUkXZ4kU0h2nVNlZWZdwncM8i9lIIBkv7NjeRiEG3%2FHEwKwlkdRmn7a0F5nLRnaQbnusi0gbXykZ1nm0FFd++GSO81bPWsXT59pA8oVuEv166puW+LtIBENw0NMrQUqbkI%2FwyytdEKh7axbX90OXicJBjSGrd0%2Fn6OMvEjQybIYbot%2FTwTRAl1aunCMX9snHpla2HignvgSQ6O61oqP%2FsQl%2F5FT6%2FYHOkeZSxDri5N76BASZfIlUTsb%2FUyP%2FDP2PIYc7JCsfLcJiVKj7pGTnjzCTWVz1r2cxbbR1nXBijIPwuA6NzoWPOT+MZRi2C8ObEV3BMBzhh4CflX1f4tMtCkUOcG6AQSFmkuYiMsSy4QJH53bMsCXS2l9OQF+dC5xeJjQ%2F9f4m8IC7o5vJ62KCoAEKZybiY2V65fmulUkzStF1L1fv73voEZZxJ6OrJWWoC+5gLvjwA72fPMjlBDyy8N9snQ0B4PJWHB4g%3D%3D&hotel=203683&ds=qqYuwCdeeyGgIaeA,
AGODA_3,agoda,Comfort Suites at Par 4 Resort,"1 King Bed, Suite, No smoking,Upgrade",king bedS,King,Suite,5.0,11257.0,0.0,11257.0,"['Wi-Fi [free]', 'Room size: 40 m²/431 ft²', '1 king bed', 'Separate shower/bathtub', 'Balcony/terrace', 'Mini bar', 'Non-smoking', 'Shared bathroom', 'Closet', 'Air conditioning']",2025-11-12,2025-11-13,https://www.agoda.com/en-in/comfort-suites-foxfire_5/hotel/waupaca-wi-us.html?asq=oSBZUdCJkTqIcAJrG1AX8Jufa9Vwpz6XltTHq4n+9gNpSLc+T+pB%2F8FnmmA8sOyABZMHJNyhPX8Prg%2FH1te1+vz5QyyV4UEqRQ9lzfdTBTxxn3WZkWNFTjlVRW+RlD7cD8zS52LqyqgGzSr4Q1yOV9fXfA8oGge%2Fyp6S5mpJBbOMmQnp4l%2FqxXHScg6%2FIMuw+IlKoH2RRzVED37Mh9Acgg2FjZQhPusmJYf5Wx3Xjom2O005JJr4tzCeQoVcD0pL1BrustHV7sjEhRQROgMYvvtksTw8xHnPyufhKXPrHNNQdwO4DN1hJ7DMFEBjA1tlsOuDhLfZOw1q2rQOnoj14WkhX+Rs50g0fdI7vUoNdFzciZtp1rX4kwueALQiVTpra8Q6YIY31VZ7ikracSjcaStovsPbQgCFuB4p9HKsGMuaiWpH3WUmUhYvwqBgss8OmYaYLY4mpvBQRFZ9DXnGL3Ab7LBfPPeV+xRKkQH%2FZbgm4pJ7H7mRjRxbsMXt2MhO4Waan8nej3fD86snlFzhLkuMmTTH5l9zLcYrLnjeW8QSqYQPBv+WKInhgy0w1c1tNvoKVnqZacA1np0vT683+qJ7vN1f5BqlEQqEAvmbOz7SfkPUnDmorqc9A57NEcuDP1S+AKBERrC%2FMG7qCA47RbfQ3Q3DeNYL8Fxddl6dcJ4c96xaz7wUkXZ4kU0h2nVNlZWZdwncM8i9lIIBkv7NjeRiEG3%2FHEwKwlkdRmn7a0F5nLRnaQbnusi0gbXykZ1nm0FFd++GSO81bPWsXT59pA8oVuEv166puW+LtIBENw0NMrQUqbkI%2FwyytdEKh7axbX90OXicJBjSGrd0%2Fn6OMvEjQybIYbot%2FTwTRAl1aunCMX9snHpla2HignvgSQ6O61oqP%2FsQl%2F5FT6%2FYHOkeZSxDri5N76BASZfIlUTsb%2FUyP%2FDP2PIYc7JCsfLcJiVKj7pGTnjzCTWVz1r2cxbbR1nXBijIPwuA6NzoWPOT+MZRi2C8ObEV3BMBzhh4CflX1f4tMtCkUOcG6AQSFmkuYiMsSy4QJH53bMsCXS2l9OQF+dC5xeJjQ%2F9f4m8IC7o5vJ62KCoAEKZybiY2V65fmulUkzStF1L1fv73voEZZxJ6OrJWWoC+5gLvjwA72fPMjlBDyy8N9snQ0B4PJWHB4g%3D%3D&hotel=203683&ds=qqYuwCdeeyGgIaeA,
AGODA_3,agoda,Comfort Suites at Par 4 Resort,"1 King Bed, Suite, No Smoking, Upgrade",king bed,King,Suite,5.0,11257.0,0.0,11257.0,"['Wi-Fi [free]', 'Room size: 40 m²/431 ft²', '1 king bed', 'Whirlpool bathtub', 'Non-smoking', 'Shared bathroom', 'Closet', 'Air conditioning', 'Coffee/tea maker', 'Refrigerator']",2025-11-12,2025-11-13,https://www.agoda.com/en-in/comfort-suites-foxfire_5/hotel/waupaca-wi-us.html?asq=oSBZUdCJkTqIcAJrG1AX8Jufa9Vwpz6XltTHq4n+9gNpSLc+T+pB%2F8FnmmA8sOyABZMHJNyhPX8Prg%2FH1te1+vz5QyyV4UEqRQ9lzfdTBTxxn3WZkWNFTjlVRW+RlD7cD8zS52LqyqgGzSr4Q1yOV9fXfA8oGge%2Fyp6S5mpJBbOMmQnp4l%2FqxXHScg6%2FIMuw+IlKoH2RRzVED37Mh9Acgg2FjZQhPusmJYf5Wx3Xjom2O005JJr4tzCeQoVcD0pL1BrustHV7sjEhRQROgMYvvtksTw8xHnPyufhKXPrHNNQdwO4DN1hJ7DMFEBjA1tlsOuDhLfZOw1q2rQOnoj14WkhX+Rs50g0fdI7vUoNdFzciZtp1rX4kwueALQiVTpra8Q6YIY31VZ7ikracSjcaStovsPbQgCFuB4p9HKsGMuaiWpH3WUmUhYvwqBgss8OmYaYLY4mpvBQRFZ9DXnGL3Ab7LBfPPeV+xRKkQH%2FZbgm4pJ7H7mRjRxbsMXt2MhO4Waan8nej3fD86snlFzhLkuMmTTH5l9zLcYrLnjeW8QSqYQPBv+WKInhgy0w1c1tNvoKVnqZacA1np0vT683+qJ7vN1f5BqlEQqEAvmbOz7SfkPUnDmorqc9A57NEcuDP1S+AKBERrC%2FMG7qCA47RbfQ3Q3DeNYL8Fxddl6dcJ4c96xaz7wUkXZ4kU0h2nVNlZWZdwncM8i9lIIBkv7NjeRiEG3%2FHEwKwlkdRmn7a0F5nLRnaQbnusi0gbXykZ1nm0FFd++GSO81bPWsXT59pA8oVuEv166puW+LtIBENw0NMrQUqbkI%2FwyytdEKh7axbX90OXicJBjSGrd0%2Fn6OMvEjQybIYbot%2FTwTRAl1aunCMX9snHpla2HignvgSQ6O61oqP%2FsQl%2F5FT6%2FYHOkeZSxDri5N76BASZfIlUTsb%2FUyP%2FDP2PIYc7JCsfLcJiVKj7pGTnjzCTWVz1r2cxbbR1nXBijIPwuA6NzoWPOT+MZRi2C8ObEV3BMBzhh4CflX1f4tMtCkUOcG6AQSFmkuYiMsSy4QJH53bMsCXS2l9OQF+dC5xeJjQ%2F9f4m8IC7o5vJ62KCoAEKZybiY2V65fmulUkzStF1L1fv73voEZZxJ6OrJWWoC+5gLvjwA72fPMjlBDyy8N9snQ0B4PJWHB4g%3D%3D&hotel=203683&ds=qqYuwCdeeyGgIaeA,
AGODA_3,agoda,Comfort Suites at Par 4 Resort,"2 Queen Beds, Suite, Nonsmoking",queen beds,Queen,Suite,5.0,10235.0,0.0,10235.0,"['Wi-Fi [free]', 'Room size: 39 m²/420 ft²', '2 queen beds', 'Mini bar', 'Non-smoking', 'Shared bathroom', 'Closet', 'Air conditioning', 'Coffee/tea maker', 'Refrigerator']",2025-11-13,2025-11-14,https://www.agoda.com/en-in/comfort-suites-foxfire_5/hotel/waupaca-wi-us.html?asq=oSBZUdCJkTqIcAJrG1AX8Jufa9Vwpz6XltTHq4n+9gNpSLc+T+pB%2F8FnmmA8sOyABZMHJNyhPX8Prg%2FH1te1+vz5QyyV4UEqRQ9lzfdTBTxxn3WZkWNFTjlVRW+RlD7cD8zS52LqyqgGzSr4Q1yOV9fXfA8oGge%2Fyp6S5mpJBbOMmQnp4l%2FqxXHScg6%2FIMuw+IlKoH2RRzVED37Mh9Acgg2FjZQhPusmJYf5Wx3Xjom2O005JJr4tzCeQoVcD0pL1BrustHV7sjEhRQROgMYvvtksTw8xHnPyufhKXPrHNNQdwO4DN1hJ7DMFEBjA1tlsOuDhLfZOw1q2rQOnoj14WkhX+Rs50g0fdI7vUoNdFzciZtp1rX4kwueALQiVTpra8Q6YIY31VZ7ikracSjcaStovsPbQgCFuB4p9HKsGMuaiWpH3WUmUhYvwqBgss8OmYaYLY4mpvBQRFZ9DXnGL3Ab7LBfPPeV+xRKkQH%2FZbgm4pJ7H7mRjRxbsMXt2MhO4Waan8nej3fD86snlFzhLkuMmTTH5l9zLcYrLnjeW8QSqYQPBv+WKInhgy0w1c1tNvoKVnqZacA1np0vT683+qJ7vN1f5BqlEQqEAvmbOz7SfkPUnDmorqc9A57NEcuDP1S+AKBERrC%2FMG7qCA47RbfQ3Q3DeNYL8Fxddl6dcJ4c96xaz7wUkXZ4kU0h2nVNlZWZdwncM8i9lIIBkv7NjeRiEG3%2FHEwKwlkdRmn7a0F5nLRnaQbnusi0gbXykZ1nm0FFd++GSO81bPWsXT59pA8oVuEv166puW+LtIBENw0NMrQUqbkI%2FwyytdEKh7axbX90OXicJBjSGrd0%2Fn6OMvEjQybIYbot%2FTwTRAl1aunCMX9snHpla2HignvgSQ6O61oqP%2FsQl%2F5FT6%2FYHOkeZSxDri5N76BASZfIlUTsb%2FUyP%2FDP2PIYc7JCsfLcJiVKj7pGTnjzCTWVz1r2cxbbR1nXBijIPwuA6NzoWPOT+MZRi2C8ObEV3BMBzhh4CflX1f4tMtCkUOcG6AQSFmkuYiMsSy4QJH53bMsCXS2l9OQF+dC5xeJjQ%2F9f4m8IC7o5vJ62KCoAEKZybiY2V65fmulUkzStF1L1fv73voEZZxJ6OrJWWoC+5gLvjwA72fPMjlBDyy8N9snQ0B4PJWHB4g%3D%3D&hotel=203683&ds=qqYuwCdeeyGgIaeA,
AGODA_3,agoda,Comfort Suites at Par 4 Resort,"1 King Bed, Suite, Nonsmoking, Accessible",king bed,King,Suite,5.0,10920.0,0.0,10920.0,"['Wi-Fi [free]', 'Room size: 40 m²/431 ft²', '1 king bed', 'Bathtub', 'Non-smoking', 'Shared bathroom', 'Closet', 'Air conditioning', 'Coffee/tea maker', 'Refrigerator']",2025-11-13,2025-11-14,https://www.agoda.com/en-in/comfort-suites-foxfire_5/hotel/waupaca-wi-us.html?asq=oSBZUdCJkTqIcAJrG1AX8Jufa9Vwpz6XltTHq4n+9gNpSLc+T+pB%2F8FnmmA8sOyABZMHJNyhPX8Prg%2FH1te1+vz5QyyV4UEqRQ9lzfdTBTxxn3WZkWNFTjlVRW+RlD7cD8zS52LqyqgGzSr4Q1yOV9fXfA8oGge%2Fyp6S5mpJBbOMmQnp4l%2FqxXHScg6%2FIMuw+IlKoH2RRzVED37Mh9Acgg2FjZQhPusmJYf5Wx3Xjom2O005JJr4tzCeQoVcD0pL1BrustHV7sjEhRQROgMYvvtksTw8xHnPyufhKXPrHNNQdwO4DN1hJ7DMFEBjA1tlsOuDhLfZOw1q2rQOnoj14WkhX+Rs50g0fdI7vUoNdFzciZtp1rX4kwueALQiVTpra8Q6YIY31VZ7ikracSjcaStovsPbQgCFuB4p9HKsGMuaiWpH3WUmUhYvwqBgss8OmYaYLY4mpvBQRFZ9DXnGL3Ab7LBfPPeV+xRKkQH%2FZbgm4pJ7H7mRjRxbsMXt2MhO4Waan8nej3fD86snlFzhLkuMmTTH5l9zLcYrLnjeW8QSqYQPBv+WKInhgy0w1c1tNvoKVnqZacA1np0vT683+qJ7vN1f5BqlEQqEAvmbOz7SfkPUnDmorqc9A57NEcuDP1S+AKBERrC%2FMG7qCA47RbfQ3Q3DeNYL8Fxddl6dcJ4c96xaz7wUkXZ4kU0h2nVNlZWZdwncM8i9lIIBkv7NjeRiEG3%2FHEwKwlkdRmn7a0F5nLRnaQbnusi0gbXykZ1nm0FFd++GSO81bPWsXT59pA8oVuEv166puW+LtIBENw0NMrQUqbkI%2FwyytdEKh7axbX90OXicJBjSGrd0%2Fn6OMvEjQybIYbot%2FTwTRAl1aunCMX9snHpla2HignvgSQ6O61oqP%2FsQl%2F5FT6%2FYHOkeZSxDri5N76BASZfIlUTsb%2FUyP%2FDP2PIYc7JCsfLcJiVKj7pGTnjzCTWVz1r2cxbbR1nXBijIPwuA6NzoWPOT+MZRi2C8ObEV3BMBzhh4CflX1f4tMtCkUOcG6AQSFmkuYiMsSy4QJH53bMsCXS2l9OQF+dC5xeJjQ%2F9f4m8IC7o5vJ62KCoAEKZybiY2V65fmulUkzStF1L1fv73voEZZxJ6OrJWWoC+5gLvjwA72fPMjlBDyy8N9snQ0B4PJWHB4g%3D%3D&hotel=203683&ds=qqYuwCdeeyGgIaeA,
AGODA_3,agoda,Comfort Suites at Par 4 Resort,"1 King Bed, Suite, No Smoking",king bed,King,Suite,5.0,10920.0,0.0,10920.0,"['Wi-Fi [free]', 'Room size: 39 m²/420 ft²', '1 king bed', 'Mini bar', 'Non-smoking', 'Shared bathroom', 'Closet', 'Air conditioning', 'Coffee/tea maker', 'Refrigerator']",2025-11-13,2025-11-14,https://www.agoda.com/en-in/comfort-suites-foxfire_5/hotel/waupaca-wi-us.html?asq=oSBZUdCJkTqIcAJrG1AX8Jufa9Vwpz6XltTHq4n+9gNpSLc+T+pB%2F8FnmmA8sOyABZMHJNyhPX8Prg%2FH1te1+vz5QyyV4UEqRQ9lzfdTBTxxn3WZkWNFTjlVRW+RlD7cD8zS52LqyqgGzSr4Q1yOV9fXfA8oGge%2Fyp6S5mpJBbOMmQnp4l%2FqxXHScg6%2FIMuw+IlKoH2RRzVED37Mh9Acgg2FjZQhPusmJYf5Wx3Xjom2O005JJr4tzCeQoVcD0pL1BrustHV7sjEhRQROgMYvvtksTw8xHnPyufhKXPrHNNQdwO4DN1hJ7DMFEBjA1tlsOuDhLfZOw1q2rQOnoj14WkhX+Rs50g0fdI7vUoNdFzciZtp1rX4kwueALQiVTpra8Q6YIY31VZ7ikracSjcaStovsPbQgCFuB4p9HKsGMuaiWpH3WUmUhYvwqBgss8OmYaYLY4mpvBQRFZ9DXnGL3Ab7LBfPPeV+xRKkQH%2FZbgm4pJ7H7mRjRxbsMXt2MhO4Waan8nej3fD86snlFzhLkuMmTTH5l9zLcYrLnjeW8QSqYQPBv+WKInhgy0w1c1tNvoKVnqZacA1np0vT683+qJ7vN1f5BqlEQqEAvmbOz7SfkPUnDmorqc9A57NEcuDP1S+AKBERrC%2FMG7qCA47RbfQ3Q3DeNYL8Fxddl6dcJ4c96xaz7wUkXZ4kU0h2nVNlZWZdwncM8i9lIIBkv7NjeRiEG3%2FHEwKwlkdRmn7a0F5nLRnaQbnusi0gbXykZ1nm0FFd++GSO81bPWsXT59pA8oVuEv166puW+LtIBENw0NMrQUqbkI%2FwyytdEKh7axbX90OXicJBjSGrd0%2Fn6OMvEjQybIYbot%2FTwTRAl1aunCMX9snHpla2HignvgSQ6O61oqP%2FsQl%2F5FT6%2FYHOkeZSxDri5N76BASZfIlUTsb%2FUyP%2FDP2PIYc7JCsfLcJiVKj7pGTnjzCTWVz1r2cxbbR1nXBijIPwuA6NzoWPOT+MZRi2C8ObEV3BMBzhh4CflX1f4tMtCkUOcG6AQSFmkuYiMsSy4QJH53bMsCXS2l9OQF+dC5xeJjQ%2F9f4m8IC7o5vJ62KCoAEKZybiY2V65fmulUkzStF1L1fv73voEZZxJ6OrJWWoC+5gLvjwA72fPMjlBDyy8N9snQ0B4PJWHB4g%3D%3D&hotel=203683&ds=qqYuwCdeeyGgIaeA,
AGODA_3,agoda,Comfort Suites at Par 4 Resort,"1 King Bed, Suite, No smoking,Upgrade",king bedS,King,Suite,5.0,11504.0,0.0,11504.0,"['Wi-Fi [free]', 'Room size: 40 m²/431 ft²', '1 king bed', 'Separate shower/bathtub', 'Balcony/terrace', 'Mini bar', 'Non-smoking', 'Shared bathroom', 'Closet', 'Air conditioning']",2025-11-13,2025-11-14,https://www.agoda.com/en-in/comfort-suites-foxfire_5/hotel/waupaca-wi-us.html?asq=oSBZUdCJkTqIcAJrG1AX8Jufa9Vwpz6XltTHq4n+9gNpSLc+T+pB%2F8FnmmA8sOyABZMHJNyhPX8Prg%2FH1te1+vz5QyyV4UEqRQ9lzfdTBTxxn3WZkWNFTjlVRW+RlD7cD8zS52LqyqgGzSr4Q1yOV9fXfA8oGge%2Fyp6S5mpJBbOMmQnp4l%2FqxXHScg6%2FIMuw+IlKoH2RRzVED37Mh9Acgg2FjZQhPusmJYf5Wx3Xjom2O005JJr4tzCeQoVcD0pL1BrustHV7sjEhRQROgMYvvtksTw8xHnPyufhKXPrHNNQdwO4DN1hJ7DMFEBjA1tlsOuDhLfZOw1q2rQOnoj14WkhX+Rs50g0fdI7vUoNdFzciZtp1rX4kwueALQiVTpra8Q6YIY31VZ7ikracSjcaStovsPbQgCFuB4p9HKsGMuaiWpH3WUmUhYvwqBgss8OmYaYLY4mpvBQRFZ9DXnGL3Ab7LBfPPeV+xRKkQH%2FZbgm4pJ7H7mRjRxbsMXt2MhO4Waan8nej3fD86snlFzhLkuMmTTH5l9zLcYrLnjeW8QSqYQPBv+WKInhgy0w1c1tNvoKVnqZacA1np0vT683+qJ7vN1f5BqlEQqEAvmbOz7SfkPUnDmorqc9A57NEcuDP1S+AKBERrC%2FMG7qCA47RbfQ3Q3DeNYL8Fxddl6dcJ4c96xaz7wUkXZ4kU0h2nVNlZWZdwncM8i9lIIBkv7NjeRiEG3%2FHEwKwlkdRmn7a0F5nLRnaQbnusi0gbXykZ1nm0FFd++GSO81bPWsXT59pA8oVuEv166puW+LtIBENw0NMrQUqbkI%2FwyytdEKh7axbX90OXicJBjSGrd0%2Fn6OMvEjQybIYbot%2FTwTRAl1aunCMX9snHpla2HignvgSQ6O61oqP%2FsQl%2F5FT6%2FYHOkeZSxDri5N76BASZfIlUTsb%2FUyP%2FDP2PIYc7JCsfLcJiVKj7pGTnjzCTWVz1r2cxbbR1nXBijIPwuA6NzoWPOT+MZRi2C8ObEV3BMBzhh4CflX1f4tMtCkUOcG6AQSFmkuYiMsSy4QJH53bMsCXS2l9OQF+dC5xeJjQ%2F9f4m8IC7o5vJ62KCoAEKZybiY2V65fmulUkzStF1L1fv73voEZZxJ6OrJWWoC+5gLvjwA72fPMjlBDyy8N9snQ0B4PJWHB4g%3D%3D&hotel=203683&ds=qqYuwCdeeyGgIaeA,
AGODA_3,agoda,Comfort Suites at Par 4 Resort,"1 King Bed, Suite, No Smoking, Upgrade",king bed,King,Suite,5.0,11504.0,0.0,11504.0,"['Wi-Fi [free]', 'Room size: 40 m²/431 ft²', '1 king bed', 'Whirlpool bathtub', 'Non-smoking', 'Shared bathroom', 'Closet', 'Air conditioning', 'Coffee/tea maker', 'Refrigerator']",2025-11-13,2025-11-14,https://www.agoda.com/en-in/comfort-suites-foxfire_5/hotel/waupaca-wi-us.html?asq=oSBZUdCJkTqIcAJrG1AX8Jufa9Vwpz6XltTHq4n+9gNpSLc+T+pB%2F8FnmmA8sOyABZMHJNyhPX8Prg%2FH1te1+vz5QyyV4UEqRQ9lzfdTBTxxn3WZkWNFTjlVRW+RlD7cD8zS52LqyqgGzSr4Q1yOV9fXfA8oGge%2Fyp6S5mpJBbOMmQnp4l%2FqxXHScg6%2FIMuw+IlKoH2RRzVED37Mh9Acgg2FjZQhPusmJYf5Wx3Xjom2O005JJr4tzCeQoVcD0pL1BrustHV7sjEhRQROgMYvvtksTw8xHnPyufhKXPrHNNQdwO4DN1hJ7DMFEBjA1tlsOuDhLfZOw1q2rQOnoj14WkhX+Rs50g0fdI7vUoNdFzciZtp1rX4kwueALQiVTpra8Q6YIY31VZ7ikracSjcaStovsPbQgCFuB4p9HKsGMuaiWpH3WUmUhYvwqBgss8OmYaYLY4mpvBQRFZ9DXnGL3Ab7LBfPPeV+xRKkQH%2FZbgm4pJ7H7mRjRxbsMXt2MhO4Waan8nej3fD86snlFzhLkuMmTTH5l9zLcYrLnjeW8QSqYQPBv+WKInhgy0w1c1tNvoKVnqZacA1np0vT683+qJ7vN1f5BqlEQqEAvmbOz7SfkPUnDmorqc9A57NEcuDP1S+AKBERrC%2FMG7qCA47RbfQ3Q3DeNYL8Fxddl6dcJ4c96xaz7wUkXZ4kU0h2nVNlZWZdwncM8i9lIIBkv7NjeRiEG3%2FHEwKwlkdRmn7a0F5nLRnaQbnusi0gbXykZ1nm0FFd++GSO81bPWsXT59pA8oVuEv166puW+LtIBENw0NMrQUqbkI%2FwyytdEKh7axbX90OXicJBjSGrd0%2Fn6OMvEjQybIYbot%2FTwTRAl1aunCMX9snHpla2HignvgSQ6O61oqP%2FsQl%2F5FT6%2FYHOkeZSxDri5N76BASZfIlUTsb%2FUyP%2FDP2PIYc7JCsfLcJiVKj7pGTnjzCTWVz1r2cxbbR1nXBijIPwuA6NzoWPOT+MZRi2C8ObEV3BMBzhh4CflX1f4tMtCkUOcG6AQSFmkuYiMsSy4QJH53bMsCXS2l9OQF+dC5xeJjQ%2F9f4m8IC7o5vJ62KCoAEKZybiY2V65fmulUkzStF1L1fv73voEZZxJ6OrJWWoC+5gLvjwA72fPMjlBDyy8N9snQ0B4PJWHB4g%3D%3D&hotel=203683&ds=qqYuwCdeeyGgIaeA,
AGODA_3,agoda,Comfort Suites at Par 4 Resort,"2 Queen Beds, Suite, Nonsmoking",queen beds,Queen,Suite,5.0,10280.0,0.0,10280.0,"['Wi-Fi [free]', 'Room size: 39 m²/420 ft²', '2 queen beds', 'Mini bar', 'Non-smoking', 'Shared bathroom', 'Closet', 'Air conditioning', 'Coffee/tea maker', 'Refrigerator']",2025-11-14,2025-11-15,https://www.agoda.com/en-in/comfort-suites-foxfire_5/hotel/waupaca-wi-us.html?asq=oSBZUdCJkTqIcAJrG1AX8Jufa9Vwpz6XltTHq4n+9gNpSLc+T+pB%2F8FnmmA8sOyABZMHJNyhPX8Prg%2FH1te1+vz5QyyV4UEqRQ9lzfdTBTxxn3WZkWNFTjlVRW+RlD7cD8zS52LqyqgGzSr4Q1yOV9fXfA8oGge%2Fyp6S5mpJBbOMmQnp4l%2FqxXHScg6%2FIMuw+IlKoH2RRzVED37Mh9Acgg2FjZQhPusmJYf5Wx3Xjom2O005JJr4tzCeQoVcD0pL1BrustHV7sjEhRQROgMYvvtksTw8xHnPyufhKXPrHNNQdwO4DN1hJ7DMFEBjA1tlsOuDhLfZOw1q2rQOnoj14WkhX+Rs50g0fdI7vUoNdFzciZtp1rX4kwueALQiVTpra8Q6YIY31VZ7ikracSjcaStovsPbQgCFuB4p9HKsGMuaiWpH3WUmUhYvwqBgss8OmYaYLY4mpvBQRFZ9DXnGL3Ab7LBfPPeV+xRKkQH%2FZbgm4pJ7H7mRjRxbsMXt2MhO4Waan8nej3fD86snlFzhLkuMmTTH5l9zLcYrLnjeW8QSqYQPBv+WKInhgy0w1c1tNvoKVnqZacA1np0vT683+qJ7vN1f5BqlEQqEAvmbOz7SfkPUnDmorqc9A57NEcuDP1S+AKBERrC%2FMG7qCA47RbfQ3Q3DeNYL8Fxddl6dcJ4c96xaz7wUkXZ4kU0h2nVNlZWZdwncM8i9lIIBkv7NjeRiEG3%2FHEwKwlkdRmn7a0F5nLRnaQbnusi0gbXykZ1nm0FFd++GSO81bPWsXT59pA8oVuEv166puW+LtIBENw0NMrQUqbkI%2FwyytdEKh7axbX90OXicJBjSGrd0%2Fn6OMvEjQybIYbot%2FTwTRAl1aunCMX9snHpla2HignvgSQ6O61oqP%2FsQl%2F5FT6%2FYHOkeZSxDri5N76BASZfIlUTsb%2FUyP%2FDP2PIYc7JCsfLcJiVKj7pGTnjzCTWVz1r2cxbbR1nXBijIPwuA6NzoWPOT+MZRi2C8ObEV3BMBzhh4CflX1f4tMtCkUOcG6AQSFmkuYiMsSy4QJH53bMsCXS2l9OQF+dC5xeJjQ%2F9f4m8IC7o5vJ62KCoAEKZybiY2V65fmulUkzStF1L1fv73voEZZxJ6OrJWWoC+5gLvjwA72fPMjlBDyy8N9snQ0B4PJWHB4g%3D%3D&hotel=203683&ds=qqYuwCdeeyGgIaeA,
AGODA_3,agoda,Comfort Suites at Par 4 Resort,"1 King Bed, Suite, Nonsmoking",king bed,King,Suite,5.0,10418.0,0.0,10418.0,"['1 king bed', 'Non-smoking', 'Coffee/tea maker', 'Refrigerator', 'Hair dryer', 'Shower']",2025-11-14,2025-11-15,https://www.agoda.com/en-in/comfort-suites-foxfire_5/hotel/waupaca-wi-us.html?asq=oSBZUdCJkTqIcAJrG1AX8Jufa9Vwpz6XltTHq4n+9gNpSLc+T+pB%2F8FnmmA8sOyABZMHJNyhPX8Prg%2FH1te1+vz5QyyV4UEqRQ9lzfdTBTxxn3WZkWNFTjlVRW+RlD7cD8zS52LqyqgGzSr4Q1yOV9fXfA8oGge%2Fyp6S5mpJBbOMmQnp4l%2FqxXHScg6%2FIMuw+IlKoH2RRzVED37Mh9Acgg2FjZQhPusmJYf5Wx3Xjom2O005JJr4tzCeQoVcD0pL1BrustHV7sjEhRQROgMYvvtksTw8xHnPyufhKXPrHNNQdwO4DN1hJ7DMFEBjA1tlsOuDhLfZOw1q2rQOnoj14WkhX+Rs50g0fdI7vUoNdFzciZtp1rX4kwueALQiVTpra8Q6YIY31VZ7ikracSjcaStovsPbQgCFuB4p9HKsGMuaiWpH3WUmUhYvwqBgss8OmYaYLY4mpvBQRFZ9DXnGL3Ab7LBfPPeV+xRKkQH%2FZbgm4pJ7H7mRjRxbsMXt2MhO4Waan8nej3fD86snlFzhLkuMmTTH5l9zLcYrLnjeW8QSqYQPBv+WKInhgy0w1c1tNvoKVnqZacA1np0vT683+qJ7vN1f5BqlEQqEAvmbOz7SfkPUnDmorqc9A57NEcuDP1S+AKBERrC%2FMG7qCA47RbfQ3Q3DeNYL8Fxddl6dcJ4c96xaz7wUkXZ4kU0h2nVNlZWZdwncM8i9lIIBkv7NjeRiEG3%2FHEwKwlkdRmn7a0F5nLRnaQbnusi0gbXykZ1nm0FFd++GSO81bPWsXT59pA8oVuEv166puW+LtIBENw0NMrQUqbkI%2FwyytdEKh7axbX90OXicJBjSGrd0%2Fn6OMvEjQybIYbot%2FTwTRAl1aunCMX9snHpla2HignvgSQ6O61oqP%2FsQl%2F5FT6%2FYHOkeZSxDri5N76BASZfIlUTsb%2FUyP%2FDP2PIYc7JCsfLcJiVKj7pGTnjzCTWVz1r2cxbbR1nXBijIPwuA6NzoWPOT+MZRi2C8ObEV3BMBzhh4CflX1f4tMtCkUOcG6AQSFmkuYiMsSy4QJH53bMsCXS2l9OQF+dC5xeJjQ%2F9f4m8IC7o5vJ62KCoAEKZybiY2V65fmulUkzStF1L1fv73voEZZxJ6OrJWWoC+5gLvjwA72fPMjlBDyy8N9snQ0B4PJWHB4g%3D%3D&hotel=203683&ds=qqYuwCdeeyGgIaeA,
AGODA_3,agoda,Comfort Suites at Par 4 Resort,"1 King Bed, Suite, Nonsmoking, Accessible",king bed,King,Suite,5.0,10418.0,0.0,10418.0,"['Wi-Fi [free]', 'Room size: 40 m²/431 ft²', '1 king bed', 'Bathtub', 'Non-smoking', 'Shared bathroom', 'Closet', 'Air conditioning', 'Coffee/tea maker', 'Refrigerator']",2025-11-14,2025-11-15,https://www.agoda.com/en-in/comfort-suites-foxfire_5/hotel/waupaca-wi-us.html?asq=oSBZUdCJkTqIcAJrG1AX8Jufa9Vwpz6XltTHq4n+9gNpSLc+T+pB%2F8FnmmA8sOyABZMHJNyhPX8Prg%2FH1te1+vz5QyyV4UEqRQ9lzfdTBTxxn3WZkWNFTjlVRW+RlD7cD8zS52LqyqgGzSr4Q1yOV9fXfA8oGge%2Fyp6S5mpJBbOMmQnp4l%2FqxXHScg6%2FIMuw+IlKoH2RRzVED37Mh9Acgg2FjZQhPusmJYf5Wx3Xjom2O005JJr4tzCeQoVcD0pL1BrustHV7sjEhRQROgMYvvtksTw8xHnPyufhKXPrHNNQdwO4DN1hJ7DMFEBjA1tlsOuDhLfZOw1q2rQOnoj14WkhX+Rs50g0fdI7vUoNdFzciZtp1rX4kwueALQiVTpra8Q6YIY31VZ7ikracSjcaStovsPbQgCFuB4p9HKsGMuaiWpH3WUmUhYvwqBgss8OmYaYLY4mpvBQRFZ9DXnGL3Ab7LBfPPeV+xRKkQH%2FZbgm4pJ7H7mRjRxbsMXt2MhO4Waan8nej3fD86snlFzhLkuMmTTH5l9zLcYrLnjeW8QSqYQPBv+WKInhgy0w1c1tNvoKVnqZacA1np0vT683+qJ7vN1f5BqlEQqEAvmbOz7SfkPUnDmorqc9A57NEcuDP1S+AKBERrC%2FMG7qCA47RbfQ3Q3DeNYL8Fxddl6dcJ4c96xaz7wUkXZ4kU0h2nVNlZWZdwncM8i9lIIBkv7NjeRiEG3%2FHEwKwlkdRmn7a0F5nLRnaQbnusi0gbXykZ1nm0FFd++GSO81bPWsXT59pA8oVuEv166puW+LtIBENw0NMrQUqbkI%2FwyytdEKh7axbX90OXicJBjSGrd0%2Fn6OMvEjQybIYbot%2FTwTRAl1aunCMX9snHpla2HignvgSQ6O61oqP%2FsQl%2F5FT6%2FYHOkeZSxDri5N76BASZfIlUTsb%2FUyP%2FDP2PIYc7JCsfLcJiVKj7pGTnjzCTWVz1r2cxbbR1nXBijIPwuA6NzoWPOT+MZRi2C8ObEV3BMBzhh4CflX1f4tMtCkUOcG6AQSFmkuYiMsSy4QJH53bMsCXS2l9OQF+dC5xeJjQ%2F9f4m8IC7o5vJ62KCoAEKZybiY2V65fmulUkzStF1L1fv73voEZZxJ6OrJWWoC+5gLvjwA72fPMjlBDyy8N9snQ0B4PJWHB4g%3D%3D&hotel=203683&ds=qqYuwCdeeyGgIaeA,
AGODA_3,agoda,Comfort Suites at Par 4 Resort,"1 King Bed, Suite, No Smoking",king bed,King,Suite,5.0,10418.0,0.0,10418.0,"['Wi-Fi [free]', 'Room size: 39 m²/420 ft²', '1 king bed', 'Mini bar', 'Non-smoking', 'Shared bathroom', 'Closet', 'Air conditioning', 'Coffee/tea maker', 'Refrigerator']",2025-11-14,2025-11-15,https://www.agoda.com/en-in/comfort-suites-foxfire_5/hotel/waupaca-wi-us.html?asq=oSBZUdCJkTqIcAJrG1AX8Jufa9Vwpz6XltTHq4n+9gNpSLc+T+pB%2F8FnmmA8sOyABZMHJNyhPX8Prg%2FH1te1+vz5QyyV4UEqRQ9lzfdTBTxxn3WZkWNFTjlVRW+RlD7cD8zS52LqyqgGzSr4Q1yOV9fXfA8oGge%2Fyp6S5mpJBbOMmQnp4l%2FqxXHScg6%2FIMuw+IlKoH2RRzVED37Mh9Acgg2FjZQhPusmJYf5Wx3Xjom2O005JJr4tzCeQoVcD0pL1BrustHV7sjEhRQROgMYvvtksTw8xHnPyufhKXPrHNNQdwO4DN1hJ7DMFEBjA1tlsOuDhLfZOw1q2rQOnoj14WkhX+Rs50g0fdI7vUoNdFzciZtp1rX4kwueALQiVTpra8Q6YIY31VZ7ikracSjcaStovsPbQgCFuB4p9HKsGMuaiWpH3WUmUhYvwqBgss8OmYaYLY4mpvBQRFZ9DXnGL3Ab7LBfPPeV+xRKkQH%2FZbgm4pJ7H7mRjRxbsMXt2MhO4Waan8nej3fD86snlFzhLkuMmTTH5l9zLcYrLnjeW8QSqYQPBv+WKInhgy0w1c1tNvoKVnqZacA1np0vT683+qJ7vN1f5BqlEQqEAvmbOz7SfkPUnDmorqc9A57NEcuDP1S+AKBERrC%2FMG7qCA47RbfQ3Q3DeNYL8Fxddl6dcJ4c96xaz7wUkXZ4kU0h2nVNlZWZdwncM8i9lIIBkv7NjeRiEG3%2FHEwKwlkdRmn7a0F5nLRnaQbnusi0gbXykZ1nm0FFd++GSO81bPWsXT59pA8oVuEv166puW+LtIBENw0NMrQUqbkI%2FwyytdEKh7axbX90OXicJBjSGrd0%2Fn6OMvEjQybIYbot%2FTwTRAl1aunCMX9snHpla2HignvgSQ6O61oqP%2FsQl%2F5FT6%2FYHOkeZSxDri5N76BASZfIlUTsb%2FUyP%2FDP2PIYc7JCsfLcJiVKj7pGTnjzCTWVz1r2cxbbR1nXBijIPwuA6NzoWPOT+MZRi2C8ObEV3BMBzhh4CflX1f4tMtCkUOcG6AQSFmkuYiMsSy4QJH53bMsCXS2l9OQF+dC5xeJjQ%2F9f4m8IC7o5vJ62KCoAEKZybiY2V65fmulUkzStF1L1fv73voEZZxJ6OrJWWoC+5gLvjwA72fPMjlBDyy8N9snQ0B4PJWHB4g%3D%3D&hotel=203683&ds=qqYuwCdeeyGgIaeA,
AGODA_3,agoda,Comfort Suites at Par 4 Resort,"1 King Bed, Suite, No smoking,Upgrade",king bedS,King,Suite,5.0,10913.0,0.0,10913.0,"['Wi-Fi [free]', 'Room size: 40 m²/431 ft²', '1 king bed', 'Separate shower/bathtub', 'Balcony/terrace', 'Mini bar', 'Non-smoking', 'Shared bathroom', 'Closet', 'Air conditioning']",2025-11-14,2025-11-15,https://www.agoda.com/en-in/comfort-suites-foxfire_5/hotel/waupaca-wi-us.html?asq=oSBZUdCJkTqIcAJrG1AX8Jufa9Vwpz6XltTHq4n+9gNpSLc+T+pB%2F8FnmmA8sOyABZMHJNyhPX8Prg%2FH1te1+vz5QyyV4UEqRQ9lzfdTBTxxn3WZkWNFTjlVRW+RlD7cD8zS52LqyqgGzSr4Q1yOV9fXfA8oGge%2Fyp6S5mpJBbOMmQnp4l%2FqxXHScg6%2FIMuw+IlKoH2RRzVED37Mh9Acgg2FjZQhPusmJYf5Wx3Xjom2O005JJr4tzCeQoVcD0pL1BrustHV7sjEhRQROgMYvvtksTw8xHnPyufhKXPrHNNQdwO4DN1hJ7DMFEBjA1tlsOuDhLfZOw1q2rQOnoj14WkhX+Rs50g0fdI7vUoNdFzciZtp1rX4kwueALQiVTpra8Q6YIY31VZ7ikracSjcaStovsPbQgCFuB4p9HKsGMuaiWpH3WUmUhYvwqBgss8OmYaYLY4mpvBQRFZ9DXnGL3Ab7LBfPPeV+xRKkQH%2FZbgm4pJ7H7mRjRxbsMXt2MhO4Waan8nej3fD86snlFzhLkuMmTTH5l9zLcYrLnjeW8QSqYQPBv+WKInhgy0w1c1tNvoKVnqZacA1np0vT683+qJ7vN1f5BqlEQqEAvmbOz7SfkPUnDmorqc9A57NEcuDP1S+AKBERrC%2FMG7qCA47RbfQ3Q3DeNYL8Fxddl6dcJ4c96xaz7wUkXZ4kU0h2nVNlZWZdwncM8i9lIIBkv7NjeRiEG3%2FHEwKwlkdRmn7a0F5nLRnaQbnusi0gbXykZ1nm0FFd++GSO81bPWsXT59pA8oVuEv166puW+LtIBENw0NMrQUqbkI%2FwyytdEKh7axbX90OXicJBjSGrd0%2Fn6OMvEjQybIYbot%2FTwTRAl1aunCMX9snHpla2HignvgSQ6O61oqP%2FsQl%2F5FT6%2FYHOkeZSxDri5N76BASZfIlUTsb%2FUyP%2FDP2PIYc7JCsfLcJiVKj7pGTnjzCTWVz1r2cxbbR1nXBijIPwuA6NzoWPOT+MZRi2C8ObEV3BMBzhh4CflX1f4tMtCkUOcG6AQSFmkuYiMsSy4QJH53bMsCXS2l9OQF+dC5xeJjQ%2F9f4m8IC7o5vJ62KCoAEKZybiY2V65fmulUkzStF1L1fv73voEZZxJ6OrJWWoC+5gLvjwA72fPMjlBDyy8N9snQ0B4PJWHB4g%3D%3D&hotel=203683&ds=qqYuwCdeeyGgIaeA,
AGODA_3,agoda,Comfort Suites at Par 4 Resort,"1 King Bed, Suite, No Smoking, Upgrade",king bed,King,Suite,5.0,10913.0,0.0,10913.0,"['Wi-Fi [free]', 'Room size: 40 m²/431 ft²', '1 king bed', 'Whirlpool bathtub', 'Non-smoking', 'Shared bathroom', 'Closet', 'Air conditioning', 'Coffee/tea maker', 'Refrigerator']",2025-11-14,2025-11-15,https://www.agoda.com/en-in/comfort-suites-foxfire_5/hotel/waupaca-wi-us.html?asq=oSBZUdCJkTqIcAJrG1AX8Jufa9Vwpz6XltTHq4n+9gNpSLc+T+pB%2F8FnmmA8sOyABZMHJNyhPX8Prg%2FH1te1+vz5QyyV4UEqRQ9lzfdTBTxxn3WZkWNFTjlVRW+RlD7cD8zS52LqyqgGzSr4Q1yOV9fXfA8oGge%2Fyp6S5mpJBbOMmQnp4l%2FqxXHScg6%2FIMuw+IlKoH2RRzVED37Mh9Acgg2FjZQhPusmJYf5Wx3Xjom2O005JJr4tzCeQoVcD0pL1BrustHV7sjEhRQROgMYvvtksTw8xHnPyufhKXPrHNNQdwO4DN1hJ7DMFEBjA1tlsOuDhLfZOw1q2rQOnoj14WkhX+Rs50g0fdI7vUoNdFzciZtp1rX4kwueALQiVTpra8Q6YIY31VZ7ikracSjcaStovsPbQgCFuB4p9HKsGMuaiWpH3WUmUhYvwqBgss8OmYaYLY4mpvBQRFZ9DXnGL3Ab7LBfPPeV+xRKkQH%2FZbgm4pJ7H7mRjRxbsMXt2MhO4Waan8nej3fD86snlFzhLkuMmTTH5l9zLcYrLnjeW8QSqYQPBv+WKInhgy0w1c1tNvoKVnqZacA1np0vT683+qJ7vN1f5BqlEQqEAvmbOz7SfkPUnDmorqc9A57NEcuDP1S+AKBERrC%2FMG7qCA47RbfQ3Q3DeNYL8Fxddl6dcJ4c96xaz7wUkXZ4kU0h2nVNlZWZdwncM8i9lIIBkv7NjeRiEG3%2FHEwKwlkdRmn7a0F5nLRnaQbnusi0gbXykZ1nm0FFd++GSO81bPWsXT59pA8oVuEv166puW+LtIBENw0NMrQUqbkI%2FwyytdEKh7axbX90OXicJBjSGrd0%2Fn6OMvEjQybIYbot%2FTwTRAl1aunCMX9snHpla2HignvgSQ6O61oqP%2FsQl%2F5FT6%2FYHOkeZSxDri5N76BASZfIlUTsb%2FUyP%2FDP2PIYc7JCsfLcJiVKj7pGTnjzCTWVz1r2cxbbR1nXBijIPwuA6NzoWPOT+MZRi2C8ObEV3BMBzhh4CflX1f4tMtCkUOcG6AQSFmkuYiMsSy4QJH53bMsCXS2l9OQF+dC5xeJjQ%2F9f4m8IC7o5vJ62KCoAEKZybiY2V65fmulUkzStF1L1fv73voEZZxJ6OrJWWoC+5gLvjwA72fPMjlBDyy8N9snQ0B4PJWHB4g%3D%3D&hotel=203683&ds=qqYuwCdeeyGgIaeA,
AGODA_3,agoda,Comfort Suites at Par 4 Resort,"2 Queen Beds, Suite, Nonsmoking",queen beds,Queen,Suite,5.0,9369.0,0.0,9369.0,"['Wi-Fi [free]', 'Room size: 39 m²/420 ft²', '2 queen beds', 'Mini bar', 'Non-smoking', 'Shared bathroom', 'Closet', 'Air conditioning', 'Coffee/tea maker', 'Refrigerator']",2025-11-15,2025-11-16,https://www.agoda.com/en-in/comfort-suites-foxfire_5/hotel/waupaca-wi-us.html?asq=oSBZUdCJkTqIcAJrG1AX8Jufa9Vwpz6XltTHq4n+9gNpSLc+T+pB%2F8FnmmA8sOyABZMHJNyhPX8Prg%2FH1te1+vz5QyyV4UEqRQ9lzfdTBTxxn3WZkWNFTjlVRW+RlD7cD8zS52LqyqgGzSr4Q1yOV9fXfA8oGge%2Fyp6S5mpJBbOMmQnp4l%2FqxXHScg6%2FIMuw+IlKoH2RRzVED37Mh9Acgg2FjZQhPusmJYf5Wx3Xjom2O005JJr4tzCeQoVcD0pL1BrustHV7sjEhRQROgMYvvtksTw8xHnPyufhKXPrHNNQdwO4DN1hJ7DMFEBjA1tlsOuDhLfZOw1q2rQOnoj14WkhX+Rs50g0fdI7vUoNdFzciZtp1rX4kwueALQiVTpra8Q6YIY31VZ7ikracSjcaStovsPbQgCFuB4p9HKsGMuaiWpH3WUmUhYvwqBgss8OmYaYLY4mpvBQRFZ9DXnGL3Ab7LBfPPeV+xRKkQH%2FZbgm4pJ7H7mRjRxbsMXt2MhO4Waan8nej3fD86snlFzhLkuMmTTH5l9zLcYrLnjeW8QSqYQPBv+WKInhgy0w1c1tNvoKVnqZacA1np0vT683+qJ7vN1f5BqlEQqEAvmbOz7SfkPUnDmorqc9A57NEcuDP1S+AKBERrC%2FMG7qCA47RbfQ3Q3DeNYL8Fxddl6dcJ4c96xaz7wUkXZ4kU0h2nVNlZWZdwncM8i9lIIBkv7NjeRiEG3%2FHEwKwlkdRmn7a0F5nLRnaQbnusi0gbXykZ1nm0FFd++GSO81bPWsXT59pA8oVuEv166puW+LtIBENw0NMrQUqbkI%2FwyytdEKh7axbX90OXicJBjSGrd0%2Fn6OMvEjQybIYbot%2FTwTRAl1aunCMX9snHpla2HignvgSQ6O61oqP%2FsQl%2F5FT6%2FYHOkeZSxDri5N76BASZfIlUTsb%2FUyP%2FDP2PIYc7JCsfLcJiVKj7pGTnjzCTWVz1r2cxbbR1nXBijIPwuA6NzoWPOT+MZRi2C8ObEV3BMBzhh4CflX1f4tMtCkUOcG6AQSFmkuYiMsSy4QJH53bMsCXS2l9OQF+dC5xeJjQ%2F9f4m8IC7o5vJ62KCoAEKZybiY2V65fmulUkzStF1L1fv73voEZZxJ6OrJWWoC+5gLvjwA72fPMjlBDyy8N9snQ0B4PJWHB4g%3D%3D&hotel=203683&ds=qqYuwCdeeyGgIaeA,
AGODA_3,agoda,Comfort Suites at Par 4 Resort,"1 King Bed, Suite, Nonsmoking",king bed,King,Suite,5.0,10085.0,0.0,10085.0,"['1 king bed', 'Non-smoking', 'Coffee/tea maker', 'Refrigerator', 'Hair dryer', 'Shower']",2025-11-15,2025-11-16,https://www.agoda.com/en-in/comfort-suites-foxfire_5/hotel/waupaca-wi-us.html?asq=oSBZUdCJkTqIcAJrG1AX8Jufa9Vwpz6XltTHq4n+9gNpSLc+T+pB%2F8FnmmA8sOyABZMHJNyhPX8Prg%2FH1te1+vz5QyyV4UEqRQ9lzfdTBTxxn3WZkWNFTjlVRW+RlD7cD8zS52LqyqgGzSr4Q1yOV9fXfA8oGge%2Fyp6S5mpJBbOMmQnp4l%2FqxXHScg6%2FIMuw+IlKoH2RRzVED37Mh9Acgg2FjZQhPusmJYf5Wx3Xjom2O005JJr4tzCeQoVcD0pL1BrustHV7sjEhRQROgMYvvtksTw8xHnPyufhKXPrHNNQdwO4DN1hJ7DMFEBjA1tlsOuDhLfZOw1q2rQOnoj14WkhX+Rs50g0fdI7vUoNdFzciZtp1rX4kwueALQiVTpra8Q6YIY31VZ7ikracSjcaStovsPbQgCFuB4p9HKsGMuaiWpH3WUmUhYvwqBgss8OmYaYLY4mpvBQRFZ9DXnGL3Ab7LBfPPeV+xRKkQH%2FZbgm4pJ7H7mRjRxbsMXt2MhO4Waan8nej3fD86snlFzhLkuMmTTH5l9zLcYrLnjeW8QSqYQPBv+WKInhgy0w1c1tNvoKVnqZacA1np0vT683+qJ7vN1f5BqlEQqEAvmbOz7SfkPUnDmorqc9A57NEcuDP1S+AKBERrC%2FMG7qCA47RbfQ3Q3DeNYL8Fxddl6dcJ4c96xaz7wUkXZ4kU0h2nVNlZWZdwncM8i9lIIBkv7NjeRiEG3%2FHEwKwlkdRmn7a0F5nLRnaQbnusi0gbXykZ1nm0FFd++GSO81bPWsXT59pA8oVuEv166puW+LtIBENw0NMrQUqbkI%2FwyytdEKh7axbX90OXicJBjSGrd0%2Fn6OMvEjQybIYbot%2FTwTRAl1aunCMX9snHpla2HignvgSQ6O61oqP%2FsQl%2F5FT6%2FYHOkeZSxDri5N76BASZfIlUTsb%2FUyP%2FDP2PIYc7JCsfLcJiVKj7pGTnjzCTWVz1r2cxbbR1nXBijIPwuA6NzoWPOT+MZRi2C8ObEV3BMBzhh4CflX1f4tMtCkUOcG6AQSFmkuYiMsSy4QJH53bMsCXS2l9OQF+dC5xeJjQ%2F9f4m8IC7o5vJ62KCoAEKZybiY2V65fmulUkzStF1L1fv73voEZZxJ6OrJWWoC+5gLvjwA72fPMjlBDyy8N9snQ0B4PJWHB4g%3D%3D&hotel=203683&ds=qqYuwCdeeyGgIaeA,
AGODA_3,agoda,Comfort Suites at Par 4 Resort,"1 King Bed, Suite, Nonsmoking, Accessible",king bed,King,Suite,5.0,10085.0,0.0,10085.0,"['Wi-Fi [free]', 'Room size: 40 m²/431 ft²', '1 king bed', 'Bathtub', 'Non-smoking', 'Shared bathroom', 'Closet', 'Air conditioning', 'Coffee/tea maker', 'Refrigerator']",2025-11-15,2025-11-16,https://www.agoda.com/en-in/comfort-suites-foxfire_5/hotel/waupaca-wi-us.html?asq=oSBZUdCJkTqIcAJrG1AX8Jufa9Vwpz6XltTHq4n+9gNpSLc+T+pB%2F8FnmmA8sOyABZMHJNyhPX8Prg%2FH1te1+vz5QyyV4UEqRQ9lzfdTBTxxn3WZkWNFTjlVRW+RlD7cD8zS52LqyqgGzSr4Q1yOV9fXfA8oGge%2Fyp6S5mpJBbOMmQnp4l%2FqxXHScg6%2FIMuw+IlKoH2RRzVED37Mh9Acgg2FjZQhPusmJYf5Wx3Xjom2O005JJr4tzCeQoVcD0pL1BrustHV7sjEhRQROgMYvvtksTw8xHnPyufhKXPrHNNQdwO4DN1hJ7DMFEBjA1tlsOuDhLfZOw1q2rQOnoj14WkhX+Rs50g0fdI7vUoNdFzciZtp1rX4kwueALQiVTpra8Q6YIY31VZ7ikracSjcaStovsPbQgCFuB4p9HKsGMuaiWpH3WUmUhYvwqBgss8OmYaYLY4mpvBQRFZ9DXnGL3Ab7LBfPPeV+xRKkQH%2FZbgm4pJ7H7mRjRxbsMXt2MhO4Waan8nej3fD86snlFzhLkuMmTTH5l9zLcYrLnjeW8QSqYQPBv+WKInhgy0w1c1tNvoKVnqZacA1np0vT683+qJ7vN1f5BqlEQqEAvmbOz7SfkPUnDmorqc9A57NEcuDP1S+AKBERrC%2FMG7qCA47RbfQ3Q3DeNYL8Fxddl6dcJ4c96xaz7wUkXZ4kU0h2nVNlZWZdwncM8i9lIIBkv7NjeRiEG3%2FHEwKwlkdRmn7a0F5nLRnaQbnusi0gbXykZ1nm0FFd++GSO81bPWsXT59pA8oVuEv166puW+LtIBENw0NMrQUqbkI%2FwyytdEKh7axbX90OXicJBjSGrd0%2Fn6OMvEjQybIYbot%2FTwTRAl1aunCMX9snHpla2HignvgSQ6O61oqP%2FsQl%2F5FT6%2FYHOkeZSxDri5N76BASZfIlUTsb%2FUyP%2FDP2PIYc7JCsfLcJiVKj7pGTnjzCTWVz1r2cxbbR1nXBijIPwuA6NzoWPOT+MZRi2C8ObEV3BMBzhh4CflX1f4tMtCkUOcG6AQSFmkuYiMsSy4QJH53bMsCXS2l9OQF+dC5xeJjQ%2F9f4m8IC7o5vJ62KCoAEKZybiY2V65fmulUkzStF1L1fv73voEZZxJ6OrJWWoC+5gLvjwA72fPMjlBDyy8N9snQ0B4PJWHB4g%3D%3D&hotel=203683&ds=qqYuwCdeeyGgIaeA,
AGODA_3,agoda,Comfort Suites at Par 4 Resort,"1 King Bed, Suite, No Smoking",king bed,King,Suite,5.0,10085.0,0.0,10085.0,"['Wi-Fi [free]', 'Room size: 39 m²/420 ft²', '1 king bed', 'Mini bar', 'Non-smoking', 'Shared bathroom', 'Closet', 'Air conditioning', 'Coffee/tea maker', 'Refrigerator']",2025-11-15,2025-11-16,https://www.agoda.com/en-in/comfort-suites-foxfire_5/hotel/waupaca-wi-us.html?asq=oSBZUdCJkTqIcAJrG1AX8Jufa9Vwpz6XltTHq4n+9gNpSLc+T+pB%2F8FnmmA8sOyABZMHJNyhPX8Prg%2FH1te1+vz5QyyV4UEqRQ9lzfdTBTxxn3WZkWNFTjlVRW+RlD7cD8zS52LqyqgGzSr4Q1yOV9fXfA8oGge%2Fyp6S5mpJBbOMmQnp4l%2FqxXHScg6%2FIMuw+IlKoH2RRzVED37Mh9Acgg2FjZQhPusmJYf5Wx3Xjom2O005JJr4tzCeQoVcD0pL1BrustHV7sjEhRQROgMYvvtksTw8xHnPyufhKXPrHNNQdwO4DN1hJ7DMFEBjA1tlsOuDhLfZOw1q2rQOnoj14WkhX+Rs50g0fdI7vUoNdFzciZtp1rX4kwueALQiVTpra8Q6YIY31VZ7ikracSjcaStovsPbQgCFuB4p9HKsGMuaiWpH3WUmUhYvwqBgss8OmYaYLY4mpvBQRFZ9DXnGL3Ab7LBfPPeV+xRKkQH%2FZbgm4pJ7H7mRjRxbsMXt2MhO4Waan8nej3fD86snlFzhLkuMmTTH5l9zLcYrLnjeW8QSqYQPBv+WKInhgy0w1c1tNvoKVnqZacA1np0vT683+qJ7vN1f5BqlEQqEAvmbOz7SfkPUnDmorqc9A57NEcuDP1S+AKBERrC%2FMG7qCA47RbfQ3Q3DeNYL8Fxddl6dcJ4c96xaz7wUkXZ4kU0h2nVNlZWZdwncM8i9lIIBkv7NjeRiEG3%2FHEwKwlkdRmn7a0F5nLRnaQbnusi0gbXykZ1nm0FFd++GSO81bPWsXT59pA8oVuEv166puW+LtIBENw0NMrQUqbkI%2FwyytdEKh7axbX90OXicJBjSGrd0%2Fn6OMvEjQybIYbot%2FTwTRAl1aunCMX9snHpla2HignvgSQ6O61oqP%2FsQl%2F5FT6%2FYHOkeZSxDri5N76BASZfIlUTsb%2FUyP%2FDP2PIYc7JCsfLcJiVKj7pGTnjzCTWVz1r2cxbbR1nXBijIPwuA6NzoWPOT+MZRi2C8ObEV3BMBzhh4CflX1f4tMtCkUOcG6AQSFmkuYiMsSy4QJH53bMsCXS2l9OQF+dC5xeJjQ%2F9f4m8IC7o5vJ62KCoAEKZybiY2V65fmulUkzStF1L1fv73voEZZxJ6OrJWWoC+5gLvjwA72fPMjlBDyy8N9snQ0B4PJWHB4g%3D%3D&hotel=203683&ds=qqYuwCdeeyGgIaeA,
AGODA_3,agoda,Comfort Suites at Par 4 Resort,"1 King Bed, Suite, No smoking,Upgrade",king bedS,King,Suite,5.0,10716.0,0.0,10716.0,"['Wi-Fi [free]', 'Room size: 40 m²/431 ft²', '1 king bed', 'Separate shower/bathtub', 'Balcony/terrace', 'Mini bar', 'Non-smoking', 'Shared bathroom', 'Closet', 'Air conditioning']",2025-11-15,2025-11-16,https://www.agoda.com/en-in/comfort-suites-foxfire_5/hotel/waupaca-wi-us.html?asq=oSBZUdCJkTqIcAJrG1AX8Jufa9Vwpz6XltTHq4n+9gNpSLc+T+pB%2F8FnmmA8sOyABZMHJNyhPX8Prg%2FH1te1+vz5QyyV4UEqRQ9lzfdTBTxxn3WZkWNFTjlVRW+RlD7cD8zS52LqyqgGzSr4Q1yOV9fXfA8oGge%2Fyp6S5mpJBbOMmQnp4l%2FqxXHScg6%2FIMuw+IlKoH2RRzVED37Mh9Acgg2FjZQhPusmJYf5Wx3Xjom2O005JJr4tzCeQoVcD0pL1BrustHV7sjEhRQROgMYvvtksTw8xHnPyufhKXPrHNNQdwO4DN1hJ7DMFEBjA1tlsOuDhLfZOw1q2rQOnoj14WkhX+Rs50g0fdI7vUoNdFzciZtp1rX4kwueALQiVTpra8Q6YIY31VZ7ikracSjcaStovsPbQgCFuB4p9HKsGMuaiWpH3WUmUhYvwqBgss8OmYaYLY4mpvBQRFZ9DXnGL3Ab7LBfPPeV+xRKkQH%2FZbgm4pJ7H7mRjRxbsMXt2MhO4Waan8nej3fD86snlFzhLkuMmTTH5l9zLcYrLnjeW8QSqYQPBv+WKInhgy0w1c1tNvoKVnqZacA1np0vT683+qJ7vN1f5BqlEQqEAvmbOz7SfkPUnDmorqc9A57NEcuDP1S+AKBERrC%2FMG7qCA47RbfQ3Q3DeNYL8Fxddl6dcJ4c96xaz7wUkXZ4kU0h2nVNlZWZdwncM8i9lIIBkv7NjeRiEG3%2FHEwKwlkdRmn7a0F5nLRnaQbnusi0gbXykZ1nm0FFd++GSO81bPWsXT59pA8oVuEv166puW+LtIBENw0NMrQUqbkI%2FwyytdEKh7axbX90OXicJBjSGrd0%2Fn6OMvEjQybIYbot%2FTwTRAl1aunCMX9snHpla2HignvgSQ6O61oqP%2FsQl%2F5FT6%2FYHOkeZSxDri5N76BASZfIlUTsb%2FUyP%2FDP2PIYc7JCsfLcJiVKj7pGTnjzCTWVz1r2cxbbR1nXBijIPwuA6NzoWPOT+MZRi2C8ObEV3BMBzhh4CflX1f4tMtCkUOcG6AQSFmkuYiMsSy4QJH53bMsCXS2l9OQF+dC5xeJjQ%2F9f4m8IC7o5vJ62KCoAEKZybiY2V65fmulUkzStF1L1fv73voEZZxJ6OrJWWoC+5gLvjwA72fPMjlBDyy8N9snQ0B4PJWHB4g%3D%3D&hotel=203683&ds=qqYuwCdeeyGgIaeA,
AGODA_3,agoda,Comfort Suites at Par 4 Resort,"1 King Bed, Suite, No Smoking, Upgrade",king bed,King,Suite,5.0,10716.0,0.0,10716.0,"['Wi-Fi [free]', 'Room size: 40 m²/431 ft²', '1 king bed', 'Whirlpool bathtub', 'Non-smoking', 'Shared bathroom', 'Closet', 'Air conditioning', 'Coffee/tea maker', 'Refrigerator']",2025-11-15,2025-11-16,https://www.agoda.com/en-in/comfort-suites-foxfire_5/hotel/waupaca-wi-us.html?asq=oSBZUdCJkTqIcAJrG1AX8Jufa9Vwpz6XltTHq4n+9gNpSLc+T+pB%2F8FnmmA8sOyABZMHJNyhPX8Prg%2FH1te1+vz5QyyV4UEqRQ9lzfdTBTxxn3WZkWNFTjlVRW+RlD7cD8zS52LqyqgGzSr4Q1yOV9fXfA8oGge%2Fyp6S5mpJBbOMmQnp4l%2FqxXHScg6%2FIMuw+IlKoH2RRzVED37Mh9Acgg2FjZQhPusmJYf5Wx3Xjom2O005JJr4tzCeQoVcD0pL1BrustHV7sjEhRQROgMYvvtksTw8xHnPyufhKXPrHNNQdwO4DN1hJ7DMFEBjA1tlsOuDhLfZOw1q2rQOnoj14WkhX+Rs50g0fdI7vUoNdFzciZtp1rX4kwueALQiVTpra8Q6YIY31VZ7ikracSjcaStovsPbQgCFuB4p9HKsGMuaiWpH3WUmUhYvwqBgss8OmYaYLY4mpvBQRFZ9DXnGL3Ab7LBfPPeV+xRKkQH%2FZbgm4pJ7H7mRjRxbsMXt2MhO4Waan8nej3fD86snlFzhLkuMmTTH5l9zLcYrLnjeW8QSqYQPBv+WKInhgy0w1c1tNvoKVnqZacA1np0vT683+qJ7vN1f5BqlEQqEAvmbOz7SfkPUnDmorqc9A57NEcuDP1S+AKBERrC%2FMG7qCA47RbfQ3Q3DeNYL8Fxddl6dcJ4c96xaz7wUkXZ4kU0h2nVNlZWZdwncM8i9lIIBkv7NjeRiEG3%2FHEwKwlkdRmn7a0F5nLRnaQbnusi0gbXykZ1nm0FFd++GSO81bPWsXT59pA8oVuEv166puW+LtIBENw0NMrQUqbkI%2FwyytdEKh7axbX90OXicJBjSGrd0%2Fn6OMvEjQybIYbot%2FTwTRAl1aunCMX9snHpla2HignvgSQ6O61oqP%2FsQl%2F5FT6%2FYHOkeZSxDri5N76BASZfIlUTsb%2FUyP%2FDP2PIYc7JCsfLcJiVKj7pGTnjzCTWVz1r2cxbbR1nXBijIPwuA6NzoWPOT+MZRi2C8ObEV3BMBzhh4CflX1f4tMtCkUOcG6AQSFmkuYiMsSy4QJH53bMsCXS2l9OQF+dC5xeJjQ%2F9f4m8IC7o5vJ62KCoAEKZybiY2V65fmulUkzStF1L1fv73voEZZxJ6OrJWWoC+5gLvjwA72fPMjlBDyy8N9snQ0B4PJWHB4g%3D%3D&hotel=203683&ds=qqYuwCdeeyGgIaeA,
AGODA_4,agoda,Ramada by Wyndham Waupaca,"2 Queen Beds, Non-Smoking",king bed,King,Normal,0.0,5188.0,0.0,5188.0,"['Wi-Fi [free]', 'Room size: 30 m²/323 ft²', '1 king bed and 1 sofa bed', 'Bathtub', 'Window', 'Non-smoking', 'Private bathroom', 'Individual air conditioning', 'Coffee/tea maker', 'Refrigerator']",2025-11-03,2025-11-04,https://www.agoda.com/en-in/ramada-waupaca_4/hotel/waupaca-wi-us.html?countryId=181&finalPriceView=1&isShowMobileAppPrice=false&cid=1922885&numberOfBedrooms=&familyMode=false&adults=1&children=0&rooms=1&maxRooms=0&checkIn=2025-11-1&isCalendarCallout=false&childAges=&numberOfGuest=0&missingChildAges=false&travellerType=0&showReviewSubmissionEntry=false&currencyCode=USD&isFreeOccSearch=false&tspTypes=16%2C8&los=4&searchrequestid=709a39e5-55e4-4ffc-a2af-37ab37f66aaa&ds=qqYuwCdeeyGgIaeA,
AGODA_4,agoda,Ramada by Wyndham Waupaca,"1 Queen Bed, Non-Smoking",double bed,Double,Normal,0.0,5188.0,0.0,5188.0,"['Wi-Fi [free]', 'Room size: 30 m²/323 ft²', '1 double bed', 'Bathtub', 'Window', 'Non-smoking', 'Private bathroom', 'Individual air conditioning', 'Coffee/tea maker', 'Refrigerator']",2025-11-03,2025-11-04,https://www.agoda.com/en-in/ramada-waupaca_4/hotel/waupaca-wi-us.html?countryId=181&finalPriceView=1&isShowMobileAppPrice=false&cid=1922885&numberOfBedrooms=&familyMode=false&adults=1&children=0&rooms=1&maxRooms=0&checkIn=2025-11-1&isCalendarCallout=false&childAges=&numberOfGuest=0&missingChildAges=false&travellerType=0&showReviewSubmissionEntry=false&currencyCode=USD&isFreeOccSearch=false&tspTypes=16%2C8&los=4&searchrequestid=709a39e5-55e4-4ffc-a2af-37ab37f66aaa&ds=qqYuwCdeeyGgIaeA,
AGODA_4,agoda,Ramada by Wyndham Waupaca,"2 Queen Beds, Mobility Accessible Room, Bathtub W/ Grab Bars, Non-Smoking",king bed,King,Normal,0.0,5188.0,0.0,5188.0,"['Wi-Fi [free]', 'Room size: 30 m²/323 ft²', '1 king bed and 1 sofa bed', 'Bathtub', 'Window', 'Non-smoking', 'Private bathroom', 'Individual air conditioning', 'Coffee/tea maker', 'Refrigerator']",2025-11-03,2025-11-04,https://www.agoda.com/en-in/ramada-waupaca_4/hotel/waupaca-wi-us.html?countryId=181&finalPriceView=1&isShowMobileAppPrice=false&cid=1922885&numberOfBedrooms=&familyMode=false&adults=1&children=0&rooms=1&maxRooms=0&checkIn=2025-11-1&isCalendarCallout=false&childAges=&numberOfGuest=0&missingChildAges=false&travellerType=0&showReviewSubmissionEntry=false&currencyCode=USD&isFreeOccSearch=false&tspTypes=16%2C8&los=4&searchrequestid=709a39e5-55e4-4ffc-a2af-37ab37f66aaa&ds=qqYuwCdeeyGgIaeA,
AGODA_4,agoda,Ramada by Wyndham Waupaca,King Room - Non-Smoking,king bed,King,Normal,0.0,5188.0,0.0,5188.0,"['Wi-Fi [free]', 'Room size: 30 m²/323 ft²', '1 king bed', 'Bathtub', 'Window', 'Non-smoking', 'Private bathroom', 'Individual air conditioning', 'Coffee/tea maker', 'Refrigerator']",2025-11-03,2025-11-04,https://www.agoda.com/en-in/ramada-waupaca_4/hotel/waupaca-wi-us.html?countryId=181&finalPriceView=1&isShowMobileAppPrice=false&cid=1922885&numberOfBedrooms=&familyMode=false&adults=1&children=0&rooms=1&maxRooms=0&checkIn=2025-11-1&isCalendarCallout=false&childAges=&numberOfGuest=0&missingChildAges=false&travellerType=0&showReviewSubmissionEntry=false&currencyCode=USD&isFreeOccSearch=false&tspTypes=16%2C8&los=4&searchrequestid=709a39e5-55e4-4ffc-a2af-37ab37f66aaa&ds=qqYuwCdeeyGgIaeA,
AGODA_4,agoda,Ramada by Wyndham Waupaca,"1 King Bed, Studio Suite, Non-Smoking",queen bed,Queen,Suite,2.0,6119.0,0.0,6119.0,"['Wi-Fi [free]', 'Room size: 30 m²/323 ft²', '1 queen bed and 1 sofa bed', 'Bathtub', 'Window', 'Non-smoking', 'Private bathroom', 'Individual air conditioning', 'Coffee/tea maker', 'Refrigerator']",2025-11-03,2025-11-04,https://www.agoda.com/en-in/ramada-waupaca_4/hotel/waupaca-wi-us.html?countryId=181&finalPriceView=1&isShowMobileAppPrice=false&cid=1922885&numberOfBedrooms=&familyMode=false&adults=1&children=0&rooms=1&maxRooms=0&checkIn=2025-11-1&isCalendarCallout=false&childAges=&numberOfGuest=0&missingChildAges=false&travellerType=0&showReviewSubmissionEntry=false&currencyCode=USD&isFreeOccSearch=false&tspTypes=16%2C8&los=4&searchrequestid=709a39e5-55e4-4ffc-a2af-37ab37f66aaa&ds=qqYuwCdeeyGgIaeA,
AGODA_4,agoda,Ramada by Wyndham Waupaca,"1 King Bed, One Bedroom Suite, Non-Smoking",king bed,King,Suite,2.0,6448.0,0.0,6448.0,"['Wi-Fi [free]', 'Room size: 30 m²/323 ft²', '1 king bed', 'Bathtub', 'Window', 'Non-smoking', 'Private bathroom', 'Individual air conditioning', 'Coffee/tea maker', 'Refrigerator']",2025-11-03,2025-11-04,https://www.agoda.com/en-in/ramada-waupaca_4/hotel/waupaca-wi-us.html?countryId=181&finalPriceView=1&isShowMobileAppPrice=false&cid=1922885&numberOfBedrooms=&familyMode=false&adults=1&children=0&rooms=1&maxRooms=0&checkIn=2025-11-1&isCalendarCallout=false&childAges=&numberOfGuest=0&missingChildAges=false&travellerType=0&showReviewSubmissionEntry=false&currencyCode=USD&isFreeOccSearch=false&tspTypes=16%2C8&los=4&searchrequestid=709a39e5-55e4-4ffc-a2af-37ab37f66aaa&ds=qqYuwCdeeyGgIaeA,
AGODA_4,agoda,Ramada by Wyndham Waupaca,"1 King Bed, Deluxe Studio Suite, Non-Smoking",king bed,King,Suite,3.0,6789.0,0.0,6789.0,"['Wi-Fi [free]', 'Room size: 30 m²/323 ft²', '1 king bed', 'Bathtub', 'Window', 'Non-smoking', 'Private bathroom', 'Individual air conditioning', 'Coffee/tea maker', 'Refrigerator']",2025-11-03,2025-11-04,https://www.agoda.com/en-in/ramada-waupaca_4/hotel/waupaca-wi-us.html?countryId=181&finalPriceView=1&isShowMobileAppPrice=false&cid=1922885&numberOfBedrooms=&familyMode=false&adults=1&children=0&rooms=1&maxRooms=0&checkIn=2025-11-1&isCalendarCallout=false&childAges=&numberOfGuest=0&missingChildAges=false&travellerType=0&showReviewSubmissionEntry=false&currencyCode=USD&isFreeOccSearch=false&tspTypes=16%2C8&los=4&searchrequestid=709a39e5-55e4-4ffc-a2af-37ab37f66aaa&ds=qqYuwCdeeyGgIaeA,
AGODA_4,agoda,Ramada by Wyndham Waupaca,"1 Queen Bed, Efficiency Room, Non-Smoking",queen bed,Queen,Normal,2.0,8164.0,0.0,8164.0,"['1 queen bed', 'Mini bar', 'Non-smoking', 'Internet access – wireless', 'Coffee/tea maker', 'Refrigerator', 'Hair dryer']",2025-11-03,2025-11-04,https://www.agoda.com/en-in/ramada-waupaca_4/hotel/waupaca-wi-us.html?countryId=181&finalPriceView=1&isShowMobileAppPrice=false&cid=1922885&numberOfBedrooms=&familyMode=false&adults=1&children=0&rooms=1&maxRooms=0&checkIn=2025-11-1&isCalendarCallout=false&childAges=&numberOfGuest=0&missingChildAges=false&travellerType=0&showReviewSubmissionEntry=false&currencyCode=USD&isFreeOccSearch=false&tspTypes=16%2C8&los=4&searchrequestid=709a39e5-55e4-4ffc-a2af-37ab37f66aaa&ds=qqYuwCdeeyGgIaeA,
AGODA_4,agoda,Ramada by Wyndham Waupaca,Efficiency Queen Room - Non-Smoking,queen bed,Queen,Normal,2.0,9827.0,0.0,9827.0,"['1 queen bed', 'Mini bar', 'Private bathroom', 'Internet access – wireless', 'Closet', 'Air conditioning', 'Coffee/tea maker', 'Refrigerator', 'Hair dryer']",2025-11-03,2025-11-04,https://www.agoda.com/en-in/ramada-waupaca_4/hotel/waupaca-wi-us.html?countryId=181&finalPriceView=1&isShowMobileAppPrice=false&cid=1922885&numberOfBedrooms=&familyMode=false&adults=1&children=0&rooms=1&maxRooms=0&checkIn=2025-11-1&isCalendarCallout=false&childAges=&numberOfGuest=0&missingChildAges=false&travellerType=0&showReviewSubmissionEntry=false&currencyCode=USD&isFreeOccSearch=false&tspTypes=16%2C8&los=4&searchrequestid=709a39e5-55e4-4ffc-a2af-37ab37f66aaa&ds=qqYuwCdeeyGgIaeA,
AGODA_4,agoda,Ramada by Wyndham Waupaca,"2 Queen Beds, Non-Smoking",king bed,King,Normal,0.0,6076.0,0.0,6076.0,"['Wi-Fi [free]', 'Room size: 30 m²/323 ft²', '1 king bed and 1 sofa bed', 'Bathtub', 'Window', 'Non-smoking', 'Private bathroom', 'Individual air conditioning', 'Coffee/tea maker', 'Refrigerator']",2025-11-09,2025-11-10,https://www.agoda.com/en-in/ramada-waupaca_4/hotel/waupaca-wi-us.html?countryId=181&finalPriceView=1&isShowMobileAppPrice=false&cid=1922885&numberOfBedrooms=&familyMode=false&adults=1&children=0&rooms=1&maxRooms=0&checkIn=2025-11-1&isCalendarCallout=false&childAges=&numberOfGuest=0&missingChildAges=false&travellerType=0&showReviewSubmissionEntry=false&currencyCode=USD&isFreeOccSearch=false&tspTypes=16%2C8&los=4&searchrequestid=709a39e5-55e4-4ffc-a2af-37ab37f66aaa&ds=qqYuwCdeeyGgIaeA,
AGODA_4,agoda,Ramada by Wyndham Waupaca,"1 Queen Bed, Non-Smoking",double bed,Double,Normal,2.0,6076.0,0.0,6076.0,"['Wi-Fi [free]', 'Room size: 30 m²/323 ft²', '1 double bed', 'Bathtub', 'Window', 'Non-smoking', 'Private bathroom', 'Individual air conditioning', 'Coffee/tea maker', 'Refrigerator']",2025-11-09,2025-11-10,https://www.agoda.com/en-in/ramada-waupaca_4/hotel/waupaca-wi-us.html?countryId=181&finalPriceView=1&isShowMobileAppPrice=false&cid=1922885&numberOfBedrooms=&familyMode=false&adults=1&children=0&rooms=1&maxRooms=0&checkIn=2025-11-1&isCalendarCallout=false&childAges=&numberOfGuest=0&missingChildAges=false&travellerType=0&showReviewSubmissionEntry=false&currencyCode=USD&isFreeOccSearch=false&tspTypes=16%2C8&los=4&searchrequestid=709a39e5-55e4-4ffc-a2af-37ab37f66aaa&ds=qqYuwCdeeyGgIaeA,
AGODA_4,agoda,Ramada by Wyndham Waupaca,"2 Queen Beds, Mobility Accessible Room, Bathtub W/ Grab Bars, Non-Smoking",king bed,King,Normal,0.0,6076.0,0.0,6076.0,"['Wi-Fi [free]', 'Room size: 30 m²/323 ft²', '1 king bed and 1 sofa bed', 'Bathtub', 'Window', 'Non-smoking', 'Private bathroom', 'Individual air conditioning', 'Coffee/tea maker', 'Refrigerator']",2025-11-09,2025-11-10,https://www.agoda.com/en-in/ramada-waupaca_4/hotel/waupaca-wi-us.html?countryId=181&finalPriceView=1&isShowMobileAppPrice=false&cid=1922885&numberOfBedrooms=&familyMode=false&adults=1&children=0&rooms=1&maxRooms=0&checkIn=2025-11-1&isCalendarCallout=false&childAges=&numberOfGuest=0&missingChildAges=false&travellerType=0&showReviewSubmissionEntry=false&currencyCode=USD&isFreeOccSearch=false&tspTypes=16%2C8&los=4&searchrequestid=709a39e5-55e4-4ffc-a2af-37ab37f66aaa&ds=qqYuwCdeeyGgIaeA,
AGODA_4,agoda,Ramada by Wyndham Waupaca,King Room - Non-Smoking,king bed,King,Normal,0.0,6076.0,0.0,6076.0,"['Wi-Fi [free]', 'Room size: 30 m²/323 ft²', '1 king bed', 'Bathtub', 'Window', 'Non-smoking', 'Private bathroom', 'Individual air conditioning', 'Coffee/tea maker', 'Refrigerator']",2025-11-09,2025-11-10,https://www.agoda.com/en-in/ramada-waupaca_4/hotel/waupaca-wi-us.html?countryId=181&finalPriceView=1&isShowMobileAppPrice=false&cid=1922885&numberOfBedrooms=&familyMode=false&adults=1&children=0&rooms=1&maxRooms=0&checkIn=2025-11-1&isCalendarCallout=false&childAges=&numberOfGuest=0&missingChildAges=false&travellerType=0&showReviewSubmissionEntry=false&currencyCode=USD&isFreeOccSearch=false&tspTypes=16%2C8&los=4&searchrequestid=709a39e5-55e4-4ffc-a2af-37ab37f66aaa&ds=qqYuwCdeeyGgIaeA,
AGODA_4,agoda,Ramada by Wyndham Waupaca,"1 King Bed, Studio Suite, Non-Smoking",queen bed,Queen,Suite,2.0,7054.0,0.0,7054.0,"['Wi-Fi [free]', 'Room size: 30 m²/323 ft²', '1 queen bed and 1 sofa bed', 'Bathtub', 'Window', 'Non-smoking', 'Private bathroom', 'Individual air conditioning', 'Coffee/tea maker', 'Refrigerator']",2025-11-09,2025-11-10,https://www.agoda.com/en-in/ramada-waupaca_4/hotel/waupaca-wi-us.html?countryId=181&finalPriceView=1&isShowMobileAppPrice=false&cid=1922885&numberOfBedrooms=&familyMode=false&adults=1&children=0&rooms=1&maxRooms=0&checkIn=2025-11-1&isCalendarCallout=false&childAges=&numberOfGuest=0&missingChildAges=false&travellerType=0&showReviewSubmissionEntry=false&currencyCode=USD&isFreeOccSearch=false&tspTypes=16%2C8&los=4&searchrequestid=709a39e5-55e4-4ffc-a2af-37ab37f66aaa&ds=qqYuwCdeeyGgIaeA,
AGODA_4,agoda,Ramada by Wyndham Waupaca,"1 King Bed, One Bedroom Suite, Non-Smoking",king bed,King,Suite,2.0,7384.0,0.0,7384.0,"['Wi-Fi [free]', 'Room size: 30 m²/323 ft²', '1 king bed', 'Bathtub', 'Window', 'Non-smoking', 'Private bathroom', 'Individual air conditioning', 'Coffee/tea maker', 'Refrigerator']",2025-11-09,2025-11-10,https://www.agoda.com/en-in/ramada-waupaca_4/hotel/waupaca-wi-us.html?countryId=181&finalPriceView=1&isShowMobileAppPrice=false&cid=1922885&numberOfBedrooms=&familyMode=false&adults=1&children=0&rooms=1&maxRooms=0&checkIn=2025-11-1&isCalendarCallout=false&childAges=&numberOfGuest=0&missingChildAges=false&travellerType=0&showReviewSubmissionEntry=false&currencyCode=USD&isFreeOccSearch=false&tspTypes=16%2C8&los=4&searchrequestid=709a39e5-55e4-4ffc-a2af-37ab37f66aaa&ds=qqYuwCdeeyGgIaeA,
AGODA_4,agoda,Ramada by Wyndham Waupaca,"1 King Bed, Deluxe Studio Suite, Non-Smoking",king bed,King,Suite,3.0,7768.0,0.0,7768.0,"['Wi-Fi [free]', 'Room size: 30 m²/323 ft²', '1 king bed', 'Bathtub', 'Window', 'Non-smoking', 'Private bathroom', 'Individual air conditioning', 'Coffee/tea maker', 'Refrigerator']",2025-11-09,2025-11-10,https://www.agoda.com/en-in/ramada-waupaca_4/hotel/waupaca-wi-us.html?countryId=181&finalPriceView=1&isShowMobileAppPrice=false&cid=1922885&numberOfBedrooms=&familyMode=false&adults=1&children=0&rooms=1&maxRooms=0&checkIn=2025-11-1&isCalendarCallout=false&childAges=&numberOfGuest=0&missingChildAges=false&travellerType=0&showReviewSubmissionEntry=false&currencyCode=USD&isFreeOccSearch=false&tspTypes=16%2C8&los=4&searchrequestid=709a39e5-55e4-4ffc-a2af-37ab37f66aaa&ds=qqYuwCdeeyGgIaeA,
AGODA_4,agoda,Ramada by Wyndham Waupaca,"1 Queen Bed, Efficiency Room, Non-Smoking",queen bed,Queen,Normal,2.0,9095.0,0.0,9095.0,"['1 queen bed', 'Mini bar', 'Non-smoking', 'Internet access – wireless', 'Coffee/tea maker', 'Refrigerator', 'Hair dryer']",2025-11-09,2025-11-10,https://www.agoda.com/en-in/ramada-waupaca_4/hotel/waupaca-wi-us.html?countryId=181&finalPriceView=1&isShowMobileAppPrice=false&cid=1922885&numberOfBedrooms=&familyMode=false&adults=1&children=0&rooms=1&maxRooms=0&checkIn=2025-11-1&isCalendarCallout=false&childAges=&numberOfGuest=0&missingChildAges=false&travellerType=0&showReviewSubmissionEntry=false&currencyCode=USD&isFreeOccSearch=false&tspTypes=16%2C8&los=4&searchrequestid=709a39e5-55e4-4ffc-a2af-37ab37f66aaa&ds=qqYuwCdeeyGgIaeA,
AGODA_4,agoda,Ramada by Wyndham Waupaca,Efficiency Queen Room - Non-Smoking,queen bed,Queen,Normal,2.0,10337.0,0.0,10337.0,"['1 queen bed', 'Mini bar', 'Private bathroom', 'Internet access – wireless', 'Closet', 'Air conditioning', 'Coffee/tea maker', 'Refrigerator', 'Hair dryer']",2025-11-09,2025-11-10,https://www.agoda.com/en-in/ramada-waupaca_4/hotel/waupaca-wi-us.html?countryId=181&finalPriceView=1&isShowMobileAppPrice=false&cid=1922885&numberOfBedrooms=&familyMode=false&adults=1&children=0&rooms=1&maxRooms=0&checkIn=2025-11-1&isCalendarCallout=false&childAges=&numberOfGuest=0&missingChildAges=false&travellerType=0&showReviewSubmissionEntry=false&currencyCode=USD&isFreeOccSearch=false&tspTypes=16%2C8&los=4&searchrequestid=709a39e5-55e4-4ffc-a2af-37ab37f66aaa&ds=qqYuwCdeeyGgIaeA,
AGODA_4,agoda,Ramada by Wyndham Waupaca,"2 Queen Beds, Non-Smoking",king bed,King,Normal,0.0,5002.0,0.0,5002.0,"['Wi-Fi [free]', 'Room size: 30 m²/323 ft²', '1 king bed and 1 sofa bed', 'Bathtub', 'Window', 'Non-smoking', 'Private bathroom', 'Individual air conditioning', 'Coffee/tea maker', 'Refrigerator']",2025-11-11,2025-11-12,https://www.agoda.com/en-in/ramada-waupaca_4/hotel/waupaca-wi-us.html?countryId=181&finalPriceView=1&isShowMobileAppPrice=false&cid=1922885&numberOfBedrooms=&familyMode=false&adults=1&children=0&rooms=1&maxRooms=0&checkIn=2025-11-1&isCalendarCallout=false&childAges=&numberOfGuest=0&missingChildAges=false&travellerType=0&showReviewSubmissionEntry=false&currencyCode=USD&isFreeOccSearch=false&tspTypes=16%2C8&los=4&searchrequestid=709a39e5-55e4-4ffc-a2af-37ab37f66aaa&ds=qqYuwCdeeyGgIaeA,
AGODA_4,agoda,Ramada by Wyndham Waupaca,"1 Queen Bed, Non-Smoking",double bed,Double,Normal,2.0,5002.0,0.0,5002.0,"['Wi-Fi [free]', 'Room size: 30 m²/323 ft²', '1 double bed', 'Bathtub', 'Window', 'Non-smoking', 'Private bathroom', 'Individual air conditioning', 'Coffee/tea maker', 'Refrigerator']",2025-11-11,2025-11-12,https://www.agoda.com/en-in/ramada-waupaca_4/hotel/waupaca-wi-us.html?countryId=181&finalPriceView=1&isShowMobileAppPrice=false&cid=1922885&numberOfBedrooms=&familyMode=false&adults=1&children=0&rooms=1&maxRooms=0&checkIn=2025-11-1&isCalendarCallout=false&childAges=&numberOfGuest=0&missingChildAges=false&travellerType=0&showReviewSubmissionEntry=false&currencyCode=USD&isFreeOccSearch=false&tspTypes=16%2C8&los=4&searchrequestid=709a39e5-55e4-4ffc-a2af-37ab37f66aaa&ds=qqYuwCdeeyGgIaeA,
AGODA_4,agoda,Ramada by Wyndham Waupaca,"2 Queen Beds, Mobility Accessible Room, Bathtub W/ Grab Bars, Non-Smoking",king bed,King,Normal,0.0,5002.0,0.0,5002.0,"['Wi-Fi [free]', 'Room size: 30 m²/323 ft²', '1 king bed and 1 sofa bed', 'Bathtub', 'Window', 'Non-smoking', 'Private bathroom', 'Individual air conditioning', 'Coffee/tea maker', 'Refrigerator']",2025-11-11,2025-11-12,https://www.agoda.com/en-in/ramada-waupaca_4/hotel/waupaca-wi-us.html?countryId=181&finalPriceView=1&isShowMobileAppPrice=false&cid=1922885&numberOfBedrooms=&familyMode=false&adults=1&children=0&rooms=1&maxRooms=0&checkIn=2025-11-1&isCalendarCallout=false&childAges=&numberOfGuest=0&missingChildAges=false&travellerType=0&showReviewSubmissionEntry=false&currencyCode=USD&isFreeOccSearch=false&tspTypes=16%2C8&los=4&searchrequestid=709a39e5-55e4-4ffc-a2af-37ab37f66aaa&ds=qqYuwCdeeyGgIaeA,
AGODA_4,agoda,Ramada by Wyndham Waupaca,King Room - Non-Smoking,king bed,King,Normal,0.0,5002.0,0.0,5002.0,"['Wi-Fi [free]', 'Room size: 30 m²/323 ft²', '1 king bed', 'Bathtub', 'Window', 'Non-smoking', 'Private bathroom', 'Individual air conditioning', 'Coffee/tea maker', 'Refrigerator']",2025-11-11,2025-11-12,https://www.agoda.com/en-in/ramada-waupaca_4/hotel/waupaca-wi-us.html?countryId=181&finalPriceView=1&isShowMobileAppPrice=false&cid=1922885&numberOfBedrooms=&familyMode=false&adults=1&children=0&rooms=1&maxRooms=0&checkIn=2025-11-1&isCalendarCallout=false&childAges=&numberOfGuest=0&missingChildAges=false&travellerType=0&showReviewSubmissionEntry=false&currencyCode=USD&isFreeOccSearch=false&tspTypes=16%2C8&los=4&searchrequestid=709a39e5-55e4-4ffc-a2af-37ab37f66aaa&ds=qqYuwCdeeyGgIaeA,
AGODA_4,agoda,Ramada by Wyndham Waupaca,"1 King Bed, Studio Suite, Non-Smoking",queen bed,Queen,Suite,2.0,5931.0,0.0,5931.0,"['Wi-Fi [free]', 'Room size: 30 m²/323 ft²', '1 queen bed and 1 sofa bed', 'Bathtub', 'Window', 'Non-smoking', 'Private bathroom', 'Individual air conditioning', 'Coffee/tea maker', 'Refrigerator']",2025-11-11,2025-11-12,https://www.agoda.com/en-in/ramada-waupaca_4/hotel/waupaca-wi-us.html?countryId=181&finalPriceView=1&isShowMobileAppPrice=false&cid=1922885&numberOfBedrooms=&familyMode=false&adults=1&children=0&rooms=1&maxRooms=0&checkIn=2025-11-1&isCalendarCallout=false&childAges=&numberOfGuest=0&missingChildAges=false&travellerType=0&showReviewSubmissionEntry=false&currencyCode=USD&isFreeOccSearch=false&tspTypes=16%2C8&los=4&searchrequestid=709a39e5-55e4-4ffc-a2af-37ab37f66aaa&ds=qqYuwCdeeyGgIaeA,
AGODA_4,agoda,Ramada by Wyndham Waupaca,"1 King Bed, One Bedroom Suite, Non-Smoking",king bed,King,Suite,2.0,6257.0,0.0,6257.0,"['Wi-Fi [free]', 'Room size: 30 m²/323 ft²', '1 king bed', 'Bathtub', 'Window', 'Non-smoking', 'Private bathroom', 'Individual air conditioning', 'Coffee/tea maker', 'Refrigerator']",2025-11-11,2025-11-12,https://www.agoda.com/en-in/ramada-waupaca_4/hotel/waupaca-wi-us.html?countryId=181&finalPriceView=1&isShowMobileAppPrice=false&cid=1922885&numberOfBedrooms=&familyMode=false&adults=1&children=0&rooms=1&maxRooms=0&checkIn=2025-11-1&isCalendarCallout=false&childAges=&numberOfGuest=0&missingChildAges=false&travellerType=0&showReviewSubmissionEntry=false&currencyCode=USD&isFreeOccSearch=false&tspTypes=16%2C8&los=4&searchrequestid=709a39e5-55e4-4ffc-a2af-37ab37f66aaa&ds=qqYuwCdeeyGgIaeA,
AGODA_4,agoda,Ramada by Wyndham Waupaca,"1 King Bed, Deluxe Studio Suite, Non-Smoking",king bed,King,Suite,3.0,6583.0,0.0,6583.0,"['Wi-Fi [free]', 'Room size: 30 m²/323 ft²', '1 king bed', 'Bathtub', 'Window', 'Non-smoking', 'Private bathroom', 'Individual air conditioning', 'Coffee/tea maker', 'Refrigerator']",2025-11-11,2025-11-12,https://www.agoda.com/en-in/ramada-waupaca_4/hotel/waupaca-wi-us.html?countryId=181&finalPriceView=1&isShowMobileAppPrice=false&cid=1922885&numberOfBedrooms=&familyMode=false&adults=1&children=0&rooms=1&maxRooms=0&checkIn=2025-11-1&isCalendarCallout=false&childAges=&numberOfGuest=0&missingChildAges=false&travellerType=0&showReviewSubmissionEntry=false&currencyCode=USD&isFreeOccSearch=false&tspTypes=16%2C8&los=4&searchrequestid=709a39e5-55e4-4ffc-a2af-37ab37f66aaa&ds=qqYuwCdeeyGgIaeA,
AGODA_4,agoda,Ramada by Wyndham Waupaca,"1 Queen Bed, Efficiency Room, Non-Smoking",queen bed,Queen,Normal,2.0,7942.0,0.0,7942.0,"['1 queen bed', 'Mini bar', 'Non-smoking', 'Internet access – wireless', 'Coffee/tea maker', 'Refrigerator', 'Hair dryer']",2025-11-11,2025-11-12,https://www.agoda.com/en-in/ramada-waupaca_4/hotel/waupaca-wi-us.html?countryId=181&finalPriceView=1&isShowMobileAppPrice=false&cid=1922885&numberOfBedrooms=&familyMode=false&adults=1&children=0&rooms=1&maxRooms=0&checkIn=2025-11-1&isCalendarCallout=false&childAges=&numberOfGuest=0&missingChildAges=false&travellerType=0&showReviewSubmissionEntry=false&currencyCode=USD&isFreeOccSearch=false&tspTypes=16%2C8&los=4&searchrequestid=709a39e5-55e4-4ffc-a2af-37ab37f66aaa&ds=qqYuwCdeeyGgIaeA,
AGODA_4,agoda,Ramada by Wyndham Waupaca,Efficiency Queen Room - Non-Smoking,queen bed,Queen,Normal,2.0,9130.0,0.0,9130.0,"['1 queen bed', 'Mini bar', 'Private bathroom', 'Internet access – wireless', 'Closet', 'Air conditioning', 'Coffee/tea maker', 'Refrigerator', 'Hair dryer']",2025-11-11,2025-11-12,https://www.agoda.com/en-in/ramada-waupaca_4/hotel/waupaca-wi-us.html?countryId=181&finalPriceView=1&isShowMobileAppPrice=false&cid=1922885&numberOfBedrooms=&familyMode=false&adults=1&children=0&rooms=1&maxRooms=0&checkIn=2025-11-1&isCalendarCallout=false&childAges=&numberOfGuest=0&missingChildAges=false&travellerType=0&showReviewSubmissionEntry=false&currencyCode=USD&isFreeOccSearch=false&tspTypes=16%2C8&los=4&searchrequestid=709a39e5-55e4-4ffc-a2af-37ab37f66aaa&ds=qqYuwCdeeyGgIaeA,
AGODA_4,agoda,Ramada by Wyndham Waupaca,"2 Queen Beds, Non-Smoking",king bed,King,Normal,0.0,4822.0,0.0,4822.0,"['Wi-Fi [free]', 'Room size: 30 m²/323 ft²', '1 king bed and 1 sofa bed', 'Bathtub', 'Window', 'Non-smoking', 'Private bathroom', 'Individual air conditioning', 'Coffee/tea maker', 'Refrigerator']",2025-11-12,2025-11-13,https://www.agoda.com/en-in/ramada-waupaca_4/hotel/waupaca-wi-us.html?countryId=181&finalPriceView=1&isShowMobileAppPrice=false&cid=1922885&numberOfBedrooms=&familyMode=false&adults=1&children=0&rooms=1&maxRooms=0&checkIn=2025-11-1&isCalendarCallout=false&childAges=&numberOfGuest=0&missingChildAges=false&travellerType=0&showReviewSubmissionEntry=false&currencyCode=USD&isFreeOccSearch=false&tspTypes=16%2C8&los=4&searchrequestid=709a39e5-55e4-4ffc-a2af-37ab37f66aaa&ds=qqYuwCdeeyGgIaeA,
AGODA_4,agoda,Ramada by Wyndham Waupaca,"1 Queen Bed, Non-Smoking",double bed,Double,Normal,2.0,4822.0,0.0,4822.0,"['Wi-Fi [free]', 'Room size: 30 m²/323 ft²', '1 double bed', 'Bathtub', 'Window', 'Non-smoking', 'Private bathroom', 'Individual air conditioning', 'Coffee/tea maker', 'Refrigerator']",2025-11-12,2025-11-13,https://www.agoda.com/en-in/ramada-waupaca_4/hotel/waupaca-wi-us.html?countryId=181&finalPriceView=1&isShowMobileAppPrice=false&cid=1922885&numberOfBedrooms=&familyMode=false&adults=1&children=0&rooms=1&maxRooms=0&checkIn=2025-11-1&isCalendarCallout=false&childAges=&numberOfGuest=0&missingChildAges=false&travellerType=0&showReviewSubmissionEntry=false&currencyCode=USD&isFreeOccSearch=false&tspTypes=16%2C8&los=4&searchrequestid=709a39e5-55e4-4ffc-a2af-37ab37f66aaa&ds=qqYuwCdeeyGgIaeA,
AGODA_4,agoda,Ramada by Wyndham Waupaca,"2 Queen Beds, Mobility Accessible Room, Bathtub W/ Grab Bars, Non-Smoking",king bed,King,Normal,3.0,4822.0,0.0,4822.0,"['Wi-Fi [free]', 'Room size: 30 m²/323 ft²', '1 king bed and 1 sofa bed', 'Bathtub', 'Window', 'Non-smoking', 'Private bathroom', 'Individual air conditioning', 'Coffee/tea maker', 'Refrigerator']",2025-11-12,2025-11-13,https://www.agoda.com/en-in/ramada-waupaca_4/hotel/waupaca-wi-us.html?countryId=181&finalPriceView=1&isShowMobileAppPrice=false&cid=1922885&numberOfBedrooms=&familyMode=false&adults=1&children=0&rooms=1&maxRooms=0&checkIn=2025-11-1&isCalendarCallout=false&childAges=&numberOfGuest=0&missingChildAges=false&travellerType=0&showReviewSubmissionEntry=false&currencyCode=USD&isFreeOccSearch=false&tspTypes=16%2C8&los=4&searchrequestid=709a39e5-55e4-4ffc-a2af-37ab37f66aaa&ds=qqYuwCdeeyGgIaeA,
AGODA_4,agoda,Ramada by Wyndham Waupaca,King Room - Non-Smoking,king bed,King,Normal,0.0,4822.0,0.0,4822.0,"['Wi-Fi [free]', 'Room size: 30 m²/323 ft²', '1 king bed', 'Bathtub', 'Window', 'Non-smoking', 'Private bathroom', 'Individual air conditioning', 'Coffee/tea maker', 'Refrigerator']",2025-11-12,2025-11-13,https://www.agoda.com/en-in/ramada-waupaca_4/hotel/waupaca-wi-us.html?countryId=181&finalPriceView=1&isShowMobileAppPrice=false&cid=1922885&numberOfBedrooms=&familyMode=false&adults=1&children=0&rooms=1&maxRooms=0&checkIn=2025-11-1&isCalendarCallout=false&childAges=&numberOfGuest=0&missingChildAges=false&travellerType=0&showReviewSubmissionEntry=false&currencyCode=USD&isFreeOccSearch=false&tspTypes=16%2C8&los=4&searchrequestid=709a39e5-55e4-4ffc-a2af-37ab37f66aaa&ds=qqYuwCdeeyGgIaeA,
AGODA_4,agoda,Ramada by Wyndham Waupaca,"1 King Bed, Studio Suite, Non-Smoking",queen bed,Queen,Suite,2.0,5756.0,0.0,5756.0,"['Wi-Fi [free]', 'Room size: 30 m²/323 ft²', '1 queen bed and 1 sofa bed', 'Bathtub', 'Window', 'Non-smoking', 'Private bathroom', 'Individual air conditioning', 'Coffee/tea maker', 'Refrigerator']",2025-11-12,2025-11-13,https://www.agoda.com/en-in/ramada-waupaca_4/hotel/waupaca-wi-us.html?countryId=181&finalPriceView=1&isShowMobileAppPrice=false&cid=1922885&numberOfBedrooms=&familyMode=false&adults=1&children=0&rooms=1&maxRooms=0&checkIn=2025-11-1&isCalendarCallout=false&childAges=&numberOfGuest=0&missingChildAges=false&travellerType=0&showReviewSubmissionEntry=false&currencyCode=USD&isFreeOccSearch=false&tspTypes=16%2C8&los=4&searchrequestid=709a39e5-55e4-4ffc-a2af-37ab37f66aaa&ds=qqYuwCdeeyGgIaeA,
AGODA_4,agoda,Ramada by Wyndham Waupaca,"1 King Bed, One Bedroom Suite, Non-Smoking",king bed,King,Suite,0.0,6072.0,0.0,6072.0,"['Wi-Fi [free]', 'Room size: 30 m²/323 ft²', '1 king bed', 'Bathtub', 'Window', 'Non-smoking', 'Private bathroom', 'Individual air conditioning', 'Coffee/tea maker', 'Refrigerator']",2025-11-12,2025-11-13,https://www.agoda.com/en-in/ramada-waupaca_4/hotel/waupaca-wi-us.html?countryId=181&finalPriceView=1&isShowMobileAppPrice=false&cid=1922885&numberOfBedrooms=&familyMode=false&adults=1&children=0&rooms=1&maxRooms=0&checkIn=2025-11-1&isCalendarCallout=false&childAges=&numberOfGuest=0&missingChildAges=false&travellerType=0&showReviewSubmissionEntry=false&currencyCode=USD&isFreeOccSearch=false&tspTypes=16%2C8&los=4&searchrequestid=709a39e5-55e4-4ffc-a2af-37ab37f66aaa&ds=qqYuwCdeeyGgIaeA,
AGODA_4,agoda,Ramada by Wyndham Waupaca,"1 King Bed, Deluxe Studio Suite, Non-Smoking",king bed,King,Suite,3.0,6388.0,0.0,6388.0,"['Wi-Fi [free]', 'Room size: 30 m²/323 ft²', '1 king bed', 'Bathtub', 'Window', 'Non-smoking', 'Private bathroom', 'Individual air conditioning', 'Coffee/tea maker', 'Refrigerator']",2025-11-12,2025-11-13,https://www.agoda.com/en-in/ramada-waupaca_4/hotel/waupaca-wi-us.html?countryId=181&finalPriceView=1&isShowMobileAppPrice=false&cid=1922885&numberOfBedrooms=&familyMode=false&adults=1&children=0&rooms=1&maxRooms=0&checkIn=2025-11-1&isCalendarCallout=false&childAges=&numberOfGuest=0&missingChildAges=false&travellerType=0&showReviewSubmissionEntry=false&currencyCode=USD&isFreeOccSearch=false&tspTypes=16%2C8&los=4&searchrequestid=709a39e5-55e4-4ffc-a2af-37ab37f66aaa&ds=qqYuwCdeeyGgIaeA,
AGODA_4,agoda,Ramada by Wyndham Waupaca,"1 Queen Bed, Efficiency Room, Non-Smoking",queen bed,Queen,Normal,2.0,7706.0,0.0,7706.0,"['1 queen bed', 'Mini bar', 'Non-smoking', 'Internet access – wireless', 'Coffee/tea maker', 'Refrigerator', 'Hair dryer']",2025-11-12,2025-11-13,https://www.agoda.com/en-in/ramada-waupaca_4/hotel/waupaca-wi-us.html?countryId=181&finalPriceView=1&isShowMobileAppPrice=false&cid=1922885&numberOfBedrooms=&familyMode=false&adults=1&children=0&rooms=1&maxRooms=0&checkIn=2025-11-1&isCalendarCallout=false&childAges=&numberOfGuest=0&missingChildAges=false&travellerType=0&showReviewSubmissionEntry=false&currencyCode=USD&isFreeOccSearch=false&tspTypes=16%2C8&los=4&searchrequestid=709a39e5-55e4-4ffc-a2af-37ab37f66aaa&ds=qqYuwCdeeyGgIaeA,
AGODA_4,agoda,Ramada by Wyndham Waupaca,Efficiency Queen Room - Non-Smoking,queen bed,Queen,Normal,2.0,9130.0,0.0,9130.0,"['1 queen bed', 'Mini bar', 'Private bathroom', 'Internet access – wireless', 'Closet', 'Air conditioning', 'Coffee/tea maker', 'Refrigerator', 'Hair dryer']",2025-11-12,2025-11-13,https://www.agoda.com/en-in/ramada-waupaca_4/hotel/waupaca-wi-us.html?countryId=181&finalPriceView=1&isShowMobileAppPrice=false&cid=1922885&numberOfBedrooms=&familyMode=false&adults=1&children=0&rooms=1&maxRooms=0&checkIn=2025-11-1&isCalendarCallout=false&childAges=&numberOfGuest=0&missingChildAges=false&travellerType=0&showReviewSubmissionEntry=false&currencyCode=USD&isFreeOccSearch=false&tspTypes=16%2C8&los=4&searchrequestid=709a39e5-55e4-4ffc-a2af-37ab37f66aaa&ds=qqYuwCdeeyGgIaeA,
AGODA_4,agoda,Ramada by Wyndham Waupaca,"1 Queen Bed, Non-Smoking",double bed,Double,Normal,2.0,8782.0,0.0,8782.0,"['Wi-Fi [free]', 'Room size: 30 m²/323 ft²', '1 double bed', 'Bathtub', 'Window', 'Non-smoking', 'Private bathroom', 'Individual air conditioning', 'Coffee/tea maker', 'Refrigerator']",2025-11-14,2025-11-15,https://www.agoda.com/en-in/ramada-waupaca_4/hotel/waupaca-wi-us.html?countryId=181&finalPriceView=1&isShowMobileAppPrice=false&cid=1922885&numberOfBedrooms=&familyMode=false&adults=1&children=0&rooms=1&maxRooms=0&checkIn=2025-11-1&isCalendarCallout=false&childAges=&numberOfGuest=0&missingChildAges=false&travellerType=0&showReviewSubmissionEntry=false&currencyCode=USD&isFreeOccSearch=false&tspTypes=16%2C8&los=4&searchrequestid=709a39e5-55e4-4ffc-a2af-37ab37f66aaa&ds=qqYuwCdeeyGgIaeA,
AGODA_4,agoda,Ramada by Wyndham Waupaca,King Room - Non-Smoking,king bed,King,Normal,0.0,8782.0,0.0,8782.0,"['Wi-Fi [free]', 'Room size: 30 m²/323 ft²', '1 king bed', 'Bathtub', 'Window', 'Non-smoking', 'Private bathroom', 'Individual air conditioning', 'Coffee/tea maker', 'Refrigerator']",2025-11-14,2025-11-15,https://www.agoda.com/en-in/ramada-waupaca_4/hotel/waupaca-wi-us.html?countryId=181&finalPriceView=1&isShowMobileAppPrice=false&cid=1922885&numberOfBedrooms=&familyMode=false&adults=1&children=0&rooms=1&maxRooms=0&checkIn=2025-11-1&isCalendarCallout=false&childAges=&numberOfGuest=0&missingChildAges=false&travellerType=0&showReviewSubmissionEntry=false&currencyCode=USD&isFreeOccSearch=false&tspTypes=16%2C8&los=4&searchrequestid=709a39e5-55e4-4ffc-a2af-37ab37f66aaa&ds=qqYuwCdeeyGgIaeA,
AGODA_4,agoda,Ramada by Wyndham Waupaca,"2 Queen Beds, Non-Smoking",king bed,King,Normal,0.0,9242.0,0.0,9242.0,"['Wi-Fi [free]', 'Room size: 30 m²/323 ft²', '1 king bed and 1 sofa bed', 'Bathtub', 'Window', 'Non-smoking', 'Private bathroom', 'Individual air conditioning', 'Coffee/tea maker', 'Refrigerator']",2025-11-14,2025-11-15,https://www.agoda.com/en-in/ramada-waupaca_4/hotel/waupaca-wi-us.html?countryId=181&finalPriceView=1&isShowMobileAppPrice=false&cid=1922885&numberOfBedrooms=&familyMode=false&adults=1&children=0&rooms=1&maxRooms=0&checkIn=2025-11-1&isCalendarCallout=false&childAges=&numberOfGuest=0&missingChildAges=false&travellerType=0&showReviewSubmissionEntry=false&currencyCode=USD&isFreeOccSearch=false&tspTypes=16%2C8&los=4&searchrequestid=709a39e5-55e4-4ffc-a2af-37ab37f66aaa&ds=qqYuwCdeeyGgIaeA,
AGODA_4,agoda,Ramada by Wyndham Waupaca,"2 Queen Beds, Mobility Accessible Room, Bathtub W/ Grab Bars, Non-Smoking",king bed,King,Normal,3.0,9242.0,0.0,9242.0,"['Wi-Fi [free]', 'Room size: 30 m²/323 ft²', '1 king bed and 1 sofa bed', 'Bathtub', 'Window', 'Non-smoking', 'Private bathroom', 'Individual air conditioning', 'Coffee/tea maker', 'Refrigerator']",2025-11-14,2025-11-15,https://www.agoda.com/en-in/ramada-waupaca_4/hotel/waupaca-wi-us.html?countryId=181&finalPriceView=1&isShowMobileAppPrice=false&cid=1922885&numberOfBedrooms=&familyMode=false&adults=1&children=0&rooms=1&maxRooms=0&checkIn=2025-11-1&isCalendarCallout=false&childAges=&numberOfGuest=0&missingChildAges=false&travellerType=0&showReviewSubmissionEntry=false&currencyCode=USD&isFreeOccSearch=false&tspTypes=16%2C8&los=4&searchrequestid=709a39e5-55e4-4ffc-a2af-37ab37f66aaa&ds=qqYuwCdeeyGgIaeA,
AGODA_4,agoda,Ramada by Wyndham Waupaca,"1 King Bed, Studio Suite, Non-Smoking",queen bed,Queen,Suite,2.0,10305.0,0.0,10305.0,"['Wi-Fi [free]', 'Room size: 30 m²/323 ft²', '1 queen bed and 1 sofa bed', 'Bathtub', 'Window', 'Non-smoking', 'Private bathroom', 'Individual air conditioning', 'Coffee/tea maker', 'Refrigerator']",2025-11-14,2025-11-15,https://www.agoda.com/en-in/ramada-waupaca_4/hotel/waupaca-wi-us.html?countryId=181&finalPriceView=1&isShowMobileAppPrice=false&cid=1922885&numberOfBedrooms=&familyMode=false&adults=1&children=0&rooms=1&maxRooms=0&checkIn=2025-11-1&isCalendarCallout=false&childAges=&numberOfGuest=0&missingChildAges=false&travellerType=0&showReviewSubmissionEntry=false&currencyCode=USD&isFreeOccSearch=false&tspTypes=16%2C8&los=4&searchrequestid=709a39e5-55e4-4ffc-a2af-37ab37f66aaa&ds=qqYuwCdeeyGgIaeA,
AGODA_4,agoda,Ramada by Wyndham Waupaca,"1 King Bed, Deluxe Studio Suite, Non-Smoking",king bed,King,Suite,3.0,10954.0,0.0,10954.0,"['Wi-Fi [free]', 'Room size: 30 m²/323 ft²', '1 king bed', 'Bathtub', 'Window', 'Non-smoking', 'Private bathroom', 'Individual air conditioning', 'Coffee/tea maker', 'Refrigerator']",2025-11-14,2025-11-15,https://www.agoda.com/en-in/ramada-waupaca_4/hotel/waupaca-wi-us.html?countryId=181&finalPriceView=1&isShowMobileAppPrice=false&cid=1922885&numberOfBedrooms=&familyMode=false&adults=1&children=0&rooms=1&maxRooms=0&checkIn=2025-11-1&isCalendarCallout=false&childAges=&numberOfGuest=0&missingChildAges=false&travellerType=0&showReviewSubmissionEntry=false&currencyCode=USD&isFreeOccSearch=false&tspTypes=16%2C8&los=4&searchrequestid=709a39e5-55e4-4ffc-a2af-37ab37f66aaa&ds=qqYuwCdeeyGgIaeA,
AGODA_4,agoda,Ramada by Wyndham Waupaca,"1 Queen Bed, Efficiency Room, Non-Smoking",queen bed,Queen,Normal,2.0,11601.0,0.0,11601.0,"['1 queen bed', 'Mini bar', 'Non-smoking', 'Internet access – wireless', 'Coffee/tea maker', 'Refrigerator', 'Hair dryer']",2025-11-14,2025-11-15,https://www.agoda.com/en-in/ramada-waupaca_4/hotel/waupaca-wi-us.html?countryId=181&finalPriceView=1&isShowMobileAppPrice=false&cid=1922885&numberOfBedrooms=&familyMode=false&adults=1&children=0&rooms=1&maxRooms=0&checkIn=2025-11-1&isCalendarCallout=false&childAges=&numberOfGuest=0&missingChildAges=false&travellerType=0&showReviewSubmissionEntry=false&currencyCode=USD&isFreeOccSearch=false&tspTypes=16%2C8&los=4&searchrequestid=709a39e5-55e4-4ffc-a2af-37ab37f66aaa&ds=qqYuwCdeeyGgIaeA,
AGODA_4,agoda,Ramada by Wyndham Waupaca,"1 King Bed, One Bedroom Suite, Non-Smoking",king bed,King,Suite,0.0,11601.0,0.0,11601.0,"['Wi-Fi [free]', 'Room size: 30 m²/323 ft²', '1 king bed', 'Bathtub', 'Window', 'Non-smoking', 'Private bathroom', 'Individual air conditioning', 'Coffee/tea maker', 'Refrigerator']",2025-11-14,2025-11-15,https://www.agoda.com/en-in/ramada-waupaca_4/hotel/waupaca-wi-us.html?countryId=181&finalPriceView=1&isShowMobileAppPrice=false&cid=1922885&numberOfBedrooms=&familyMode=false&adults=1&children=0&rooms=1&maxRooms=0&checkIn=2025-11-1&isCalendarCallout=false&childAges=&numberOfGuest=0&missingChildAges=false&travellerType=0&showReviewSubmissionEntry=false&currencyCode=USD&isFreeOccSearch=false&tspTypes=16%2C8&los=4&searchrequestid=709a39e5-55e4-4ffc-a2af-37ab37f66aaa&ds=qqYuwCdeeyGgIaeA,
AGODA_4,agoda,Ramada by Wyndham Waupaca,Efficiency Queen Room - Non-Smoking,queen bed,Queen,Normal,2.0,13506.0,0.0,13506.0,"['1 queen bed', 'Mini bar', 'Private bathroom', 'Internet access – wireless', 'Closet', 'Air conditioning', 'Coffee/tea maker', 'Refrigerator', 'Hair dryer']",2025-11-14,2025-11-15,https://www.agoda.com/en-in/ramada-waupaca_4/hotel/waupaca-wi-us.html?countryId=181&finalPriceView=1&isShowMobileAppPrice=false&cid=1922885&numberOfBedrooms=&familyMode=false&adults=1&children=0&rooms=1&maxRooms=0&checkIn=2025-11-1&isCalendarCallout=false&childAges=&numberOfGuest=0&missingChildAges=false&travellerType=0&showReviewSubmissionEntry=false&currencyCode=USD&isFreeOccSearch=false&tspTypes=16%2C8&los=4&searchrequestid=709a39e5-55e4-4ffc-a2af-37ab37f66aaa&ds=qqYuwCdeeyGgIaeA,
AGODA_4,agoda,Ramada by Wyndham Waupaca,"1 Queen Bed, Non-Smoking",double bed,Double,Normal,2.0,9193.0,0.0,9193.0,"['Wi-Fi [free]', 'Room size: 30 m²/323 ft²', '1 double bed', 'Bathtub', 'Window', 'Non-smoking', 'Private bathroom', 'Individual air conditioning', 'Coffee/tea maker', 'Refrigerator']",2025-11-15,2025-11-16,https://www.agoda.com/en-in/ramada-waupaca_4/hotel/waupaca-wi-us.html?countryId=181&finalPriceView=1&isShowMobileAppPrice=false&cid=1922885&numberOfBedrooms=&familyMode=false&adults=1&children=0&rooms=1&maxRooms=0&checkIn=2025-11-1&isCalendarCallout=false&childAges=&numberOfGuest=0&missingChildAges=false&travellerType=0&showReviewSubmissionEntry=false&currencyCode=USD&isFreeOccSearch=false&tspTypes=16%2C8&los=4&searchrequestid=709a39e5-55e4-4ffc-a2af-37ab37f66aaa&ds=qqYuwCdeeyGgIaeA,
AGODA_4,agoda,Ramada by Wyndham Waupaca,King Room - Non-Smoking,king bed,King,Normal,0.0,9193.0,0.0,9193.0,"['Wi-Fi [free]', 'Room size: 30 m²/323 ft²', '1 king bed', 'Bathtub', 'Window', 'Non-smoking', 'Private bathroom', 'Individual air conditioning', 'Coffee/tea maker', 'Refrigerator']",2025-11-15,2025-11-16,https://www.agoda.com/en-in/ramada-waupaca_4/hotel/waupaca-wi-us.html?countryId=181&finalPriceView=1&isShowMobileAppPrice=false&cid=1922885&numberOfBedrooms=&familyMode=false&adults=1&children=0&rooms=1&maxRooms=0&checkIn=2025-11-1&isCalendarCallout=false&childAges=&numberOfGuest=0&missingChildAges=false&travellerType=0&showReviewSubmissionEntry=false&currencyCode=USD&isFreeOccSearch=false&tspTypes=16%2C8&los=4&searchrequestid=709a39e5-55e4-4ffc-a2af-37ab37f66aaa&ds=qqYuwCdeeyGgIaeA,
AGODA_4,agoda,Ramada by Wyndham Waupaca,"2 Queen Beds, Non-Smoking",king bed,King,Normal,0.0,9523.0,0.0,9523.0,"['Wi-Fi [free]', 'Room size: 30 m²/323 ft²', '1 king bed and 1 sofa bed', 'Bathtub', 'Window', 'Non-smoking', 'Private bathroom', 'Individual air conditioning', 'Coffee/tea maker', 'Refrigerator']",2025-11-15,2025-11-16,https://www.agoda.com/en-in/ramada-waupaca_4/hotel/waupaca-wi-us.html?countryId=181&finalPriceView=1&isShowMobileAppPrice=false&cid=1922885&numberOfBedrooms=&familyMode=false&adults=1&children=0&rooms=1&maxRooms=0&checkIn=2025-11-1&isCalendarCallout=false&childAges=&numberOfGuest=0&missingChildAges=false&travellerType=0&showReviewSubmissionEntry=false&currencyCode=USD&isFreeOccSearch=false&tspTypes=16%2C8&los=4&searchrequestid=709a39e5-55e4-4ffc-a2af-37ab37f66aaa&ds=qqYuwCdeeyGgIaeA,
AGODA_4,agoda,Ramada by Wyndham Waupaca,"2 Queen Beds, Mobility Accessible Room, Bathtub W/ Grab Bars, Non-Smoking",king bed,King,Normal,3.0,9523.0,0.0,9523.0,"['Wi-Fi [free]', 'Room size: 30 m²/323 ft²', '1 king bed and 1 sofa bed', 'Bathtub', 'Window', 'Non-smoking', 'Private bathroom', 'Individual air conditioning', 'Coffee/tea maker', 'Refrigerator']",2025-11-15,2025-11-16,https://www.agoda.com/en-in/ramada-waupaca_4/hotel/waupaca-wi-us.html?countryId=181&finalPriceView=1&isShowMobileAppPrice=false&cid=1922885&numberOfBedrooms=&familyMode=false&adults=1&children=0&rooms=1&maxRooms=0&checkIn=2025-11-1&isCalendarCallout=false&childAges=&numberOfGuest=0&missingChildAges=false&travellerType=0&showReviewSubmissionEntry=false&currencyCode=USD&isFreeOccSearch=false&tspTypes=16%2C8&los=4&searchrequestid=709a39e5-55e4-4ffc-a2af-37ab37f66aaa&ds=qqYuwCdeeyGgIaeA,
AGODA_4,agoda,Ramada by Wyndham Waupaca,"1 King Bed, Studio Suite, Non-Smoking",queen bed,Queen,Suite,2.0,10615.0,0.0,10615.0,"['Wi-Fi [free]', 'Room size: 30 m²/323 ft²', '1 queen bed and 1 sofa bed', 'Bathtub', 'Window', 'Non-smoking', 'Private bathroom', 'Individual air conditioning', 'Coffee/tea maker', 'Refrigerator']",2025-11-15,2025-11-16,https://www.agoda.com/en-in/ramada-waupaca_4/hotel/waupaca-wi-us.html?countryId=181&finalPriceView=1&isShowMobileAppPrice=false&cid=1922885&numberOfBedrooms=&familyMode=false&adults=1&children=0&rooms=1&maxRooms=0&checkIn=2025-11-1&isCalendarCallout=false&childAges=&numberOfGuest=0&missingChildAges=false&travellerType=0&showReviewSubmissionEntry=false&currencyCode=USD&isFreeOccSearch=false&tspTypes=16%2C8&los=4&searchrequestid=709a39e5-55e4-4ffc-a2af-37ab37f66aaa&ds=qqYuwCdeeyGgIaeA,
AGODA_4,agoda,Ramada by Wyndham Waupaca,"1 King Bed, Deluxe Studio Suite, Non-Smoking",king bed,King,Suite,3.0,11156.0,0.0,11156.0,"['Wi-Fi [free]', 'Room size: 30 m²/323 ft²', '1 king bed', 'Bathtub', 'Window', 'Non-smoking', 'Private bathroom', 'Individual air conditioning', 'Coffee/tea maker', 'Refrigerator']",2025-11-15,2025-11-16,https://www.agoda.com/en-in/ramada-waupaca_4/hotel/waupaca-wi-us.html?countryId=181&finalPriceView=1&isShowMobileAppPrice=false&cid=1922885&numberOfBedrooms=&familyMode=false&adults=1&children=0&rooms=1&maxRooms=0&checkIn=2025-11-1&isCalendarCallout=false&childAges=&numberOfGuest=0&missingChildAges=false&travellerType=0&showReviewSubmissionEntry=false&currencyCode=USD&isFreeOccSearch=false&tspTypes=16%2C8&los=4&searchrequestid=709a39e5-55e4-4ffc-a2af-37ab37f66aaa&ds=qqYuwCdeeyGgIaeA,
AGODA_4,agoda,Ramada by Wyndham Waupaca,"1 Queen Bed, Efficiency Room, Non-Smoking",queen bed,Queen,Normal,2.0,11815.0,0.0,11815.0,"['1 queen bed', 'Mini bar', 'Non-smoking', 'Internet access – wireless', 'Coffee/tea maker', 'Refrigerator', 'Hair dryer']",2025-11-15,2025-11-16,https://www.agoda.com/en-in/ramada-waupaca_4/hotel/waupaca-wi-us.html?countryId=181&finalPriceView=1&isShowMobileAppPrice=false&cid=1922885&numberOfBedrooms=&familyMode=false&adults=1&children=0&rooms=1&maxRooms=0&checkIn=2025-11-1&isCalendarCallout=false&childAges=&numberOfGuest=0&missingChildAges=false&travellerType=0&showReviewSubmissionEntry=false&currencyCode=USD&isFreeOccSearch=false&tspTypes=16%2C8&los=4&searchrequestid=709a39e5-55e4-4ffc-a2af-37ab37f66aaa&ds=qqYuwCdeeyGgIaeA,
AGODA_4,agoda,Ramada by Wyndham Waupaca,"1 King Bed, One Bedroom Suite, Non-Smoking",king bed,King,Suite,0.0,11815.0,0.0,11815.0,"['Wi-Fi [free]', 'Room size: 30 m²/323 ft²', '1 king bed', 'Bathtub', 'Window', 'Non-smoking', 'Private bathroom', 'Individual air conditioning', 'Coffee/tea maker', 'Refrigerator']",2025-11-15,2025-11-16,https://www.agoda.com/en-in/ramada-waupaca_4/hotel/waupaca-wi-us.html?countryId=181&finalPriceView=1&isShowMobileAppPrice=false&cid=1922885&numberOfBedrooms=&familyMode=false&adults=1&children=0&rooms=1&maxRooms=0&checkIn=2025-11-1&isCalendarCallout=false&childAges=&numberOfGuest=0&missingChildAges=false&travellerType=0&showReviewSubmissionEntry=false&currencyCode=USD&isFreeOccSearch=false&tspTypes=16%2C8&los=4&searchrequestid=709a39e5-55e4-4ffc-a2af-37ab37f66aaa&ds=qqYuwCdeeyGgIaeA,
AGODA_4,agoda,Ramada by Wyndham Waupaca,Efficiency Queen Room - Non-Smoking,queen bed,Queen,Normal,2.0,13506.0,0.0,13506.0,"['1 queen bed', 'Mini bar', 'Private bathroom', 'Internet access – wireless', 'Closet', 'Air conditioning', 'Coffee/tea maker', 'Refrigerator', 'Hair dryer']",2025-11-15,2025-11-16,https://www.agoda.com/en-in/ramada-waupaca_4/hotel/waupaca-wi-us.html?countryId=181&finalPriceView=1&isShowMobileAppPrice=false&cid=1922885&numberOfBedrooms=&familyMode=false&adults=1&children=0&rooms=1&maxRooms=0&checkIn=2025-11-1&isCalendarCallout=false&childAges=&numberOfGuest=0&missingChildAges=false&travellerType=0&showReviewSubmissionEntry=false&currencyCode=USD&isFreeOccSearch=false&tspTypes=16%2C8&los=4&searchrequestid=709a39e5-55e4-4ffc-a2af-37ab37f66aaa&ds=qqYuwCdeeyGgIaeA,
AGODA_5,agoda,La Quinta Inn & Suites by Wyndham Stevens Point,"1 Double Bed, Mobility Accessible Room, Non-Smoking",double bedS,Double,Normal,3.0,6345.0,0.0,6345.0,"['Wi-Fi [free]', 'Room size: 23 m²/248 ft²', '1 double bed', 'Separate shower/bathtub', 'Blackout curtains', 'Non-smoking', 'Private bathroom', 'Individual air conditioning', 'Coffee/tea maker', 'Refrigerator']",2025-11-04,2025-11-05,"https://www.agoda.com/en-in/la-quinta-inn-suites-stevens-point_2/hotel/stevens-point-wi-us.html?countryId=181&finalPriceView=1&isShowMobileAppPrice=false&cid=1922885&numberOfBedrooms=&familyMode=false&adults=1&children=0&rooms=1&maxRooms=0&checkIn=2025-11-1&isCalendarCallout=false&childAges=&numberOfGuest=0&missingChildAges=false&travellerType=0&showReviewSubmissionEntry=false&currencyCode=USD&isFreeOccSearch=false&tspTypes=6,8&los=4&searchrequestid=af799112-03fb-4479-ba5c-d19fd43b97ed",
AGODA_5,agoda,La Quinta Inn & Suites by Wyndham Stevens Point,"1 King Bed, Non-Smoking",king bedS,King,Normal,0.0,6345.0,0.0,6345.0,"['Wi-Fi [free]', 'Room size: 28 m²/301 ft²', '1 king bed', 'Separate shower/bathtub', 'Blackout curtains', 'Non-smoking', 'Private bathroom', 'Individual air conditioning', 'Coffee/tea maker', 'Hair dryer']",2025-11-04,2025-11-05,"https://www.agoda.com/en-in/la-quinta-inn-suites-stevens-point_2/hotel/stevens-point-wi-us.html?countryId=181&finalPriceView=1&isShowMobileAppPrice=false&cid=1922885&numberOfBedrooms=&familyMode=false&adults=1&children=0&rooms=1&maxRooms=0&checkIn=2025-11-1&isCalendarCallout=false&childAges=&numberOfGuest=0&missingChildAges=false&travellerType=0&showReviewSubmissionEntry=false&currencyCode=USD&isFreeOccSearch=false&tspTypes=6,8&los=4&searchrequestid=af799112-03fb-4479-ba5c-d19fd43b97ed",
AGODA_5,agoda,La Quinta Inn & Suites by Wyndham Stevens Point,"2 Double Beds, Non-Smoking",double beds,Double,Normal,0.0,6966.0,0.0,6966.0,"['Wi-Fi [free]', 'Room size: 28 m²/301 ft²', '2 double beds', 'Separate shower/bathtub', 'Blackout curtains', 'Non-smoking', 'Private bathroom', 'Individual air conditioning', 'Coffee/tea maker', 'Refrigerator']",2025-11-04,2025-11-05,"https://www.agoda.com/en-in/la-quinta-inn-suites-stevens-point_2/hotel/stevens-point-wi-us.html?countryId=181&finalPriceView=1&isShowMobileAppPrice=false&cid=1922885&numberOfBedrooms=&familyMode=false&adults=1&children=0&rooms=1&maxRooms=0&checkIn=2025-11-1&isCalendarCallout=false&childAges=&numberOfGuest=0&missingChildAges=false&travellerType=0&showReviewSubmissionEntry=false&currencyCode=USD&isFreeOccSearch=false&tspTypes=6,8&los=4&searchrequestid=af799112-03fb-4479-ba5c-d19fd43b97ed",
AGODA_5,agoda,La Quinta Inn & Suites by Wyndham Stevens Point,"1 King Bed, Deluxe Room, Non-Smoking",king bed,King,Deluxe,4.0,9671.0,0.0,9671.0,"['Wi-Fi [free]', 'Room size: 29 m²/312 ft²', '1 king bed', 'Bathtub', 'Blackout curtains', 'Non-smoking', 'Private bathroom', 'Individual air conditioning', 'Coffee/tea maker', 'Refrigerator']",2025-11-04,2025-11-05,"https://www.agoda.com/en-in/la-quinta-inn-suites-stevens-point_2/hotel/stevens-point-wi-us.html?countryId=181&finalPriceView=1&isShowMobileAppPrice=false&cid=1922885&numberOfBedrooms=&familyMode=false&adults=1&children=0&rooms=1&maxRooms=0&checkIn=2025-11-1&isCalendarCallout=false&childAges=&numberOfGuest=0&missingChildAges=false&travellerType=0&showReviewSubmissionEntry=false&currencyCode=USD&isFreeOccSearch=false&tspTypes=6,8&los=4&searchrequestid=af799112-03fb-4479-ba5c-d19fd43b97ed",
AGODA_5,agoda,La Quinta Inn & Suites by Wyndham Stevens Point,"1 King Bed, One-Bedroom, Suite, Non-Smoking",king bedS,King,Suite,2.0,12182.0,0.0,12182.0,"['Wi-Fi [free]', 'Room size: 56 m²/603 ft²', '1 king bed', 'Separate shower/bathtub', 'Blackout curtains', 'Non-smoking', 'Private bathroom', 'Individual air conditioning', 'Coffee/tea maker', 'Hair dryer']",2025-11-04,2025-11-05,"https://www.agoda.com/en-in/la-quinta-inn-suites-stevens-point_2/hotel/stevens-point-wi-us.html?countryId=181&finalPriceView=1&isShowMobileAppPrice=false&cid=1922885&numberOfBedrooms=&familyMode=false&adults=1&children=0&rooms=1&maxRooms=0&checkIn=2025-11-1&isCalendarCallout=false&childAges=&numberOfGuest=0&missingChildAges=false&travellerType=0&showReviewSubmissionEntry=false&currencyCode=USD&isFreeOccSearch=false&tspTypes=6,8&los=4&searchrequestid=af799112-03fb-4479-ba5c-d19fd43b97ed",
AGODA_5,agoda,La Quinta Inn & Suites by Wyndham Stevens Point,"1 Double Bed, Mobility Accessible Room, Non-Smoking",double bedS,Double,Normal,3.0,6059.0,0.0,6059.0,"['Wi-Fi [free]', 'Room size: 23 m²/248 ft²', '1 double bed', 'Separate shower/bathtub', 'Blackout curtains', 'Non-smoking', 'Private bathroom', 'Individual air conditioning', 'Coffee/tea maker', 'Refrigerator']",2025-11-05,2025-11-06,"https://www.agoda.com/en-in/la-quinta-inn-suites-stevens-point_2/hotel/stevens-point-wi-us.html?countryId=181&finalPriceView=1&isShowMobileAppPrice=false&cid=1922885&numberOfBedrooms=&familyMode=false&adults=1&children=0&rooms=1&maxRooms=0&checkIn=2025-11-1&isCalendarCallout=false&childAges=&numberOfGuest=0&missingChildAges=false&travellerType=0&showReviewSubmissionEntry=false&currencyCode=USD&isFreeOccSearch=false&tspTypes=6,8&los=4&searchrequestid=af799112-03fb-4479-ba5c-d19fd43b97ed",
AGODA_5,agoda,La Quinta Inn & Suites by Wyndham Stevens Point,"1 King Bed, Non-Smoking",king bedS,King,Normal,0.0,6059.0,0.0,6059.0,"['Wi-Fi [free]', 'Room size: 28 m²/301 ft²', '1 king bed', 'Separate shower/bathtub', 'Blackout curtains', 'Non-smoking', 'Private bathroom', 'Individual air conditioning', 'Coffee/tea maker', 'Hair dryer']",2025-11-05,2025-11-06,"https://www.agoda.com/en-in/la-quinta-inn-suites-stevens-point_2/hotel/stevens-point-wi-us.html?countryId=181&finalPriceView=1&isShowMobileAppPrice=false&cid=1922885&numberOfBedrooms=&familyMode=false&adults=1&children=0&rooms=1&maxRooms=0&checkIn=2025-11-1&isCalendarCallout=false&childAges=&numberOfGuest=0&missingChildAges=false&travellerType=0&showReviewSubmissionEntry=false&currencyCode=USD&isFreeOccSearch=false&tspTypes=6,8&los=4&searchrequestid=af799112-03fb-4479-ba5c-d19fd43b97ed",
AGODA_5,agoda,La Quinta Inn & Suites by Wyndham Stevens Point,"2 Double Beds, Non-Smoking",double beds,Double,Normal,0.0,6941.0,0.0,6941.0,"['Wi-Fi [free]', 'Room size: 28 m²/301 ft²', '2 double beds', 'Separate shower/bathtub', 'Blackout curtains', 'Non-smoking', 'Private bathroom', 'Individual air conditioning', 'Coffee/tea maker', 'Refrigerator']",2025-11-05,2025-11-06,"https://www.agoda.com/en-in/la-quinta-inn-suites-stevens-point_2/hotel/stevens-point-wi-us.html?countryId=181&finalPriceView=1&isShowMobileAppPrice=false&cid=1922885&numberOfBedrooms=&familyMode=false&adults=1&children=0&rooms=1&maxRooms=0&checkIn=2025-11-1&isCalendarCallout=false&childAges=&numberOfGuest=0&missingChildAges=false&travellerType=0&showReviewSubmissionEntry=false&currencyCode=USD&isFreeOccSearch=false&tspTypes=6,8&los=4&searchrequestid=af799112-03fb-4479-ba5c-d19fd43b97ed",
AGODA_5,agoda,La Quinta Inn & Suites by Wyndham Stevens Point,"1 King Bed, Deluxe Room, Non-Smoking",king bed,King,Deluxe,5.0,9439.0,0.0,9439.0,"['Wi-Fi [free]', 'Room size: 29 m²/312 ft²', '1 king bed', 'Bathtub', 'Blackout curtains', 'Non-smoking', 'Private bathroom', 'Individual air conditioning', 'Coffee/tea maker', 'Refrigerator']",2025-11-05,2025-11-06,"https://www.agoda.com/en-in/la-quinta-inn-suites-stevens-point_2/hotel/stevens-point-wi-us.html?countryId=181&finalPriceView=1&isShowMobileAppPrice=false&cid=1922885&numberOfBedrooms=&familyMode=false&adults=1&children=0&rooms=1&maxRooms=0&checkIn=2025-11-1&isCalendarCallout=false&childAges=&numberOfGuest=0&missingChildAges=false&travellerType=0&showReviewSubmissionEntry=false&currencyCode=USD&isFreeOccSearch=false&tspTypes=6,8&los=4&searchrequestid=af799112-03fb-4479-ba5c-d19fd43b97ed",
AGODA_5,agoda,La Quinta Inn & Suites by Wyndham Stevens Point,"1 King Bed, One-Bedroom, Suite, Non-Smoking",king bedS,King,Suite,2.0,11943.0,0.0,11943.0,"['Wi-Fi [free]', 'Room size: 56 m²/603 ft²', '1 king bed', 'Separate shower/bathtub', 'Blackout curtains', 'Non-smoking', 'Private bathroom', 'Individual air conditioning', 'Coffee/tea maker', 'Hair dryer']",2025-11-05,2025-11-06,"https://www.agoda.com/en-in/la-quinta-inn-suites-stevens-point_2/hotel/stevens-point-wi-us.html?countryId=181&finalPriceView=1&isShowMobileAppPrice=false&cid=1922885&numberOfBedrooms=&familyMode=false&adults=1&children=0&rooms=1&maxRooms=0&checkIn=2025-11-1&isCalendarCallout=false&childAges=&numberOfGuest=0&missingChildAges=false&travellerType=0&showReviewSubmissionEntry=false&currencyCode=USD&isFreeOccSearch=false&tspTypes=6,8&los=4&searchrequestid=af799112-03fb-4479-ba5c-d19fd43b97ed",
AGODA_5,agoda,La Quinta Inn & Suites by Wyndham Stevens Point,"1 Double Bed, Mobility Accessible Room, Non-Smoking",double bedS,Double,Normal,3.0,9123.0,0.0,9123.0,"['Wi-Fi [free]', 'Room size: 23 m²/248 ft²', '1 double bed', 'Separate shower/bathtub', 'Blackout curtains', 'Non-smoking', 'Private bathroom', 'Individual air conditioning', 'Coffee/tea maker', 'Refrigerator']",2025-11-07,2025-11-08,"https://www.agoda.com/en-in/la-quinta-inn-suites-stevens-point_2/hotel/stevens-point-wi-us.html?countryId=181&finalPriceView=1&isShowMobileAppPrice=false&cid=1922885&numberOfBedrooms=&familyMode=false&adults=1&children=0&rooms=1&maxRooms=0&checkIn=2025-11-1&isCalendarCallout=false&childAges=&numberOfGuest=0&missingChildAges=false&travellerType=0&showReviewSubmissionEntry=false&currencyCode=USD&isFreeOccSearch=false&tspTypes=6,8&los=4&searchrequestid=af799112-03fb-4479-ba5c-d19fd43b97ed",
AGODA_5,agoda,La Quinta Inn & Suites by Wyndham Stevens Point,"1 King Bed, Non-Smoking",king bedS,King,Normal,0.0,9123.0,0.0,9123.0,"['Wi-Fi [free]', 'Room size: 28 m²/301 ft²', '1 king bed', 'Separate shower/bathtub', 'Blackout curtains', 'Non-smoking', 'Private bathroom', 'Individual air conditioning', 'Coffee/tea maker', 'Hair dryer']",2025-11-07,2025-11-08,"https://www.agoda.com/en-in/la-quinta-inn-suites-stevens-point_2/hotel/stevens-point-wi-us.html?countryId=181&finalPriceView=1&isShowMobileAppPrice=false&cid=1922885&numberOfBedrooms=&familyMode=false&adults=1&children=0&rooms=1&maxRooms=0&checkIn=2025-11-1&isCalendarCallout=false&childAges=&numberOfGuest=0&missingChildAges=false&travellerType=0&showReviewSubmissionEntry=false&currencyCode=USD&isFreeOccSearch=false&tspTypes=6,8&los=4&searchrequestid=af799112-03fb-4479-ba5c-d19fd43b97ed",
AGODA_5,agoda,La Quinta Inn & Suites by Wyndham Stevens Point,"2 Double Beds, Non-Smoking",double beds,Double,Normal,0.0,10526.0,0.0,10526.0,"['Wi-Fi [free]', 'Room size: 28 m²/301 ft²', '2 double beds', 'Separate shower/bathtub', 'Blackout curtains', 'Non-smoking', 'Private bathroom', 'Individual air conditioning', 'Coffee/tea maker', 'Refrigerator']",2025-11-07,2025-11-08,"https://www.agoda.com/en-in/la-quinta-inn-suites-stevens-point_2/hotel/stevens-point-wi-us.html?countryId=181&finalPriceView=1&isShowMobileAppPrice=false&cid=1922885&numberOfBedrooms=&familyMode=false&adults=1&children=0&rooms=1&maxRooms=0&checkIn=2025-11-1&isCalendarCallout=false&childAges=&numberOfGuest=0&missingChildAges=false&travellerType=0&showReviewSubmissionEntry=false&currencyCode=USD&isFreeOccSearch=false&tspTypes=6,8&los=4&searchrequestid=af799112-03fb-4479-ba5c-d19fd43b97ed",
AGODA_5,agoda,La Quinta Inn & Suites by Wyndham Stevens Point,"1 King Bed, Deluxe Room, Non-Smoking",king bed,King,Deluxe,5.0,11327.0,0.0,11327.0,"['Wi-Fi [free]', 'Room size: 29 m²/312 ft²', '1 king bed', 'Bathtub', 'Blackout curtains', 'Non-smoking', 'Private bathroom', 'Individual air conditioning', 'Coffee/tea maker', 'Refrigerator']",2025-11-07,2025-11-08,"https://www.agoda.com/en-in/la-quinta-inn-suites-stevens-point_2/hotel/stevens-point-wi-us.html?countryId=181&finalPriceView=1&isShowMobileAppPrice=false&cid=1922885&numberOfBedrooms=&familyMode=false&adults=1&children=0&rooms=1&maxRooms=0&checkIn=2025-11-1&isCalendarCallout=false&childAges=&numberOfGuest=0&missingChildAges=false&travellerType=0&showReviewSubmissionEntry=false&currencyCode=USD&isFreeOccSearch=false&tspTypes=6,8&los=4&searchrequestid=af799112-03fb-4479-ba5c-d19fd43b97ed",
AGODA_5,agoda,La Quinta Inn & Suites by Wyndham Stevens Point,"1 King Bed, One-Bedroom, Suite, Non-Smoking",king bedS,King,Suite,2.0,13390.0,0.0,13390.0,"['Wi-Fi [free]', 'Room size: 56 m²/603 ft²', '1 king bed', 'Separate shower/bathtub', 'Blackout curtains', 'Non-smoking', 'Private bathroom', 'Individual air conditioning', 'Coffee/tea maker', 'Hair dryer']",2025-11-07,2025-11-08,"https://www.agoda.com/en-in/la-quinta-inn-suites-stevens-point_2/hotel/stevens-point-wi-us.html?countryId=181&finalPriceView=1&isShowMobileAppPrice=false&cid=1922885&numberOfBedrooms=&familyMode=false&adults=1&children=0&rooms=1&maxRooms=0&checkIn=2025-11-1&isCalendarCallout=false&childAges=&numberOfGuest=0&missingChildAges=false&travellerType=0&showReviewSubmissionEntry=false&currencyCode=USD&isFreeOccSearch=false&tspTypes=6,8&los=4&searchrequestid=af799112-03fb-4479-ba5c-d19fd43b97ed",
AGODA_5,agoda,La Quinta Inn & Suites by Wyndham Stevens Point,"1 Double Bed, Mobility Accessible Room, Non-Smoking",double bedS,Double,Normal,3.0,6161.0,0.0,6161.0,"['Wi-Fi [free]', 'Room size: 23 m²/248 ft²', '1 double bed', 'Separate shower/bathtub', 'Blackout curtains', 'Non-smoking', 'Private bathroom', 'Individual air conditioning', 'Coffee/tea maker', 'Refrigerator']",2025-11-11,2025-11-12,"https://www.agoda.com/en-in/la-quinta-inn-suites-stevens-point_2/hotel/stevens-point-wi-us.html?countryId=181&finalPriceView=1&isShowMobileAppPrice=false&cid=1922885&numberOfBedrooms=&familyMode=false&adults=1&children=0&rooms=1&maxRooms=0&checkIn=2025-11-1&isCalendarCallout=false&childAges=&numberOfGuest=0&missingChildAges=false&travellerType=0&showReviewSubmissionEntry=false&currencyCode=USD&isFreeOccSearch=false&tspTypes=6,8&los=4&searchrequestid=af799112-03fb-4479-ba5c-d19fd43b97ed",
AGODA_5,agoda,La Quinta Inn & Suites by Wyndham Stevens Point,"1 King Bed, Non-Smoking",king bedS,King,Normal,0.0,6161.0,0.0,6161.0,"['Wi-Fi [free]', 'Room size: 28 m²/301 ft²', '1 king bed', 'Separate shower/bathtub', 'Blackout curtains', 'Non-smoking', 'Private bathroom', 'Individual air conditioning', 'Coffee/tea maker', 'Hair dryer']",2025-11-11,2025-11-12,"https://www.agoda.com/en-in/la-quinta-inn-suites-stevens-point_2/hotel/stevens-point-wi-us.html?countryId=181&finalPriceView=1&isShowMobileAppPrice=false&cid=1922885&numberOfBedrooms=&familyMode=false&adults=1&children=0&rooms=1&maxRooms=0&checkIn=2025-11-1&isCalendarCallout=false&childAges=&numberOfGuest=0&missingChildAges=false&travellerType=0&showReviewSubmissionEntry=false&currencyCode=USD&isFreeOccSearch=false&tspTypes=6,8&los=4&searchrequestid=af799112-03fb-4479-ba5c-d19fd43b97ed",
AGODA_5,agoda,La Quinta Inn & Suites by Wyndham Stevens Point,"2 Double Beds, Non-Smoking",double beds,Double,Normal,0.0,6995.0,0.0,6995.0,"['Wi-Fi [free]', 'Room size: 28 m²/301 ft²', '2 double beds', 'Separate shower/bathtub', 'Blackout curtains', 'Non-smoking', 'Private bathroom', 'Individual air conditioning', 'Coffee/tea maker', 'Refrigerator']",2025-11-11,2025-11-12,"https://www.agoda.com/en-in/la-quinta-inn-suites-stevens-point_2/hotel/stevens-point-wi-us.html?countryId=181&finalPriceView=1&isShowMobileAppPrice=false&cid=1922885&numberOfBedrooms=&familyMode=false&adults=1&children=0&rooms=1&maxRooms=0&checkIn=2025-11-1&isCalendarCallout=false&childAges=&numberOfGuest=0&missingChildAges=false&travellerType=0&showReviewSubmissionEntry=false&currencyCode=USD&isFreeOccSearch=false&tspTypes=6,8&los=4&searchrequestid=af799112-03fb-4479-ba5c-d19fd43b97ed",
AGODA_5,agoda,La Quinta Inn & Suites by Wyndham Stevens Point,"1 King Bed, Deluxe Room, Non-Smoking",king bed,King,Deluxe,5.0,8448.0,0.0,8448.0,"['Wi-Fi [free]', 'Room size: 29 m²/312 ft²', '1 king bed', 'Bathtub', 'Blackout curtains', 'Non-smoking', 'Private bathroom', 'Individual air conditioning', 'Coffee/tea maker', 'Refrigerator']",2025-11-11,2025-11-12,"https://www.agoda.com/en-in/la-quinta-inn-suites-stevens-point_2/hotel/stevens-point-wi-us.html?countryId=181&finalPriceView=1&isShowMobileAppPrice=false&cid=1922885&numberOfBedrooms=&familyMode=false&adults=1&children=0&rooms=1&maxRooms=0&checkIn=2025-11-1&isCalendarCallout=false&childAges=&numberOfGuest=0&missingChildAges=false&travellerType=0&showReviewSubmissionEntry=false&currencyCode=USD&isFreeOccSearch=false&tspTypes=6,8&los=4&searchrequestid=af799112-03fb-4479-ba5c-d19fd43b97ed",
AGODA_5,agoda,La Quinta Inn & Suites by Wyndham Stevens Point,"1 King Bed, One-Bedroom, Suite, Non-Smoking",king bedS,King,Suite,2.0,10672.0,0.0,10672.0,"['Wi-Fi [free]', 'Room size: 56 m²/603 ft²', '1 king bed', 'Separate shower/bathtub', 'Blackout curtains', 'Non-smoking', 'Private bathroom', 'Individual air conditioning', 'Coffee/tea maker', 'Hair dryer']",2025-11-11,2025-11-12,"https://www.agoda.com/en-in/la-quinta-inn-suites-stevens-point_2/hotel/stevens-point-wi-us.html?countryId=181&finalPriceView=1&isShowMobileAppPrice=false&cid=1922885&numberOfBedrooms=&familyMode=false&adults=1&children=0&rooms=1&maxRooms=0&checkIn=2025-11-1&isCalendarCallout=false&childAges=&numberOfGuest=0&missingChildAges=false&travellerType=0&showReviewSubmissionEntry=false&currencyCode=USD&isFreeOccSearch=false&tspTypes=6,8&los=4&searchrequestid=af799112-03fb-4479-ba5c-d19fd43b97ed",
AGODA_5,agoda,La Quinta Inn & Suites by Wyndham Stevens Point,"1 Double Bed, Mobility Accessible Room, Non-Smoking",double bedS,Double,Normal,3.0,8551.0,0.0,8551.0,"['Wi-Fi [free]', 'Room size: 23 m²/248 ft²', '1 double bed', 'Separate shower/bathtub', 'Blackout curtains', 'Non-smoking', 'Private bathroom', 'Individual air conditioning', 'Coffee/tea maker', 'Refrigerator']",2025-11-14,2025-11-15,"https://www.agoda.com/en-in/la-quinta-inn-suites-stevens-point_2/hotel/stevens-point-wi-us.html?countryId=181&finalPriceView=1&isShowMobileAppPrice=false&cid=1922885&numberOfBedrooms=&familyMode=false&adults=1&children=0&rooms=1&maxRooms=0&checkIn=2025-11-1&isCalendarCallout=false&childAges=&numberOfGuest=0&missingChildAges=false&travellerType=0&showReviewSubmissionEntry=false&currencyCode=USD&isFreeOccSearch=false&tspTypes=6,8&los=4&searchrequestid=af799112-03fb-4479-ba5c-d19fd43b97ed",
AGODA_5,agoda,La Quinta Inn & Suites by Wyndham Stevens Point,"1 King Bed, Non-Smoking",king bedS,King,Normal,0.0,8551.0,0.0,8551.0,"['Wi-Fi [free]', 'Room size: 28 m²/301 ft²', '1 king bed', 'Separate shower/bathtub', 'Blackout curtains', 'Non-smoking', 'Private bathroom', 'Individual air conditioning', 'Coffee/tea maker', 'Hair dryer']",2025-11-14,2025-11-15,"https://www.agoda.com/en-in/la-quinta-inn-suites-stevens-point_2/hotel/stevens-point-wi-us.html?countryId=181&finalPriceView=1&isShowMobileAppPrice=false&cid=1922885&numberOfBedrooms=&familyMode=false&adults=1&children=0&rooms=1&maxRooms=0&checkIn=2025-11-1&isCalendarCallout=false&childAges=&numberOfGuest=0&missingChildAges=false&travellerType=0&showReviewSubmissionEntry=false&currencyCode=USD&isFreeOccSearch=false&tspTypes=6,8&los=4&searchrequestid=af799112-03fb-4479-ba5c-d19fd43b97ed",
AGODA_5,agoda,La Quinta Inn & Suites by Wyndham Stevens Point,"2 Double Beds, Non-Smoking",double beds,Double,Normal,0.0,9488.0,0.0,9488.0,"['Wi-Fi [free]', 'Room size: 28 m²/301 ft²', '2 double beds', 'Separate shower/bathtub', 'Blackout curtains', 'Non-smoking', 'Private bathroom', 'Individual air conditioning', 'Coffee/tea maker', 'Refrigerator']",2025-11-14,2025-11-15,"https://www.agoda.com/en-in/la-quinta-inn-suites-stevens-point_2/hotel/stevens-point-wi-us.html?countryId=181&finalPriceView=1&isShowMobileAppPrice=false&cid=1922885&numberOfBedrooms=&familyMode=false&adults=1&children=0&rooms=1&maxRooms=0&checkIn=2025-11-1&isCalendarCallout=false&childAges=&numberOfGuest=0&missingChildAges=false&travellerType=0&showReviewSubmissionEntry=false&currencyCode=USD&isFreeOccSearch=false&tspTypes=6,8&los=4&searchrequestid=af799112-03fb-4479-ba5c-d19fd43b97ed",
AGODA_5,agoda,La Quinta Inn & Suites by Wyndham Stevens Point,"1 King Bed, Deluxe Room, Non-Smoking",king bed,King,Deluxe,5.0,10139.0,0.0,10139.0,"['Wi-Fi [free]', 'Room size: 29 m²/312 ft²', '1 king bed', 'Bathtub', 'Blackout curtains', 'Non-smoking', 'Private bathroom', 'Individual air conditioning', 'Coffee/tea maker', 'Refrigerator']",2025-11-14,2025-11-15,"https://www.agoda.com/en-in/la-quinta-inn-suites-stevens-point_2/hotel/stevens-point-wi-us.html?countryId=181&finalPriceView=1&isShowMobileAppPrice=false&cid=1922885&numberOfBedrooms=&familyMode=false&adults=1&children=0&rooms=1&maxRooms=0&checkIn=2025-11-1&isCalendarCallout=false&childAges=&numberOfGuest=0&missingChildAges=false&travellerType=0&showReviewSubmissionEntry=false&currencyCode=USD&isFreeOccSearch=false&tspTypes=6,8&los=4&searchrequestid=af799112-03fb-4479-ba5c-d19fd43b97ed",
AGODA_5,agoda,La Quinta Inn & Suites by Wyndham Stevens Point,"1 King Bed, One-Bedroom, Suite, Non-Smoking",king bedS,King,Suite,2.0,12213.0,0.0,12213.0,"['Wi-Fi [free]', 'Room size: 56 m²/603 ft²', '1 king bed', 'Separate shower/bathtub', 'Blackout curtains', 'Non-smoking', 'Private bathroom', 'Individual air conditioning', 'Coffee/tea maker', 'Hair dryer']",2025-11-14,2025-11-15,"https://www.agoda.com/en-in/la-quinta-inn-suites-stevens-point_2/hotel/stevens-point-wi-us.html?countryId=181&finalPriceView=1&isShowMobileAppPrice=false&cid=1922885&numberOfBedrooms=&familyMode=false&adults=1&children=0&rooms=1&maxRooms=0&checkIn=2025-11-1&isCalendarCallout=false&childAges=&numberOfGuest=0&missingChildAges=false&travellerType=0&showReviewSubmissionEntry=false&currencyCode=USD&isFreeOccSearch=false&tspTypes=6,8&los=4&searchrequestid=af799112-03fb-4479-ba5c-d19fd43b97ed",
AGODA_5,agoda,La Quinta Inn & Suites by Wyndham Stevens Point,"1 Double Bed, Mobility Accessible Room, Non-Smoking",double bedS,Double,Normal,0.0,8759.0,0.0,8759.0,"['Wi-Fi [free]', 'Room size: 23 m²/248 ft²', '1 double bed', 'Separate shower/bathtub', 'Blackout curtains', 'Non-smoking', 'Private bathroom', 'Individual air conditioning', 'Coffee/tea maker', 'Refrigerator']",2025-11-15,2025-11-16,"https://www.agoda.com/en-in/la-quinta-inn-suites-stevens-point_2/hotel/stevens-point-wi-us.html?countryId=181&finalPriceView=1&isShowMobileAppPrice=false&cid=1922885&numberOfBedrooms=&familyMode=false&adults=1&children=0&rooms=1&maxRooms=0&checkIn=2025-11-1&isCalendarCallout=false&childAges=&numberOfGuest=0&missingChildAges=false&travellerType=0&showReviewSubmissionEntry=false&currencyCode=USD&isFreeOccSearch=false&tspTypes=6,8&los=4&searchrequestid=af799112-03fb-4479-ba5c-d19fd43b97ed",
AGODA_5,agoda,La Quinta Inn & Suites by Wyndham Stevens Point,"1 King Bed, Non-Smoking",king bedS,King,Normal,0.0,8759.0,0.0,8759.0,"['Wi-Fi [free]', 'Room size: 28 m²/301 ft²', '1 king bed', 'Separate shower/bathtub', 'Blackout curtains', 'Non-smoking', 'Private bathroom', 'Individual air conditioning', 'Coffee/tea maker', 'Hair dryer']",2025-11-15,2025-11-16,"https://www.agoda.com/en-in/la-quinta-inn-suites-stevens-point_2/hotel/stevens-point-wi-us.html?countryId=181&finalPriceView=1&isShowMobileAppPrice=false&cid=1922885&numberOfBedrooms=&familyMode=false&adults=1&children=0&rooms=1&maxRooms=0&checkIn=2025-11-1&isCalendarCallout=false&childAges=&numberOfGuest=0&missingChildAges=false&travellerType=0&showReviewSubmissionEntry=false&currencyCode=USD&isFreeOccSearch=false&tspTypes=6,8&los=4&searchrequestid=af799112-03fb-4479-ba5c-d19fd43b97ed",
AGODA_5,agoda,La Quinta Inn & Suites by Wyndham Stevens Point,"2 Double Beds, Non-Smoking",double beds,Double,Normal,0.0,10132.0,0.0,10132.0,"['Wi-Fi [free]', 'Room size: 28 m²/301 ft²', '2 double beds', 'Separate shower/bathtub', 'Blackout curtains', 'Non-smoking', 'Private bathroom', 'Individual air conditioning', 'Coffee/tea maker', 'Refrigerator']",2025-11-15,2025-11-16,"https://www.agoda.com/en-in/la-quinta-inn-suites-stevens-point_2/hotel/stevens-point-wi-us.html?countryId=181&finalPriceView=1&isShowMobileAppPrice=false&cid=1922885&numberOfBedrooms=&familyMode=false&adults=1&children=0&rooms=1&maxRooms=0&checkIn=2025-11-1&isCalendarCallout=false&childAges=&numberOfGuest=0&missingChildAges=false&travellerType=0&showReviewSubmissionEntry=false&currencyCode=USD&isFreeOccSearch=false&tspTypes=6,8&los=4&searchrequestid=af799112-03fb-4479-ba5c-d19fd43b97ed",
AGODA_5,agoda,La Quinta Inn & Suites by Wyndham Stevens Point,"1 King Bed, Deluxe Room, Non-Smoking",king bed,King,Deluxe,5.0,10860.0,0.0,10860.0,"['Wi-Fi [free]', 'Room size: 29 m²/312 ft²', '1 king bed', 'Bathtub', 'Blackout curtains', 'Non-smoking', 'Private bathroom', 'Individual air conditioning', 'Coffee/tea maker', 'Refrigerator']",2025-11-15,2025-11-16,"https://www.agoda.com/en-in/la-quinta-inn-suites-stevens-point_2/hotel/stevens-point-wi-us.html?countryId=181&finalPriceView=1&isShowMobileAppPrice=false&cid=1922885&numberOfBedrooms=&familyMode=false&adults=1&children=0&rooms=1&maxRooms=0&checkIn=2025-11-1&isCalendarCallout=false&childAges=&numberOfGuest=0&missingChildAges=false&travellerType=0&showReviewSubmissionEntry=false&currencyCode=USD&isFreeOccSearch=false&tspTypes=6,8&los=4&searchrequestid=af799112-03fb-4479-ba5c-d19fd43b97ed",
AGODA_5,agoda,La Quinta Inn & Suites by Wyndham Stevens Point,"1 King Bed, One-Bedroom, Suite, Non-Smoking",king bedS,King,Suite,2.0,12958.0,0.0,12958.0,"['Wi-Fi [free]', 'Room size: 56 m²/603 ft²', '1 king bed', 'Separate shower/bathtub', 'Blackout curtains', 'Non-smoking', 'Private bathroom', 'Individual air conditioning', 'Coffee/tea maker', 'Hair dryer']",2025-11-15,2025-11-16,"https://www.agoda.com/en-in/la-quinta-inn-suites-stevens-point_2/hotel/stevens-point-wi-us.html?countryId=181&finalPriceView=1&isShowMobileAppPrice=false&cid=1922885&numberOfBedrooms=&familyMode=false&adults=1&children=0&rooms=1&maxRooms=0&checkIn=2025-11-1&isCalendarCallout=false&childAges=&numberOfGuest=0&missingChildAges=false&travellerType=0&showReviewSubmissionEntry=false&currencyCode=USD&isFreeOccSearch=false&tspTypes=6,8&los=4&searchrequestid=af799112-03fb-4479-ba5c-d19fd43b97ed",
BOOKING_1,booking,Us,Double Room,twin bedsand,Twin,Normal,0.0,7026.0,1019.0,8045.0,"['650 m²', 'Bathtub', 'Air conditioning', 'Private bathroom', 'Flat-screen TV', 'Free Wifi', 'Bathrobe', 'Toilet', 'Towels', 'Linens', 'Desk', 'Tea/Coffee maker', 'Microwave', 'Heating', 'Wake-up service', 'Dining table', 'Clothes rack', 'Toilet paper']",2025-11-03,2025-11-04,https://www.booking.com/hotel/us/econolodge-andalusia.html?aid=304142&label=gen173nr-10CAEoggI46AdIM1gEaGyIAQGYATO4ARfIAQzYAQPoAQH4AQGIAgGoAgG4ArDI-sYGwAIB0gIkODhkOWY1YzgtMTk5OS00MzI4LTgxNGYtZDFiMjg0OTQ1Y2U52AIB4AIB&sid=b4a3f7b31a243b80f8ac20db0073a78a&all_sr_blocks=1047393001_377033255_2_1_0&checkin=2025-11-01&checkout=2025-11-05&dest_id=10473930&dest_type=hotel&dist=0&group_adults=2&group_children=0&hapos=1&highlighted_blocks=1047393001_377033255_2_1_0&hpos=1&matching_block_id=1047393001_377033255_2_1_0&no_rooms=1&req_adults=2&req_children=0&room1=A%2CA&sb_price_type=total&sr_order=popularity&sr_pri_blocks=1047393001_377033255_2_1_0__31660&srepoch=1759421509&srpvid=2fc671ddeea902a0&type=total&ucfs=1&,
BOOKING_1,booking,Us,Double Room,twin bedsand,Twin,Normal,0.0,7026.0,1019.0,8045.0,"['650 m²', 'Bathtub', 'Air conditioning', 'Private bathroom', 'Flat-screen TV', 'Free Wifi', 'Bathrobe', 'Toilet', 'Towels', 'Linens', 'Desk', 'Tea/Coffee maker', 'Microwave', 'Heating', 'Wake-up service', 'Dining table', 'Clothes rack', 'Toilet paper']",2025-11-04,2025-11-05,https://www.booking.com/hotel/us/econolodge-andalusia.html?aid=304142&label=gen173nr-10CAEoggI46AdIM1gEaGyIAQGYATO4ARfIAQzYAQPoAQH4AQGIAgGoAgG4ArDI-sYGwAIB0gIkODhkOWY1YzgtMTk5OS00MzI4LTgxNGYtZDFiMjg0OTQ1Y2U52AIB4AIB&sid=b4a3f7b31a243b80f8ac20db0073a78a&all_sr_blocks=1047393001_377033255_2_1_0&checkin=2025-11-01&checkout=2025-11-05&dest_id=10473930&dest_type=hotel&dist=0&group_adults=2&group_children=0&hapos=1&highlighted_blocks=1047393001_377033255_2_1_0&hpos=1&matching_block_id=1047393001_377033255_2_1_0&no_rooms=1&req_adults=2&req_children=0&room1=A%2CA&sb_price_type=total&sr_order=popularity&sr_pri_blocks=1047393001_377033255_2_1_0__31660&srepoch=1759421509&srpvid=2fc671ddeea902a0&type=total&ucfs=1&,
BOOKING_1,booking,Econolodge,Double Room,twin bedsand,Twin,Normal,0.0,7026.0,1019.0,8045.0,"['650 m²', 'Bathtub', 'Air conditioning', 'Private bathroom', 'Flat-screen TV', 'Free Wifi', 'Bathrobe', 'Toilet', 'Towels', 'Linens', 'Desk', 'Tea/Coffee maker', 'Microwave', 'Heating', 'Wake-up service', 'Dining table', 'Clothes rack', 'Toilet paper']",2025-11-05,2025-11-06,https://www.booking.com/hotel/us/econolodge-andalusia.html?aid=304142&label=gen173nr-10CAEoggI46AdIM1gEaGyIAQGYATO4ARfIAQzYAQPoAQH4AQGIAgGoAgG4ArDI-sYGwAIB0gIkODhkOWY1YzgtMTk5OS00MzI4LTgxNGYtZDFiMjg0OTQ1Y2U52AIB4AIB&sid=b4a3f7b31a243b80f8ac20db0073a78a&all_sr_blocks=1047393001_377033255_2_1_0&checkin=2025-11-01&checkout=2025-11-05&dest_id=10473930&dest_type=hotel&dist=0&group_adults=2&group_children=0&hapos=1&highlighted_blocks=1047393001_377033255_2_1_0&hpos=1&matching_block_id=1047393001_377033255_2_1_0&no_rooms=1&req_adults=2&req_children=0&room1=A%2CA&sb_price_type=total&sr_order=popularity&sr_pri_blocks=1047393001_377033255_2_1_0__31660&srepoch=1759421509&srpvid=2fc671ddeea902a0&type=total&ucfs=1&,
BOOKING_1,booking,Econolodge,Double Room,twin bedsand,Twin,Normal,0.0,7026.0,1019.0,8045.0,"['650 m²', 'Bathtub', 'Air conditioning', 'Private bathroom', 'Flat-screen TV', 'Free Wifi', 'Bathrobe', 'Toilet', 'Towels', 'Linens', 'Desk', 'Tea/Coffee maker', 'Microwave', 'Heating', 'Wake-up service', 'Dining table', 'Clothes rack', 'Toilet paper']",2025-11-06,2025-11-07,https://www.booking.com/hotel/us/econolodge-andalusia.html?aid=304142&label=gen173nr-10CAEoggI46AdIM1gEaGyIAQGYATO4ARfIAQzYAQPoAQH4AQGIAgGoAgG4ArDI-sYGwAIB0gIkODhkOWY1YzgtMTk5OS00MzI4LTgxNGYtZDFiMjg0OTQ1Y2U52AIB4AIB&sid=b4a3f7b31a243b80f8ac20db0073a78a&all_sr_blocks=1047393001_377033255_2_1_0&checkin=2025-11-01&checkout=2025-11-05&dest_id=10473930&dest_type=hotel&dist=0&group_adults=2&group_children=0&hapos=1&highlighted_blocks=1047393001_377033255_2_1_0&hpos=1&matching_block_id=1047393001_377033255_2_1_0&no_rooms=1&req_adults=2&req_children=0&room1=A%2CA&sb_price_type=total&sr_order=popularity&sr_pri_blocks=1047393001_377033255_2_1_0__31660&srepoch=1759421509&srpvid=2fc671ddeea902a0&type=total&ucfs=1&,
BOOKING_1,booking,Us,Double Room,twin bedsand,Twin,Normal,0.0,7026.0,1019.0,8045.0,"['650 m²', 'Bathtub', 'Air conditioning', 'Private bathroom', 'Flat-screen TV', 'Free Wifi', 'Bathrobe', 'Toilet', 'Towels', 'Linens', 'Desk', 'Tea/Coffee maker', 'Microwave', 'Heating', 'Wake-up service', 'Dining table', 'Clothes rack', 'Toilet paper']",2025-11-07,2025-11-08,https://www.booking.com/hotel/us/econolodge-andalusia.html?aid=304142&label=gen173nr-10CAEoggI46AdIM1gEaGyIAQGYATO4ARfIAQzYAQPoAQH4AQGIAgGoAgG4ArDI-sYGwAIB0gIkODhkOWY1YzgtMTk5OS00MzI4LTgxNGYtZDFiMjg0OTQ1Y2U52AIB4AIB&sid=b4a3f7b31a243b80f8ac20db0073a78a&all_sr_blocks=1047393001_377033255_2_1_0&checkin=2025-11-01&checkout=2025-11-05&dest_id=10473930&dest_type=hotel&dist=0&group_adults=2&group_children=0&hapos=1&highlighted_blocks=1047393001_377033255_2_1_0&hpos=1&matching_block_id=1047393001_377033255_2_1_0&no_rooms=1&req_adults=2&req_children=0&room1=A%2CA&sb_price_type=total&sr_order=popularity&sr_pri_blocks=1047393001_377033255_2_1_0__31660&srepoch=1759421509&srpvid=2fc671ddeea902a0&type=total&ucfs=1&,
BOOKING_1,booking,Us,Double Room,twin bedsand,Twin,Normal,0.0,7026.0,1019.0,8045.0,"['650 m²', 'Bathtub', 'Air conditioning', 'Private bathroom', 'Flat-screen TV', 'Free Wifi', 'Bathrobe', 'Toilet', 'Towels', 'Linens', 'Desk', 'Tea/Coffee maker', 'Microwave', 'Heating', 'Wake-up service', 'Dining table', 'Clothes rack', 'Toilet paper']",2025-11-08,2025-11-09,https://www.booking.com/hotel/us/econolodge-andalusia.html?aid=304142&label=gen173nr-10CAEoggI46AdIM1gEaGyIAQGYATO4ARfIAQzYAQPoAQH4AQGIAgGoAgG4ArDI-sYGwAIB0gIkODhkOWY1YzgtMTk5OS00MzI4LTgxNGYtZDFiMjg0OTQ1Y2U52AIB4AIB&sid=b4a3f7b31a243b80f8ac20db0073a78a&all_sr_blocks=1047393001_377033255_2_1_0&checkin=2025-11-01&checkout=2025-11-05&dest_id=10473930&dest_type=hotel&dist=0&group_adults=2&group_children=0&hapos=1&highlighted_blocks=1047393001_377033255_2_1_0&hpos=1&matching_block_id=1047393001_377033255_2_1_0&no_rooms=1&req_adults=2&req_children=0&room1=A%2CA&sb_price_type=total&sr_order=popularity&sr_pri_blocks=1047393001_377033255_2_1_0__31660&srepoch=1759421509&srpvid=2fc671ddeea902a0&type=total&ucfs=1&,
BOOKING_1,booking,Us,Double Room,twin bedsand,Twin,Normal,0.0,7026.0,1019.0,8045.0,"['650 m²', 'Bathtub', 'Air conditioning', 'Private bathroom', 'Flat-screen TV', 'Free Wifi', 'Bathrobe', 'Toilet', 'Towels', 'Linens', 'Desk', 'Tea/Coffee maker', 'Microwave', 'Heating', 'Wake-up service', 'Dining table', 'Clothes rack', 'Toilet paper']",2025-11-09,2025-11-10,https://www.booking.com/hotel/us/econolodge-andalusia.html?aid=304142&label=gen173nr-10CAEoggI46AdIM1gEaGyIAQGYATO4ARfIAQzYAQPoAQH4AQGIAgGoAgG4ArDI-sYGwAIB0gIkODhkOWY1YzgtMTk5OS00MzI4LTgxNGYtZDFiMjg0OTQ1Y2U52AIB4AIB&sid=b4a3f7b31a243b80f8ac20db0073a78a&all_sr_blocks=1047393001_377033255_2_1_0&checkin=2025-11-01&checkout=2025-11-05&dest_id=10473930&dest_type=hotel&dist=0&group_adults=2&group_children=0&hapos=1&highlighted_blocks=1047393001_377033255_2_1_0&hpos=1&matching_block_id=1047393001_377033255_2_1_0&no_rooms=1&req_adults=2&req_children=0&room1=A%2CA&sb_price_type=total&sr_order=popularity&sr_pri_blocks=1047393001_377033255_2_1_0__31660&srepoch=1759421509&srpvid=2fc671ddeea902a0&type=total&ucfs=1&,
BOOKING_1,booking,Us,"1 King Bed, Smoking",,,Normal,0.0,6700.0,1071.0,7771.0,"['30m²', 'Air conditioning', 'Private bathroom', 'Free Wifi', '', 'Free toiletries', '', 'Bathrobe', '', 'Bathtub or shower', '', 'Towels', '', 'Desk', '', 'Sitting area', '', 'TV', '', 'Telephone', '', 'Ironing facilities', '', 'Microwave', '', 'Hairdryer', '', 'Cable channels', '', 'Wardrobe or closet', '', 'Window', '', 'Bathtub', '', 'Blackout curtains', '', 'Coffee/tea pot', '', 'Free in-room Wifi', '', 'Mini refrigerator', '', 'In-room Wifi']",2025-11-10,2025-11-11,https://www.booking.com/hotel/us/econolodge-andalusia.html?aid=304142&label=gen173nr-10CAEoggI46AdIM1gEaGyIAQGYATO4ARfIAQzYAQPoAQH4AQGIAgGoAgG4ArDI-sYGwAIB0gIkODhkOWY1YzgtMTk5OS00MzI4LTgxNGYtZDFiMjg0OTQ1Y2U52AIB4AIB&sid=b4a3f7b31a243b80f8ac20db0073a78a&all_sr_blocks=1047393001_377033255_2_1_0&checkin=2025-11-01&checkout=2025-11-05&dest_id=10473930&dest_type=hotel&dist=0&group_adults=2&group_children=0&hapos=1&highlighted_blocks=1047393001_377033255_2_1_0&hpos=1&matching_block_id=1047393001_377033255_2_1_0&no_rooms=1&req_adults=2&req_children=0&room1=A%2CA&sb_price_type=total&sr_order=popularity&sr_pri_blocks=1047393001_377033255_2_1_0__31660&srepoch=1759421509&srpvid=2fc671ddeea902a0&type=total&ucfs=1&,
BOOKING_1,booking,Us,Double Room,twin bedsand,Twin,Normal,0.0,7026.0,1019.0,8045.0,"['650 m²', 'Bathtub', 'Air conditioning', 'Private bathroom', 'Flat-screen TV', 'Free Wifi', 'Bathrobe', 'Toilet', 'Towels', 'Linens', 'Desk', 'Tea/Coffee maker', 'Microwave', 'Heating', 'Wake-up service', 'Dining table', 'Clothes rack', 'Toilet paper']",2025-11-10,2025-11-11,https://www.booking.com/hotel/us/econolodge-andalusia.html?aid=304142&label=gen173nr-10CAEoggI46AdIM1gEaGyIAQGYATO4ARfIAQzYAQPoAQH4AQGIAgGoAgG4ArDI-sYGwAIB0gIkODhkOWY1YzgtMTk5OS00MzI4LTgxNGYtZDFiMjg0OTQ1Y2U52AIB4AIB&sid=b4a3f7b31a243b80f8ac20db0073a78a&all_sr_blocks=1047393001_377033255_2_1_0&checkin=2025-11-01&checkout=2025-11-05&dest_id=10473930&dest_type=hotel&dist=0&group_adults=2&group_children=0&hapos=1&highlighted_blocks=1047393001_377033255_2_1_0&hpos=1&matching_block_id=1047393001_377033255_2_1_0&no_rooms=1&req_adults=2&req_children=0&room1=A%2CA&sb_price_type=total&sr_order=popularity&sr_pri_blocks=1047393001_377033255_2_1_0__31660&srepoch=1759421509&srpvid=2fc671ddeea902a0&type=total&ucfs=1&,
BOOKING_1,booking,Us,Double Room,twin bedsand,Twin,Normal,0.0,7026.0,1019.0,8045.0,"['650 m²', 'Bathtub', 'Air conditioning', 'Private bathroom', 'Flat-screen TV', 'Free Wifi', 'Bathrobe', 'Toilet', 'Towels', 'Linens', 'Desk', 'Tea/Coffee maker', 'Microwave', 'Heating', 'Wake-up service', 'Dining table', 'Clothes rack', 'Toilet paper']",2025-11-11,2025-11-12,https://www.booking.com/hotel/us/econolodge-andalusia.html?aid=304142&label=gen173nr-10CAEoggI46AdIM1gEaGyIAQGYATO4ARfIAQzYAQPoAQH4AQGIAgGoAgG4ArDI-sYGwAIB0gIkODhkOWY1YzgtMTk5OS00MzI4LTgxNGYtZDFiMjg0OTQ1Y2U52AIB4AIB&sid=b4a3f7b31a243b80f8ac20db0073a78a&all_sr_blocks=1047393001_377033255_2_1_0&checkin=2025-11-01&checkout=2025-11-05&dest_id=10473930&dest_type=hotel&dist=0&group_adults=2&group_children=0&hapos=1&highlighted_blocks=1047393001_377033255_2_1_0&hpos=1&matching_block_id=1047393001_377033255_2_1_0&no_rooms=1&req_adults=2&req_children=0&room1=A%2CA&sb_price_type=total&sr_order=popularity&sr_pri_blocks=1047393001_377033255_2_1_0__31660&srepoch=1759421509&srpvid=2fc671ddeea902a0&type=total&ucfs=1&,
BOOKING_1,booking,Us,Double Room,twin bedsand,Twin,Normal,0.0,7026.0,1019.0,8045.0,"['650 m²', 'Bathtub', 'Air conditioning', 'Private bathroom', 'Flat-screen TV', 'Free Wifi', 'Bathrobe', 'Toilet', 'Towels', 'Linens', 'Desk', 'Tea/Coffee maker', 'Microwave', 'Heating', 'Wake-up service', 'Dining table', 'Clothes rack', 'Toilet paper']",2025-11-12,2025-11-13,https://www.booking.com/hotel/us/econolodge-andalusia.html?aid=304142&label=gen173nr-10CAEoggI46AdIM1gEaGyIAQGYATO4ARfIAQzYAQPoAQH4AQGIAgGoAgG4ArDI-sYGwAIB0gIkODhkOWY1YzgtMTk5OS00MzI4LTgxNGYtZDFiMjg0OTQ1Y2U52AIB4AIB&sid=b4a3f7b31a243b80f8ac20db0073a78a&all_sr_blocks=1047393001_377033255_2_1_0&checkin=2025-11-01&checkout=2025-11-05&dest_id=10473930&dest_type=hotel&dist=0&group_adults=2&group_children=0&hapos=1&highlighted_blocks=1047393001_377033255_2_1_0&hpos=1&matching_block_id=1047393001_377033255_2_1_0&no_rooms=1&req_adults=2&req_children=0&room1=A%2CA&sb_price_type=total&sr_order=popularity&sr_pri_blocks=1047393001_377033255_2_1_0__31660&srepoch=1759421509&srpvid=2fc671ddeea902a0&type=total&ucfs=1&,
BOOKING_1,booking,Econolodge,Double Room,twin bedsand,Twin,Normal,0.0,7026.0,1019.0,8045.0,"['650 m²', 'Bathtub', 'Air conditioning', 'Private bathroom', 'Flat-screen TV', 'Free Wifi', 'Bathrobe', 'Toilet', 'Towels', 'Linens', 'Desk', 'Tea/Coffee maker', 'Microwave', 'Heating', 'Wake-up service', 'Dining table', 'Clothes rack', 'Toilet paper']",2025-11-13,2025-11-14,https://www.booking.com/hotel/us/econolodge-andalusia.html?aid=304142&label=gen173nr-10CAEoggI46AdIM1gEaGyIAQGYATO4ARfIAQzYAQPoAQH4AQGIAgGoAgG4ArDI-sYGwAIB0gIkODhkOWY1YzgtMTk5OS00MzI4LTgxNGYtZDFiMjg0OTQ1Y2U52AIB4AIB&sid=b4a3f7b31a243b80f8ac20db0073a78a&all_sr_blocks=1047393001_377033255_2_1_0&checkin=2025-11-01&checkout=2025-11-05&dest_id=10473930&dest_type=hotel&dist=0&group_adults=2&group_children=0&hapos=1&highlighted_blocks=1047393001_377033255_2_1_0&hpos=1&matching_block_id=1047393001_377033255_2_1_0&no_rooms=1&req_adults=2&req_children=0&room1=A%2CA&sb_price_type=total&sr_order=popularity&sr_pri_blocks=1047393001_377033255_2_1_0__31660&srepoch=1759421509&srpvid=2fc671ddeea902a0&type=total&ucfs=1&,
BOOKING_1,booking,Us,Double Room,twin bedsand,Twin,Normal,0.0,7026.0,1019.0,8045.0,"['650 m²', 'Bathtub', 'Air conditioning', 'Private bathroom', 'Flat-screen TV', 'Free Wifi', 'Bathrobe', 'Toilet', 'Towels', 'Linens', 'Desk', 'Tea/Coffee maker', 'Microwave', 'Heating', 'Wake-up service', 'Dining table', 'Clothes rack', 'Toilet paper']",2025-11-14,2025-11-15,https://www.booking.com/hotel/us/econolodge-andalusia.html?aid=304142&label=gen173nr-10CAEoggI46AdIM1gEaGyIAQGYATO4ARfIAQzYAQPoAQH4AQGIAgGoAgG4ArDI-sYGwAIB0gIkODhkOWY1YzgtMTk5OS00MzI4LTgxNGYtZDFiMjg0OTQ1Y2U52AIB4AIB&sid=b4a3f7b31a243b80f8ac20db0073a78a&all_sr_blocks=1047393001_377033255_2_1_0&checkin=2025-11-01&checkout=2025-11-05&dest_id=10473930&dest_type=hotel&dist=0&group_adults=2&group_children=0&hapos=1&highlighted_blocks=1047393001_377033255_2_1_0&hpos=1&matching_block_id=1047393001_377033255_2_1_0&no_rooms=1&req_adults=2&req_children=0&room1=A%2CA&sb_price_type=total&sr_order=popularity&sr_pri_blocks=1047393001_377033255_2_1_0__31660&srepoch=1759421509&srpvid=2fc671ddeea902a0&type=total&ucfs=1&,
BOOKING_1,booking,Econolodge,Double Room,twin bedsand,Twin,Normal,0.0,7026.0,1019.0,8045.0,"['650 m²', 'Bathtub', 'Air conditioning', 'Private bathroom', 'Flat-screen TV', 'Free Wifi', 'Bathrobe', 'Toilet', 'Towels', 'Linens', 'Desk', 'Tea/Coffee maker', 'Microwave', 'Heating', 'Wake-up service', 'Dining table', 'Clothes rack', 'Toilet paper']",2025-11-15,2025-11-16,https://www.booking.com/hotel/us/econolodge-andalusia.html?aid=304142&label=gen173nr-10CAEoggI46AdIM1gEaGyIAQGYATO4ARfIAQzYAQPoAQH4AQGIAgGoAgG4ArDI-sYGwAIB0gIkODhkOWY1YzgtMTk5OS00MzI4LTgxNGYtZDFiMjg0OTQ1Y2U52AIB4AIB&sid=b4a3f7b31a243b80f8ac20db0073a78a&all_sr_blocks=1047393001_377033255_2_1_0&checkin=2025-11-01&checkout=2025-11-05&dest_id=10473930&dest_type=hotel&dist=0&group_adults=2&group_children=0&hapos=1&highlighted_blocks=1047393001_377033255_2_1_0&hpos=1&matching_block_id=1047393001_377033255_2_1_0&no_rooms=1&req_adults=2&req_children=0&room1=A%2CA&sb_price_type=total&sr_order=popularity&sr_pri_blocks=1047393001_377033255_2_1_0__31660&srepoch=1759421509&srpvid=2fc671ddeea902a0&type=total&ucfs=1&,
BOOKING_2,booking,Best Western Plover-Stevens Point Hotel & Conference Center,King Suite with Spa Bath,king bed,King,Suite,4.0,9764.0,1318.0,11082.0,"['1 room', 'Bathtub', 'Air conditioning', 'Private bathroom', 'Flat-screen TV', 'Free Wifi', 'Toilet', 'Towels', 'Linens', 'Socket near the bed', 'Desk', 'TV', 'Telephone', 'Heating', 'Hairdryer', 'Extra long beds (> 2 metres)', 'Carpeted', 'Cable channels', 'Alarm clock', 'Wardrobe or closet', 'Toilet paper', 'Single-room AC for guest accommodation', 'Carbon monoxide detector']",2025-11-03,2025-11-04,https://www.booking.com/hotel/us/best-western-plover.html?aid=304142&label=gen173nr-10CAEoggI46AdIM1gEaGyIAQGYATO4ARfIAQzYAQPoAQH4AQGIAgGoAgG4ArDI-sYGwAIB0gIkODhkOWY1YzgtMTk5OS00MzI4LTgxNGYtZDFiMjg0OTQ1Y2U52AIB4AIB&sid=b4a3f7b31a243b80f8ac20db0073a78a&checkin=2025-11-01&checkout=2025-11-05&dist=0&group_adults=2&group_children=0&hapos=1&hpos=1&no_rooms=1&req_adults=2&req_children=0&room1=A%2CA&sb_price_type=total&soh=1&sr_order=popularity&srepoch=1759421677&srpvid=8df8722f6fa0016b&type=total&ucfs=1&#no_availability_msg,
BOOKING_2,booking,Best Western Plover-Stevens Point Hotel & Conference Center,King Room,king bed,King,Normal,0.0,7989.0,1078.0,9067.0,"['1 room', 'Air conditioning', 'Private bathroom', 'Flat-screen TV', 'Free Wifi', 'Toilet', 'Towels', 'Linens', 'Socket near the bed', 'Desk', 'TV', 'Telephone', 'Heating', 'Hairdryer', 'Carpeted', 'Cable channels', 'Alarm clock', 'Wardrobe or closet', 'Toilet paper', 'Single-room AC for guest accommodation', 'Carbon monoxide detector']",2025-11-03,2025-11-04,https://www.booking.com/hotel/us/best-western-plover.html?aid=304142&label=gen173nr-10CAEoggI46AdIM1gEaGyIAQGYATO4ARfIAQzYAQPoAQH4AQGIAgGoAgG4ArDI-sYGwAIB0gIkODhkOWY1YzgtMTk5OS00MzI4LTgxNGYtZDFiMjg0OTQ1Y2U52AIB4AIB&sid=b4a3f7b31a243b80f8ac20db0073a78a&checkin=2025-11-01&checkout=2025-11-05&dist=0&group_adults=2&group_children=0&hapos=1&hpos=1&no_rooms=1&req_adults=2&req_children=0&room1=A%2CA&sb_price_type=total&soh=1&sr_order=popularity&srepoch=1759421677&srpvid=8df8722f6fa0016b&type=total&ucfs=1&#no_availability_msg,
BOOKING_2,booking,Best Western Plover-Stevens Point Hotel & Conference Center,King Room with Roll-In Shower - Disability Access/Non-Smoking,king bed,King,Normal,2.0,7989.0,1078.0,9067.0,"['1 room', 'Air conditioning', 'Private bathroom', 'Flat-screen TV', 'Free Wifi', 'Toilet', 'Towels', 'Linens', 'Socket near the bed', 'Desk', 'TV', 'Telephone', 'Heating', 'Hairdryer', 'Extra long beds (> 2 metres)', 'Carpeted', 'Cable channels', 'Alarm clock', 'Wardrobe or closet', 'Toilet paper', 'Single-room AC for guest accommodation', 'Carbon monoxide detector']",2025-11-03,2025-11-04,https://www.booking.com/hotel/us/best-western-plover.html?aid=304142&label=gen173nr-10CAEoggI46AdIM1gEaGyIAQGYATO4ARfIAQzYAQPoAQH4AQGIAgGoAgG4ArDI-sYGwAIB0gIkODhkOWY1YzgtMTk5OS00MzI4LTgxNGYtZDFiMjg0OTQ1Y2U52AIB4AIB&sid=b4a3f7b31a243b80f8ac20db0073a78a&checkin=2025-11-01&checkout=2025-11-05&dist=0&group_adults=2&group_children=0&hapos=1&hpos=1&no_rooms=1&req_adults=2&req_children=0&room1=A%2CA&sb_price_type=total&soh=1&sr_order=popularity&srepoch=1759421677&srpvid=8df8722f6fa0016b&type=total&ucfs=1&#no_availability_msg,
BOOKING_2,booking,Best Western Plover-Stevens Point Hotel & Conference Center,Queen Room with Two Queen Beds - Non-Smoking,queen beds,Queen,Normal,0.0,8876.0,1198.0,10074.0,"['1 room', 'Bathtub', 'Air conditioning', 'Private bathroom', 'Flat-screen TV', 'Free Wifi', 'Toilet', 'Towels', 'Linens', 'Socket near the bed', 'Desk', 'TV', 'Telephone', 'Heating', 'Hairdryer', 'Carpeted', 'Cable channels', 'Alarm clock', 'Wardrobe or closet', 'Toilet paper', 'Carbon monoxide detector', 'Single-room AC for guest accommodation']",2025-11-03,2025-11-04,https://www.booking.com/hotel/us/best-western-plover.html?aid=304142&label=gen173nr-10CAEoggI46AdIM1gEaGyIAQGYATO4ARfIAQzYAQPoAQH4AQGIAgGoAgG4ArDI-sYGwAIB0gIkODhkOWY1YzgtMTk5OS00MzI4LTgxNGYtZDFiMjg0OTQ1Y2U52AIB4AIB&sid=b4a3f7b31a243b80f8ac20db0073a78a&checkin=2025-11-01&checkout=2025-11-05&dist=0&group_adults=2&group_children=0&hapos=1&hpos=1&no_rooms=1&req_adults=2&req_children=0&room1=A%2CA&sb_price_type=total&soh=1&sr_order=popularity&srepoch=1759421677&srpvid=8df8722f6fa0016b&type=total&ucfs=1&#no_availability_msg,
BOOKING_2,booking,Best Western Plover-Stevens Point Hotel & Conference Center,Family King Suite with Sofa Bed - Non-Smoking,king bedand1 sofa bed,King,Suite,2.0,11096.0,1498.0,12594.0,"['Private suite', 'Bathtub', 'Air conditioning', 'Private bathroom', 'Flat-screen TV', 'Free Wifi', 'Toilet', 'Sofa', 'Towels', 'Linens', 'Socket near the bed', 'Desk', 'TV', 'Telephone', 'Heating', 'Hairdryer', 'Carpeted', 'Cable channels', 'Alarm clock', 'Wardrobe or closet', 'Toilet paper', 'Sofa bed', 'Single-room AC for guest accommodation', 'Carbon monoxide detector']",2025-11-03,2025-11-04,https://www.booking.com/hotel/us/best-western-plover.html?aid=304142&label=gen173nr-10CAEoggI46AdIM1gEaGyIAQGYATO4ARfIAQzYAQPoAQH4AQGIAgGoAgG4ArDI-sYGwAIB0gIkODhkOWY1YzgtMTk5OS00MzI4LTgxNGYtZDFiMjg0OTQ1Y2U52AIB4AIB&sid=b4a3f7b31a243b80f8ac20db0073a78a&checkin=2025-11-01&checkout=2025-11-05&dist=0&group_adults=2&group_children=0&hapos=1&hpos=1&no_rooms=1&req_adults=2&req_children=0&room1=A%2CA&sb_price_type=total&soh=1&sr_order=popularity&srepoch=1759421677&srpvid=8df8722f6fa0016b&type=total&ucfs=1&#no_availability_msg,
BOOKING_2,booking,Best Western Plover-Stevens Point Hotel & Conference Center,Family Queen Suite with Sofa Bed,queen beds,Queen,Suite,2.0,12427.0,1678.0,14105.0,"['Private suite', 'Bathtub', 'Air conditioning', 'Private bathroom', 'Flat-screen TV', 'Coffee machine', 'Free Wifi', 'Shower', 'Toilet', 'Towels', 'Linens', 'Socket near the bed', 'Desk', 'TV', 'Telephone', 'Tea/Coffee maker', 'Heating', 'Hairdryer', 'Carpeted', 'Cable channels', 'Alarm clock', 'Wardrobe or closet', 'Toilet paper', 'Carbon monoxide detector', 'Single-room AC for guest accommodation']",2025-11-03,2025-11-04,https://www.booking.com/hotel/us/best-western-plover.html?aid=304142&label=gen173nr-10CAEoggI46AdIM1gEaGyIAQGYATO4ARfIAQzYAQPoAQH4AQGIAgGoAgG4ArDI-sYGwAIB0gIkODhkOWY1YzgtMTk5OS00MzI4LTgxNGYtZDFiMjg0OTQ1Y2U52AIB4AIB&sid=b4a3f7b31a243b80f8ac20db0073a78a&checkin=2025-11-01&checkout=2025-11-05&dist=0&group_adults=2&group_children=0&hapos=1&hpos=1&no_rooms=1&req_adults=2&req_children=0&room1=A%2CA&sb_price_type=total&soh=1&sr_order=popularity&srepoch=1759421677&srpvid=8df8722f6fa0016b&type=total&ucfs=1&#no_availability_msg,
BOOKING_2,booking,Best Western Plover-Stevens Point Hotel & Conference Center,Two-Room Queen Suite,sofa bedand2 queen beds,Queen,Suite,2.0,12871.0,1738.0,14609.0,"['Private suite', 'Bathtub', 'Air conditioning', 'Private bathroom', 'Flat-screen TV', 'Coffee machine', 'Free Wifi', 'Shower', 'Toilet', 'Sofa', 'Towels', 'Linens', 'Socket near the bed', 'Desk', 'TV', 'Telephone', 'Tea/Coffee maker', 'Heating', 'Hairdryer', 'Carpeted', 'Cable channels', 'Alarm clock', 'Wardrobe or closet', 'Toilet paper', 'Sofa bed', 'Carbon monoxide detector', 'Single-room AC for guest accommodation']",2025-11-03,2025-11-04,https://www.booking.com/hotel/us/best-western-plover.html?aid=304142&label=gen173nr-10CAEoggI46AdIM1gEaGyIAQGYATO4ARfIAQzYAQPoAQH4AQGIAgGoAgG4ArDI-sYGwAIB0gIkODhkOWY1YzgtMTk5OS00MzI4LTgxNGYtZDFiMjg0OTQ1Y2U52AIB4AIB&sid=b4a3f7b31a243b80f8ac20db0073a78a&checkin=2025-11-01&checkout=2025-11-05&dist=0&group_adults=2&group_children=0&hapos=1&hpos=1&no_rooms=1&req_adults=2&req_children=0&room1=A%2CA&sb_price_type=total&soh=1&sr_order=popularity&srepoch=1759421677&srpvid=8df8722f6fa0016b&type=total&ucfs=1&#no_availability_msg,
BOOKING_2,booking,Best Western Plover-Stevens Point Hotel & Conference Center,Queen Suite with Sofa Bed,queen beds,Queen,Suite,1.0,11096.0,1498.0,12594.0,"['Private suite', 'Bathtub', 'Air conditioning', 'Private bathroom', 'Flat-screen TV', 'Free Wifi', 'Toilet', 'Towels', 'Linens', 'Socket near the bed', 'Desk', 'TV', 'Telephone', 'Heating', 'Hairdryer', 'Carpeted', 'Cable channels', 'Alarm clock', 'Wardrobe or closet', 'Toilet paper', 'Single-room AC for guest accommodation', 'Carbon monoxide detector']",2025-11-03,2025-11-04,https://www.booking.com/hotel/us/best-western-plover.html?aid=304142&label=gen173nr-10CAEoggI46AdIM1gEaGyIAQGYATO4ARfIAQzYAQPoAQH4AQGIAgGoAgG4ArDI-sYGwAIB0gIkODhkOWY1YzgtMTk5OS00MzI4LTgxNGYtZDFiMjg0OTQ1Y2U52AIB4AIB&sid=b4a3f7b31a243b80f8ac20db0073a78a&checkin=2025-11-01&checkout=2025-11-05&dist=0&group_adults=2&group_children=0&hapos=1&hpos=1&no_rooms=1&req_adults=2&req_children=0&room1=A%2CA&sb_price_type=total&soh=1&sr_order=popularity&srepoch=1759421677&srpvid=8df8722f6fa0016b&type=total&ucfs=1&#no_availability_msg,
BOOKING_2,booking,Best Western Plover-Stevens Point Hotel & Conference Center,King Suite with Spa Bath,king bed,King,Suite,3.0,9764.0,1318.0,11082.0,"['1 room', 'Bathtub', 'Air conditioning', 'Private bathroom', 'Flat-screen TV', 'Free Wifi', 'Toilet', 'Towels', 'Linens', 'Socket near the bed', 'Desk', 'TV', 'Telephone', 'Heating', 'Hairdryer', 'Extra long beds (> 2 metres)', 'Carpeted', 'Cable channels', 'Alarm clock', 'Wardrobe or closet', 'Toilet paper', 'Carbon monoxide detector', 'Single-room AC for guest accommodation']",2025-11-04,2025-11-05,https://www.booking.com/hotel/us/best-western-plover.html?aid=304142&label=gen173nr-10CAEoggI46AdIM1gEaGyIAQGYATO4ARfIAQzYAQPoAQH4AQGIAgGoAgG4ArDI-sYGwAIB0gIkODhkOWY1YzgtMTk5OS00MzI4LTgxNGYtZDFiMjg0OTQ1Y2U52AIB4AIB&sid=b4a3f7b31a243b80f8ac20db0073a78a&checkin=2025-11-01&checkout=2025-11-05&dist=0&group_adults=2&group_children=0&hapos=1&hpos=1&no_rooms=1&req_adults=2&req_children=0&room1=A%2CA&sb_price_type=total&soh=1&sr_order=popularity&srepoch=1759421677&srpvid=8df8722f6fa0016b&type=total&ucfs=1&#no_availability_msg,
BOOKING_2,booking,Best Western Plover-Stevens Point Hotel & Conference Center,King Room,king bed,King,Normal,0.0,7989.0,1078.0,9067.0,"['1 room', 'Air conditioning', 'Private bathroom', 'Flat-screen TV', 'Free Wifi', 'Toilet', 'Towels', 'Linens', 'Socket near the bed', 'Desk', 'TV', 'Telephone', 'Heating', 'Hairdryer', 'Carpeted', 'Cable channels', 'Alarm clock', 'Wardrobe or closet', 'Toilet paper', 'Carbon monoxide detector', 'Single-room AC for guest accommodation']",2025-11-04,2025-11-05,https://www.booking.com/hotel/us/best-western-plover.html?aid=304142&label=gen173nr-10CAEoggI46AdIM1gEaGyIAQGYATO4ARfIAQzYAQPoAQH4AQGIAgGoAgG4ArDI-sYGwAIB0gIkODhkOWY1YzgtMTk5OS00MzI4LTgxNGYtZDFiMjg0OTQ1Y2U52AIB4AIB&sid=b4a3f7b31a243b80f8ac20db0073a78a&checkin=2025-11-01&checkout=2025-11-05&dist=0&group_adults=2&group_children=0&hapos=1&hpos=1&no_rooms=1&req_adults=2&req_children=0&room1=A%2CA&sb_price_type=total&soh=1&sr_order=popularity&srepoch=1759421677&srpvid=8df8722f6fa0016b&type=total&ucfs=1&#no_availability_msg,
BOOKING_2,booking,Best Western Plover-Stevens Point Hotel & Conference Center,King Room with Roll-In Shower - Disability Access/Non-Smoking,king bed,King,Normal,2.0,7989.0,1078.0,9067.0,"['1 room', 'Air conditioning', 'Private bathroom', 'Flat-screen TV', 'Free Wifi', 'Toilet', 'Towels', 'Linens', 'Socket near the bed', 'Desk', 'TV', 'Telephone', 'Heating', 'Hairdryer', 'Extra long beds (> 2 metres)', 'Carpeted', 'Cable channels', 'Alarm clock', 'Wardrobe or closet', 'Toilet paper', 'Carbon monoxide detector', 'Single-room AC for guest accommodation']",2025-11-04,2025-11-05,https://www.booking.com/hotel/us/best-western-plover.html?aid=304142&label=gen173nr-10CAEoggI46AdIM1gEaGyIAQGYATO4ARfIAQzYAQPoAQH4AQGIAgGoAgG4ArDI-sYGwAIB0gIkODhkOWY1YzgtMTk5OS00MzI4LTgxNGYtZDFiMjg0OTQ1Y2U52AIB4AIB&sid=b4a3f7b31a243b80f8ac20db0073a78a&checkin=2025-11-01&checkout=2025-11-05&dist=0&group_adults=2&group_children=0&hapos=1&hpos=1&no_rooms=1&req_adults=2&req_children=0&room1=A%2CA&sb_price_type=total&soh=1&sr_order=popularity&srepoch=1759421677&srpvid=8df8722f6fa0016b&type=total&ucfs=1&#no_availability_msg,
BOOKING_2,booking,Best Western Plover-Stevens Point Hotel & Conference Center,Queen Room with Two Queen Beds - Non-Smoking,queen beds,Queen,Normal,0.0,8876.0,1198.0,10074.0,"['1 room', 'Bathtub', 'Air conditioning', 'Private bathroom', 'Flat-screen TV', 'Free Wifi', 'Toilet', 'Towels', 'Linens', 'Socket near the bed', 'Desk', 'TV', 'Telephone', 'Heating', 'Hairdryer', 'Carpeted', 'Cable channels', 'Alarm clock', 'Wardrobe or closet', 'Toilet paper', 'Carbon monoxide detector', 'Single-room AC for guest accommodation']",2025-11-04,2025-11-05,https://www.booking.com/hotel/us/best-western-plover.html?aid=304142&label=gen173nr-10CAEoggI46AdIM1gEaGyIAQGYATO4ARfIAQzYAQPoAQH4AQGIAgGoAgG4ArDI-sYGwAIB0gIkODhkOWY1YzgtMTk5OS00MzI4LTgxNGYtZDFiMjg0OTQ1Y2U52AIB4AIB&sid=b4a3f7b31a243b80f8ac20db0073a78a&checkin=2025-11-01&checkout=2025-11-05&dist=0&group_adults=2&group_children=0&hapos=1&hpos=1&no_rooms=1&req_adults=2&req_children=0&room1=A%2CA&sb_price_type=total&soh=1&sr_order=popularity&srepoch=1759421677&srpvid=8df8722f6fa0016b&type=total&ucfs=1&#no_availability_msg,
BOOKING_2,booking,Best Western Plover-Stevens Point Hotel & Conference Center,Family King Suite with Sofa Bed - Non-Smoking,king bedand1 sofa bed,King,Suite,2.0,11096.0,1498.0,12594.0,"['Private suite', 'Bathtub', 'Air conditioning', 'Private bathroom', 'Flat-screen TV', 'Free Wifi', 'Toilet', 'Sofa', 'Towels', 'Linens', 'Socket near the bed', 'Desk', 'TV', 'Telephone', 'Heating', 'Hairdryer', 'Carpeted', 'Cable channels', 'Alarm clock', 'Wardrobe or closet', 'Toilet paper', 'Sofa bed', 'Single-room AC for guest accommodation', 'Carbon monoxide detector']",2025-11-04,2025-11-05,https://www.booking.com/hotel/us/best-western-plover.html?aid=304142&label=gen173nr-10CAEoggI46AdIM1gEaGyIAQGYATO4ARfIAQzYAQPoAQH4AQGIAgGoAgG4ArDI-sYGwAIB0gIkODhkOWY1YzgtMTk5OS00MzI4LTgxNGYtZDFiMjg0OTQ1Y2U52AIB4AIB&sid=b4a3f7b31a243b80f8ac20db0073a78a&checkin=2025-11-01&checkout=2025-11-05&dist=0&group_adults=2&group_children=0&hapos=1&hpos=1&no_rooms=1&req_adults=2&req_children=0&room1=A%2CA&sb_price_type=total&soh=1&sr_order=popularity&srepoch=1759421677&srpvid=8df8722f6fa0016b&type=total&ucfs=1&#no_availability_msg,
BOOKING_2,booking,Best Western Plover-Stevens Point Hotel & Conference Center,Family Queen Suite with Sofa Bed,queen beds,Queen,Suite,2.0,12427.0,1678.0,14105.0,"['Private suite', 'Bathtub', 'Air conditioning', 'Private bathroom', 'Flat-screen TV', 'Coffee machine', 'Free Wifi', 'Shower', 'Toilet', 'Towels', 'Linens', 'Socket near the bed', 'Desk', 'TV', 'Telephone', 'Tea/Coffee maker', 'Heating', 'Hairdryer', 'Carpeted', 'Cable channels', 'Alarm clock', 'Wardrobe or closet', 'Toilet paper', 'Single-room AC for guest accommodation', 'Carbon monoxide detector']",2025-11-04,2025-11-05,https://www.booking.com/hotel/us/best-western-plover.html?aid=304142&label=gen173nr-10CAEoggI46AdIM1gEaGyIAQGYATO4ARfIAQzYAQPoAQH4AQGIAgGoAgG4ArDI-sYGwAIB0gIkODhkOWY1YzgtMTk5OS00MzI4LTgxNGYtZDFiMjg0OTQ1Y2U52AIB4AIB&sid=b4a3f7b31a243b80f8ac20db0073a78a&checkin=2025-11-01&checkout=2025-11-05&dist=0&group_adults=2&group_children=0&hapos=1&hpos=1&no_rooms=1&req_adults=2&req_children=0&room1=A%2CA&sb_price_type=total&soh=1&sr_order=popularity&srepoch=1759421677&srpvid=8df8722f6fa0016b&type=total&ucfs=1&#no_availability_msg,
BOOKING_2,booking,Best Western Plover-Stevens Point Hotel & Conference Center,Two-Room Queen Suite,sofa bedand2 queen beds,Queen,Suite,2.0,12871.0,1738.0,14609.0,"['Private suite', 'Bathtub', 'Air conditioning', 'Private bathroom', 'Flat-screen TV', 'Coffee machine', 'Free Wifi', 'Shower', 'Toilet', 'Sofa', 'Towels', 'Linens', 'Socket near the bed', 'Desk', 'TV', 'Telephone', 'Tea/Coffee maker', 'Heating', 'Hairdryer', 'Carpeted', 'Cable channels', 'Alarm clock', 'Wardrobe or closet', 'Toilet paper', 'Sofa bed', 'Single-room AC for guest accommodation', 'Carbon monoxide detector']",2025-11-04,2025-11-05,https://www.booking.com/hotel/us/best-western-plover.html?aid=304142&label=gen173nr-10CAEoggI46AdIM1gEaGyIAQGYATO4ARfIAQzYAQPoAQH4AQGIAgGoAgG4ArDI-sYGwAIB0gIkODhkOWY1YzgtMTk5OS00MzI4LTgxNGYtZDFiMjg0OTQ1Y2U52AIB4AIB&sid=b4a3f7b31a243b80f8ac20db0073a78a&checkin=2025-11-01&checkout=2025-11-05&dist=0&group_adults=2&group_children=0&hapos=1&hpos=1&no_rooms=1&req_adults=2&req_children=0&room1=A%2CA&sb_price_type=total&soh=1&sr_order=popularity&srepoch=1759421677&srpvid=8df8722f6fa0016b&type=total&ucfs=1&#no_availability_msg,
BOOKING_2,booking,Best Western Plover-Stevens Point Hotel & Conference Center,Queen Suite with Sofa Bed,queen beds,Queen,Suite,1.0,11096.0,1498.0,12594.0,"['Private suite', 'Bathtub', 'Air conditioning', 'Private bathroom', 'Flat-screen TV', 'Free Wifi', 'Toilet', 'Towels', 'Linens', 'Socket near the bed', 'Desk', 'TV', 'Telephone', 'Heating', 'Hairdryer', 'Carpeted', 'Cable channels', 'Alarm clock', 'Wardrobe or closet', 'Toilet paper', 'Carbon monoxide detector', 'Single-room AC for guest accommodation']",2025-11-04,2025-11-05,https://www.booking.com/hotel/us/best-western-plover.html?aid=304142&label=gen173nr-10CAEoggI46AdIM1gEaGyIAQGYATO4ARfIAQzYAQPoAQH4AQGIAgGoAgG4ArDI-sYGwAIB0gIkODhkOWY1YzgtMTk5OS00MzI4LTgxNGYtZDFiMjg0OTQ1Y2U52AIB4AIB&sid=b4a3f7b31a243b80f8ac20db0073a78a&checkin=2025-11-01&checkout=2025-11-05&dist=0&group_adults=2&group_children=0&hapos=1&hpos=1&no_rooms=1&req_adults=2&req_children=0&room1=A%2CA&sb_price_type=total&soh=1&sr_order=popularity&srepoch=1759421677&srpvid=8df8722f6fa0016b&type=total&ucfs=1&#no_availability_msg,
BOOKING_2,booking,Best Western Plover-Stevens Point Hotel & Conference Center,King Suite with Spa Bath,king bed,King,Suite,4.0,9764.0,1318.0,11082.0,"['1 room', 'Bathtub', 'Air conditioning', 'Private bathroom', 'Flat-screen TV', 'Free Wifi', 'Toilet', 'Towels', 'Linens', 'Socket near the bed', 'Desk', 'TV', 'Telephone', 'Heating', 'Hairdryer', 'Extra long beds (> 2 metres)', 'Carpeted', 'Cable channels', 'Alarm clock', 'Wardrobe or closet', 'Toilet paper', 'Carbon monoxide detector', 'Single-room AC for guest accommodation']",2025-11-05,2025-11-06,https://www.booking.com/hotel/us/best-western-plover.html?aid=304142&label=gen173nr-10CAEoggI46AdIM1gEaGyIAQGYATO4ARfIAQzYAQPoAQH4AQGIAgGoAgG4ArDI-sYGwAIB0gIkODhkOWY1YzgtMTk5OS00MzI4LTgxNGYtZDFiMjg0OTQ1Y2U52AIB4AIB&sid=b4a3f7b31a243b80f8ac20db0073a78a&checkin=2025-11-01&checkout=2025-11-05&dist=0&group_adults=2&group_children=0&hapos=1&hpos=1&no_rooms=1&req_adults=2&req_children=0&room1=A%2CA&sb_price_type=total&soh=1&sr_order=popularity&srepoch=1759421677&srpvid=8df8722f6fa0016b&type=total&ucfs=1&#no_availability_msg,
BOOKING_2,booking,Best Western Plover-Stevens Point Hotel & Conference Center,King Room,king bed,King,Normal,0.0,7989.0,1078.0,9067.0,"['1 room', 'Air conditioning', 'Private bathroom', 'Flat-screen TV', 'Free Wifi', 'Toilet', 'Towels', 'Linens', 'Socket near the bed', 'Desk', 'TV', 'Telephone', 'Heating', 'Hairdryer', 'Carpeted', 'Cable channels', 'Alarm clock', 'Wardrobe or closet', 'Toilet paper', 'Single-room AC for guest accommodation', 'Carbon monoxide detector']",2025-11-05,2025-11-06,https://www.booking.com/hotel/us/best-western-plover.html?aid=304142&label=gen173nr-10CAEoggI46AdIM1gEaGyIAQGYATO4ARfIAQzYAQPoAQH4AQGIAgGoAgG4ArDI-sYGwAIB0gIkODhkOWY1YzgtMTk5OS00MzI4LTgxNGYtZDFiMjg0OTQ1Y2U52AIB4AIB&sid=b4a3f7b31a243b80f8ac20db0073a78a&checkin=2025-11-01&checkout=2025-11-05&dist=0&group_adults=2&group_children=0&hapos=1&hpos=1&no_rooms=1&req_adults=2&req_children=0&room1=A%2CA&sb_price_type=total&soh=1&sr_order=popularity&srepoch=1759421677&srpvid=8df8722f6fa0016b&type=total&ucfs=1&#no_availability_msg,
BOOKING_2,booking,Best Western Plover-Stevens Point Hotel & Conference Center,King Room with Roll-In Shower - Disability Access/Non-Smoking,king bed,King,Normal,2.0,7989.0,1078.0,9067.0,"['1 room', 'Air conditioning', 'Private bathroom', 'Flat-screen TV', 'Free Wifi', 'Toilet', 'Towels', 'Linens', 'Socket near the bed', 'Desk', 'TV', 'Telephone', 'Heating', 'Hairdryer', 'Extra long beds (> 2 metres)', 'Carpeted', 'Cable channels', 'Alarm clock', 'Wardrobe or closet', 'Toilet paper', 'Single-room AC for guest accommodation', 'Carbon monoxide detector']",2025-11-05,2025-11-06,https://www.booking.com/hotel/us/best-western-plover.html?aid=304142&label=gen173nr-10CAEoggI46AdIM1gEaGyIAQGYATO4ARfIAQzYAQPoAQH4AQGIAgGoAgG4ArDI-sYGwAIB0gIkODhkOWY1YzgtMTk5OS00MzI4LTgxNGYtZDFiMjg0OTQ1Y2U52AIB4AIB&sid=b4a3f7b31a243b80f8ac20db0073a78a&checkin=2025-11-01&checkout=2025-11-05&dist=0&group_adults=2&group_children=0&hapos=1&hpos=1&no_rooms=1&req_adults=2&req_children=0&room1=A%2CA&sb_price_type=total&soh=1&sr_order=popularity&srepoch=1759421677&srpvid=8df8722f6fa0016b&type=total&ucfs=1&#no_availability_msg,
BOOKING_2,booking,Best Western Plover-Stevens Point Hotel & Conference Center,Queen Room with Two Queen Beds - Non-Smoking,queen beds,Queen,Normal,0.0,8876.0,1198.0,10074.0,"['1 room', 'Bathtub', 'Air conditioning', 'Private bathroom', 'Flat-screen TV', 'Free Wifi', 'Toilet', 'Towels', 'Linens', 'Socket near the bed', 'Desk', 'TV', 'Telephone', 'Heating', 'Hairdryer', 'Carpeted', 'Cable channels', 'Alarm clock', 'Wardrobe or closet', 'Toilet paper', 'Carbon monoxide detector', 'Single-room AC for guest accommodation']",2025-11-05,2025-11-06,https://www.booking.com/hotel/us/best-western-plover.html?aid=304142&label=gen173nr-10CAEoggI46AdIM1gEaGyIAQGYATO4ARfIAQzYAQPoAQH4AQGIAgGoAgG4ArDI-sYGwAIB0gIkODhkOWY1YzgtMTk5OS00MzI4LTgxNGYtZDFiMjg0OTQ1Y2U52AIB4AIB&sid=b4a3f7b31a243b80f8ac20db0073a78a&checkin=2025-11-01&checkout=2025-11-05&dist=0&group_adults=2&group_children=0&hapos=1&hpos=1&no_rooms=1&req_adults=2&req_children=0&room1=A%2CA&sb_price_type=total&soh=1&sr_order=popularity&srepoch=1759421677&srpvid=8df8722f6fa0016b&type=total&ucfs=1&#no_availability_msg,
BOOKING_2,booking,Best Western Plover-Stevens Point Hotel & Conference Center,Family King Suite with Sofa Bed - Non-Smoking,king bedand1 sofa bed,King,Suite,2.0,11096.0,1498.0,12594.0,"['Private suite', 'Bathtub', 'Air conditioning', 'Private bathroom', 'Flat-screen TV', 'Free Wifi', 'Toilet', 'Sofa', 'Towels', 'Linens', 'Socket near the bed', 'Desk', 'TV', 'Telephone', 'Heating', 'Hairdryer', 'Carpeted', 'Cable channels', 'Alarm clock', 'Wardrobe or closet', 'Toilet paper', 'Sofa bed', 'Single-room AC for guest accommodation', 'Carbon monoxide detector']",2025-11-05,2025-11-06,https://www.booking.com/hotel/us/best-western-plover.html?aid=304142&label=gen173nr-10CAEoggI46AdIM1gEaGyIAQGYATO4ARfIAQzYAQPoAQH4AQGIAgGoAgG4ArDI-sYGwAIB0gIkODhkOWY1YzgtMTk5OS00MzI4LTgxNGYtZDFiMjg0OTQ1Y2U52AIB4AIB&sid=b4a3f7b31a243b80f8ac20db0073a78a&checkin=2025-11-01&checkout=2025-11-05&dist=0&group_adults=2&group_children=0&hapos=1&hpos=1&no_rooms=1&req_adults=2&req_children=0&room1=A%2CA&sb_price_type=total&soh=1&sr_order=popularity&srepoch=1759421677&srpvid=8df8722f6fa0016b&type=total&ucfs=1&#no_availability_msg,
BOOKING_2,booking,Best Western Plover-Stevens Point Hotel & Conference Center,Family Queen Suite with Sofa Bed,queen beds,Queen,Suite,2.0,12427.0,1678.0,14105.0,"['Private suite', 'Bathtub', 'Air conditioning', 'Private bathroom', 'Flat-screen TV', 'Coffee machine', 'Free Wifi', 'Shower', 'Toilet', 'Towels', 'Linens', 'Socket near the bed', 'Desk', 'TV', 'Telephone', 'Tea/Coffee maker', 'Heating', 'Hairdryer', 'Carpeted', 'Cable channels', 'Alarm clock', 'Wardrobe or closet', 'Toilet paper', 'Carbon monoxide detector', 'Single-room AC for guest accommodation']",2025-11-05,2025-11-06,https://www.booking.com/hotel/us/best-western-plover.html?aid=304142&label=gen173nr-10CAEoggI46AdIM1gEaGyIAQGYATO4ARfIAQzYAQPoAQH4AQGIAgGoAgG4ArDI-sYGwAIB0gIkODhkOWY1YzgtMTk5OS00MzI4LTgxNGYtZDFiMjg0OTQ1Y2U52AIB4AIB&sid=b4a3f7b31a243b80f8ac20db0073a78a&checkin=2025-11-01&checkout=2025-11-05&dist=0&group_adults=2&group_children=0&hapos=1&hpos=1&no_rooms=1&req_adults=2&req_children=0&room1=A%2CA&sb_price_type=total&soh=1&sr_order=popularity&srepoch=1759421677&srpvid=8df8722f6fa0016b&type=total&ucfs=1&#no_availability_msg,
BOOKING_2,booking,Best Western Plover-Stevens Point Hotel & Conference Center,Two-Room Queen Suite,sofa bedand2 queen beds,Queen,Suite,2.0,12871.0,1738.0,14609.0,"['Private suite', 'Bathtub', 'Air conditioning', 'Private bathroom', 'Flat-screen TV', 'Coffee machine', 'Free Wifi', 'Shower', 'Toilet', 'Sofa', 'Towels', 'Linens', 'Socket near the bed', 'Desk', 'TV', 'Telephone', 'Tea/Coffee maker', 'Heating', 'Hairdryer', 'Carpeted', 'Cable channels', 'Alarm clock', 'Wardrobe or closet', 'Toilet paper', 'Sofa bed', 'Single-room AC for guest accommodation', 'Carbon monoxide detector']",2025-11-05,2025-11-06,https://www.booking.com/hotel/us/best-western-plover.html?aid=304142&label=gen173nr-10CAEoggI46AdIM1gEaGyIAQGYATO4ARfIAQzYAQPoAQH4AQGIAgGoAgG4ArDI-sYGwAIB0gIkODhkOWY1YzgtMTk5OS00MzI4LTgxNGYtZDFiMjg0OTQ1Y2U52AIB4AIB&sid=b4a3f7b31a243b80f8ac20db0073a78a&checkin=2025-11-01&checkout=2025-11-05&dist=0&group_adults=2&group_children=0&hapos=1&hpos=1&no_rooms=1&req_adults=2&req_children=0&room1=A%2CA&sb_price_type=total&soh=1&sr_order=popularity&srepoch=1759421677&srpvid=8df8722f6fa0016b&type=total&ucfs=1&#no_availability_msg,
BOOKING_2,booking,Best Western Plover-Stevens Point Hotel & Conference Center,Queen Suite with Sofa Bed,queen beds,Queen,Suite,1.0,11096.0,1498.0,12594.0,"['Private suite', 'Bathtub', 'Air conditioning', 'Private bathroom', 'Flat-screen TV', 'Free Wifi', 'Toilet', 'Towels', 'Linens', 'Socket near the bed', 'Desk', 'TV', 'Telephone', 'Heating', 'Hairdryer', 'Carpeted', 'Cable channels', 'Alarm clock', 'Wardrobe or closet', 'Toilet paper', 'Carbon monoxide detector', 'Single-room AC for guest accommodation']",2025-11-05,2025-11-06,https://www.booking.com/hotel/us/best-western-plover.html?aid=304142&label=gen173nr-10CAEoggI46AdIM1gEaGyIAQGYATO4ARfIAQzYAQPoAQH4AQGIAgGoAgG4ArDI-sYGwAIB0gIkODhkOWY1YzgtMTk5OS00MzI4LTgxNGYtZDFiMjg0OTQ1Y2U52AIB4AIB&sid=b4a3f7b31a243b80f8ac20db0073a78a&checkin=2025-11-01&checkout=2025-11-05&dist=0&group_adults=2&group_children=0&hapos=1&hpos=1&no_rooms=1&req_adults=2&req_children=0&room1=A%2CA&sb_price_type=total&soh=1&sr_order=popularity&srepoch=1759421677&srpvid=8df8722f6fa0016b&type=total&ucfs=1&#no_availability_msg,
BOOKING_2,booking,Us,King Suite with Spa Bath,king bed,King,Suite,4.0,9764.0,1318.0,11082.0,"['1 room', 'Bathtub', 'Air conditioning', 'Private bathroom', 'Flat-screen TV', 'Free Wifi', 'Toilet', 'Towels', 'Linens', 'Socket near the bed', 'Desk', 'TV', 'Telephone', 'Heating', 'Hairdryer', 'Extra long beds (> 2 metres)', 'Carpeted', 'Cable channels', 'Alarm clock', 'Wardrobe or closet', 'Toilet paper', 'Carbon monoxide detector', 'Single-room AC for guest accommodation']",2025-11-06,2025-11-07,https://www.booking.com/hotel/us/best-western-plover.html?aid=304142&label=gen173nr-10CAEoggI46AdIM1gEaGyIAQGYATO4ARfIAQzYAQPoAQH4AQGIAgGoAgG4ArDI-sYGwAIB0gIkODhkOWY1YzgtMTk5OS00MzI4LTgxNGYtZDFiMjg0OTQ1Y2U52AIB4AIB&sid=b4a3f7b31a243b80f8ac20db0073a78a&checkin=2025-11-01&checkout=2025-11-05&dist=0&group_adults=2&group_children=0&hapos=1&hpos=1&no_rooms=1&req_adults=2&req_children=0&room1=A%2CA&sb_price_type=total&soh=1&sr_order=popularity&srepoch=1759421677&srpvid=8df8722f6fa0016b&type=total&ucfs=1&#no_availability_msg,
BOOKING_2,booking,Us,King Room,king bed,King,Normal,0.0,7989.0,1078.0,9067.0,"['1 room', 'Air conditioning', 'Private bathroom', 'Flat-screen TV', 'Free Wifi', 'Toilet', 'Towels', 'Linens', 'Socket near the bed', 'Desk', 'TV', 'Telephone', 'Heating', 'Hairdryer', 'Carpeted', 'Cable channels', 'Alarm clock', 'Wardrobe or closet', 'Toilet paper', 'Single-room AC for guest accommodation', 'Carbon monoxide detector']",2025-11-06,2025-11-07,https://www.booking.com/hotel/us/best-western-plover.html?aid=304142&label=gen173nr-10CAEoggI46AdIM1gEaGyIAQGYATO4ARfIAQzYAQPoAQH4AQGIAgGoAgG4ArDI-sYGwAIB0gIkODhkOWY1YzgtMTk5OS00MzI4LTgxNGYtZDFiMjg0OTQ1Y2U52AIB4AIB&sid=b4a3f7b31a243b80f8ac20db0073a78a&checkin=2025-11-01&checkout=2025-11-05&dist=0&group_adults=2&group_children=0&hapos=1&hpos=1&no_rooms=1&req_adults=2&req_children=0&room1=A%2CA&sb_price_type=total&soh=1&sr_order=popularity&srepoch=1759421677&srpvid=8df8722f6fa0016b&type=total&ucfs=1&#no_availability_msg,
BOOKING_2,booking,Us,King Room with Roll-In Shower - Disability Access/Non-Smoking,king bed,King,Normal,2.0,7989.0,1078.0,9067.0,"['1 room', 'Air conditioning', 'Private bathroom', 'Flat-screen TV', 'Free Wifi', 'Toilet', 'Towels', 'Linens', 'Socket near the bed', 'Desk', 'TV', 'Telephone', 'Heating', 'Hairdryer', 'Extra long beds (> 2 metres)', 'Carpeted', 'Cable channels', 'Alarm clock', 'Wardrobe or closet', 'Toilet paper', 'Single-room AC for guest accommodation', 'Carbon monoxide detector']",2025-11-06,2025-11-07,https://www.booking.com/hotel/us/best-western-plover.html?aid=304142&label=gen173nr-10CAEoggI46AdIM1gEaGyIAQGYATO4ARfIAQzYAQPoAQH4AQGIAgGoAgG4ArDI-sYGwAIB0gIkODhkOWY1YzgtMTk5OS00MzI4LTgxNGYtZDFiMjg0OTQ1Y2U52AIB4AIB&sid=b4a3f7b31a243b80f8ac20db0073a78a&checkin=2025-11-01&checkout=2025-11-05&dist=0&group_adults=2&group_children=0&hapos=1&hpos=1&no_rooms=1&req_adults=2&req_children=0&room1=A%2CA&sb_price_type=total&soh=1&sr_order=popularity&srepoch=1759421677&srpvid=8df8722f6fa0016b&type=total&ucfs=1&#no_availability_msg,
BOOKING_2,booking,Us,Queen Room with Two Queen Beds - Non-Smoking,queen beds,Queen,Normal,0.0,8876.0,1198.0,10074.0,"['1 room', 'Bathtub', 'Air conditioning', 'Private bathroom', 'Flat-screen TV', 'Free Wifi', 'Toilet', 'Towels', 'Linens', 'Socket near the bed', 'Desk', 'TV', 'Telephone', 'Heating', 'Hairdryer', 'Carpeted', 'Cable channels', 'Alarm clock', 'Wardrobe or closet', 'Toilet paper', 'Carbon monoxide detector', 'Single-room AC for guest accommodation']",2025-11-06,2025-11-07,https://www.booking.com/hotel/us/best-western-plover.html?aid=304142&label=gen173nr-10CAEoggI46AdIM1gEaGyIAQGYATO4ARfIAQzYAQPoAQH4AQGIAgGoAgG4ArDI-sYGwAIB0gIkODhkOWY1YzgtMTk5OS00MzI4LTgxNGYtZDFiMjg0OTQ1Y2U52AIB4AIB&sid=b4a3f7b31a243b80f8ac20db0073a78a&checkin=2025-11-01&checkout=2025-11-05&dist=0&group_adults=2&group_children=0&hapos=1&hpos=1&no_rooms=1&req_adults=2&req_children=0&room1=A%2CA&sb_price_type=total&soh=1&sr_order=popularity&srepoch=1759421677&srpvid=8df8722f6fa0016b&type=total&ucfs=1&#no_availability_msg,
BOOKING_2,booking,Us,Family King Suite with Sofa Bed - Non-Smoking,king bedand1 sofa bed,King,Suite,2.0,11096.0,1498.0,12594.0,"['Private suite', 'Bathtub', 'Air conditioning', 'Private bathroom', 'Flat-screen TV', 'Free Wifi', 'Toilet', 'Sofa', 'Towels', 'Linens', 'Socket near the bed', 'Desk', 'TV', 'Telephone', 'Heating', 'Hairdryer', 'Carpeted', 'Cable channels', 'Alarm clock', 'Wardrobe or closet', 'Toilet paper', 'Sofa bed', 'Carbon monoxide detector', 'Single-room AC for guest accommodation']",2025-11-06,2025-11-07,https://www.booking.com/hotel/us/best-western-plover.html?aid=304142&label=gen173nr-10CAEoggI46AdIM1gEaGyIAQGYATO4ARfIAQzYAQPoAQH4AQGIAgGoAgG4ArDI-sYGwAIB0gIkODhkOWY1YzgtMTk5OS00MzI4LTgxNGYtZDFiMjg0OTQ1Y2U52AIB4AIB&sid=b4a3f7b31a243b80f8ac20db0073a78a&checkin=2025-11-01&checkout=2025-11-05&dist=0&group_adults=2&group_children=0&hapos=1&hpos=1&no_rooms=1&req_adults=2&req_children=0&room1=A%2CA&sb_price_type=total&soh=1&sr_order=popularity&srepoch=1759421677&srpvid=8df8722f6fa0016b&type=total&ucfs=1&#no_availability_msg,
BOOKING_2,booking,Us,Family Queen Suite with Sofa Bed,queen beds,Queen,Suite,2.0,12427.0,1678.0,14105.0,"['Private suite', 'Bathtub', 'Air conditioning', 'Private bathroom', 'Flat-screen TV', 'Coffee machine', 'Free Wifi', 'Shower', 'Toilet', 'Towels', 'Linens', 'Socket near the bed', 'Desk', 'TV', 'Telephone', 'Tea/Coffee maker', 'Heating', 'Hairdryer', 'Carpeted', 'Cable channels', 'Alarm clock', 'Wardrobe or closet', 'Toilet paper', 'Carbon monoxide detector', 'Single-room AC for guest accommodation']",2025-11-06,2025-11-07,https://www.booking.com/hotel/us/best-western-plover.html?aid=304142&label=gen173nr-10CAEoggI46AdIM1gEaGyIAQGYATO4ARfIAQzYAQPoAQH4AQGIAgGoAgG4ArDI-sYGwAIB0gIkODhkOWY1YzgtMTk5OS00MzI4LTgxNGYtZDFiMjg0OTQ1Y2U52AIB4AIB&sid=b4a3f7b31a243b80f8ac20db0073a78a&checkin=2025-11-01&checkout=2025-11-05&dist=0&group_adults=2&group_children=0&hapos=1&hpos=1&no_rooms=1&req_adults=2&req_children=0&room1=A%2CA&sb_price_type=total&soh=1&sr_order=popularity&srepoch=1759421677&srpvid=8df8722f6fa0016b&type=total&ucfs=1&#no_availability_msg,
BOOKING_2,booking,Us,Two-Room Queen Suite,sofa bedand2 queen beds,Queen,Suite,2.0,12871.0,1738.0,14609.0,"['Private suite', 'Bathtub', 'Air conditioning', 'Private bathroom', 'Flat-screen TV', 'Coffee machine', 'Free Wifi', 'Shower', 'Toilet', 'Sofa', 'Towels', 'Linens', 'Socket near the bed', 'Desk', 'TV', 'Telephone', 'Tea/Coffee maker', 'Heating', 'Hairdryer', 'Carpeted', 'Cable channels', 'Alarm clock', 'Wardrobe or closet', 'Toilet paper', 'Sofa bed', 'Single-room AC for guest accommodation', 'Carbon monoxide detector']",2025-11-06,2025-11-07,https://www.booking.com/hotel/us/best-western-plover.html?aid=304142&label=gen173nr-10CAEoggI46AdIM1gEaGyIAQGYATO4ARfIAQzYAQPoAQH4AQGIAgGoAgG4ArDI-sYGwAIB0gIkODhkOWY1YzgtMTk5OS00MzI4LTgxNGYtZDFiMjg0OTQ1Y2U52AIB4AIB&sid=b4a3f7b31a243b80f8ac20db0073a78a&checkin=2025-11-01&checkout=2025-11-05&dist=0&group_adults=2&group_children=0&hapos=1&hpos=1&no_rooms=1&req_adults=2&req_children=0&room1=A%2CA&sb_price_type=total&soh=1&sr_order=popularity&srepoch=1759421677&srpvid=8df8722f6fa0016b&type=total&ucfs=1&#no_availability_msg,
BOOKING_2,booking,Us,Queen Suite with Sofa Bed,queen beds,Queen,Suite,1.0,11096.0,1498.0,12594.0,"['Private suite', 'Bathtub', 'Air conditioning', 'Private bathroom', 'Flat-screen TV', 'Free Wifi', 'Toilet', 'Towels', 'Linens', 'Socket near the bed', 'Desk', 'TV', 'Telephone', 'Heating', 'Hairdryer', 'Carpeted', 'Cable channels', 'Alarm clock', 'Wardrobe or closet', 'Toilet paper', 'Carbon monoxide detector', 'Single-room AC for guest accommodation']",2025-11-06,2025-11-07,https://www.booking.com/hotel/us/best-western-plover.html?aid=304142&label=gen173nr-10CAEoggI46AdIM1gEaGyIAQGYATO4ARfIAQzYAQPoAQH4AQGIAgGoAgG4ArDI-sYGwAIB0gIkODhkOWY1YzgtMTk5OS00MzI4LTgxNGYtZDFiMjg0OTQ1Y2U52AIB4AIB&sid=b4a3f7b31a243b80f8ac20db0073a78a&checkin=2025-11-01&checkout=2025-11-05&dist=0&group_adults=2&group_children=0&hapos=1&hpos=1&no_rooms=1&req_adults=2&req_children=0&room1=A%2CA&sb_price_type=total&soh=1&sr_order=popularity&srepoch=1759421677&srpvid=8df8722f6fa0016b&type=total&ucfs=1&#no_availability_msg,
BOOKING_2,booking,Us,King Suite with Spa Bath,king bed,King,Suite,3.0,9764.0,1318.0,11082.0,"['1 room', 'Bathtub', 'Air conditioning', 'Private bathroom', 'Flat-screen TV', 'Free Wifi', 'Toilet', 'Towels', 'Linens', 'Socket near the bed', 'Desk', 'TV', 'Telephone', 'Heating', 'Hairdryer', 'Extra long beds (> 2 metres)', 'Carpeted', 'Cable channels', 'Alarm clock', 'Wardrobe or closet', 'Toilet paper', 'Single-room AC for guest accommodation', 'Carbon monoxide detector']",2025-11-07,2025-11-08,https://www.booking.com/hotel/us/best-western-plover.html?aid=304142&label=gen173nr-10CAEoggI46AdIM1gEaGyIAQGYATO4ARfIAQzYAQPoAQH4AQGIAgGoAgG4ArDI-sYGwAIB0gIkODhkOWY1YzgtMTk5OS00MzI4LTgxNGYtZDFiMjg0OTQ1Y2U52AIB4AIB&sid=b4a3f7b31a243b80f8ac20db0073a78a&checkin=2025-11-01&checkout=2025-11-05&dist=0&group_adults=2&group_children=0&hapos=1&hpos=1&no_rooms=1&req_adults=2&req_children=0&room1=A%2CA&sb_price_type=total&soh=1&sr_order=popularity&srepoch=1759421677&srpvid=8df8722f6fa0016b&type=total&ucfs=1&#no_availability_msg,
BOOKING_2,booking,Us,King Room with Roll-In Shower - Disability Access/Non-Smoking,king bed,King,Normal,2.0,7989.0,1078.0,9067.0,"['1 room', 'Air conditioning', 'Private bathroom', 'Flat-screen TV', 'Free Wifi', 'Toilet', 'Towels', 'Linens', 'Socket near the bed', 'Desk', 'TV', 'Telephone', 'Heating', 'Hairdryer', 'Extra long beds (> 2 metres)', 'Carpeted', 'Cable channels', 'Alarm clock', 'Wardrobe or closet', 'Toilet paper', 'Carbon monoxide detector', 'Single-room AC for guest accommodation']",2025-11-07,2025-11-08,https://www.booking.com/hotel/us/best-western-plover.html?aid=304142&label=gen173nr-10CAEoggI46AdIM1gEaGyIAQGYATO4ARfIAQzYAQPoAQH4AQGIAgGoAgG4ArDI-sYGwAIB0gIkODhkOWY1YzgtMTk5OS00MzI4LTgxNGYtZDFiMjg0OTQ1Y2U52AIB4AIB&sid=b4a3f7b31a243b80f8ac20db0073a78a&checkin=2025-11-01&checkout=2025-11-05&dist=0&group_adults=2&group_children=0&hapos=1&hpos=1&no_rooms=1&req_adults=2&req_children=0&room1=A%2CA&sb_price_type=total&soh=1&sr_order=popularity&srepoch=1759421677&srpvid=8df8722f6fa0016b&type=total&ucfs=1&#no_availability_msg,
BOOKING_2,booking,Us,King Room,king bed,King,Normal,0.0,9765.0,1318.0,11083.0,"['1 room', 'Air conditioning', 'Private bathroom', 'Flat-screen TV', 'Free Wifi', 'Toilet', 'Towels', 'Linens', 'Socket near the bed', 'Desk', 'TV', 'Telephone', 'Heating', 'Hairdryer', 'Carpeted', 'Cable channels', 'Alarm clock', 'Wardrobe or closet', 'Toilet paper', 'Single-room AC for guest accommodation', 'Carbon monoxide detector']",2025-11-07,2025-11-08,https://www.booking.com/hotel/us/best-western-plover.html?aid=304142&label=gen173nr-10CAEoggI46AdIM1gEaGyIAQGYATO4ARfIAQzYAQPoAQH4AQGIAgGoAgG4ArDI-sYGwAIB0gIkODhkOWY1YzgtMTk5OS00MzI4LTgxNGYtZDFiMjg0OTQ1Y2U52AIB4AIB&sid=b4a3f7b31a243b80f8ac20db0073a78a&checkin=2025-11-01&checkout=2025-11-05&dist=0&group_adults=2&group_children=0&hapos=1&hpos=1&no_rooms=1&req_adults=2&req_children=0&room1=A%2CA&sb_price_type=total&soh=1&sr_order=popularity&srepoch=1759421677&srpvid=8df8722f6fa0016b&type=total&ucfs=1&#no_availability_msg,
BOOKING_2,booking,Us,Queen Room with Two Queen Beds - Non-Smoking,queen beds,Queen,Normal,0.0,9765.0,1318.0,11083.0,"['1 room', 'Bathtub', 'Air conditioning', 'Private bathroom', 'Flat-screen TV', 'Free Wifi', 'Toilet', 'Towels', 'Linens', 'Socket near the bed', 'Desk', 'TV', 'Telephone', 'Heating', 'Hairdryer', 'Carpeted', 'Cable channels', 'Alarm clock', 'Wardrobe or closet', 'Toilet paper', 'Single-room AC for guest accommodation', 'Carbon monoxide detector']",2025-11-07,2025-11-08,https://www.booking.com/hotel/us/best-western-plover.html?aid=304142&label=gen173nr-10CAEoggI46AdIM1gEaGyIAQGYATO4ARfIAQzYAQPoAQH4AQGIAgGoAgG4ArDI-sYGwAIB0gIkODhkOWY1YzgtMTk5OS00MzI4LTgxNGYtZDFiMjg0OTQ1Y2U52AIB4AIB&sid=b4a3f7b31a243b80f8ac20db0073a78a&checkin=2025-11-01&checkout=2025-11-05&dist=0&group_adults=2&group_children=0&hapos=1&hpos=1&no_rooms=1&req_adults=2&req_children=0&room1=A%2CA&sb_price_type=total&soh=1&sr_order=popularity&srepoch=1759421677&srpvid=8df8722f6fa0016b&type=total&ucfs=1&#no_availability_msg,
BOOKING_2,booking,Us,Family King Suite with Sofa Bed - Non-Smoking,king bedand1 sofa bed,King,Suite,2.0,11540.0,1558.0,13098.0,"['Private suite', 'Bathtub', 'Air conditioning', 'Private bathroom', 'Flat-screen TV', 'Free Wifi', 'Toilet', 'Sofa', 'Towels', 'Linens', 'Socket near the bed', 'Desk', 'TV', 'Telephone', 'Heating', 'Hairdryer', 'Carpeted', 'Cable channels', 'Alarm clock', 'Wardrobe or closet', 'Toilet paper', 'Sofa bed', 'Single-room AC for guest accommodation', 'Carbon monoxide detector']",2025-11-07,2025-11-08,https://www.booking.com/hotel/us/best-western-plover.html?aid=304142&label=gen173nr-10CAEoggI46AdIM1gEaGyIAQGYATO4ARfIAQzYAQPoAQH4AQGIAgGoAgG4ArDI-sYGwAIB0gIkODhkOWY1YzgtMTk5OS00MzI4LTgxNGYtZDFiMjg0OTQ1Y2U52AIB4AIB&sid=b4a3f7b31a243b80f8ac20db0073a78a&checkin=2025-11-01&checkout=2025-11-05&dist=0&group_adults=2&group_children=0&hapos=1&hpos=1&no_rooms=1&req_adults=2&req_children=0&room1=A%2CA&sb_price_type=total&soh=1&sr_order=popularity&srepoch=1759421677&srpvid=8df8722f6fa0016b&type=total&ucfs=1&#no_availability_msg,
BOOKING_2,booking,Us,Queen Suite with Sofa Bed,queen beds,Queen,Suite,1.0,11540.0,1558.0,13098.0,"['Private suite', 'Bathtub', 'Air conditioning', 'Private bathroom', 'Flat-screen TV', 'Free Wifi', 'Toilet', 'Towels', 'Linens', 'Socket near the bed', 'Desk', 'TV', 'Telephone', 'Heating', 'Hairdryer', 'Carpeted', 'Cable channels', 'Alarm clock', 'Wardrobe or closet', 'Toilet paper', 'Carbon monoxide detector', 'Single-room AC for guest accommodation']",2025-11-07,2025-11-08,https://www.booking.com/hotel/us/best-western-plover.html?aid=304142&label=gen173nr-10CAEoggI46AdIM1gEaGyIAQGYATO4ARfIAQzYAQPoAQH4AQGIAgGoAgG4ArDI-sYGwAIB0gIkODhkOWY1YzgtMTk5OS00MzI4LTgxNGYtZDFiMjg0OTQ1Y2U52AIB4AIB&sid=b4a3f7b31a243b80f8ac20db0073a78a&checkin=2025-11-01&checkout=2025-11-05&dist=0&group_adults=2&group_children=0&hapos=1&hpos=1&no_rooms=1&req_adults=2&req_children=0&room1=A%2CA&sb_price_type=total&soh=1&sr_order=popularity&srepoch=1759421677&srpvid=8df8722f6fa0016b&type=total&ucfs=1&#no_availability_msg,
BOOKING_2,booking,Us,Family Queen Suite with Sofa Bed,queen beds,Queen,Suite,1.0,11540.0,1558.0,13098.0,"['Private suite', 'Bathtub', 'Air conditioning', 'Private bathroom', 'Flat-screen TV', 'Coffee machine', 'Free Wifi', 'Shower', 'Toilet', 'Towels', 'Linens', 'Socket near the bed', 'Desk', 'TV', 'Telephone', 'Tea/Coffee maker', 'Heating', 'Hairdryer', 'Carpeted', 'Cable channels', 'Alarm clock', 'Wardrobe or closet', 'Toilet paper', 'Carbon monoxide detector', 'Single-room AC for guest accommodation']",2025-11-07,2025-11-08,https://www.booking.com/hotel/us/best-western-plover.html?aid=304142&label=gen173nr-10CAEoggI46AdIM1gEaGyIAQGYATO4ARfIAQzYAQPoAQH4AQGIAgGoAgG4ArDI-sYGwAIB0gIkODhkOWY1YzgtMTk5OS00MzI4LTgxNGYtZDFiMjg0OTQ1Y2U52AIB4AIB&sid=b4a3f7b31a243b80f8ac20db0073a78a&checkin=2025-11-01&checkout=2025-11-05&dist=0&group_adults=2&group_children=0&hapos=1&hpos=1&no_rooms=1&req_adults=2&req_children=0&room1=A%2CA&sb_price_type=total&soh=1&sr_order=popularity&srepoch=1759421677&srpvid=8df8722f6fa0016b&type=total&ucfs=1&#no_availability_msg,
BOOKING_2,booking,Us,King Room with Roll-In Shower - Disability Access/Non-Smoking,,,Normal,0.0,7741.0,1045.0,8786.0,"['Air conditioning', 'Private bathroom', 'Flat-screen TV', 'Free Wifi', '', 'Toilet', '', 'Towels', '', 'Linens', '', 'Socket near the bed', '', 'Desk', '', 'TV', '', 'Telephone', '', 'Heating', '', 'Hairdryer', '', 'Extra long beds (> 2 metres)', '', 'Carpeted', '', 'Cable channels', '', 'Alarm clock', '', 'Wardrobe or closet', '', 'Toilet paper', '', 'Carbon monoxide detector', '', 'Single-room AC for guest accommodation']",2025-11-08,2025-11-09,https://www.booking.com/hotel/us/best-western-plover.html?aid=304142&label=gen173nr-10CAEoggI46AdIM1gEaGyIAQGYATO4ARfIAQzYAQPoAQH4AQGIAgGoAgG4ArDI-sYGwAIB0gIkODhkOWY1YzgtMTk5OS00MzI4LTgxNGYtZDFiMjg0OTQ1Y2U52AIB4AIB&sid=b4a3f7b31a243b80f8ac20db0073a78a&checkin=2025-11-01&checkout=2025-11-05&dist=0&group_adults=2&group_children=0&hapos=1&hpos=1&no_rooms=1&req_adults=2&req_children=0&room1=A%2CA&sb_price_type=total&soh=1&sr_order=popularity&srepoch=1759421677&srpvid=8df8722f6fa0016b&type=total&ucfs=1&#no_availability_msg,
BOOKING_2,booking,Us,King Suite with Spa Bath,king bed,King,Suite,3.0,9764.0,1318.0,11082.0,"['1 room', 'Bathtub', 'Air conditioning', 'Private bathroom', 'Flat-screen TV', 'Free Wifi', 'Toilet', 'Towels', 'Linens', 'Socket near the bed', 'Desk', 'TV', 'Telephone', 'Heating', 'Hairdryer', 'Extra long beds (> 2 metres)', 'Carpeted', 'Cable channels', 'Alarm clock', 'Wardrobe or closet', 'Toilet paper', 'Carbon monoxide detector', 'Single-room AC for guest accommodation']",2025-11-08,2025-11-09,https://www.booking.com/hotel/us/best-western-plover.html?aid=304142&label=gen173nr-10CAEoggI46AdIM1gEaGyIAQGYATO4ARfIAQzYAQPoAQH4AQGIAgGoAgG4ArDI-sYGwAIB0gIkODhkOWY1YzgtMTk5OS00MzI4LTgxNGYtZDFiMjg0OTQ1Y2U52AIB4AIB&sid=b4a3f7b31a243b80f8ac20db0073a78a&checkin=2025-11-01&checkout=2025-11-05&dist=0&group_adults=2&group_children=0&hapos=1&hpos=1&no_rooms=1&req_adults=2&req_children=0&room1=A%2CA&sb_price_type=total&soh=1&sr_order=popularity&srepoch=1759421677&srpvid=8df8722f6fa0016b&type=total&ucfs=1&#no_availability_msg,
BOOKING_2,booking,Us,King Room,king bed,King,Normal,0.0,9765.0,1318.0,11083.0,"['1 room', 'Air conditioning', 'Private bathroom', 'Flat-screen TV', 'Free Wifi', 'Toilet', 'Towels', 'Linens', 'Socket near the bed', 'Desk', 'TV', 'Telephone', 'Heating', 'Hairdryer', 'Carpeted', 'Cable channels', 'Alarm clock', 'Wardrobe or closet', 'Toilet paper', 'Single-room AC for guest accommodation', 'Carbon monoxide detector']",2025-11-08,2025-11-09,https://www.booking.com/hotel/us/best-western-plover.html?aid=304142&label=gen173nr-10CAEoggI46AdIM1gEaGyIAQGYATO4ARfIAQzYAQPoAQH4AQGIAgGoAgG4ArDI-sYGwAIB0gIkODhkOWY1YzgtMTk5OS00MzI4LTgxNGYtZDFiMjg0OTQ1Y2U52AIB4AIB&sid=b4a3f7b31a243b80f8ac20db0073a78a&checkin=2025-11-01&checkout=2025-11-05&dist=0&group_adults=2&group_children=0&hapos=1&hpos=1&no_rooms=1&req_adults=2&req_children=0&room1=A%2CA&sb_price_type=total&soh=1&sr_order=popularity&srepoch=1759421677&srpvid=8df8722f6fa0016b&type=total&ucfs=1&#no_availability_msg,
BOOKING_2,booking,Us,Queen Room with Two Queen Beds - Non-Smoking,queen beds,Queen,Normal,0.0,9765.0,1318.0,11083.0,"['1 room', 'Bathtub', 'Air conditioning', 'Private bathroom', 'Flat-screen TV', 'Free Wifi', 'Toilet', 'Towels', 'Linens', 'Socket near the bed', 'Desk', 'TV', 'Telephone', 'Heating', 'Hairdryer', 'Carpeted', 'Cable channels', 'Alarm clock', 'Wardrobe or closet', 'Toilet paper', 'Carbon monoxide detector', 'Single-room AC for guest accommodation']",2025-11-08,2025-11-09,https://www.booking.com/hotel/us/best-western-plover.html?aid=304142&label=gen173nr-10CAEoggI46AdIM1gEaGyIAQGYATO4ARfIAQzYAQPoAQH4AQGIAgGoAgG4ArDI-sYGwAIB0gIkODhkOWY1YzgtMTk5OS00MzI4LTgxNGYtZDFiMjg0OTQ1Y2U52AIB4AIB&sid=b4a3f7b31a243b80f8ac20db0073a78a&checkin=2025-11-01&checkout=2025-11-05&dist=0&group_adults=2&group_children=0&hapos=1&hpos=1&no_rooms=1&req_adults=2&req_children=0&room1=A%2CA&sb_price_type=total&soh=1&sr_order=popularity&srepoch=1759421677&srpvid=8df8722f6fa0016b&type=total&ucfs=1&#no_availability_msg,
BOOKING_2,booking,Us,Family King Suite with Sofa Bed - Non-Smoking,king bedand1 sofa bed,King,Suite,2.0,11540.0,1558.0,13098.0,"['Private suite', 'Bathtub', 'Air conditioning', 'Private bathroom', 'Flat-screen TV', 'Free Wifi', 'Toilet', 'Sofa', 'Towels', 'Linens', 'Socket near the bed', 'Desk', 'TV', 'Telephone', 'Heating', 'Hairdryer', 'Carpeted', 'Cable channels', 'Alarm clock', 'Wardrobe or closet', 'Toilet paper', 'Sofa bed', 'Carbon monoxide detector', 'Single-room AC for guest accommodation']",2025-11-08,2025-11-09,https://www.booking.com/hotel/us/best-western-plover.html?aid=304142&label=gen173nr-10CAEoggI46AdIM1gEaGyIAQGYATO4ARfIAQzYAQPoAQH4AQGIAgGoAgG4ArDI-sYGwAIB0gIkODhkOWY1YzgtMTk5OS00MzI4LTgxNGYtZDFiMjg0OTQ1Y2U52AIB4AIB&sid=b4a3f7b31a243b80f8ac20db0073a78a&checkin=2025-11-01&checkout=2025-11-05&dist=0&group_adults=2&group_children=0&hapos=1&hpos=1&no_rooms=1&req_adults=2&req_children=0&room1=A%2CA&sb_price_type=total&soh=1&sr_order=popularity&srepoch=1759421677&srpvid=8df8722f6fa0016b&type=total&ucfs=1&#no_availability_msg,
BOOKING_2,booking,Us,Queen Suite with Sofa Bed,queen beds,Queen,Suite,1.0,11540.0,1558.0,13098.0,"['Private suite', 'Bathtub', 'Air conditioning', 'Private bathroom', 'Flat-screen TV', 'Free Wifi', 'Toilet', 'Towels', 'Linens', 'Socket near the bed', 'Desk', 'TV', 'Telephone', 'Heating', 'Hairdryer', 'Carpeted', 'Cable channels', 'Alarm clock', 'Wardrobe or closet', 'Toilet paper', 'Single-room AC for guest accommodation', 'Carbon monoxide detector']",2025-11-08,2025-11-09,https://www.booking.com/hotel/us/best-western-plover.html?aid=304142&label=gen173nr-10CAEoggI46AdIM1gEaGyIAQGYATO4ARfIAQzYAQPoAQH4AQGIAgGoAgG4ArDI-sYGwAIB0gIkODhkOWY1YzgtMTk5OS00MzI4LTgxNGYtZDFiMjg0OTQ1Y2U52AIB4AIB&sid=b4a3f7b31a243b80f8ac20db0073a78a&checkin=2025-11-01&checkout=2025-11-05&dist=0&group_adults=2&group_children=0&hapos=1&hpos=1&no_rooms=1&req_adults=2&req_children=0&room1=A%2CA&sb_price_type=total&soh=1&sr_order=popularity&srepoch=1759421677&srpvid=8df8722f6fa0016b&type=total&ucfs=1&#no_availability_msg,
BOOKING_2,booking,Us,King Room,,,Normal,0.0,7541.0,1018.0,8559.0,"['Air conditioning', 'Private bathroom', 'Flat-screen TV', 'Free Wifi', '', 'Toilet', '', 'Towels', '', 'Linens', '', 'Socket near the bed', '', 'Desk', '', 'TV', '', 'Telephone', '', 'Heating', '', 'Hairdryer', '', 'Carpeted', '', 'Cable channels', '', 'Alarm clock', '', 'Wardrobe or closet', '', 'Toilet paper', '', 'Single-room AC for guest accommodation', '', 'Carbon monoxide detector']",2025-11-09,2025-11-10,https://www.booking.com/hotel/us/best-western-plover.html?aid=304142&label=gen173nr-10CAEoggI46AdIM1gEaGyIAQGYATO4ARfIAQzYAQPoAQH4AQGIAgGoAgG4ArDI-sYGwAIB0gIkODhkOWY1YzgtMTk5OS00MzI4LTgxNGYtZDFiMjg0OTQ1Y2U52AIB4AIB&sid=b4a3f7b31a243b80f8ac20db0073a78a&checkin=2025-11-01&checkout=2025-11-05&dist=0&group_adults=2&group_children=0&hapos=1&hpos=1&no_rooms=1&req_adults=2&req_children=0&room1=A%2CA&sb_price_type=total&soh=1&sr_order=popularity&srepoch=1759421677&srpvid=8df8722f6fa0016b&type=total&ucfs=1&#no_availability_msg,
BOOKING_2,booking,Us,King Suite with Spa Bath,king bed,King,Suite,4.0,9764.0,1318.0,11082.0,"['1 room', 'Bathtub', 'Air conditioning', 'Private bathroom', 'Flat-screen TV', 'Free Wifi', 'Toilet', 'Towels', 'Linens', 'Socket near the bed', 'Desk', 'TV', 'Telephone', 'Heating', 'Hairdryer', 'Extra long beds (> 2 metres)', 'Carpeted', 'Cable channels', 'Alarm clock', 'Wardrobe or closet', 'Toilet paper', 'Single-room AC for guest accommodation', 'Carbon monoxide detector']",2025-11-09,2025-11-10,https://www.booking.com/hotel/us/best-western-plover.html?aid=304142&label=gen173nr-10CAEoggI46AdIM1gEaGyIAQGYATO4ARfIAQzYAQPoAQH4AQGIAgGoAgG4ArDI-sYGwAIB0gIkODhkOWY1YzgtMTk5OS00MzI4LTgxNGYtZDFiMjg0OTQ1Y2U52AIB4AIB&sid=b4a3f7b31a243b80f8ac20db0073a78a&checkin=2025-11-01&checkout=2025-11-05&dist=0&group_adults=2&group_children=0&hapos=1&hpos=1&no_rooms=1&req_adults=2&req_children=0&room1=A%2CA&sb_price_type=total&soh=1&sr_order=popularity&srepoch=1759421677&srpvid=8df8722f6fa0016b&type=total&ucfs=1&#no_availability_msg,
BOOKING_2,booking,Us,King Room with Roll-In Shower - Disability Access/Non-Smoking,king bed,King,Normal,2.0,7989.0,1078.0,9067.0,"['1 room', 'Air conditioning', 'Private bathroom', 'Flat-screen TV', 'Free Wifi', 'Toilet', 'Towels', 'Linens', 'Socket near the bed', 'Desk', 'TV', 'Telephone', 'Heating', 'Hairdryer', 'Extra long beds (> 2 metres)', 'Carpeted', 'Cable channels', 'Alarm clock', 'Wardrobe or closet', 'Toilet paper', 'Single-room AC for guest accommodation', 'Carbon monoxide detector']",2025-11-09,2025-11-10,https://www.booking.com/hotel/us/best-western-plover.html?aid=304142&label=gen173nr-10CAEoggI46AdIM1gEaGyIAQGYATO4ARfIAQzYAQPoAQH4AQGIAgGoAgG4ArDI-sYGwAIB0gIkODhkOWY1YzgtMTk5OS00MzI4LTgxNGYtZDFiMjg0OTQ1Y2U52AIB4AIB&sid=b4a3f7b31a243b80f8ac20db0073a78a&checkin=2025-11-01&checkout=2025-11-05&dist=0&group_adults=2&group_children=0&hapos=1&hpos=1&no_rooms=1&req_adults=2&req_children=0&room1=A%2CA&sb_price_type=total&soh=1&sr_order=popularity&srepoch=1759421677&srpvid=8df8722f6fa0016b&type=total&ucfs=1&#no_availability_msg,
BOOKING_2,booking,Us,Queen Room with Two Queen Beds - Non-Smoking,queen beds,Queen,Normal,0.0,8876.0,1198.0,10074.0,"['1 room', 'Bathtub', 'Air conditioning', 'Private bathroom', 'Flat-screen TV', 'Free Wifi', 'Toilet', 'Towels', 'Linens', 'Socket near the bed', 'Desk', 'TV', 'Telephone', 'Heating', 'Hairdryer', 'Carpeted', 'Cable channels', 'Alarm clock', 'Wardrobe or closet', 'Toilet paper', 'Single-room AC for guest accommodation', 'Carbon monoxide detector']",2025-11-09,2025-11-10,https://www.booking.com/hotel/us/best-western-plover.html?aid=304142&label=gen173nr-10CAEoggI46AdIM1gEaGyIAQGYATO4ARfIAQzYAQPoAQH4AQGIAgGoAgG4ArDI-sYGwAIB0gIkODhkOWY1YzgtMTk5OS00MzI4LTgxNGYtZDFiMjg0OTQ1Y2U52AIB4AIB&sid=b4a3f7b31a243b80f8ac20db0073a78a&checkin=2025-11-01&checkout=2025-11-05&dist=0&group_adults=2&group_children=0&hapos=1&hpos=1&no_rooms=1&req_adults=2&req_children=0&room1=A%2CA&sb_price_type=total&soh=1&sr_order=popularity&srepoch=1759421677&srpvid=8df8722f6fa0016b&type=total&ucfs=1&#no_availability_msg,
BOOKING_2,booking,Us,Family King Suite with Sofa Bed - Non-Smoking,king bedand1 sofa bed,King,Suite,2.0,11096.0,1498.0,12594.0,"['Private suite', 'Bathtub', 'Air conditioning', 'Private bathroom', 'Flat-screen TV', 'Free Wifi', 'Toilet', 'Sofa', 'Towels', 'Linens', 'Socket near the bed', 'Desk', 'TV', 'Telephone', 'Heating', 'Hairdryer', 'Carpeted', 'Cable channels', 'Alarm clock', 'Wardrobe or closet', 'Toilet paper', 'Sofa bed', 'Single-room AC for guest accommodation', 'Carbon monoxide detector']",2025-11-09,2025-11-10,https://www.booking.com/hotel/us/best-western-plover.html?aid=304142&label=gen173nr-10CAEoggI46AdIM1gEaGyIAQGYATO4ARfIAQzYAQPoAQH4AQGIAgGoAgG4ArDI-sYGwAIB0gIkODhkOWY1YzgtMTk5OS00MzI4LTgxNGYtZDFiMjg0OTQ1Y2U52AIB4AIB&sid=b4a3f7b31a243b80f8ac20db0073a78a&checkin=2025-11-01&checkout=2025-11-05&dist=0&group_adults=2&group_children=0&hapos=1&hpos=1&no_rooms=1&req_adults=2&req_children=0&room1=A%2CA&sb_price_type=total&soh=1&sr_order=popularity&srepoch=1759421677&srpvid=8df8722f6fa0016b&type=total&ucfs=1&#no_availability_msg,
BOOKING_2,booking,Us,Family Queen Suite with Sofa Bed,queen beds,Queen,Suite,2.0,12427.0,1678.0,14105.0,"['Private suite', 'Bathtub', 'Air conditioning', 'Private bathroom', 'Flat-screen TV', 'Coffee machine', 'Free Wifi', 'Shower', 'Toilet', 'Towels', 'Linens', 'Socket near the bed', 'Desk', 'TV', 'Telephone', 'Tea/Coffee maker', 'Heating', 'Hairdryer', 'Carpeted', 'Cable channels', 'Alarm clock', 'Wardrobe or closet', 'Toilet paper', 'Carbon monoxide detector', 'Single-room AC for guest accommodation']",2025-11-09,2025-11-10,https://www.booking.com/hotel/us/best-western-plover.html?aid=304142&label=gen173nr-10CAEoggI46AdIM1gEaGyIAQGYATO4ARfIAQzYAQPoAQH4AQGIAgGoAgG4ArDI-sYGwAIB0gIkODhkOWY1YzgtMTk5OS00MzI4LTgxNGYtZDFiMjg0OTQ1Y2U52AIB4AIB&sid=b4a3f7b31a243b80f8ac20db0073a78a&checkin=2025-11-01&checkout=2025-11-05&dist=0&group_adults=2&group_children=0&hapos=1&hpos=1&no_rooms=1&req_adults=2&req_children=0&room1=A%2CA&sb_price_type=total&soh=1&sr_order=popularity&srepoch=1759421677&srpvid=8df8722f6fa0016b&type=total&ucfs=1&#no_availability_msg,
BOOKING_2,booking,Us,Two-Room Queen Suite,sofa bedand2 queen beds,Queen,Suite,2.0,12871.0,1738.0,14609.0,"['Private suite', 'Bathtub', 'Air conditioning', 'Private bathroom', 'Flat-screen TV', 'Coffee machine', 'Free Wifi', 'Shower', 'Toilet', 'Sofa', 'Towels', 'Linens', 'Socket near the bed', 'Desk', 'TV', 'Telephone', 'Tea/Coffee maker', 'Heating', 'Hairdryer', 'Carpeted', 'Cable channels', 'Alarm clock', 'Wardrobe or closet', 'Toilet paper', 'Sofa bed', 'Single-room AC for guest accommodation', 'Carbon monoxide detector']",2025-11-09,2025-11-10,https://www.booking.com/hotel/us/best-western-plover.html?aid=304142&label=gen173nr-10CAEoggI46AdIM1gEaGyIAQGYATO4ARfIAQzYAQPoAQH4AQGIAgGoAgG4ArDI-sYGwAIB0gIkODhkOWY1YzgtMTk5OS00MzI4LTgxNGYtZDFiMjg0OTQ1Y2U52AIB4AIB&sid=b4a3f7b31a243b80f8ac20db0073a78a&checkin=2025-11-01&checkout=2025-11-05&dist=0&group_adults=2&group_children=0&hapos=1&hpos=1&no_rooms=1&req_adults=2&req_children=0&room1=A%2CA&sb_price_type=total&soh=1&sr_order=popularity&srepoch=1759421677&srpvid=8df8722f6fa0016b&type=total&ucfs=1&#no_availability_msg,
BOOKING_2,booking,Us,Queen Suite with Sofa Bed,queen beds,Queen,Suite,1.0,11096.0,1498.0,12594.0,"['Private suite', 'Bathtub', 'Air conditioning', 'Private bathroom', 'Flat-screen TV', 'Free Wifi', 'Toilet', 'Towels', 'Linens', 'Socket near the bed', 'Desk', 'TV', 'Telephone', 'Heating', 'Hairdryer', 'Carpeted', 'Cable channels', 'Alarm clock', 'Wardrobe or closet', 'Toilet paper', 'Carbon monoxide detector', 'Single-room AC for guest accommodation']",2025-11-09,2025-11-10,https://www.booking.com/hotel/us/best-western-plover.html?aid=304142&label=gen173nr-10CAEoggI46AdIM1gEaGyIAQGYATO4ARfIAQzYAQPoAQH4AQGIAgGoAgG4ArDI-sYGwAIB0gIkODhkOWY1YzgtMTk5OS00MzI4LTgxNGYtZDFiMjg0OTQ1Y2U52AIB4AIB&sid=b4a3f7b31a243b80f8ac20db0073a78a&checkin=2025-11-01&checkout=2025-11-05&dist=0&group_adults=2&group_children=0&hapos=1&hpos=1&no_rooms=1&req_adults=2&req_children=0&room1=A%2CA&sb_price_type=total&soh=1&sr_order=popularity&srepoch=1759421677&srpvid=8df8722f6fa0016b&type=total&ucfs=1&#no_availability_msg,
BOOKING_2,booking,Best Western Plover-Stevens Point Hotel & Conference Center,King Room,,,Normal,0.0,7741.0,1045.0,8786.0,"['Air conditioning', 'Private bathroom', 'Flat-screen TV', 'Free Wifi', '', 'Toilet', '', 'Towels', '', 'Linens', '', 'Socket near the bed', '', 'Desk', '', 'TV', '', 'Telephone', '', 'Heating', '', 'Hairdryer', '', 'Carpeted', '', 'Cable channels', '', 'Alarm clock', '', 'Wardrobe or closet', '', 'Toilet paper', '', 'Single-room AC for guest accommodation', '', 'Carbon monoxide detector']",2025-11-10,2025-11-11,https://www.booking.com/hotel/us/best-western-plover.html?aid=304142&label=gen173nr-10CAEoggI46AdIM1gEaGyIAQGYATO4ARfIAQzYAQPoAQH4AQGIAgGoAgG4ArDI-sYGwAIB0gIkODhkOWY1YzgtMTk5OS00MzI4LTgxNGYtZDFiMjg0OTQ1Y2U52AIB4AIB&sid=b4a3f7b31a243b80f8ac20db0073a78a&checkin=2025-11-01&checkout=2025-11-05&dist=0&group_adults=2&group_children=0&hapos=1&hpos=1&no_rooms=1&req_adults=2&req_children=0&room1=A%2CA&sb_price_type=total&soh=1&sr_order=popularity&srepoch=1759421677&srpvid=8df8722f6fa0016b&type=total&ucfs=1&#no_availability_msg,
BOOKING_2,booking,Best Western Plover-Stevens Point Hotel & Conference Center,King Suite with Spa Bath,king bed,King,Suite,4.0,9764.0,1318.0,11082.0,"['1 room', 'Bathtub', 'Air conditioning', 'Private bathroom', 'Flat-screen TV', 'Free Wifi', 'Toilet', 'Towels', 'Linens', 'Socket near the bed', 'Desk', 'TV', 'Telephone', 'Heating', 'Hairdryer', 'Extra long beds (> 2 metres)', 'Carpeted', 'Cable channels', 'Alarm clock', 'Wardrobe or closet', 'Toilet paper', 'Single-room AC for guest accommodation', 'Carbon monoxide detector']",2025-11-10,2025-11-11,https://www.booking.com/hotel/us/best-western-plover.html?aid=304142&label=gen173nr-10CAEoggI46AdIM1gEaGyIAQGYATO4ARfIAQzYAQPoAQH4AQGIAgGoAgG4ArDI-sYGwAIB0gIkODhkOWY1YzgtMTk5OS00MzI4LTgxNGYtZDFiMjg0OTQ1Y2U52AIB4AIB&sid=b4a3f7b31a243b80f8ac20db0073a78a&checkin=2025-11-01&checkout=2025-11-05&dist=0&group_adults=2&group_children=0&hapos=1&hpos=1&no_rooms=1&req_adults=2&req_children=0&room1=A%2CA&sb_price_type=total&soh=1&sr_order=popularity&srepoch=1759421677&srpvid=8df8722f6fa0016b&type=total&ucfs=1&#no_availability_msg,
BOOKING_2,booking,Best Western Plover-Stevens Point Hotel & Conference Center,King Room with Roll-In Shower - Disability Access/Non-Smoking,king bed,King,Normal,2.0,7989.0,1078.0,9067.0,"['1 room', 'Air conditioning', 'Private bathroom', 'Flat-screen TV', 'Free Wifi', 'Toilet', 'Towels', 'Linens', 'Socket near the bed', 'Desk', 'TV', 'Telephone', 'Heating', 'Hairdryer', 'Extra long beds (> 2 metres)', 'Carpeted', 'Cable channels', 'Alarm clock', 'Wardrobe or closet', 'Toilet paper', 'Single-room AC for guest accommodation', 'Carbon monoxide detector']",2025-11-10,2025-11-11,https://www.booking.com/hotel/us/best-western-plover.html?aid=304142&label=gen173nr-10CAEoggI46AdIM1gEaGyIAQGYATO4ARfIAQzYAQPoAQH4AQGIAgGoAgG4ArDI-sYGwAIB0gIkODhkOWY1YzgtMTk5OS00MzI4LTgxNGYtZDFiMjg0OTQ1Y2U52AIB4AIB&sid=b4a3f7b31a243b80f8ac20db0073a78a&checkin=2025-11-01&checkout=2025-11-05&dist=0&group_adults=2&group_children=0&hapos=1&hpos=1&no_rooms=1&req_adults=2&req_children=0&room1=A%2CA&sb_price_type=total&soh=1&sr_order=popularity&srepoch=1759421677&srpvid=8df8722f6fa0016b&type=total&ucfs=1&#no_availability_msg,
BOOKING_2,booking,Best Western Plover-Stevens Point Hotel & Conference Center,Queen Room with Two Queen Beds - Non-Smoking,queen beds,Queen,Normal,0.0,8876.0,1198.0,10074.0,"['1 room', 'Bathtub', 'Air conditioning', 'Private bathroom', 'Flat-screen TV', 'Free Wifi', 'Toilet', 'Towels', 'Linens', 'Socket near the bed', 'Desk', 'TV', 'Telephone', 'Heating', 'Hairdryer', 'Carpeted', 'Cable channels', 'Alarm clock', 'Wardrobe or closet', 'Toilet paper', 'Single-room AC for guest accommodation', 'Carbon monoxide detector']",2025-11-10,2025-11-11,https://www.booking.com/hotel/us/best-western-plover.html?aid=304142&label=gen173nr-10CAEoggI46AdIM1gEaGyIAQGYATO4ARfIAQzYAQPoAQH4AQGIAgGoAgG4ArDI-sYGwAIB0gIkODhkOWY1YzgtMTk5OS00MzI4LTgxNGYtZDFiMjg0OTQ1Y2U52AIB4AIB&sid=b4a3f7b31a243b80f8ac20db0073a78a&checkin=2025-11-01&checkout=2025-11-05&dist=0&group_adults=2&group_children=0&hapos=1&hpos=1&no_rooms=1&req_adults=2&req_children=0&room1=A%2CA&sb_price_type=total&soh=1&sr_order=popularity&srepoch=1759421677&srpvid=8df8722f6fa0016b&type=total&ucfs=1&#no_availability_msg,
BOOKING_2,booking,Best Western Plover-Stevens Point Hotel & Conference Center,Family King Suite with Sofa Bed - Non-Smoking,king bedand1 sofa bed,King,Suite,2.0,11096.0,1498.0,12594.0,"['Private suite', 'Bathtub', 'Air conditioning', 'Private bathroom', 'Flat-screen TV', 'Free Wifi', 'Toilet', 'Sofa', 'Towels', 'Linens', 'Socket near the bed', 'Desk', 'TV', 'Telephone', 'Heating', 'Hairdryer', 'Carpeted', 'Cable channels', 'Alarm clock', 'Wardrobe or closet', 'Toilet paper', 'Sofa bed', 'Carbon monoxide detector', 'Single-room AC for guest accommodation']",2025-11-10,2025-11-11,https://www.booking.com/hotel/us/best-western-plover.html?aid=304142&label=gen173nr-10CAEoggI46AdIM1gEaGyIAQGYATO4ARfIAQzYAQPoAQH4AQGIAgGoAgG4ArDI-sYGwAIB0gIkODhkOWY1YzgtMTk5OS00MzI4LTgxNGYtZDFiMjg0OTQ1Y2U52AIB4AIB&sid=b4a3f7b31a243b80f8ac20db0073a78a&checkin=2025-11-01&checkout=2025-11-05&dist=0&group_adults=2&group_children=0&hapos=1&hpos=1&no_rooms=1&req_adults=2&req_children=0&room1=A%2CA&sb_price_type=total&soh=1&sr_order=popularity&srepoch=1759421677&srpvid=8df8722f6fa0016b&type=total&ucfs=1&#no_availability_msg,
BOOKING_2,booking,Best Western Plover-Stevens Point Hotel & Conference Center,Family Queen Suite with Sofa Bed,queen beds,Queen,Suite,2.0,12427.0,1678.0,14105.0,"['Private suite', 'Bathtub', 'Air conditioning', 'Private bathroom', 'Flat-screen TV', 'Coffee machine', 'Free Wifi', 'Shower', 'Toilet', 'Towels', 'Linens', 'Socket near the bed', 'Desk', 'TV', 'Telephone', 'Tea/Coffee maker', 'Heating', 'Hairdryer', 'Carpeted', 'Cable channels', 'Alarm clock', 'Wardrobe or closet', 'Toilet paper', 'Carbon monoxide detector', 'Single-room AC for guest accommodation']",2025-11-10,2025-11-11,https://www.booking.com/hotel/us/best-western-plover.html?aid=304142&label=gen173nr-10CAEoggI46AdIM1gEaGyIAQGYATO4ARfIAQzYAQPoAQH4AQGIAgGoAgG4ArDI-sYGwAIB0gIkODhkOWY1YzgtMTk5OS00MzI4LTgxNGYtZDFiMjg0OTQ1Y2U52AIB4AIB&sid=b4a3f7b31a243b80f8ac20db0073a78a&checkin=2025-11-01&checkout=2025-11-05&dist=0&group_adults=2&group_children=0&hapos=1&hpos=1&no_rooms=1&req_adults=2&req_children=0&room1=A%2CA&sb_price_type=total&soh=1&sr_order=popularity&srepoch=1759421677&srpvid=8df8722f6fa0016b&type=total&ucfs=1&#no_availability_msg,
BOOKING_2,booking,Best Western Plover-Stevens Point Hotel & Conference Center,Two-Room Queen Suite,sofa bedand2 queen beds,Queen,Suite,2.0,12871.0,1738.0,14609.0,"['Private suite', 'Bathtub', 'Air conditioning', 'Private bathroom', 'Flat-screen TV', 'Coffee machine', 'Free Wifi', 'Shower', 'Toilet', 'Sofa', 'Towels', 'Linens', 'Socket near the bed', 'Desk', 'TV', 'Telephone', 'Tea/Coffee maker', 'Heating', 'Hairdryer', 'Carpeted', 'Cable channels', 'Alarm clock', 'Wardrobe or closet', 'Toilet paper', 'Sofa bed', 'Single-room AC for guest accommodation', 'Carbon monoxide detector']",2025-11-10,2025-11-11,https://www.booking.com/hotel/us/best-western-plover.html?aid=304142&label=gen173nr-10CAEoggI46AdIM1gEaGyIAQGYATO4ARfIAQzYAQPoAQH4AQGIAgGoAgG4ArDI-sYGwAIB0gIkODhkOWY1YzgtMTk5OS00MzI4LTgxNGYtZDFiMjg0OTQ1Y2U52AIB4AIB&sid=b4a3f7b31a243b80f8ac20db0073a78a&checkin=2025-11-01&checkout=2025-11-05&dist=0&group_adults=2&group_children=0&hapos=1&hpos=1&no_rooms=1&req_adults=2&req_children=0&room1=A%2CA&sb_price_type=total&soh=1&sr_order=popularity&srepoch=1759421677&srpvid=8df8722f6fa0016b&type=total&ucfs=1&#no_availability_msg,
BOOKING_2,booking,Best Western Plover-Stevens Point Hotel & Conference Center,Queen Suite with Sofa Bed,queen beds,Queen,Suite,1.0,11096.0,1498.0,12594.0,"['Private suite', 'Bathtub', 'Air conditioning', 'Private bathroom', 'Flat-screen TV', 'Free Wifi', 'Toilet', 'Towels', 'Linens', 'Socket near the bed', 'Desk', 'TV', 'Telephone', 'Heating', 'Hairdryer', 'Carpeted', 'Cable channels', 'Alarm clock', 'Wardrobe or closet', 'Toilet paper', 'Carbon monoxide detector', 'Single-room AC for guest accommodation']",2025-11-10,2025-11-11,https://www.booking.com/hotel/us/best-western-plover.html?aid=304142&label=gen173nr-10CAEoggI46AdIM1gEaGyIAQGYATO4ARfIAQzYAQPoAQH4AQGIAgGoAgG4ArDI-sYGwAIB0gIkODhkOWY1YzgtMTk5OS00MzI4LTgxNGYtZDFiMjg0OTQ1Y2U52AIB4AIB&sid=b4a3f7b31a243b80f8ac20db0073a78a&checkin=2025-11-01&checkout=2025-11-05&dist=0&group_adults=2&group_children=0&hapos=1&hpos=1&no_rooms=1&req_adults=2&req_children=0&room1=A%2CA&sb_price_type=total&soh=1&sr_order=popularity&srepoch=1759421677&srpvid=8df8722f6fa0016b&type=total&ucfs=1&#no_availability_msg,
BOOKING_2,booking,Best Western Plover-Stevens Point Hotel & Conference Center,King Suite with Spa Bath,king bed,King,Suite,4.0,9764.0,1318.0,11082.0,"['1 room', 'Bathtub', 'Air conditioning', 'Private bathroom', 'Flat-screen TV', 'Free Wifi', 'Toilet', 'Towels', 'Linens', 'Socket near the bed', 'Desk', 'TV', 'Telephone', 'Heating', 'Hairdryer', 'Extra long beds (> 2 metres)', 'Carpeted', 'Cable channels', 'Alarm clock', 'Wardrobe or closet', 'Toilet paper', 'Single-room AC for guest accommodation', 'Carbon monoxide detector']",2025-11-11,2025-11-12,https://www.booking.com/hotel/us/best-western-plover.html?aid=304142&label=gen173nr-10CAEoggI46AdIM1gEaGyIAQGYATO4ARfIAQzYAQPoAQH4AQGIAgGoAgG4ArDI-sYGwAIB0gIkODhkOWY1YzgtMTk5OS00MzI4LTgxNGYtZDFiMjg0OTQ1Y2U52AIB4AIB&sid=b4a3f7b31a243b80f8ac20db0073a78a&checkin=2025-11-01&checkout=2025-11-05&dist=0&group_adults=2&group_children=0&hapos=1&hpos=1&no_rooms=1&req_adults=2&req_children=0&room1=A%2CA&sb_price_type=total&soh=1&sr_order=popularity&srepoch=1759421677&srpvid=8df8722f6fa0016b&type=total&ucfs=1&#no_availability_msg,
BOOKING_2,booking,Best Western Plover-Stevens Point Hotel & Conference Center,King Room,king bed,King,Normal,0.0,7989.0,1078.0,9067.0,"['1 room', 'Air conditioning', 'Private bathroom', 'Flat-screen TV', 'Free Wifi', 'Toilet', 'Towels', 'Linens', 'Socket near the bed', 'Desk', 'TV', 'Telephone', 'Heating', 'Hairdryer', 'Carpeted', 'Cable channels', 'Alarm clock', 'Wardrobe or closet', 'Toilet paper', 'Carbon monoxide detector', 'Single-room AC for guest accommodation']",2025-11-11,2025-11-12,https://www.booking.com/hotel/us/best-western-plover.html?aid=304142&label=gen173nr-10CAEoggI46AdIM1gEaGyIAQGYATO4ARfIAQzYAQPoAQH4AQGIAgGoAgG4ArDI-sYGwAIB0gIkODhkOWY1YzgtMTk5OS00MzI4LTgxNGYtZDFiMjg0OTQ1Y2U52AIB4AIB&sid=b4a3f7b31a243b80f8ac20db0073a78a&checkin=2025-11-01&checkout=2025-11-05&dist=0&group_adults=2&group_children=0&hapos=1&hpos=1&no_rooms=1&req_adults=2&req_children=0&room1=A%2CA&sb_price_type=total&soh=1&sr_order=popularity&srepoch=1759421677&srpvid=8df8722f6fa0016b&type=total&ucfs=1&#no_availability_msg,
BOOKING_2,booking,Best Western Plover-Stevens Point Hotel & Conference Center,King Room with Roll-In Shower - Disability Access/Non-Smoking,king bed,King,Normal,2.0,7989.0,1078.0,9067.0,"['1 room', 'Air conditioning', 'Private bathroom', 'Flat-screen TV', 'Free Wifi', 'Toilet', 'Towels', 'Linens', 'Socket near the bed', 'Desk', 'TV', 'Telephone', 'Heating', 'Hairdryer', 'Extra long beds (> 2 metres)', 'Carpeted', 'Cable channels', 'Alarm clock', 'Wardrobe or closet', 'Toilet paper', 'Carbon monoxide detector', 'Single-room AC for guest accommodation']",2025-11-11,2025-11-12,https://www.booking.com/hotel/us/best-western-plover.html?aid=304142&label=gen173nr-10CAEoggI46AdIM1gEaGyIAQGYATO4ARfIAQzYAQPoAQH4AQGIAgGoAgG4ArDI-sYGwAIB0gIkODhkOWY1YzgtMTk5OS00MzI4LTgxNGYtZDFiMjg0OTQ1Y2U52AIB4AIB&sid=b4a3f7b31a243b80f8ac20db0073a78a&checkin=2025-11-01&checkout=2025-11-05&dist=0&group_adults=2&group_children=0&hapos=1&hpos=1&no_rooms=1&req_adults=2&req_children=0&room1=A%2CA&sb_price_type=total&soh=1&sr_order=popularity&srepoch=1759421677&srpvid=8df8722f6fa0016b&type=total&ucfs=1&#no_availability_msg,
BOOKING_2,booking,Best Western Plover-Stevens Point Hotel & Conference Center,Queen Room with Two Queen Beds - Non-Smoking,queen beds,Queen,Normal,0.0,8876.0,1198.0,10074.0,"['1 room', 'Bathtub', 'Air conditioning', 'Private bathroom', 'Flat-screen TV', 'Free Wifi', 'Toilet', 'Towels', 'Linens', 'Socket near the bed', 'Desk', 'TV', 'Telephone', 'Heating', 'Hairdryer', 'Carpeted', 'Cable channels', 'Alarm clock', 'Wardrobe or closet', 'Toilet paper', 'Carbon monoxide detector', 'Single-room AC for guest accommodation']",2025-11-11,2025-11-12,https://www.booking.com/hotel/us/best-western-plover.html?aid=304142&label=gen173nr-10CAEoggI46AdIM1gEaGyIAQGYATO4ARfIAQzYAQPoAQH4AQGIAgGoAgG4ArDI-sYGwAIB0gIkODhkOWY1YzgtMTk5OS00MzI4LTgxNGYtZDFiMjg0OTQ1Y2U52AIB4AIB&sid=b4a3f7b31a243b80f8ac20db0073a78a&checkin=2025-11-01&checkout=2025-11-05&dist=0&group_adults=2&group_children=0&hapos=1&hpos=1&no_rooms=1&req_adults=2&req_children=0&room1=A%2CA&sb_price_type=total&soh=1&sr_order=popularity&srepoch=1759421677&srpvid=8df8722f6fa0016b&type=total&ucfs=1&#no_availability_msg,
BOOKING_2,booking,Best Western Plover-Stevens Point Hotel & Conference Center,Family King Suite with Sofa Bed - Non-Smoking,king bedand1 sofa bed,King,Suite,2.0,11096.0,1498.0,12594.0,"['Private suite', 'Bathtub', 'Air conditioning', 'Private bathroom', 'Flat-screen TV', 'Free Wifi', 'Toilet', 'Sofa', 'Towels', 'Linens', 'Socket near the bed', 'Desk', 'TV', 'Telephone', 'Heating', 'Hairdryer', 'Carpeted', 'Cable channels', 'Alarm clock', 'Wardrobe or closet', 'Toilet paper', 'Sofa bed', 'Carbon monoxide detector', 'Single-room AC for guest accommodation']",2025-11-11,2025-11-12,https://www.booking.com/hotel/us/best-western-plover.html?aid=304142&label=gen173nr-10CAEoggI46AdIM1gEaGyIAQGYATO4ARfIAQzYAQPoAQH4AQGIAgGoAgG4ArDI-sYGwAIB0gIkODhkOWY1YzgtMTk5OS00MzI4LTgxNGYtZDFiMjg0OTQ1Y2U52AIB4AIB&sid=b4a3f7b31a243b80f8ac20db0073a78a&checkin=2025-11-01&checkout=2025-11-05&dist=0&group_adults=2&group_children=0&hapos=1&hpos=1&no_rooms=1&req_adults=2&req_children=0&room1=A%2CA&sb_price_type=total&soh=1&sr_order=popularity&srepoch=1759421677&srpvid=8df8722f6fa0016b&type=total&ucfs=1&#no_availability_msg,
BOOKING_2,booking,Best Western Plover-Stevens Point Hotel & Conference Center,Family Queen Suite with Sofa Bed,queen beds,Queen,Suite,2.0,12427.0,1678.0,14105.0,"['Private suite', 'Bathtub', 'Air conditioning', 'Private bathroom', 'Flat-screen TV', 'Coffee machine', 'Free Wifi', 'Shower', 'Toilet', 'Towels', 'Linens', 'Socket near the bed', 'Desk', 'TV', 'Telephone', 'Tea/Coffee maker', 'Heating', 'Hairdryer', 'Carpeted', 'Cable channels', 'Alarm clock', 'Wardrobe or closet', 'Toilet paper', 'Carbon monoxide detector', 'Single-room AC for guest accommodation']",2025-11-11,2025-11-12,https://www.booking.com/hotel/us/best-western-plover.html?aid=304142&label=gen173nr-10CAEoggI46AdIM1gEaGyIAQGYATO4ARfIAQzYAQPoAQH4AQGIAgGoAgG4ArDI-sYGwAIB0gIkODhkOWY1YzgtMTk5OS00MzI4LTgxNGYtZDFiMjg0OTQ1Y2U52AIB4AIB&sid=b4a3f7b31a243b80f8ac20db0073a78a&checkin=2025-11-01&checkout=2025-11-05&dist=0&group_adults=2&group_children=0&hapos=1&hpos=1&no_rooms=1&req_adults=2&req_children=0&room1=A%2CA&sb_price_type=total&soh=1&sr_order=popularity&srepoch=1759421677&srpvid=8df8722f6fa0016b&type=total&ucfs=1&#no_availability_msg,
BOOKING_2,booking,Best Western Plover-Stevens Point Hotel & Conference Center,Two-Room Queen Suite,sofa bedand2 queen beds,Queen,Suite,2.0,12871.0,1738.0,14609.0,"['Private suite', 'Bathtub', 'Air conditioning', 'Private bathroom', 'Flat-screen TV', 'Coffee machine', 'Free Wifi', 'Shower', 'Toilet', 'Sofa', 'Towels', 'Linens', 'Socket near the bed', 'Desk', 'TV', 'Telephone', 'Tea/Coffee maker', 'Heating', 'Hairdryer', 'Carpeted', 'Cable channels', 'Alarm clock', 'Wardrobe or closet', 'Toilet paper', 'Sofa bed', 'Carbon monoxide detector', 'Single-room AC for guest accommodation']",2025-11-11,2025-11-12,https://www.booking.com/hotel/us/best-western-plover.html?aid=304142&label=gen173nr-10CAEoggI46AdIM1gEaGyIAQGYATO4ARfIAQzYAQPoAQH4AQGIAgGoAgG4ArDI-sYGwAIB0gIkODhkOWY1YzgtMTk5OS00MzI4LTgxNGYtZDFiMjg0OTQ1Y2U52AIB4AIB&sid=b4a3f7b31a243b80f8ac20db0073a78a&checkin=2025-11-01&checkout=2025-11-05&dist=0&group_adults=2&group_children=0&hapos=1&hpos=1&no_rooms=1&req_adults=2&req_children=0&room1=A%2CA&sb_price_type=total&soh=1&sr_order=popularity&srepoch=1759421677&srpvid=8df8722f6fa0016b&type=total&ucfs=1&#no_availability_msg,
BOOKING_2,booking,Best Western Plover-Stevens Point Hotel & Conference Center,Queen Suite with Sofa Bed,queen beds,Queen,Suite,1.0,11096.0,1498.0,12594.0,"['Private suite', 'Bathtub', 'Air conditioning', 'Private bathroom', 'Flat-screen TV', 'Free Wifi', 'Toilet', 'Towels', 'Linens', 'Socket near the bed', 'Desk', 'TV', 'Telephone', 'Heating', 'Hairdryer', 'Carpeted', 'Cable channels', 'Alarm clock', 'Wardrobe or closet', 'Toilet paper', 'Single-room AC for guest accommodation', 'Carbon monoxide detector']",2025-11-11,2025-11-12,https://www.booking.com/hotel/us/best-western-plover.html?aid=304142&label=gen173nr-10CAEoggI46AdIM1gEaGyIAQGYATO4ARfIAQzYAQPoAQH4AQGIAgGoAgG4ArDI-sYGwAIB0gIkODhkOWY1YzgtMTk5OS00MzI4LTgxNGYtZDFiMjg0OTQ1Y2U52AIB4AIB&sid=b4a3f7b31a243b80f8ac20db0073a78a&checkin=2025-11-01&checkout=2025-11-05&dist=0&group_adults=2&group_children=0&hapos=1&hpos=1&no_rooms=1&req_adults=2&req_children=0&room1=A%2CA&sb_price_type=total&soh=1&sr_order=popularity&srepoch=1759421677&srpvid=8df8722f6fa0016b&type=total&ucfs=1&#no_availability_msg,
BOOKING_2,booking,Us,King Room,,,Normal,0.0,7121.0,961.0,8082.0,"['Air conditioning', 'Private bathroom', 'Flat-screen TV', 'Free Wifi', '', 'Toilet', '', 'Towels', '', 'Linens', '', 'Socket near the bed', '', 'Desk', '', 'TV', '', 'Telephone', '', 'Heating', '', 'Hairdryer', '', 'Carpeted', '', 'Cable channels', '', 'Alarm clock', '', 'Wardrobe or closet', '', 'Toilet paper', '', 'Single-room AC for guest accommodation', '', 'Carbon monoxide detector']",2025-11-12,2025-11-13,https://www.booking.com/hotel/us/best-western-plover.html?aid=304142&label=gen173nr-10CAEoggI46AdIM1gEaGyIAQGYATO4ARfIAQzYAQPoAQH4AQGIAgGoAgG4ArDI-sYGwAIB0gIkODhkOWY1YzgtMTk5OS00MzI4LTgxNGYtZDFiMjg0OTQ1Y2U52AIB4AIB&sid=b4a3f7b31a243b80f8ac20db0073a78a&checkin=2025-11-01&checkout=2025-11-05&dist=0&group_adults=2&group_children=0&hapos=1&hpos=1&no_rooms=1&req_adults=2&req_children=0&room1=A%2CA&sb_price_type=total&soh=1&sr_order=popularity&srepoch=1759421677&srpvid=8df8722f6fa0016b&type=total&ucfs=1&#no_availability_msg,
BOOKING_2,booking,Us,King Suite with Spa Bath,king bed,King,Suite,3.0,9764.0,1318.0,11082.0,"['1 room', 'Bathtub', 'Air conditioning', 'Private bathroom', 'Flat-screen TV', 'Free Wifi', 'Toilet', 'Towels', 'Linens', 'Socket near the bed', 'Desk', 'TV', 'Telephone', 'Heating', 'Hairdryer', 'Extra long beds (> 2 metres)', 'Carpeted', 'Cable channels', 'Alarm clock', 'Wardrobe or closet', 'Toilet paper', 'Carbon monoxide detector', 'Single-room AC for guest accommodation']",2025-11-12,2025-11-13,https://www.booking.com/hotel/us/best-western-plover.html?aid=304142&label=gen173nr-10CAEoggI46AdIM1gEaGyIAQGYATO4ARfIAQzYAQPoAQH4AQGIAgGoAgG4ArDI-sYGwAIB0gIkODhkOWY1YzgtMTk5OS00MzI4LTgxNGYtZDFiMjg0OTQ1Y2U52AIB4AIB&sid=b4a3f7b31a243b80f8ac20db0073a78a&checkin=2025-11-01&checkout=2025-11-05&dist=0&group_adults=2&group_children=0&hapos=1&hpos=1&no_rooms=1&req_adults=2&req_children=0&room1=A%2CA&sb_price_type=total&soh=1&sr_order=popularity&srepoch=1759421677&srpvid=8df8722f6fa0016b&type=total&ucfs=1&#no_availability_msg,
BOOKING_2,booking,Us,King Room with Roll-In Shower - Disability Access/Non-Smoking,king bed,King,Normal,2.0,7989.0,1078.0,9067.0,"['1 room', 'Air conditioning', 'Private bathroom', 'Flat-screen TV', 'Free Wifi', 'Toilet', 'Towels', 'Linens', 'Socket near the bed', 'Desk', 'TV', 'Telephone', 'Heating', 'Hairdryer', 'Extra long beds (> 2 metres)', 'Carpeted', 'Cable channels', 'Alarm clock', 'Wardrobe or closet', 'Toilet paper', 'Carbon monoxide detector', 'Single-room AC for guest accommodation']",2025-11-12,2025-11-13,https://www.booking.com/hotel/us/best-western-plover.html?aid=304142&label=gen173nr-10CAEoggI46AdIM1gEaGyIAQGYATO4ARfIAQzYAQPoAQH4AQGIAgGoAgG4ArDI-sYGwAIB0gIkODhkOWY1YzgtMTk5OS00MzI4LTgxNGYtZDFiMjg0OTQ1Y2U52AIB4AIB&sid=b4a3f7b31a243b80f8ac20db0073a78a&checkin=2025-11-01&checkout=2025-11-05&dist=0&group_adults=2&group_children=0&hapos=1&hpos=1&no_rooms=1&req_adults=2&req_children=0&room1=A%2CA&sb_price_type=total&soh=1&sr_order=popularity&srepoch=1759421677&srpvid=8df8722f6fa0016b&type=total&ucfs=1&#no_availability_msg,
BOOKING_2,booking,Us,Queen Room with Two Queen Beds - Non-Smoking,queen beds,Queen,Normal,0.0,8876.0,1198.0,10074.0,"['1 room', 'Bathtub', 'Air conditioning', 'Private bathroom', 'Flat-screen TV', 'Free Wifi', 'Toilet', 'Towels', 'Linens', 'Socket near the bed', 'Desk', 'TV', 'Telephone', 'Heating', 'Hairdryer', 'Carpeted', 'Cable channels', 'Alarm clock', 'Wardrobe or closet', 'Toilet paper', 'Carbon monoxide detector', 'Single-room AC for guest accommodation']",2025-11-12,2025-11-13,https://www.booking.com/hotel/us/best-western-plover.html?aid=304142&label=gen173nr-10CAEoggI46AdIM1gEaGyIAQGYATO4ARfIAQzYAQPoAQH4AQGIAgGoAgG4ArDI-sYGwAIB0gIkODhkOWY1YzgtMTk5OS00MzI4LTgxNGYtZDFiMjg0OTQ1Y2U52AIB4AIB&sid=b4a3f7b31a243b80f8ac20db0073a78a&checkin=2025-11-01&checkout=2025-11-05&dist=0&group_adults=2&group_children=0&hapos=1&hpos=1&no_rooms=1&req_adults=2&req_children=0&room1=A%2CA&sb_price_type=total&soh=1&sr_order=popularity&srepoch=1759421677&srpvid=8df8722f6fa0016b&type=total&ucfs=1&#no_availability_msg,
BOOKING_2,booking,Us,Family King Suite with Sofa Bed - Non-Smoking,king bedand1 sofa bed,King,Suite,2.0,11096.0,1498.0,12594.0,"['Private suite', 'Bathtub', 'Air conditioning', 'Private bathroom', 'Flat-screen TV', 'Free Wifi', 'Toilet', 'Sofa', 'Towels', 'Linens', 'Socket near the bed', 'Desk', 'TV', 'Telephone', 'Heating', 'Hairdryer', 'Carpeted', 'Cable channels', 'Alarm clock', 'Wardrobe or closet', 'Toilet paper', 'Sofa bed', 'Single-room AC for guest accommodation', 'Carbon monoxide detector']",2025-11-12,2025-11-13,https://www.booking.com/hotel/us/best-western-plover.html?aid=304142&label=gen173nr-10CAEoggI46AdIM1gEaGyIAQGYATO4ARfIAQzYAQPoAQH4AQGIAgGoAgG4ArDI-sYGwAIB0gIkODhkOWY1YzgtMTk5OS00MzI4LTgxNGYtZDFiMjg0OTQ1Y2U52AIB4AIB&sid=b4a3f7b31a243b80f8ac20db0073a78a&checkin=2025-11-01&checkout=2025-11-05&dist=0&group_adults=2&group_children=0&hapos=1&hpos=1&no_rooms=1&req_adults=2&req_children=0&room1=A%2CA&sb_price_type=total&soh=1&sr_order=popularity&srepoch=1759421677&srpvid=8df8722f6fa0016b&type=total&ucfs=1&#no_availability_msg,
BOOKING_2,booking,Us,Family Queen Suite with Sofa Bed,queen beds,Queen,Suite,2.0,12427.0,1678.0,14105.0,"['Private suite', 'Bathtub', 'Air conditioning', 'Private bathroom', 'Flat-screen TV', 'Coffee machine', 'Free Wifi', 'Shower', 'Toilet', 'Towels', 'Linens', 'Socket near the bed', 'Desk', 'TV', 'Telephone', 'Tea/Coffee maker', 'Heating', 'Hairdryer', 'Carpeted', 'Cable channels', 'Alarm clock', 'Wardrobe or closet', 'Toilet paper', 'Single-room AC for guest accommodation', 'Carbon monoxide detector']",2025-11-12,2025-11-13,https://www.booking.com/hotel/us/best-western-plover.html?aid=304142&label=gen173nr-10CAEoggI46AdIM1gEaGyIAQGYATO4ARfIAQzYAQPoAQH4AQGIAgGoAgG4ArDI-sYGwAIB0gIkODhkOWY1YzgtMTk5OS00MzI4LTgxNGYtZDFiMjg0OTQ1Y2U52AIB4AIB&sid=b4a3f7b31a243b80f8ac20db0073a78a&checkin=2025-11-01&checkout=2025-11-05&dist=0&group_adults=2&group_children=0&hapos=1&hpos=1&no_rooms=1&req_adults=2&req_children=0&room1=A%2CA&sb_price_type=total&soh=1&sr_order=popularity&srepoch=1759421677&srpvid=8df8722f6fa0016b&type=total&ucfs=1&#no_availability_msg,
BOOKING_2,booking,Us,Two-Room Queen Suite,sofa bedand2 queen beds,Queen,Suite,2.0,12871.0,1738.0,14609.0,"['Private suite', 'Bathtub', 'Air conditioning', 'Private bathroom', 'Flat-screen TV', 'Coffee machine', 'Free Wifi', 'Shower', 'Toilet', 'Sofa', 'Towels', 'Linens', 'Socket near the bed', 'Desk', 'TV', 'Telephone', 'Tea/Coffee maker', 'Heating', 'Hairdryer', 'Carpeted', 'Cable channels', 'Alarm clock', 'Wardrobe or closet', 'Toilet paper', 'Sofa bed', 'Carbon monoxide detector', 'Single-room AC for guest accommodation']",2025-11-12,2025-11-13,https://www.booking.com/hotel/us/best-western-plover.html?aid=304142&label=gen173nr-10CAEoggI46AdIM1gEaGyIAQGYATO4ARfIAQzYAQPoAQH4AQGIAgGoAgG4ArDI-sYGwAIB0gIkODhkOWY1YzgtMTk5OS00MzI4LTgxNGYtZDFiMjg0OTQ1Y2U52AIB4AIB&sid=b4a3f7b31a243b80f8ac20db0073a78a&checkin=2025-11-01&checkout=2025-11-05&dist=0&group_adults=2&group_children=0&hapos=1&hpos=1&no_rooms=1&req_adults=2&req_children=0&room1=A%2CA&sb_price_type=total&soh=1&sr_order=popularity&srepoch=1759421677&srpvid=8df8722f6fa0016b&type=total&ucfs=1&#no_availability_msg,
BOOKING_2,booking,Us,Queen Suite with Sofa Bed,queen beds,Queen,Suite,1.0,11096.0,1498.0,12594.0,"['Private suite', 'Bathtub', 'Air conditioning', 'Private bathroom', 'Flat-screen TV', 'Free Wifi', 'Toilet', 'Towels', 'Linens', 'Socket near the bed', 'Desk', 'TV', 'Telephone', 'Heating', 'Hairdryer', 'Carpeted', 'Cable channels', 'Alarm clock', 'Wardrobe or closet', 'Toilet paper', 'Single-room AC for guest accommodation', 'Carbon monoxide detector']",2025-11-12,2025-11-13,https://www.booking.com/hotel/us/best-western-plover.html?aid=304142&label=gen173nr-10CAEoggI46AdIM1gEaGyIAQGYATO4ARfIAQzYAQPoAQH4AQGIAgGoAgG4ArDI-sYGwAIB0gIkODhkOWY1YzgtMTk5OS00MzI4LTgxNGYtZDFiMjg0OTQ1Y2U52AIB4AIB&sid=b4a3f7b31a243b80f8ac20db0073a78a&checkin=2025-11-01&checkout=2025-11-05&dist=0&group_adults=2&group_children=0&hapos=1&hpos=1&no_rooms=1&req_adults=2&req_children=0&room1=A%2CA&sb_price_type=total&soh=1&sr_order=popularity&srepoch=1759421677&srpvid=8df8722f6fa0016b&type=total&ucfs=1&#no_availability_msg,
BOOKING_2,booking,Us,King Suite with Spa Bath,king bed,King,Suite,4.0,9764.0,1318.0,11082.0,"['1 room', 'Bathtub', 'Air conditioning', 'Private bathroom', 'Flat-screen TV', 'Free Wifi', 'Toilet', 'Towels', 'Linens', 'Socket near the bed', 'Desk', 'TV', 'Telephone', 'Heating', 'Hairdryer', 'Extra long beds (> 2 metres)', 'Carpeted', 'Cable channels', 'Alarm clock', 'Wardrobe or closet', 'Toilet paper', 'Single-room AC for guest accommodation', 'Carbon monoxide detector']",2025-11-13,2025-11-14,https://www.booking.com/hotel/us/best-western-plover.html?aid=304142&label=gen173nr-10CAEoggI46AdIM1gEaGyIAQGYATO4ARfIAQzYAQPoAQH4AQGIAgGoAgG4ArDI-sYGwAIB0gIkODhkOWY1YzgtMTk5OS00MzI4LTgxNGYtZDFiMjg0OTQ1Y2U52AIB4AIB&sid=b4a3f7b31a243b80f8ac20db0073a78a&checkin=2025-11-01&checkout=2025-11-05&dist=0&group_adults=2&group_children=0&hapos=1&hpos=1&no_rooms=1&req_adults=2&req_children=0&room1=A%2CA&sb_price_type=total&soh=1&sr_order=popularity&srepoch=1759421677&srpvid=8df8722f6fa0016b&type=total&ucfs=1&#no_availability_msg,
BOOKING_2,booking,Us,King Room,king bed,King,Normal,0.0,7989.0,1078.0,9067.0,"['1 room', 'Air conditioning', 'Private bathroom', 'Flat-screen TV', 'Free Wifi', 'Toilet', 'Towels', 'Linens', 'Socket near the bed', 'Desk', 'TV', 'Telephone', 'Heating', 'Hairdryer', 'Carpeted', 'Cable channels', 'Alarm clock', 'Wardrobe or closet', 'Toilet paper', 'Carbon monoxide detector', 'Single-room AC for guest accommodation']",2025-11-13,2025-11-14,https://www.booking.com/hotel/us/best-western-plover.html?aid=304142&label=gen173nr-10CAEoggI46AdIM1gEaGyIAQGYATO4ARfIAQzYAQPoAQH4AQGIAgGoAgG4ArDI-sYGwAIB0gIkODhkOWY1YzgtMTk5OS00MzI4LTgxNGYtZDFiMjg0OTQ1Y2U52AIB4AIB&sid=b4a3f7b31a243b80f8ac20db0073a78a&checkin=2025-11-01&checkout=2025-11-05&dist=0&group_adults=2&group_children=0&hapos=1&hpos=1&no_rooms=1&req_adults=2&req_children=0&room1=A%2CA&sb_price_type=total&soh=1&sr_order=popularity&srepoch=1759421677&srpvid=8df8722f6fa0016b&type=total&ucfs=1&#no_availability_msg,
BOOKING_2,booking,Us,King Room with Roll-In Shower - Disability Access/Non-Smoking,king bed,King,Normal,2.0,7989.0,1078.0,9067.0,"['1 room', 'Air conditioning', 'Private bathroom', 'Flat-screen TV', 'Free Wifi', 'Toilet', 'Towels', 'Linens', 'Socket near the bed', 'Desk', 'TV', 'Telephone', 'Heating', 'Hairdryer', 'Extra long beds (> 2 metres)', 'Carpeted', 'Cable channels', 'Alarm clock', 'Wardrobe or closet', 'Toilet paper', 'Carbon monoxide detector', 'Single-room AC for guest accommodation']",2025-11-13,2025-11-14,https://www.booking.com/hotel/us/best-western-plover.html?aid=304142&label=gen173nr-10CAEoggI46AdIM1gEaGyIAQGYATO4ARfIAQzYAQPoAQH4AQGIAgGoAgG4ArDI-sYGwAIB0gIkODhkOWY1YzgtMTk5OS00MzI4LTgxNGYtZDFiMjg0OTQ1Y2U52AIB4AIB&sid=b4a3f7b31a243b80f8ac20db0073a78a&checkin=2025-11-01&checkout=2025-11-05&dist=0&group_adults=2&group_children=0&hapos=1&hpos=1&no_rooms=1&req_adults=2&req_children=0&room1=A%2CA&sb_price_type=total&soh=1&sr_order=popularity&srepoch=1759421677&srpvid=8df8722f6fa0016b&type=total&ucfs=1&#no_availability_msg,
BOOKING_2,booking,Us,Queen Room with Two Queen Beds - Non-Smoking,queen beds,Queen,Normal,0.0,8876.0,1198.0,10074.0,"['1 room', 'Bathtub', 'Air conditioning', 'Private bathroom', 'Flat-screen TV', 'Free Wifi', 'Toilet', 'Towels', 'Linens', 'Socket near the bed', 'Desk', 'TV', 'Telephone', 'Heating', 'Hairdryer', 'Carpeted', 'Cable channels', 'Alarm clock', 'Wardrobe or closet', 'Toilet paper', 'Carbon monoxide detector', 'Single-room AC for guest accommodation']",2025-11-13,2025-11-14,https://www.booking.com/hotel/us/best-western-plover.html?aid=304142&label=gen173nr-10CAEoggI46AdIM1gEaGyIAQGYATO4ARfIAQzYAQPoAQH4AQGIAgGoAgG4ArDI-sYGwAIB0gIkODhkOWY1YzgtMTk5OS00MzI4LTgxNGYtZDFiMjg0OTQ1Y2U52AIB4AIB&sid=b4a3f7b31a243b80f8ac20db0073a78a&checkin=2025-11-01&checkout=2025-11-05&dist=0&group_adults=2&group_children=0&hapos=1&hpos=1&no_rooms=1&req_adults=2&req_children=0&room1=A%2CA&sb_price_type=total&soh=1&sr_order=popularity&srepoch=1759421677&srpvid=8df8722f6fa0016b&type=total&ucfs=1&#no_availability_msg,
BOOKING_2,booking,Us,Family King Suite with Sofa Bed - Non-Smoking,king bedand1 sofa bed,King,Suite,2.0,11096.0,1498.0,12594.0,"['Private suite', 'Bathtub', 'Air conditioning', 'Private bathroom', 'Flat-screen TV', 'Free Wifi', 'Toilet', 'Sofa', 'Towels', 'Linens', 'Socket near the bed', 'Desk', 'TV', 'Telephone', 'Heating', 'Hairdryer', 'Carpeted', 'Cable channels', 'Alarm clock', 'Wardrobe or closet', 'Toilet paper', 'Sofa bed', 'Carbon monoxide detector', 'Single-room AC for guest accommodation']",2025-11-13,2025-11-14,https://www.booking.com/hotel/us/best-western-plover.html?aid=304142&label=gen173nr-10CAEoggI46AdIM1gEaGyIAQGYATO4ARfIAQzYAQPoAQH4AQGIAgGoAgG4ArDI-sYGwAIB0gIkODhkOWY1YzgtMTk5OS00MzI4LTgxNGYtZDFiMjg0OTQ1Y2U52AIB4AIB&sid=b4a3f7b31a243b80f8ac20db0073a78a&checkin=2025-11-01&checkout=2025-11-05&dist=0&group_adults=2&group_children=0&hapos=1&hpos=1&no_rooms=1&req_adults=2&req_children=0&room1=A%2CA&sb_price_type=total&soh=1&sr_order=popularity&srepoch=1759421677&srpvid=8df8722f6fa0016b&type=total&ucfs=1&#no_availability_msg,
BOOKING_2,booking,Us,Family Queen Suite with Sofa Bed,queen beds,Queen,Suite,2.0,12427.0,1678.0,14105.0,"['Private suite', 'Bathtub', 'Air conditioning', 'Private bathroom', 'Flat-screen TV', 'Coffee machine', 'Free Wifi', 'Shower', 'Toilet', 'Towels', 'Linens', 'Socket near the bed', 'Desk', 'TV', 'Telephone', 'Tea/Coffee maker', 'Heating', 'Hairdryer', 'Carpeted', 'Cable channels', 'Alarm clock', 'Wardrobe or closet', 'Toilet paper', 'Single-room AC for guest accommodation', 'Carbon monoxide detector']",2025-11-13,2025-11-14,https://www.booking.com/hotel/us/best-western-plover.html?aid=304142&label=gen173nr-10CAEoggI46AdIM1gEaGyIAQGYATO4ARfIAQzYAQPoAQH4AQGIAgGoAgG4ArDI-sYGwAIB0gIkODhkOWY1YzgtMTk5OS00MzI4LTgxNGYtZDFiMjg0OTQ1Y2U52AIB4AIB&sid=b4a3f7b31a243b80f8ac20db0073a78a&checkin=2025-11-01&checkout=2025-11-05&dist=0&group_adults=2&group_children=0&hapos=1&hpos=1&no_rooms=1&req_adults=2&req_children=0&room1=A%2CA&sb_price_type=total&soh=1&sr_order=popularity&srepoch=1759421677&srpvid=8df8722f6fa0016b&type=total&ucfs=1&#no_availability_msg,
BOOKING_2,booking,Us,Two-Room Queen Suite,sofa bedand2 queen beds,Queen,Suite,2.0,12871.0,1738.0,14609.0,"['Private suite', 'Bathtub', 'Air conditioning', 'Private bathroom', 'Flat-screen TV', 'Coffee machine', 'Free Wifi', 'Shower', 'Toilet', 'Sofa', 'Towels', 'Linens', 'Socket near the bed', 'Desk', 'TV', 'Telephone', 'Tea/Coffee maker', 'Heating', 'Hairdryer', 'Carpeted', 'Cable channels', 'Alarm clock', 'Wardrobe or closet', 'Toilet paper', 'Sofa bed', 'Carbon monoxide detector', 'Single-room AC for guest accommodation']",2025-11-13,2025-11-14,https://www.booking.com/hotel/us/best-western-plover.html?aid=304142&label=gen173nr-10CAEoggI46AdIM1gEaGyIAQGYATO4ARfIAQzYAQPoAQH4AQGIAgGoAgG4ArDI-sYGwAIB0gIkODhkOWY1YzgtMTk5OS00MzI4LTgxNGYtZDFiMjg0OTQ1Y2U52AIB4AIB&sid=b4a3f7b31a243b80f8ac20db0073a78a&checkin=2025-11-01&checkout=2025-11-05&dist=0&group_adults=2&group_children=0&hapos=1&hpos=1&no_rooms=1&req_adults=2&req_children=0&room1=A%2CA&sb_price_type=total&soh=1&sr_order=popularity&srepoch=1759421677&srpvid=8df8722f6fa0016b&type=total&ucfs=1&#no_availability_msg,
BOOKING_2,booking,Us,Queen Suite with Sofa Bed,queen beds,Queen,Suite,1.0,11096.0,1498.0,12594.0,"['Private suite', 'Bathtub', 'Air conditioning', 'Private bathroom', 'Flat-screen TV', 'Free Wifi', 'Toilet', 'Towels', 'Linens', 'Socket near the bed', 'Desk', 'TV', 'Telephone', 'Heating', 'Hairdryer', 'Carpeted', 'Cable channels', 'Alarm clock', 'Wardrobe or closet', 'Toilet paper', 'Carbon monoxide detector', 'Single-room AC for guest accommodation']",2025-11-13,2025-11-14,https://www.booking.com/hotel/us/best-western-plover.html?aid=304142&label=gen173nr-10CAEoggI46AdIM1gEaGyIAQGYATO4ARfIAQzYAQPoAQH4AQGIAgGoAgG4ArDI-sYGwAIB0gIkODhkOWY1YzgtMTk5OS00MzI4LTgxNGYtZDFiMjg0OTQ1Y2U52AIB4AIB&sid=b4a3f7b31a243b80f8ac20db0073a78a&checkin=2025-11-01&checkout=2025-11-05&dist=0&group_adults=2&group_children=0&hapos=1&hpos=1&no_rooms=1&req_adults=2&req_children=0&room1=A%2CA&sb_price_type=total&soh=1&sr_order=popularity&srepoch=1759421677&srpvid=8df8722f6fa0016b&type=total&ucfs=1&#no_availability_msg,
BOOKING_2,booking,Best Western Plover-Stevens Point Hotel & Conference Center,King Suite with Spa Bath,king bed,King,Suite,4.0,9764.0,1318.0,11082.0,"['1 room', 'Bathtub', 'Air conditioning', 'Private bathroom', 'Flat-screen TV', 'Free Wifi', 'Toilet', 'Towels', 'Linens', 'Socket near the bed', 'Desk', 'TV', 'Telephone', 'Heating', 'Hairdryer', 'Extra long beds (> 2 metres)', 'Carpeted', 'Cable channels', 'Alarm clock', 'Wardrobe or closet', 'Toilet paper', 'Carbon monoxide detector', 'Single-room AC for guest accommodation']",2025-11-14,2025-11-15,https://www.booking.com/hotel/us/best-western-plover.html?aid=304142&label=gen173nr-10CAEoggI46AdIM1gEaGyIAQGYATO4ARfIAQzYAQPoAQH4AQGIAgGoAgG4ArDI-sYGwAIB0gIkODhkOWY1YzgtMTk5OS00MzI4LTgxNGYtZDFiMjg0OTQ1Y2U52AIB4AIB&sid=b4a3f7b31a243b80f8ac20db0073a78a&checkin=2025-11-01&checkout=2025-11-05&dist=0&group_adults=2&group_children=0&hapos=1&hpos=1&no_rooms=1&req_adults=2&req_children=0&room1=A%2CA&sb_price_type=total&soh=1&sr_order=popularity&srepoch=1759421677&srpvid=8df8722f6fa0016b&type=total&ucfs=1&#no_availability_msg,
BOOKING_2,booking,Best Western Plover-Stevens Point Hotel & Conference Center,King Room with Roll-In Shower - Disability Access/Non-Smoking,king bed,King,Normal,2.0,7989.0,1078.0,9067.0,"['1 room', 'Air conditioning', 'Private bathroom', 'Flat-screen TV', 'Free Wifi', 'Toilet', 'Towels', 'Linens', 'Socket near the bed', 'Desk', 'TV', 'Telephone', 'Heating', 'Hairdryer', 'Extra long beds (> 2 metres)', 'Carpeted', 'Cable channels', 'Alarm clock', 'Wardrobe or closet', 'Toilet paper', 'Carbon monoxide detector', 'Single-room AC for guest accommodation']",2025-11-14,2025-11-15,https://www.booking.com/hotel/us/best-western-plover.html?aid=304142&label=gen173nr-10CAEoggI46AdIM1gEaGyIAQGYATO4ARfIAQzYAQPoAQH4AQGIAgGoAgG4ArDI-sYGwAIB0gIkODhkOWY1YzgtMTk5OS00MzI4LTgxNGYtZDFiMjg0OTQ1Y2U52AIB4AIB&sid=b4a3f7b31a243b80f8ac20db0073a78a&checkin=2025-11-01&checkout=2025-11-05&dist=0&group_adults=2&group_children=0&hapos=1&hpos=1&no_rooms=1&req_adults=2&req_children=0&room1=A%2CA&sb_price_type=total&soh=1&sr_order=popularity&srepoch=1759421677&srpvid=8df8722f6fa0016b&type=total&ucfs=1&#no_availability_msg,
BOOKING_2,booking,Best Western Plover-Stevens Point Hotel & Conference Center,King Room,king bed,King,Normal,0.0,9765.0,1318.0,11083.0,"['1 room', 'Air conditioning', 'Private bathroom', 'Flat-screen TV', 'Free Wifi', 'Toilet', 'Towels', 'Linens', 'Socket near the bed', 'Desk', 'TV', 'Telephone', 'Heating', 'Hairdryer', 'Carpeted', 'Cable channels', 'Alarm clock', 'Wardrobe or closet', 'Toilet paper', 'Carbon monoxide detector', 'Single-room AC for guest accommodation']",2025-11-14,2025-11-15,https://www.booking.com/hotel/us/best-western-plover.html?aid=304142&label=gen173nr-10CAEoggI46AdIM1gEaGyIAQGYATO4ARfIAQzYAQPoAQH4AQGIAgGoAgG4ArDI-sYGwAIB0gIkODhkOWY1YzgtMTk5OS00MzI4LTgxNGYtZDFiMjg0OTQ1Y2U52AIB4AIB&sid=b4a3f7b31a243b80f8ac20db0073a78a&checkin=2025-11-01&checkout=2025-11-05&dist=0&group_adults=2&group_children=0&hapos=1&hpos=1&no_rooms=1&req_adults=2&req_children=0&room1=A%2CA&sb_price_type=total&soh=1&sr_order=popularity&srepoch=1759421677&srpvid=8df8722f6fa0016b&type=total&ucfs=1&#no_availability_msg,
BOOKING_2,booking,Best Western Plover-Stevens Point Hotel & Conference Center,Queen Room with Two Queen Beds - Non-Smoking,queen beds,Queen,Normal,0.0,9765.0,1318.0,11083.0,"['1 room', 'Bathtub', 'Air conditioning', 'Private bathroom', 'Flat-screen TV', 'Free Wifi', 'Toilet', 'Towels', 'Linens', 'Socket near the bed', 'Desk', 'TV', 'Telephone', 'Heating', 'Hairdryer', 'Carpeted', 'Cable channels', 'Alarm clock', 'Wardrobe or closet', 'Toilet paper', 'Carbon monoxide detector', 'Single-room AC for guest accommodation']",2025-11-14,2025-11-15,https://www.booking.com/hotel/us/best-western-plover.html?aid=304142&label=gen173nr-10CAEoggI46AdIM1gEaGyIAQGYATO4ARfIAQzYAQPoAQH4AQGIAgGoAgG4ArDI-sYGwAIB0gIkODhkOWY1YzgtMTk5OS00MzI4LTgxNGYtZDFiMjg0OTQ1Y2U52AIB4AIB&sid=b4a3f7b31a243b80f8ac20db0073a78a&checkin=2025-11-01&checkout=2025-11-05&dist=0&group_adults=2&group_children=0&hapos=1&hpos=1&no_rooms=1&req_adults=2&req_children=0&room1=A%2CA&sb_price_type=total&soh=1&sr_order=popularity&srepoch=1759421677&srpvid=8df8722f6fa0016b&type=total&ucfs=1&#no_availability_msg,
BOOKING_2,booking,Best Western Plover-Stevens Point Hotel & Conference Center,Two-Room Queen Suite,sofa bedand2 queen beds,Queen,Suite,2.0,9764.0,1318.0,11082.0,"['Private suite', 'Bathtub', 'Air conditioning', 'Private bathroom', 'Flat-screen TV', 'Coffee machine', 'Free Wifi', 'Shower', 'Toilet', 'Sofa', 'Towels', 'Linens', 'Socket near the bed', 'Desk', 'TV', 'Telephone', 'Tea/Coffee maker', 'Heating', 'Hairdryer', 'Carpeted', 'Cable channels', 'Alarm clock', 'Wardrobe or closet', 'Toilet paper', 'Sofa bed', 'Carbon monoxide detector', 'Single-room AC for guest accommodation']",2025-11-14,2025-11-15,https://www.booking.com/hotel/us/best-western-plover.html?aid=304142&label=gen173nr-10CAEoggI46AdIM1gEaGyIAQGYATO4ARfIAQzYAQPoAQH4AQGIAgGoAgG4ArDI-sYGwAIB0gIkODhkOWY1YzgtMTk5OS00MzI4LTgxNGYtZDFiMjg0OTQ1Y2U52AIB4AIB&sid=b4a3f7b31a243b80f8ac20db0073a78a&checkin=2025-11-01&checkout=2025-11-05&dist=0&group_adults=2&group_children=0&hapos=1&hpos=1&no_rooms=1&req_adults=2&req_children=0&room1=A%2CA&sb_price_type=total&soh=1&sr_order=popularity&srepoch=1759421677&srpvid=8df8722f6fa0016b&type=total&ucfs=1&#no_availability_msg,
BOOKING_2,booking,Best Western Plover-Stevens Point Hotel & Conference Center,Family King Suite with Sofa Bed - Non-Smoking,king bedand1 sofa bed,King,Suite,2.0,11540.0,1558.0,13098.0,"['Private suite', 'Bathtub', 'Air conditioning', 'Private bathroom', 'Flat-screen TV', 'Free Wifi', 'Toilet', 'Sofa', 'Towels', 'Linens', 'Socket near the bed', 'Desk', 'TV', 'Telephone', 'Heating', 'Hairdryer', 'Carpeted', 'Cable channels', 'Alarm clock', 'Wardrobe or closet', 'Toilet paper', 'Sofa bed', 'Carbon monoxide detector', 'Single-room AC for guest accommodation']",2025-11-14,2025-11-15,https://www.booking.com/hotel/us/best-western-plover.html?aid=304142&label=gen173nr-10CAEoggI46AdIM1gEaGyIAQGYATO4ARfIAQzYAQPoAQH4AQGIAgGoAgG4ArDI-sYGwAIB0gIkODhkOWY1YzgtMTk5OS00MzI4LTgxNGYtZDFiMjg0OTQ1Y2U52AIB4AIB&sid=b4a3f7b31a243b80f8ac20db0073a78a&checkin=2025-11-01&checkout=2025-11-05&dist=0&group_adults=2&group_children=0&hapos=1&hpos=1&no_rooms=1&req_adults=2&req_children=0&room1=A%2CA&sb_price_type=total&soh=1&sr_order=popularity&srepoch=1759421677&srpvid=8df8722f6fa0016b&type=total&ucfs=1&#no_availability_msg,
BOOKING_2,booking,Best Western Plover-Stevens Point Hotel & Conference Center,Queen Suite with Sofa Bed,queen beds,Queen,Suite,1.0,11540.0,1558.0,13098.0,"['Private suite', 'Bathtub', 'Air conditioning', 'Private bathroom', 'Flat-screen TV', 'Free Wifi', 'Toilet', 'Towels', 'Linens', 'Socket near the bed', 'Desk', 'TV', 'Telephone', 'Heating', 'Hairdryer', 'Carpeted', 'Cable channels', 'Alarm clock', 'Wardrobe or closet', 'Toilet paper', 'Carbon monoxide detector', 'Single-room AC for guest accommodation']",2025-11-14,2025-11-15,https://www.booking.com/hotel/us/best-western-plover.html?aid=304142&label=gen173nr-10CAEoggI46AdIM1gEaGyIAQGYATO4ARfIAQzYAQPoAQH4AQGIAgGoAgG4ArDI-sYGwAIB0gIkODhkOWY1YzgtMTk5OS00MzI4LTgxNGYtZDFiMjg0OTQ1Y2U52AIB4AIB&sid=b4a3f7b31a243b80f8ac20db0073a78a&checkin=2025-11-01&checkout=2025-11-05&dist=0&group_adults=2&group_children=0&hapos=1&hpos=1&no_rooms=1&req_adults=2&req_children=0&room1=A%2CA&sb_price_type=total&soh=1&sr_order=popularity&srepoch=1759421677&srpvid=8df8722f6fa0016b&type=total&ucfs=1&#no_availability_msg,
BOOKING_2,booking,Best Western Plover-Stevens Point Hotel & Conference Center,Family Queen Suite with Sofa Bed,queen beds,Queen,Suite,2.0,11540.0,1558.0,13098.0,"['Private suite', 'Bathtub', 'Air conditioning', 'Private bathroom', 'Flat-screen TV', 'Coffee machine', 'Free Wifi', 'Shower', 'Toilet', 'Towels', 'Linens', 'Socket near the bed', 'Desk', 'TV', 'Telephone', 'Tea/Coffee maker', 'Heating', 'Hairdryer', 'Carpeted', 'Cable channels', 'Alarm clock', 'Wardrobe or closet', 'Toilet paper', 'Single-room AC for guest accommodation', 'Carbon monoxide detector']",2025-11-14,2025-11-15,https://www.booking.com/hotel/us/best-western-plover.html?aid=304142&label=gen173nr-10CAEoggI46AdIM1gEaGyIAQGYATO4ARfIAQzYAQPoAQH4AQGIAgGoAgG4ArDI-sYGwAIB0gIkODhkOWY1YzgtMTk5OS00MzI4LTgxNGYtZDFiMjg0OTQ1Y2U52AIB4AIB&sid=b4a3f7b31a243b80f8ac20db0073a78a&checkin=2025-11-01&checkout=2025-11-05&dist=0&group_adults=2&group_children=0&hapos=1&hpos=1&no_rooms=1&req_adults=2&req_children=0&room1=A%2CA&sb_price_type=total&soh=1&sr_order=popularity&srepoch=1759421677&srpvid=8df8722f6fa0016b&type=total&ucfs=1&#no_availability_msg,
BOOKING_2,booking,Best Western Plover-Stevens Point Hotel & Conference Center,King Suite with Spa Bath,king bed,King,Suite,4.0,9764.0,1318.0,11082.0,"['1 room', 'Bathtub', 'Air conditioning', 'Private bathroom', 'Flat-screen TV', 'Free Wifi', 'Toilet', 'Towels', 'Linens', 'Socket near the bed', 'Desk', 'TV', 'Telephone', 'Heating', 'Hairdryer', 'Extra long beds (> 2 metres)', 'Carpeted', 'Cable channels', 'Alarm clock', 'Wardrobe or closet', 'Toilet paper', 'Carbon monoxide detector', 'Single-room AC for guest accommodation']",2025-11-15,2025-11-16,https://www.booking.com/hotel/us/best-western-plover.html?aid=304142&label=gen173nr-10CAEoggI46AdIM1gEaGyIAQGYATO4ARfIAQzYAQPoAQH4AQGIAgGoAgG4ArDI-sYGwAIB0gIkODhkOWY1YzgtMTk5OS00MzI4LTgxNGYtZDFiMjg0OTQ1Y2U52AIB4AIB&sid=b4a3f7b31a243b80f8ac20db0073a78a&checkin=2025-11-01&checkout=2025-11-05&dist=0&group_adults=2&group_children=0&hapos=1&hpos=1&no_rooms=1&req_adults=2&req_children=0&room1=A%2CA&sb_price_type=total&soh=1&sr_order=popularity&srepoch=1759421677&srpvid=8df8722f6fa0016b&type=total&ucfs=1&#no_availability_msg,
BOOKING_2,booking,Best Western Plover-Stevens Point Hotel & Conference Center,King Room with Roll-In Shower - Disability Access/Non-Smoking,king bed,King,Normal,2.0,7989.0,1078.0,9067.0,"['1 room', 'Air conditioning', 'Private bathroom', 'Flat-screen TV', 'Free Wifi', 'Toilet', 'Towels', 'Linens', 'Socket near the bed', 'Desk', 'TV', 'Telephone', 'Heating', 'Hairdryer', 'Extra long beds (> 2 metres)', 'Carpeted', 'Cable channels', 'Alarm clock', 'Wardrobe or closet', 'Toilet paper', 'Carbon monoxide detector', 'Single-room AC for guest accommodation']",2025-11-15,2025-11-16,https://www.booking.com/hotel/us/best-western-plover.html?aid=304142&label=gen173nr-10CAEoggI46AdIM1gEaGyIAQGYATO4ARfIAQzYAQPoAQH4AQGIAgGoAgG4ArDI-sYGwAIB0gIkODhkOWY1YzgtMTk5OS00MzI4LTgxNGYtZDFiMjg0OTQ1Y2U52AIB4AIB&sid=b4a3f7b31a243b80f8ac20db0073a78a&checkin=2025-11-01&checkout=2025-11-05&dist=0&group_adults=2&group_children=0&hapos=1&hpos=1&no_rooms=1&req_adults=2&req_children=0&room1=A%2CA&sb_price_type=total&soh=1&sr_order=popularity&srepoch=1759421677&srpvid=8df8722f6fa0016b&type=total&ucfs=1&#no_availability_msg,
BOOKING_2,booking,Best Western Plover-Stevens Point Hotel & Conference Center,King Room,king bed,King,Normal,0.0,9765.0,1318.0,11083.0,"['1 room', 'Air conditioning', 'Private bathroom', 'Flat-screen TV', 'Free Wifi', 'Toilet', 'Towels', 'Linens', 'Socket near the bed', 'Desk', 'TV', 'Telephone', 'Heating', 'Hairdryer', 'Carpeted', 'Cable channels', 'Alarm clock', 'Wardrobe or closet', 'Toilet paper', 'Carbon monoxide detector', 'Single-room AC for guest accommodation']",2025-11-15,2025-11-16,https://www.booking.com/hotel/us/best-western-plover.html?aid=304142&label=gen173nr-10CAEoggI46AdIM1gEaGyIAQGYATO4ARfIAQzYAQPoAQH4AQGIAgGoAgG4ArDI-sYGwAIB0gIkODhkOWY1YzgtMTk5OS00MzI4LTgxNGYtZDFiMjg0OTQ1Y2U52AIB4AIB&sid=b4a3f7b31a243b80f8ac20db0073a78a&checkin=2025-11-01&checkout=2025-11-05&dist=0&group_adults=2&group_children=0&hapos=1&hpos=1&no_rooms=1&req_adults=2&req_children=0&room1=A%2CA&sb_price_type=total&soh=1&sr_order=popularity&srepoch=1759421677&srpvid=8df8722f6fa0016b&type=total&ucfs=1&#no_availability_msg,
BOOKING_2,booking,Best Western Plover-Stevens Point Hotel & Conference Center,Queen Room with Two Queen Beds - Non-Smoking,queen beds,Queen,Normal,0.0,9765.0,1318.0,11083.0,"['1 room', 'Bathtub', 'Air conditioning', 'Private bathroom', 'Flat-screen TV', 'Free Wifi', 'Toilet', 'Towels', 'Linens', 'Socket near the bed', 'Desk', 'TV', 'Telephone', 'Heating', 'Hairdryer', 'Carpeted', 'Cable channels', 'Alarm clock', 'Wardrobe or closet', 'Toilet paper', 'Carbon monoxide detector', 'Single-room AC for guest accommodation']",2025-11-15,2025-11-16,https://www.booking.com/hotel/us/best-western-plover.html?aid=304142&label=gen173nr-10CAEoggI46AdIM1gEaGyIAQGYATO4ARfIAQzYAQPoAQH4AQGIAgGoAgG4ArDI-sYGwAIB0gIkODhkOWY1YzgtMTk5OS00MzI4LTgxNGYtZDFiMjg0OTQ1Y2U52AIB4AIB&sid=b4a3f7b31a243b80f8ac20db0073a78a&checkin=2025-11-01&checkout=2025-11-05&dist=0&group_adults=2&group_children=0&hapos=1&hpos=1&no_rooms=1&req_adults=2&req_children=0&room1=A%2CA&sb_price_type=total&soh=1&sr_order=popularity&srepoch=1759421677&srpvid=8df8722f6fa0016b&type=total&ucfs=1&#no_availability_msg,
BOOKING_2,booking,Best Western Plover-Stevens Point Hotel & Conference Center,Two-Room Queen Suite,sofa bedand2 queen beds,Queen,Suite,2.0,9764.0,1318.0,11082.0,"['Private suite', 'Bathtub', 'Air conditioning', 'Private bathroom', 'Flat-screen TV', 'Coffee machine', 'Free Wifi', 'Shower', 'Toilet', 'Sofa', 'Towels', 'Linens', 'Socket near the bed', 'Desk', 'TV', 'Telephone', 'Tea/Coffee maker', 'Heating', 'Hairdryer', 'Carpeted', 'Cable channels', 'Alarm clock', 'Wardrobe or closet', 'Toilet paper', 'Sofa bed', 'Single-room AC for guest accommodation', 'Carbon monoxide detector']",2025-11-15,2025-11-16,https://www.booking.com/hotel/us/best-western-plover.html?aid=304142&label=gen173nr-10CAEoggI46AdIM1gEaGyIAQGYATO4ARfIAQzYAQPoAQH4AQGIAgGoAgG4ArDI-sYGwAIB0gIkODhkOWY1YzgtMTk5OS00MzI4LTgxNGYtZDFiMjg0OTQ1Y2U52AIB4AIB&sid=b4a3f7b31a243b80f8ac20db0073a78a&checkin=2025-11-01&checkout=2025-11-05&dist=0&group_adults=2&group_children=0&hapos=1&hpos=1&no_rooms=1&req_adults=2&req_children=0&room1=A%2CA&sb_price_type=total&soh=1&sr_order=popularity&srepoch=1759421677&srpvid=8df8722f6fa0016b&type=total&ucfs=1&#no_availability_msg,
BOOKING_2,booking,Best Western Plover-Stevens Point Hotel & Conference Center,Family King Suite with Sofa Bed - Non-Smoking,king bedand1 sofa bed,King,Suite,2.0,11540.0,1558.0,13098.0,"['Private suite', 'Bathtub', 'Air conditioning', 'Private bathroom', 'Flat-screen TV', 'Free Wifi', 'Toilet', 'Sofa', 'Towels', 'Linens', 'Socket near the bed', 'Desk', 'TV', 'Telephone', 'Heating', 'Hairdryer', 'Carpeted', 'Cable channels', 'Alarm clock', 'Wardrobe or closet', 'Toilet paper', 'Sofa bed', 'Carbon monoxide detector', 'Single-room AC for guest accommodation']",2025-11-15,2025-11-16,https://www.booking.com/hotel/us/best-western-plover.html?aid=304142&label=gen173nr-10CAEoggI46AdIM1gEaGyIAQGYATO4ARfIAQzYAQPoAQH4AQGIAgGoAgG4ArDI-sYGwAIB0gIkODhkOWY1YzgtMTk5OS00MzI4LTgxNGYtZDFiMjg0OTQ1Y2U52AIB4AIB&sid=b4a3f7b31a243b80f8ac20db0073a78a&checkin=2025-11-01&checkout=2025-11-05&dist=0&group_adults=2&group_children=0&hapos=1&hpos=1&no_rooms=1&req_adults=2&req_children=0&room1=A%2CA&sb_price_type=total&soh=1&sr_order=popularity&srepoch=1759421677&srpvid=8df8722f6fa0016b&type=total&ucfs=1&#no_availability_msg,
BOOKING_2,booking,Best Western Plover-Stevens Point Hotel & Conference Center,Queen Suite with Sofa Bed,queen beds,Queen,Suite,1.0,11540.0,1558.0,13098.0,"['Private suite', 'Bathtub', 'Air conditioning', 'Private bathroom', 'Flat-screen TV', 'Free Wifi', 'Toilet', 'Towels', 'Linens', 'Socket near the bed', 'Desk', 'TV', 'Telephone', 'Heating', 'Hairdryer', 'Carpeted', 'Cable channels', 'Alarm clock', 'Wardrobe or closet', 'Toilet paper', 'Single-room AC for guest accommodation', 'Carbon monoxide detector']",2025-11-15,2025-11-16,https://www.booking.com/hotel/us/best-western-plover.html?aid=304142&label=gen173nr-10CAEoggI46AdIM1gEaGyIAQGYATO4ARfIAQzYAQPoAQH4AQGIAgGoAgG4ArDI-sYGwAIB0gIkODhkOWY1YzgtMTk5OS00MzI4LTgxNGYtZDFiMjg0OTQ1Y2U52AIB4AIB&sid=b4a3f7b31a243b80f8ac20db0073a78a&checkin=2025-11-01&checkout=2025-11-05&dist=0&group_adults=2&group_children=0&hapos=1&hpos=1&no_rooms=1&req_adults=2&req_children=0&room1=A%2CA&sb_price_type=total&soh=1&sr_order=popularity&srepoch=1759421677&srpvid=8df8722f6fa0016b&type=total&ucfs=1&#no_availability_msg,
BOOKING_2,booking,Best Western Plover-Stevens Point Hotel & Conference Center,Family Queen Suite with Sofa Bed,queen beds,Queen,Suite,2.0,11540.0,1558.0,13098.0,"['Private suite', 'Bathtub', 'Air conditioning', 'Private bathroom', 'Flat-screen TV', 'Coffee machine', 'Free Wifi', 'Shower', 'Toilet', 'Towels', 'Linens', 'Socket near the bed', 'Desk', 'TV', 'Telephone', 'Tea/Coffee maker', 'Heating', 'Hairdryer', 'Carpeted', 'Cable channels', 'Alarm clock', 'Wardrobe or closet', 'Toilet paper', 'Single-room AC for guest accommodation', 'Carbon monoxide detector']",2025-11-15,2025-11-16,https://www.booking.com/hotel/us/best-western-plover.html?aid=304142&label=gen173nr-10CAEoggI46AdIM1gEaGyIAQGYATO4ARfIAQzYAQPoAQH4AQGIAgGoAgG4ArDI-sYGwAIB0gIkODhkOWY1YzgtMTk5OS00MzI4LTgxNGYtZDFiMjg0OTQ1Y2U52AIB4AIB&sid=b4a3f7b31a243b80f8ac20db0073a78a&checkin=2025-11-01&checkout=2025-11-05&dist=0&group_adults=2&group_children=0&hapos=1&hpos=1&no_rooms=1&req_adults=2&req_children=0&room1=A%2CA&sb_price_type=total&soh=1&sr_order=popularity&srepoch=1759421677&srpvid=8df8722f6fa0016b&type=total&ucfs=1&#no_availability_msg,
BOOKING_3,booking,Comfort Suites at Par 4 Resort,Queen Suite - Non-Smoking,sofa bedand,Sofa,Suite,5.0,12579.0,1698.0,14277.0,"['40 m²', 'Free Wifi', 'Refrigerator', 'Ironing facilities', 'Satellite channels', 'Tea/Coffee maker', 'Radio', 'Microwave', 'Heating', 'Hairdryer', 'Cable channels']",2025-11-03,2025-11-04,https://www.booking.com/hotel/us/hotel-foxfire-drive-waupaca.html?aid=304142&label=gen173nr-10CBkoggI46AdIM1gEaGyIAQGYATO4ARfIAQzYAQPoAQH4AQGIAgGoAgG4ApeMjsgGwAIB0gIkMjlmODgzOGUtNTk5OC00MjNhLTg3OTUtN2M0MDViOGZmZmU12AIB4AIB&sid=b4a3f7b31a243b80f8ac20db0073a78a&all_sr_blocks=49230404_0_2_1_0&checkin=2025-11-01&checkout=2025-11-05&dest_id=492304&dest_type=hotel&dist=0&group_adults=2&group_children=0&hapos=1&highlighted_blocks=49230404_0_2_1_0&hpos=1&matching_block_id=49230404_0_2_1_0&no_rooms=1&req_adults=2&req_children=0&room1=A%2CA&sb_price_type=total&sr_order=popularity&sr_pri_blocks=49230404_0_2_1_0__52691&srepoch=1761840509&srpvid=2c457177b03c0322&type=total&ucfs=1&,
BOOKING_3,booking,Comfort Suites at Par 4 Resort,King Suite,king bedand1 sofa bed,King,Suite,4.0,14354.0,1938.0,16292.0,"['Private suite', '40 m²', 'Free Wifi', 'Desk', 'Refrigerator', 'Ironing facilities', 'Satellite channels', 'Tea/Coffee maker', 'Radio', 'Microwave', 'Heating', 'Hairdryer', 'Cable channels']",2025-11-03,2025-11-04,https://www.booking.com/hotel/us/hotel-foxfire-drive-waupaca.html?aid=304142&label=gen173nr-10CBkoggI46AdIM1gEaGyIAQGYATO4ARfIAQzYAQPoAQH4AQGIAgGoAgG4ApeMjsgGwAIB0gIkMjlmODgzOGUtNTk5OC00MjNhLTg3OTUtN2M0MDViOGZmZmU12AIB4AIB&sid=b4a3f7b31a243b80f8ac20db0073a78a&all_sr_blocks=49230404_0_2_1_0&checkin=2025-11-01&checkout=2025-11-05&dest_id=492304&dest_type=hotel&dist=0&group_adults=2&group_children=0&hapos=1&highlighted_blocks=49230404_0_2_1_0&hpos=1&matching_block_id=49230404_0_2_1_0&no_rooms=1&req_adults=2&req_children=0&room1=A%2CA&sb_price_type=total&sr_order=popularity&sr_pri_blocks=49230404_0_2_1_0__52691&srepoch=1761840509&srpvid=2c457177b03c0322&type=total&ucfs=1&,
BOOKING_3,booking,Comfort Suites at Par 4 Resort,King Suite with Tub,king bed,King,Suite,5.0,15242.0,2058.0,17300.0,"['Private suite', '40 m²', 'Free Wifi', 'Fireplace', 'TV', 'Refrigerator', 'Ironing facilities', 'Satellite channels', 'Tea/Coffee maker', 'Radio', 'Microwave', 'Heating', 'Hairdryer', 'Cable channels']",2025-11-03,2025-11-04,https://www.booking.com/hotel/us/hotel-foxfire-drive-waupaca.html?aid=304142&label=gen173nr-10CBkoggI46AdIM1gEaGyIAQGYATO4ARfIAQzYAQPoAQH4AQGIAgGoAgG4ApeMjsgGwAIB0gIkMjlmODgzOGUtNTk5OC00MjNhLTg3OTUtN2M0MDViOGZmZmU12AIB4AIB&sid=b4a3f7b31a243b80f8ac20db0073a78a&all_sr_blocks=49230404_0_2_1_0&checkin=2025-11-01&checkout=2025-11-05&dest_id=492304&dest_type=hotel&dist=0&group_adults=2&group_children=0&hapos=1&highlighted_blocks=49230404_0_2_1_0&hpos=1&matching_block_id=49230404_0_2_1_0&no_rooms=1&req_adults=2&req_children=0&room1=A%2CA&sb_price_type=total&sr_order=popularity&sr_pri_blocks=49230404_0_2_1_0__52691&srepoch=1761840509&srpvid=2c457177b03c0322&type=total&ucfs=1&,
BOOKING_3,booking,Comfort Suites at Par 4 Resort,Queen Suite with Two Queen Beds - Accessible/Non-Smoking,queen beds,Queen,Suite,1.0,12579.0,1698.0,14277.0,"['Private suite', '40 m²', 'Free Wifi', 'Refrigerator', 'Tea/Coffee maker', 'Radio', 'Microwave', 'Hairdryer']",2025-11-03,2025-11-04,https://www.booking.com/hotel/us/hotel-foxfire-drive-waupaca.html?aid=304142&label=gen173nr-10CBkoggI46AdIM1gEaGyIAQGYATO4ARfIAQzYAQPoAQH4AQGIAgGoAgG4ApeMjsgGwAIB0gIkMjlmODgzOGUtNTk5OC00MjNhLTg3OTUtN2M0MDViOGZmZmU12AIB4AIB&sid=b4a3f7b31a243b80f8ac20db0073a78a&all_sr_blocks=49230404_0_2_1_0&checkin=2025-11-01&checkout=2025-11-05&dest_id=492304&dest_type=hotel&dist=0&group_adults=2&group_children=0&hapos=1&highlighted_blocks=49230404_0_2_1_0&hpos=1&matching_block_id=49230404_0_2_1_0&no_rooms=1&req_adults=2&req_children=0&room1=A%2CA&sb_price_type=total&sr_order=popularity&sr_pri_blocks=49230404_0_2_1_0__52691&srepoch=1761840509&srpvid=2c457177b03c0322&type=total&ucfs=1&,
BOOKING_3,booking,Comfort Suites at Par 4 Resort,King Suite - Disability Access/Non-Smoking,king bedand,King,Suite,4.0,14354.0,1938.0,16292.0,"['40 m²', 'Free Wifi', 'Refrigerator', 'Ironing facilities', 'Satellite channels', 'Tea/Coffee maker', 'Radio', 'Microwave', 'Heating', 'Hairdryer', 'Cable channels']",2025-11-03,2025-11-04,https://www.booking.com/hotel/us/hotel-foxfire-drive-waupaca.html?aid=304142&label=gen173nr-10CBkoggI46AdIM1gEaGyIAQGYATO4ARfIAQzYAQPoAQH4AQGIAgGoAgG4ApeMjsgGwAIB0gIkMjlmODgzOGUtNTk5OC00MjNhLTg3OTUtN2M0MDViOGZmZmU12AIB4AIB&sid=b4a3f7b31a243b80f8ac20db0073a78a&all_sr_blocks=49230404_0_2_1_0&checkin=2025-11-01&checkout=2025-11-05&dest_id=492304&dest_type=hotel&dist=0&group_adults=2&group_children=0&hapos=1&highlighted_blocks=49230404_0_2_1_0&hpos=1&matching_block_id=49230404_0_2_1_0&no_rooms=1&req_adults=2&req_children=0&room1=A%2CA&sb_price_type=total&sr_order=popularity&sr_pri_blocks=49230404_0_2_1_0__52691&srepoch=1761840509&srpvid=2c457177b03c0322&type=total&ucfs=1&,
BOOKING_3,booking,Comfort Suites at Par 4 Resort,King Suite with Sofa Bed,king bed,King,Suite,5.0,15242.0,2058.0,17300.0,"['Private suite', '40 m²', 'Free Wifi', 'Desk', 'TV', 'Refrigerator', 'Ironing facilities', 'Satellite channels', 'Tea/Coffee maker', 'Radio', 'Microwave', 'Heating', 'Hairdryer', 'Cable channels']",2025-11-03,2025-11-04,https://www.booking.com/hotel/us/hotel-foxfire-drive-waupaca.html?aid=304142&label=gen173nr-10CBkoggI46AdIM1gEaGyIAQGYATO4ARfIAQzYAQPoAQH4AQGIAgGoAgG4ApeMjsgGwAIB0gIkMjlmODgzOGUtNTk5OC00MjNhLTg3OTUtN2M0MDViOGZmZmU12AIB4AIB&sid=b4a3f7b31a243b80f8ac20db0073a78a&all_sr_blocks=49230404_0_2_1_0&checkin=2025-11-01&checkout=2025-11-05&dest_id=492304&dest_type=hotel&dist=0&group_adults=2&group_children=0&hapos=1&highlighted_blocks=49230404_0_2_1_0&hpos=1&matching_block_id=49230404_0_2_1_0&no_rooms=1&req_adults=2&req_children=0&room1=A%2CA&sb_price_type=total&sr_order=popularity&sr_pri_blocks=49230404_0_2_1_0__52691&srepoch=1761840509&srpvid=2c457177b03c0322&type=total&ucfs=1&,
BOOKING_3,booking,Us,Queen Suite - Non-Smoking,sofa bedand,Sofa,Suite,5.0,12974.0,1751.0,14725.0,"['40 m²', 'Free Wifi', 'Refrigerator', 'Ironing facilities', 'Satellite channels', 'Tea/Coffee maker', 'Radio', 'Microwave', 'Heating', 'Hairdryer', 'Cable channels']",2025-11-04,2025-11-05,https://www.booking.com/hotel/us/hotel-foxfire-drive-waupaca.html?aid=304142&label=gen173nr-10CBkoggI46AdIM1gEaGyIAQGYATO4ARfIAQzYAQPoAQH4AQGIAgGoAgG4ApeMjsgGwAIB0gIkMjlmODgzOGUtNTk5OC00MjNhLTg3OTUtN2M0MDViOGZmZmU12AIB4AIB&sid=b4a3f7b31a243b80f8ac20db0073a78a&all_sr_blocks=49230404_0_2_1_0&checkin=2025-11-01&checkout=2025-11-05&dest_id=492304&dest_type=hotel&dist=0&group_adults=2&group_children=0&hapos=1&highlighted_blocks=49230404_0_2_1_0&hpos=1&matching_block_id=49230404_0_2_1_0&no_rooms=1&req_adults=2&req_children=0&room1=A%2CA&sb_price_type=total&sr_order=popularity&sr_pri_blocks=49230404_0_2_1_0__52691&srepoch=1761840509&srpvid=2c457177b03c0322&type=total&ucfs=1&,
BOOKING_3,booking,Us,King Suite,king bedand1 sofa bed,King,Suite,5.0,14749.0,1991.0,16740.0,"['Private suite', '40 m²', 'Free Wifi', 'Desk', 'Refrigerator', 'Ironing facilities', 'Satellite channels', 'Tea/Coffee maker', 'Radio', 'Microwave', 'Heating', 'Hairdryer', 'Cable channels']",2025-11-04,2025-11-05,https://www.booking.com/hotel/us/hotel-foxfire-drive-waupaca.html?aid=304142&label=gen173nr-10CBkoggI46AdIM1gEaGyIAQGYATO4ARfIAQzYAQPoAQH4AQGIAgGoAgG4ApeMjsgGwAIB0gIkMjlmODgzOGUtNTk5OC00MjNhLTg3OTUtN2M0MDViOGZmZmU12AIB4AIB&sid=b4a3f7b31a243b80f8ac20db0073a78a&all_sr_blocks=49230404_0_2_1_0&checkin=2025-11-01&checkout=2025-11-05&dest_id=492304&dest_type=hotel&dist=0&group_adults=2&group_children=0&hapos=1&highlighted_blocks=49230404_0_2_1_0&hpos=1&matching_block_id=49230404_0_2_1_0&no_rooms=1&req_adults=2&req_children=0&room1=A%2CA&sb_price_type=total&sr_order=popularity&sr_pri_blocks=49230404_0_2_1_0__52691&srepoch=1761840509&srpvid=2c457177b03c0322&type=total&ucfs=1&,
BOOKING_3,booking,Us,Queen Suite with Two Queen Beds - Accessible/Non-Smoking,queen beds,Queen,Suite,1.0,12974.0,1751.0,14725.0,"['Private suite', '40 m²', 'Free Wifi', 'Refrigerator', 'Tea/Coffee maker', 'Radio', 'Microwave', 'Hairdryer']",2025-11-04,2025-11-05,https://www.booking.com/hotel/us/hotel-foxfire-drive-waupaca.html?aid=304142&label=gen173nr-10CBkoggI46AdIM1gEaGyIAQGYATO4ARfIAQzYAQPoAQH4AQGIAgGoAgG4ApeMjsgGwAIB0gIkMjlmODgzOGUtNTk5OC00MjNhLTg3OTUtN2M0MDViOGZmZmU12AIB4AIB&sid=b4a3f7b31a243b80f8ac20db0073a78a&all_sr_blocks=49230404_0_2_1_0&checkin=2025-11-01&checkout=2025-11-05&dest_id=492304&dest_type=hotel&dist=0&group_adults=2&group_children=0&hapos=1&highlighted_blocks=49230404_0_2_1_0&hpos=1&matching_block_id=49230404_0_2_1_0&no_rooms=1&req_adults=2&req_children=0&room1=A%2CA&sb_price_type=total&sr_order=popularity&sr_pri_blocks=49230404_0_2_1_0__52691&srepoch=1761840509&srpvid=2c457177b03c0322&type=total&ucfs=1&,
BOOKING_3,booking,Us,King Suite - Disability Access/Non-Smoking,king bedand,King,Suite,4.0,14749.0,1991.0,16740.0,"['40 m²', 'Free Wifi', 'Refrigerator', 'Ironing facilities', 'Satellite channels', 'Tea/Coffee maker', 'Radio', 'Microwave', 'Heating', 'Hairdryer', 'Cable channels']",2025-11-04,2025-11-05,https://www.booking.com/hotel/us/hotel-foxfire-drive-waupaca.html?aid=304142&label=gen173nr-10CBkoggI46AdIM1gEaGyIAQGYATO4ARfIAQzYAQPoAQH4AQGIAgGoAgG4ApeMjsgGwAIB0gIkMjlmODgzOGUtNTk5OC00MjNhLTg3OTUtN2M0MDViOGZmZmU12AIB4AIB&sid=b4a3f7b31a243b80f8ac20db0073a78a&all_sr_blocks=49230404_0_2_1_0&checkin=2025-11-01&checkout=2025-11-05&dest_id=492304&dest_type=hotel&dist=0&group_adults=2&group_children=0&hapos=1&highlighted_blocks=49230404_0_2_1_0&hpos=1&matching_block_id=49230404_0_2_1_0&no_rooms=1&req_adults=2&req_children=0&room1=A%2CA&sb_price_type=total&sr_order=popularity&sr_pri_blocks=49230404_0_2_1_0__52691&srepoch=1761840509&srpvid=2c457177b03c0322&type=total&ucfs=1&,
BOOKING_3,booking,Us,King Suite with Tub,king bed,King,Suite,5.0,15637.0,2111.0,17748.0,"['Private suite', '40 m²', 'Free Wifi', 'Fireplace', 'TV', 'Refrigerator', 'Ironing facilities', 'Satellite channels', 'Tea/Coffee maker', 'Radio', 'Microwave', 'Heating', 'Hairdryer', 'Cable channels']",2025-11-04,2025-11-05,https://www.booking.com/hotel/us/hotel-foxfire-drive-waupaca.html?aid=304142&label=gen173nr-10CBkoggI46AdIM1gEaGyIAQGYATO4ARfIAQzYAQPoAQH4AQGIAgGoAgG4ApeMjsgGwAIB0gIkMjlmODgzOGUtNTk5OC00MjNhLTg3OTUtN2M0MDViOGZmZmU12AIB4AIB&sid=b4a3f7b31a243b80f8ac20db0073a78a&all_sr_blocks=49230404_0_2_1_0&checkin=2025-11-01&checkout=2025-11-05&dest_id=492304&dest_type=hotel&dist=0&group_adults=2&group_children=0&hapos=1&highlighted_blocks=49230404_0_2_1_0&hpos=1&matching_block_id=49230404_0_2_1_0&no_rooms=1&req_adults=2&req_children=0&room1=A%2CA&sb_price_type=total&sr_order=popularity&sr_pri_blocks=49230404_0_2_1_0__52691&srepoch=1761840509&srpvid=2c457177b03c0322&type=total&ucfs=1&,
BOOKING_3,booking,Us,King Suite with Sofa Bed,king bed,King,Suite,5.0,15637.0,2111.0,17748.0,"['Private suite', '40 m²', 'Free Wifi', 'Desk', 'TV', 'Refrigerator', 'Ironing facilities', 'Satellite channels', 'Tea/Coffee maker', 'Radio', 'Microwave', 'Heating', 'Hairdryer', 'Cable channels']",2025-11-04,2025-11-05,https://www.booking.com/hotel/us/hotel-foxfire-drive-waupaca.html?aid=304142&label=gen173nr-10CBkoggI46AdIM1gEaGyIAQGYATO4ARfIAQzYAQPoAQH4AQGIAgGoAgG4ApeMjsgGwAIB0gIkMjlmODgzOGUtNTk5OC00MjNhLTg3OTUtN2M0MDViOGZmZmU12AIB4AIB&sid=b4a3f7b31a243b80f8ac20db0073a78a&all_sr_blocks=49230404_0_2_1_0&checkin=2025-11-01&checkout=2025-11-05&dest_id=492304&dest_type=hotel&dist=0&group_adults=2&group_children=0&hapos=1&highlighted_blocks=49230404_0_2_1_0&hpos=1&matching_block_id=49230404_0_2_1_0&no_rooms=1&req_adults=2&req_children=0&room1=A%2CA&sb_price_type=total&sr_order=popularity&sr_pri_blocks=49230404_0_2_1_0__52691&srepoch=1761840509&srpvid=2c457177b03c0322&type=total&ucfs=1&,
BOOKING_3,booking,Comfort Suites at Par 4 Resort,Queen Suite - Non-Smoking,,,Suite,0.0,9472.0,1279.0,10751.0,"['40 m²', 'Free Wifi', '', 'Refrigerator', '', 'Ironing facilities', '', 'Satellite channels', '', 'Tea/Coffee maker', '', 'Radio', '', 'Microwave', '', 'Heating', '', 'Hairdryer', '', 'Cable channels']",2025-11-05,2025-11-06,https://www.booking.com/hotel/us/hotel-foxfire-drive-waupaca.html?aid=304142&label=gen173nr-10CBkoggI46AdIM1gEaGyIAQGYATO4ARfIAQzYAQPoAQH4AQGIAgGoAgG4ApeMjsgGwAIB0gIkMjlmODgzOGUtNTk5OC00MjNhLTg3OTUtN2M0MDViOGZmZmU12AIB4AIB&sid=b4a3f7b31a243b80f8ac20db0073a78a&all_sr_blocks=49230404_0_2_1_0&checkin=2025-11-01&checkout=2025-11-05&dest_id=492304&dest_type=hotel&dist=0&group_adults=2&group_children=0&hapos=1&highlighted_blocks=49230404_0_2_1_0&hpos=1&matching_block_id=49230404_0_2_1_0&no_rooms=1&req_adults=2&req_children=0&room1=A%2CA&sb_price_type=total&sr_order=popularity&sr_pri_blocks=49230404_0_2_1_0__52691&srepoch=1761840509&srpvid=2c457177b03c0322&type=total&ucfs=1&,
BOOKING_3,booking,Comfort Suites at Par 4 Resort,King Suite,king bedand1 sofa bed,King,Suite,5.0,12927.0,1745.0,14672.0,"['Private suite', '40 m²', 'Free Wifi', 'Desk', 'Refrigerator', 'Ironing facilities', 'Satellite channels', 'Tea/Coffee maker', 'Radio', 'Microwave', 'Heating', 'Hairdryer', 'Cable channels']",2025-11-05,2025-11-06,https://www.booking.com/hotel/us/hotel-foxfire-drive-waupaca.html?aid=304142&label=gen173nr-10CBkoggI46AdIM1gEaGyIAQGYATO4ARfIAQzYAQPoAQH4AQGIAgGoAgG4ApeMjsgGwAIB0gIkMjlmODgzOGUtNTk5OC00MjNhLTg3OTUtN2M0MDViOGZmZmU12AIB4AIB&sid=b4a3f7b31a243b80f8ac20db0073a78a&all_sr_blocks=49230404_0_2_1_0&checkin=2025-11-01&checkout=2025-11-05&dest_id=492304&dest_type=hotel&dist=0&group_adults=2&group_children=0&hapos=1&highlighted_blocks=49230404_0_2_1_0&hpos=1&matching_block_id=49230404_0_2_1_0&no_rooms=1&req_adults=2&req_children=0&room1=A%2CA&sb_price_type=total&sr_order=popularity&sr_pri_blocks=49230404_0_2_1_0__52691&srepoch=1761840509&srpvid=2c457177b03c0322&type=total&ucfs=1&,
BOOKING_3,booking,Comfort Suites at Par 4 Resort,Queen Suite with Two Queen Beds - Accessible/Non-Smoking,queen beds,Queen,Suite,1.0,11329.0,1529.0,12858.0,"['Private suite', '40 m²', 'Free Wifi', 'Refrigerator', 'Tea/Coffee maker', 'Radio', 'Microwave', 'Hairdryer']",2025-11-05,2025-11-06,https://www.booking.com/hotel/us/hotel-foxfire-drive-waupaca.html?aid=304142&label=gen173nr-10CBkoggI46AdIM1gEaGyIAQGYATO4ARfIAQzYAQPoAQH4AQGIAgGoAgG4ApeMjsgGwAIB0gIkMjlmODgzOGUtNTk5OC00MjNhLTg3OTUtN2M0MDViOGZmZmU12AIB4AIB&sid=b4a3f7b31a243b80f8ac20db0073a78a&all_sr_blocks=49230404_0_2_1_0&checkin=2025-11-01&checkout=2025-11-05&dest_id=492304&dest_type=hotel&dist=0&group_adults=2&group_children=0&hapos=1&highlighted_blocks=49230404_0_2_1_0&hpos=1&matching_block_id=49230404_0_2_1_0&no_rooms=1&req_adults=2&req_children=0&room1=A%2CA&sb_price_type=total&sr_order=popularity&sr_pri_blocks=49230404_0_2_1_0__52691&srepoch=1761840509&srpvid=2c457177b03c0322&type=total&ucfs=1&,
BOOKING_3,booking,Comfort Suites at Par 4 Resort,King Suite - Disability Access/Non-Smoking,king bedand,King,Suite,3.0,12927.0,1745.0,14672.0,"['40 m²', 'Free Wifi', 'Refrigerator', 'Ironing facilities', 'Satellite channels', 'Tea/Coffee maker', 'Radio', 'Microwave', 'Heating', 'Hairdryer', 'Cable channels']",2025-11-05,2025-11-06,https://www.booking.com/hotel/us/hotel-foxfire-drive-waupaca.html?aid=304142&label=gen173nr-10CBkoggI46AdIM1gEaGyIAQGYATO4ARfIAQzYAQPoAQH4AQGIAgGoAgG4ApeMjsgGwAIB0gIkMjlmODgzOGUtNTk5OC00MjNhLTg3OTUtN2M0MDViOGZmZmU12AIB4AIB&sid=b4a3f7b31a243b80f8ac20db0073a78a&all_sr_blocks=49230404_0_2_1_0&checkin=2025-11-01&checkout=2025-11-05&dest_id=492304&dest_type=hotel&dist=0&group_adults=2&group_children=0&hapos=1&highlighted_blocks=49230404_0_2_1_0&hpos=1&matching_block_id=49230404_0_2_1_0&no_rooms=1&req_adults=2&req_children=0&room1=A%2CA&sb_price_type=total&sr_order=popularity&sr_pri_blocks=49230404_0_2_1_0__52691&srepoch=1761840509&srpvid=2c457177b03c0322&type=total&ucfs=1&,
BOOKING_3,booking,Comfort Suites at Par 4 Resort,King Suite with Tub,king bed,King,Suite,5.0,13726.0,1853.0,15579.0,"['Private suite', '40 m²', 'Free Wifi', 'Fireplace', 'TV', 'Refrigerator', 'Ironing facilities', 'Satellite channels', 'Tea/Coffee maker', 'Radio', 'Microwave', 'Heating', 'Hairdryer', 'Cable channels']",2025-11-05,2025-11-06,https://www.booking.com/hotel/us/hotel-foxfire-drive-waupaca.html?aid=304142&label=gen173nr-10CBkoggI46AdIM1gEaGyIAQGYATO4ARfIAQzYAQPoAQH4AQGIAgGoAgG4ApeMjsgGwAIB0gIkMjlmODgzOGUtNTk5OC00MjNhLTg3OTUtN2M0MDViOGZmZmU12AIB4AIB&sid=b4a3f7b31a243b80f8ac20db0073a78a&all_sr_blocks=49230404_0_2_1_0&checkin=2025-11-01&checkout=2025-11-05&dest_id=492304&dest_type=hotel&dist=0&group_adults=2&group_children=0&hapos=1&highlighted_blocks=49230404_0_2_1_0&hpos=1&matching_block_id=49230404_0_2_1_0&no_rooms=1&req_adults=2&req_children=0&room1=A%2CA&sb_price_type=total&sr_order=popularity&sr_pri_blocks=49230404_0_2_1_0__52691&srepoch=1761840509&srpvid=2c457177b03c0322&type=total&ucfs=1&,
BOOKING_3,booking,Comfort Suites at Par 4 Resort,King Suite with Sofa Bed,king bed,King,Suite,5.0,13726.0,1853.0,15579.0,"['Private suite', '40 m²', 'Free Wifi', 'Desk', 'TV', 'Refrigerator', 'Ironing facilities', 'Satellite channels', 'Tea/Coffee maker', 'Radio', 'Microwave', 'Heating', 'Hairdryer', 'Cable channels']",2025-11-05,2025-11-06,https://www.booking.com/hotel/us/hotel-foxfire-drive-waupaca.html?aid=304142&label=gen173nr-10CBkoggI46AdIM1gEaGyIAQGYATO4ARfIAQzYAQPoAQH4AQGIAgGoAgG4ApeMjsgGwAIB0gIkMjlmODgzOGUtNTk5OC00MjNhLTg3OTUtN2M0MDViOGZmZmU12AIB4AIB&sid=b4a3f7b31a243b80f8ac20db0073a78a&all_sr_blocks=49230404_0_2_1_0&checkin=2025-11-01&checkout=2025-11-05&dest_id=492304&dest_type=hotel&dist=0&group_adults=2&group_children=0&hapos=1&highlighted_blocks=49230404_0_2_1_0&hpos=1&matching_block_id=49230404_0_2_1_0&no_rooms=1&req_adults=2&req_children=0&room1=A%2CA&sb_price_type=total&sr_order=popularity&sr_pri_blocks=49230404_0_2_1_0__52691&srepoch=1761840509&srpvid=2c457177b03c0322&type=total&ucfs=1&,
BOOKING_3,booking,Us,Queen Suite - Non-Smoking,sofa bedand,Sofa,Suite,5.0,10479.0,1415.0,11894.0,"['40 m²', 'Free Wifi', 'Refrigerator', 'Ironing facilities', 'Satellite channels', 'Tea/Coffee maker', 'Radio', 'Microwave', 'Heating', 'Hairdryer', 'Cable channels']",2025-11-06,2025-11-07,https://www.booking.com/hotel/us/hotel-foxfire-drive-waupaca.html?aid=304142&label=gen173nr-10CBkoggI46AdIM1gEaGyIAQGYATO4ARfIAQzYAQPoAQH4AQGIAgGoAgG4ApeMjsgGwAIB0gIkMjlmODgzOGUtNTk5OC00MjNhLTg3OTUtN2M0MDViOGZmZmU12AIB4AIB&sid=b4a3f7b31a243b80f8ac20db0073a78a&all_sr_blocks=49230404_0_2_1_0&checkin=2025-11-01&checkout=2025-11-05&dest_id=492304&dest_type=hotel&dist=0&group_adults=2&group_children=0&hapos=1&highlighted_blocks=49230404_0_2_1_0&hpos=1&matching_block_id=49230404_0_2_1_0&no_rooms=1&req_adults=2&req_children=0&room1=A%2CA&sb_price_type=total&sr_order=popularity&sr_pri_blocks=49230404_0_2_1_0__52691&srepoch=1761840509&srpvid=2c457177b03c0322&type=total&ucfs=1&,
BOOKING_3,booking,Us,King Suite,king bedand1 sofa bed,King,Suite,5.0,12076.0,1630.0,13706.0,"['Private suite', '40 m²', 'Free Wifi', 'Desk', 'Refrigerator', 'Ironing facilities', 'Satellite channels', 'Tea/Coffee maker', 'Radio', 'Microwave', 'Heating', 'Hairdryer', 'Cable channels']",2025-11-06,2025-11-07,https://www.booking.com/hotel/us/hotel-foxfire-drive-waupaca.html?aid=304142&label=gen173nr-10CBkoggI46AdIM1gEaGyIAQGYATO4ARfIAQzYAQPoAQH4AQGIAgGoAgG4ApeMjsgGwAIB0gIkMjlmODgzOGUtNTk5OC00MjNhLTg3OTUtN2M0MDViOGZmZmU12AIB4AIB&sid=b4a3f7b31a243b80f8ac20db0073a78a&all_sr_blocks=49230404_0_2_1_0&checkin=2025-11-01&checkout=2025-11-05&dest_id=492304&dest_type=hotel&dist=0&group_adults=2&group_children=0&hapos=1&highlighted_blocks=49230404_0_2_1_0&hpos=1&matching_block_id=49230404_0_2_1_0&no_rooms=1&req_adults=2&req_children=0&room1=A%2CA&sb_price_type=total&sr_order=popularity&sr_pri_blocks=49230404_0_2_1_0__52691&srepoch=1761840509&srpvid=2c457177b03c0322&type=total&ucfs=1&,
BOOKING_3,booking,Us,Queen Suite with Two Queen Beds - Accessible/Non-Smoking,queen beds,Queen,Suite,1.0,10479.0,1415.0,11894.0,"['Private suite', '40 m²', 'Free Wifi', 'Refrigerator', 'Tea/Coffee maker', 'Radio', 'Microwave', 'Hairdryer']",2025-11-06,2025-11-07,https://www.booking.com/hotel/us/hotel-foxfire-drive-waupaca.html?aid=304142&label=gen173nr-10CBkoggI46AdIM1gEaGyIAQGYATO4ARfIAQzYAQPoAQH4AQGIAgGoAgG4ApeMjsgGwAIB0gIkMjlmODgzOGUtNTk5OC00MjNhLTg3OTUtN2M0MDViOGZmZmU12AIB4AIB&sid=b4a3f7b31a243b80f8ac20db0073a78a&all_sr_blocks=49230404_0_2_1_0&checkin=2025-11-01&checkout=2025-11-05&dest_id=492304&dest_type=hotel&dist=0&group_adults=2&group_children=0&hapos=1&highlighted_blocks=49230404_0_2_1_0&hpos=1&matching_block_id=49230404_0_2_1_0&no_rooms=1&req_adults=2&req_children=0&room1=A%2CA&sb_price_type=total&sr_order=popularity&sr_pri_blocks=49230404_0_2_1_0__52691&srepoch=1761840509&srpvid=2c457177b03c0322&type=total&ucfs=1&,
BOOKING_3,booking,Us,King Suite - Disability Access/Non-Smoking,king bedand,King,Suite,3.0,12076.0,1630.0,13706.0,"['40 m²', 'Free Wifi', 'Refrigerator', 'Ironing facilities', 'Satellite channels', 'Tea/Coffee maker', 'Radio', 'Microwave', 'Heating', 'Hairdryer', 'Cable channels']",2025-11-06,2025-11-07,https://www.booking.com/hotel/us/hotel-foxfire-drive-waupaca.html?aid=304142&label=gen173nr-10CBkoggI46AdIM1gEaGyIAQGYATO4ARfIAQzYAQPoAQH4AQGIAgGoAgG4ApeMjsgGwAIB0gIkMjlmODgzOGUtNTk5OC00MjNhLTg3OTUtN2M0MDViOGZmZmU12AIB4AIB&sid=b4a3f7b31a243b80f8ac20db0073a78a&all_sr_blocks=49230404_0_2_1_0&checkin=2025-11-01&checkout=2025-11-05&dest_id=492304&dest_type=hotel&dist=0&group_adults=2&group_children=0&hapos=1&highlighted_blocks=49230404_0_2_1_0&hpos=1&matching_block_id=49230404_0_2_1_0&no_rooms=1&req_adults=2&req_children=0&room1=A%2CA&sb_price_type=total&sr_order=popularity&sr_pri_blocks=49230404_0_2_1_0__52691&srepoch=1761840509&srpvid=2c457177b03c0322&type=total&ucfs=1&,
BOOKING_3,booking,Us,King Suite with Tub,king bed,King,Suite,5.0,12875.0,1738.0,14613.0,"['Private suite', '40 m²', 'Free Wifi', 'Fireplace', 'TV', 'Refrigerator', 'Ironing facilities', 'Satellite channels', 'Tea/Coffee maker', 'Radio', 'Microwave', 'Heating', 'Hairdryer', 'Cable channels']",2025-11-06,2025-11-07,https://www.booking.com/hotel/us/hotel-foxfire-drive-waupaca.html?aid=304142&label=gen173nr-10CBkoggI46AdIM1gEaGyIAQGYATO4ARfIAQzYAQPoAQH4AQGIAgGoAgG4ApeMjsgGwAIB0gIkMjlmODgzOGUtNTk5OC00MjNhLTg3OTUtN2M0MDViOGZmZmU12AIB4AIB&sid=b4a3f7b31a243b80f8ac20db0073a78a&all_sr_blocks=49230404_0_2_1_0&checkin=2025-11-01&checkout=2025-11-05&dest_id=492304&dest_type=hotel&dist=0&group_adults=2&group_children=0&hapos=1&highlighted_blocks=49230404_0_2_1_0&hpos=1&matching_block_id=49230404_0_2_1_0&no_rooms=1&req_adults=2&req_children=0&room1=A%2CA&sb_price_type=total&sr_order=popularity&sr_pri_blocks=49230404_0_2_1_0__52691&srepoch=1761840509&srpvid=2c457177b03c0322&type=total&ucfs=1&,
BOOKING_3,booking,Us,King Suite with Sofa Bed,king bed,King,Suite,5.0,12875.0,1738.0,14613.0,"['Private suite', '40 m²', 'Free Wifi', 'Desk', 'TV', 'Refrigerator', 'Ironing facilities', 'Satellite channels', 'Tea/Coffee maker', 'Radio', 'Microwave', 'Heating', 'Hairdryer', 'Cable channels']",2025-11-06,2025-11-07,https://www.booking.com/hotel/us/hotel-foxfire-drive-waupaca.html?aid=304142&label=gen173nr-10CBkoggI46AdIM1gEaGyIAQGYATO4ARfIAQzYAQPoAQH4AQGIAgGoAgG4ApeMjsgGwAIB0gIkMjlmODgzOGUtNTk5OC00MjNhLTg3OTUtN2M0MDViOGZmZmU12AIB4AIB&sid=b4a3f7b31a243b80f8ac20db0073a78a&all_sr_blocks=49230404_0_2_1_0&checkin=2025-11-01&checkout=2025-11-05&dest_id=492304&dest_type=hotel&dist=0&group_adults=2&group_children=0&hapos=1&highlighted_blocks=49230404_0_2_1_0&hpos=1&matching_block_id=49230404_0_2_1_0&no_rooms=1&req_adults=2&req_children=0&room1=A%2CA&sb_price_type=total&sr_order=popularity&sr_pri_blocks=49230404_0_2_1_0__52691&srepoch=1761840509&srpvid=2c457177b03c0322&type=total&ucfs=1&,
BOOKING_3,booking,Us,Queen Suite - Non-Smoking,sofa bedand,Sofa,Suite,5.0,12995.0,1754.0,14749.0,"['40 m²', 'Free Wifi', 'Refrigerator', 'Ironing facilities', 'Satellite channels', 'Tea/Coffee maker', 'Radio', 'Microwave', 'Heating', 'Hairdryer', 'Cable channels']",2025-11-07,2025-11-08,https://www.booking.com/hotel/us/hotel-foxfire-drive-waupaca.html?aid=304142&label=gen173nr-10CBkoggI46AdIM1gEaGyIAQGYATO4ARfIAQzYAQPoAQH4AQGIAgGoAgG4ApeMjsgGwAIB0gIkMjlmODgzOGUtNTk5OC00MjNhLTg3OTUtN2M0MDViOGZmZmU12AIB4AIB&sid=b4a3f7b31a243b80f8ac20db0073a78a&all_sr_blocks=49230404_0_2_1_0&checkin=2025-11-01&checkout=2025-11-05&dest_id=492304&dest_type=hotel&dist=0&group_adults=2&group_children=0&hapos=1&highlighted_blocks=49230404_0_2_1_0&hpos=1&matching_block_id=49230404_0_2_1_0&no_rooms=1&req_adults=2&req_children=0&room1=A%2CA&sb_price_type=total&sr_order=popularity&sr_pri_blocks=49230404_0_2_1_0__52691&srepoch=1761840509&srpvid=2c457177b03c0322&type=total&ucfs=1&,
BOOKING_3,booking,Us,King Suite,king bedand1 sofa bed,King,Suite,5.0,13155.0,1776.0,14931.0,"['Private suite', '40 m²', 'Free Wifi', 'Desk', 'Refrigerator', 'Ironing facilities', 'Satellite channels', 'Tea/Coffee maker', 'Radio', 'Microwave', 'Heating', 'Hairdryer', 'Cable channels']",2025-11-07,2025-11-08,https://www.booking.com/hotel/us/hotel-foxfire-drive-waupaca.html?aid=304142&label=gen173nr-10CBkoggI46AdIM1gEaGyIAQGYATO4ARfIAQzYAQPoAQH4AQGIAgGoAgG4ApeMjsgGwAIB0gIkMjlmODgzOGUtNTk5OC00MjNhLTg3OTUtN2M0MDViOGZmZmU12AIB4AIB&sid=b4a3f7b31a243b80f8ac20db0073a78a&all_sr_blocks=49230404_0_2_1_0&checkin=2025-11-01&checkout=2025-11-05&dest_id=492304&dest_type=hotel&dist=0&group_adults=2&group_children=0&hapos=1&highlighted_blocks=49230404_0_2_1_0&hpos=1&matching_block_id=49230404_0_2_1_0&no_rooms=1&req_adults=2&req_children=0&room1=A%2CA&sb_price_type=total&sr_order=popularity&sr_pri_blocks=49230404_0_2_1_0__52691&srepoch=1761840509&srpvid=2c457177b03c0322&type=total&ucfs=1&,
BOOKING_3,booking,Us,Queen Suite with Two Queen Beds - Accessible/Non-Smoking,queen beds,Queen,Suite,1.0,12995.0,1754.0,14749.0,"['Private suite', '40 m²', 'Free Wifi', 'Refrigerator', 'Tea/Coffee maker', 'Radio', 'Microwave', 'Hairdryer']",2025-11-07,2025-11-08,https://www.booking.com/hotel/us/hotel-foxfire-drive-waupaca.html?aid=304142&label=gen173nr-10CBkoggI46AdIM1gEaGyIAQGYATO4ARfIAQzYAQPoAQH4AQGIAgGoAgG4ApeMjsgGwAIB0gIkMjlmODgzOGUtNTk5OC00MjNhLTg3OTUtN2M0MDViOGZmZmU12AIB4AIB&sid=b4a3f7b31a243b80f8ac20db0073a78a&all_sr_blocks=49230404_0_2_1_0&checkin=2025-11-01&checkout=2025-11-05&dest_id=492304&dest_type=hotel&dist=0&group_adults=2&group_children=0&hapos=1&highlighted_blocks=49230404_0_2_1_0&hpos=1&matching_block_id=49230404_0_2_1_0&no_rooms=1&req_adults=2&req_children=0&room1=A%2CA&sb_price_type=total&sr_order=popularity&sr_pri_blocks=49230404_0_2_1_0__52691&srepoch=1761840509&srpvid=2c457177b03c0322&type=total&ucfs=1&,
BOOKING_3,booking,Us,King Suite - Disability Access/Non-Smoking,king bedand,King,Suite,4.0,13155.0,1776.0,14931.0,"['40 m²', 'Free Wifi', 'Refrigerator', 'Ironing facilities', 'Satellite channels', 'Tea/Coffee maker', 'Radio', 'Microwave', 'Heating', 'Hairdryer', 'Cable channels']",2025-11-07,2025-11-08,https://www.booking.com/hotel/us/hotel-foxfire-drive-waupaca.html?aid=304142&label=gen173nr-10CBkoggI46AdIM1gEaGyIAQGYATO4ARfIAQzYAQPoAQH4AQGIAgGoAgG4ApeMjsgGwAIB0gIkMjlmODgzOGUtNTk5OC00MjNhLTg3OTUtN2M0MDViOGZmZmU12AIB4AIB&sid=b4a3f7b31a243b80f8ac20db0073a78a&all_sr_blocks=49230404_0_2_1_0&checkin=2025-11-01&checkout=2025-11-05&dest_id=492304&dest_type=hotel&dist=0&group_adults=2&group_children=0&hapos=1&highlighted_blocks=49230404_0_2_1_0&hpos=1&matching_block_id=49230404_0_2_1_0&no_rooms=1&req_adults=2&req_children=0&room1=A%2CA&sb_price_type=total&sr_order=popularity&sr_pri_blocks=49230404_0_2_1_0__52691&srepoch=1761840509&srpvid=2c457177b03c0322&type=total&ucfs=1&,
BOOKING_3,booking,Us,King Suite with Tub,king bed,King,Suite,5.0,13794.0,1862.0,15656.0,"['Private suite', '40 m²', 'Free Wifi', 'Fireplace', 'TV', 'Refrigerator', 'Ironing facilities', 'Satellite channels', 'Tea/Coffee maker', 'Radio', 'Microwave', 'Heating', 'Hairdryer', 'Cable channels']",2025-11-07,2025-11-08,https://www.booking.com/hotel/us/hotel-foxfire-drive-waupaca.html?aid=304142&label=gen173nr-10CBkoggI46AdIM1gEaGyIAQGYATO4ARfIAQzYAQPoAQH4AQGIAgGoAgG4ApeMjsgGwAIB0gIkMjlmODgzOGUtNTk5OC00MjNhLTg3OTUtN2M0MDViOGZmZmU12AIB4AIB&sid=b4a3f7b31a243b80f8ac20db0073a78a&all_sr_blocks=49230404_0_2_1_0&checkin=2025-11-01&checkout=2025-11-05&dest_id=492304&dest_type=hotel&dist=0&group_adults=2&group_children=0&hapos=1&highlighted_blocks=49230404_0_2_1_0&hpos=1&matching_block_id=49230404_0_2_1_0&no_rooms=1&req_adults=2&req_children=0&room1=A%2CA&sb_price_type=total&sr_order=popularity&sr_pri_blocks=49230404_0_2_1_0__52691&srepoch=1761840509&srpvid=2c457177b03c0322&type=total&ucfs=1&,
BOOKING_3,booking,Us,King Suite with Sofa Bed,king bed,King,Suite,5.0,13794.0,1862.0,15656.0,"['Private suite', '40 m²', 'Free Wifi', 'Desk', 'TV', 'Refrigerator', 'Ironing facilities', 'Satellite channels', 'Tea/Coffee maker', 'Radio', 'Microwave', 'Heating', 'Hairdryer', 'Cable channels']",2025-11-07,2025-11-08,https://www.booking.com/hotel/us/hotel-foxfire-drive-waupaca.html?aid=304142&label=gen173nr-10CBkoggI46AdIM1gEaGyIAQGYATO4ARfIAQzYAQPoAQH4AQGIAgGoAgG4ApeMjsgGwAIB0gIkMjlmODgzOGUtNTk5OC00MjNhLTg3OTUtN2M0MDViOGZmZmU12AIB4AIB&sid=b4a3f7b31a243b80f8ac20db0073a78a&all_sr_blocks=49230404_0_2_1_0&checkin=2025-11-01&checkout=2025-11-05&dest_id=492304&dest_type=hotel&dist=0&group_adults=2&group_children=0&hapos=1&highlighted_blocks=49230404_0_2_1_0&hpos=1&matching_block_id=49230404_0_2_1_0&no_rooms=1&req_adults=2&req_children=0&room1=A%2CA&sb_price_type=total&sr_order=popularity&sr_pri_blocks=49230404_0_2_1_0__52691&srepoch=1761840509&srpvid=2c457177b03c0322&type=total&ucfs=1&,
BOOKING_3,booking,Us,Queen Suite - Non-Smoking,sofa bedand,Sofa,Suite,5.0,13278.0,1793.0,15071.0,"['40 m²', 'Free Wifi', 'Refrigerator', 'Ironing facilities', 'Satellite channels', 'Tea/Coffee maker', 'Radio', 'Microwave', 'Heating', 'Hairdryer', 'Cable channels']",2025-11-08,2025-11-09,https://www.booking.com/hotel/us/hotel-foxfire-drive-waupaca.html?aid=304142&label=gen173nr-10CBkoggI46AdIM1gEaGyIAQGYATO4ARfIAQzYAQPoAQH4AQGIAgGoAgG4ApeMjsgGwAIB0gIkMjlmODgzOGUtNTk5OC00MjNhLTg3OTUtN2M0MDViOGZmZmU12AIB4AIB&sid=b4a3f7b31a243b80f8ac20db0073a78a&all_sr_blocks=49230404_0_2_1_0&checkin=2025-11-01&checkout=2025-11-05&dest_id=492304&dest_type=hotel&dist=0&group_adults=2&group_children=0&hapos=1&highlighted_blocks=49230404_0_2_1_0&hpos=1&matching_block_id=49230404_0_2_1_0&no_rooms=1&req_adults=2&req_children=0&room1=A%2CA&sb_price_type=total&sr_order=popularity&sr_pri_blocks=49230404_0_2_1_0__52691&srepoch=1761840509&srpvid=2c457177b03c0322&type=total&ucfs=1&,
BOOKING_3,booking,Us,King Suite,king bedand1 sofa bed,King,Suite,5.0,13438.0,1814.0,15252.0,"['Private suite', '40 m²', 'Free Wifi', 'Desk', 'Refrigerator', 'Ironing facilities', 'Satellite channels', 'Tea/Coffee maker', 'Radio', 'Microwave', 'Heating', 'Hairdryer', 'Cable channels']",2025-11-08,2025-11-09,https://www.booking.com/hotel/us/hotel-foxfire-drive-waupaca.html?aid=304142&label=gen173nr-10CBkoggI46AdIM1gEaGyIAQGYATO4ARfIAQzYAQPoAQH4AQGIAgGoAgG4ApeMjsgGwAIB0gIkMjlmODgzOGUtNTk5OC00MjNhLTg3OTUtN2M0MDViOGZmZmU12AIB4AIB&sid=b4a3f7b31a243b80f8ac20db0073a78a&all_sr_blocks=49230404_0_2_1_0&checkin=2025-11-01&checkout=2025-11-05&dest_id=492304&dest_type=hotel&dist=0&group_adults=2&group_children=0&hapos=1&highlighted_blocks=49230404_0_2_1_0&hpos=1&matching_block_id=49230404_0_2_1_0&no_rooms=1&req_adults=2&req_children=0&room1=A%2CA&sb_price_type=total&sr_order=popularity&sr_pri_blocks=49230404_0_2_1_0__52691&srepoch=1761840509&srpvid=2c457177b03c0322&type=total&ucfs=1&,
BOOKING_3,booking,Us,Queen Suite with Two Queen Beds - Accessible/Non-Smoking,queen beds,Queen,Suite,1.0,13278.0,1793.0,15071.0,"['Private suite', '40 m²', 'Free Wifi', 'Refrigerator', 'Tea/Coffee maker', 'Radio', 'Microwave', 'Hairdryer']",2025-11-08,2025-11-09,https://www.booking.com/hotel/us/hotel-foxfire-drive-waupaca.html?aid=304142&label=gen173nr-10CBkoggI46AdIM1gEaGyIAQGYATO4ARfIAQzYAQPoAQH4AQGIAgGoAgG4ApeMjsgGwAIB0gIkMjlmODgzOGUtNTk5OC00MjNhLTg3OTUtN2M0MDViOGZmZmU12AIB4AIB&sid=b4a3f7b31a243b80f8ac20db0073a78a&all_sr_blocks=49230404_0_2_1_0&checkin=2025-11-01&checkout=2025-11-05&dest_id=492304&dest_type=hotel&dist=0&group_adults=2&group_children=0&hapos=1&highlighted_blocks=49230404_0_2_1_0&hpos=1&matching_block_id=49230404_0_2_1_0&no_rooms=1&req_adults=2&req_children=0&room1=A%2CA&sb_price_type=total&sr_order=popularity&sr_pri_blocks=49230404_0_2_1_0__52691&srepoch=1761840509&srpvid=2c457177b03c0322&type=total&ucfs=1&,
BOOKING_3,booking,Us,King Suite - Disability Access/Non-Smoking,king bedand,King,Suite,4.0,13438.0,1814.0,15252.0,"['40 m²', 'Free Wifi', 'Refrigerator', 'Ironing facilities', 'Satellite channels', 'Tea/Coffee maker', 'Radio', 'Microwave', 'Heating', 'Hairdryer', 'Cable channels']",2025-11-08,2025-11-09,https://www.booking.com/hotel/us/hotel-foxfire-drive-waupaca.html?aid=304142&label=gen173nr-10CBkoggI46AdIM1gEaGyIAQGYATO4ARfIAQzYAQPoAQH4AQGIAgGoAgG4ApeMjsgGwAIB0gIkMjlmODgzOGUtNTk5OC00MjNhLTg3OTUtN2M0MDViOGZmZmU12AIB4AIB&sid=b4a3f7b31a243b80f8ac20db0073a78a&all_sr_blocks=49230404_0_2_1_0&checkin=2025-11-01&checkout=2025-11-05&dest_id=492304&dest_type=hotel&dist=0&group_adults=2&group_children=0&hapos=1&highlighted_blocks=49230404_0_2_1_0&hpos=1&matching_block_id=49230404_0_2_1_0&no_rooms=1&req_adults=2&req_children=0&room1=A%2CA&sb_price_type=total&sr_order=popularity&sr_pri_blocks=49230404_0_2_1_0__52691&srepoch=1761840509&srpvid=2c457177b03c0322&type=total&ucfs=1&,
BOOKING_3,booking,Us,King Suite with Tub,king bed,King,Suite,2.0,14077.0,1900.0,15977.0,"['Private suite', '40 m²', 'Free Wifi', 'Fireplace', 'TV', 'Refrigerator', 'Ironing facilities', 'Satellite channels', 'Tea/Coffee maker', 'Radio', 'Microwave', 'Heating', 'Hairdryer', 'Cable channels']",2025-11-08,2025-11-09,https://www.booking.com/hotel/us/hotel-foxfire-drive-waupaca.html?aid=304142&label=gen173nr-10CBkoggI46AdIM1gEaGyIAQGYATO4ARfIAQzYAQPoAQH4AQGIAgGoAgG4ApeMjsgGwAIB0gIkMjlmODgzOGUtNTk5OC00MjNhLTg3OTUtN2M0MDViOGZmZmU12AIB4AIB&sid=b4a3f7b31a243b80f8ac20db0073a78a&all_sr_blocks=49230404_0_2_1_0&checkin=2025-11-01&checkout=2025-11-05&dest_id=492304&dest_type=hotel&dist=0&group_adults=2&group_children=0&hapos=1&highlighted_blocks=49230404_0_2_1_0&hpos=1&matching_block_id=49230404_0_2_1_0&no_rooms=1&req_adults=2&req_children=0&room1=A%2CA&sb_price_type=total&sr_order=popularity&sr_pri_blocks=49230404_0_2_1_0__52691&srepoch=1761840509&srpvid=2c457177b03c0322&type=total&ucfs=1&,
BOOKING_3,booking,Us,King Suite with Sofa Bed,king bed,King,Suite,5.0,14077.0,1900.0,15977.0,"['Private suite', '40 m²', 'Free Wifi', 'Desk', 'TV', 'Refrigerator', 'Ironing facilities', 'Satellite channels', 'Tea/Coffee maker', 'Radio', 'Microwave', 'Heating', 'Hairdryer', 'Cable channels']",2025-11-08,2025-11-09,https://www.booking.com/hotel/us/hotel-foxfire-drive-waupaca.html?aid=304142&label=gen173nr-10CBkoggI46AdIM1gEaGyIAQGYATO4ARfIAQzYAQPoAQH4AQGIAgGoAgG4ApeMjsgGwAIB0gIkMjlmODgzOGUtNTk5OC00MjNhLTg3OTUtN2M0MDViOGZmZmU12AIB4AIB&sid=b4a3f7b31a243b80f8ac20db0073a78a&all_sr_blocks=49230404_0_2_1_0&checkin=2025-11-01&checkout=2025-11-05&dest_id=492304&dest_type=hotel&dist=0&group_adults=2&group_children=0&hapos=1&highlighted_blocks=49230404_0_2_1_0&hpos=1&matching_block_id=49230404_0_2_1_0&no_rooms=1&req_adults=2&req_children=0&room1=A%2CA&sb_price_type=total&sr_order=popularity&sr_pri_blocks=49230404_0_2_1_0__52691&srepoch=1761840509&srpvid=2c457177b03c0322&type=total&ucfs=1&,
BOOKING_3,booking,Comfort Suites at Par 4 Resort,Queen Suite - Non-Smoking,sofa bedand,Sofa,Suite,5.0,11279.0,1523.0,12802.0,"['40 m²', 'Free Wifi', 'Refrigerator', 'Ironing facilities', 'Satellite channels', 'Tea/Coffee maker', 'Radio', 'Microwave', 'Heating', 'Hairdryer', 'Cable channels']",2025-11-09,2025-11-10,https://www.booking.com/hotel/us/hotel-foxfire-drive-waupaca.html?aid=304142&label=gen173nr-10CBkoggI46AdIM1gEaGyIAQGYATO4ARfIAQzYAQPoAQH4AQGIAgGoAgG4ApeMjsgGwAIB0gIkMjlmODgzOGUtNTk5OC00MjNhLTg3OTUtN2M0MDViOGZmZmU12AIB4AIB&sid=b4a3f7b31a243b80f8ac20db0073a78a&all_sr_blocks=49230404_0_2_1_0&checkin=2025-11-01&checkout=2025-11-05&dest_id=492304&dest_type=hotel&dist=0&group_adults=2&group_children=0&hapos=1&highlighted_blocks=49230404_0_2_1_0&hpos=1&matching_block_id=49230404_0_2_1_0&no_rooms=1&req_adults=2&req_children=0&room1=A%2CA&sb_price_type=total&sr_order=popularity&sr_pri_blocks=49230404_0_2_1_0__52691&srepoch=1761840509&srpvid=2c457177b03c0322&type=total&ucfs=1&,
BOOKING_3,booking,Comfort Suites at Par 4 Resort,King Suite,king bedand1 sofa bed,King,Suite,5.0,12788.0,1726.0,14514.0,"['Private suite', '40 m²', 'Free Wifi', 'Desk', 'Refrigerator', 'Ironing facilities', 'Satellite channels', 'Tea/Coffee maker', 'Radio', 'Microwave', 'Heating', 'Hairdryer', 'Cable channels']",2025-11-09,2025-11-10,https://www.booking.com/hotel/us/hotel-foxfire-drive-waupaca.html?aid=304142&label=gen173nr-10CBkoggI46AdIM1gEaGyIAQGYATO4ARfIAQzYAQPoAQH4AQGIAgGoAgG4ApeMjsgGwAIB0gIkMjlmODgzOGUtNTk5OC00MjNhLTg3OTUtN2M0MDViOGZmZmU12AIB4AIB&sid=b4a3f7b31a243b80f8ac20db0073a78a&all_sr_blocks=49230404_0_2_1_0&checkin=2025-11-01&checkout=2025-11-05&dest_id=492304&dest_type=hotel&dist=0&group_adults=2&group_children=0&hapos=1&highlighted_blocks=49230404_0_2_1_0&hpos=1&matching_block_id=49230404_0_2_1_0&no_rooms=1&req_adults=2&req_children=0&room1=A%2CA&sb_price_type=total&sr_order=popularity&sr_pri_blocks=49230404_0_2_1_0__52691&srepoch=1761840509&srpvid=2c457177b03c0322&type=total&ucfs=1&,
BOOKING_3,booking,Comfort Suites at Par 4 Resort,Queen Suite with Two Queen Beds - Accessible/Non-Smoking,queen beds,Queen,Suite,1.0,11279.0,1523.0,12802.0,"['Private suite', '40 m²', 'Free Wifi', 'Refrigerator', 'Tea/Coffee maker', 'Radio', 'Microwave', 'Hairdryer']",2025-11-09,2025-11-10,https://www.booking.com/hotel/us/hotel-foxfire-drive-waupaca.html?aid=304142&label=gen173nr-10CBkoggI46AdIM1gEaGyIAQGYATO4ARfIAQzYAQPoAQH4AQGIAgGoAgG4ApeMjsgGwAIB0gIkMjlmODgzOGUtNTk5OC00MjNhLTg3OTUtN2M0MDViOGZmZmU12AIB4AIB&sid=b4a3f7b31a243b80f8ac20db0073a78a&all_sr_blocks=49230404_0_2_1_0&checkin=2025-11-01&checkout=2025-11-05&dest_id=492304&dest_type=hotel&dist=0&group_adults=2&group_children=0&hapos=1&highlighted_blocks=49230404_0_2_1_0&hpos=1&matching_block_id=49230404_0_2_1_0&no_rooms=1&req_adults=2&req_children=0&room1=A%2CA&sb_price_type=total&sr_order=popularity&sr_pri_blocks=49230404_0_2_1_0__52691&srepoch=1761840509&srpvid=2c457177b03c0322&type=total&ucfs=1&,
BOOKING_3,booking,Comfort Suites at Par 4 Resort,King Suite - Disability Access/Non-Smoking,king bedand,King,Suite,3.0,12788.0,1726.0,14514.0,"['40 m²', 'Free Wifi', 'Refrigerator', 'Ironing facilities', 'Satellite channels', 'Tea/Coffee maker', 'Radio', 'Microwave', 'Heating', 'Hairdryer', 'Cable channels']",2025-11-09,2025-11-10,https://www.booking.com/hotel/us/hotel-foxfire-drive-waupaca.html?aid=304142&label=gen173nr-10CBkoggI46AdIM1gEaGyIAQGYATO4ARfIAQzYAQPoAQH4AQGIAgGoAgG4ApeMjsgGwAIB0gIkMjlmODgzOGUtNTk5OC00MjNhLTg3OTUtN2M0MDViOGZmZmU12AIB4AIB&sid=b4a3f7b31a243b80f8ac20db0073a78a&all_sr_blocks=49230404_0_2_1_0&checkin=2025-11-01&checkout=2025-11-05&dest_id=492304&dest_type=hotel&dist=0&group_adults=2&group_children=0&hapos=1&highlighted_blocks=49230404_0_2_1_0&hpos=1&matching_block_id=49230404_0_2_1_0&no_rooms=1&req_adults=2&req_children=0&room1=A%2CA&sb_price_type=total&sr_order=popularity&sr_pri_blocks=49230404_0_2_1_0__52691&srepoch=1761840509&srpvid=2c457177b03c0322&type=total&ucfs=1&,
BOOKING_3,booking,Comfort Suites at Par 4 Resort,King Suite with Tub,king bed,King,Suite,4.0,13543.0,1828.0,15371.0,"['Private suite', '40 m²', 'Free Wifi', 'Fireplace', 'TV', 'Refrigerator', 'Ironing facilities', 'Satellite channels', 'Tea/Coffee maker', 'Radio', 'Microwave', 'Heating', 'Hairdryer', 'Cable channels']",2025-11-09,2025-11-10,https://www.booking.com/hotel/us/hotel-foxfire-drive-waupaca.html?aid=304142&label=gen173nr-10CBkoggI46AdIM1gEaGyIAQGYATO4ARfIAQzYAQPoAQH4AQGIAgGoAgG4ApeMjsgGwAIB0gIkMjlmODgzOGUtNTk5OC00MjNhLTg3OTUtN2M0MDViOGZmZmU12AIB4AIB&sid=b4a3f7b31a243b80f8ac20db0073a78a&all_sr_blocks=49230404_0_2_1_0&checkin=2025-11-01&checkout=2025-11-05&dest_id=492304&dest_type=hotel&dist=0&group_adults=2&group_children=0&hapos=1&highlighted_blocks=49230404_0_2_1_0&hpos=1&matching_block_id=49230404_0_2_1_0&no_rooms=1&req_adults=2&req_children=0&room1=A%2CA&sb_price_type=total&sr_order=popularity&sr_pri_blocks=49230404_0_2_1_0__52691&srepoch=1761840509&srpvid=2c457177b03c0322&type=total&ucfs=1&,
BOOKING_3,booking,Comfort Suites at Par 4 Resort,King Suite with Sofa Bed,king bed,King,Suite,5.0,13543.0,1828.0,15371.0,"['Private suite', '40 m²', 'Free Wifi', 'Desk', 'TV', 'Refrigerator', 'Ironing facilities', 'Satellite channels', 'Tea/Coffee maker', 'Radio', 'Microwave', 'Heating', 'Hairdryer', 'Cable channels']",2025-11-09,2025-11-10,https://www.booking.com/hotel/us/hotel-foxfire-drive-waupaca.html?aid=304142&label=gen173nr-10CBkoggI46AdIM1gEaGyIAQGYATO4ARfIAQzYAQPoAQH4AQGIAgGoAgG4ApeMjsgGwAIB0gIkMjlmODgzOGUtNTk5OC00MjNhLTg3OTUtN2M0MDViOGZmZmU12AIB4AIB&sid=b4a3f7b31a243b80f8ac20db0073a78a&all_sr_blocks=49230404_0_2_1_0&checkin=2025-11-01&checkout=2025-11-05&dest_id=492304&dest_type=hotel&dist=0&group_adults=2&group_children=0&hapos=1&highlighted_blocks=49230404_0_2_1_0&hpos=1&matching_block_id=49230404_0_2_1_0&no_rooms=1&req_adults=2&req_children=0&room1=A%2CA&sb_price_type=total&sr_order=popularity&sr_pri_blocks=49230404_0_2_1_0__52691&srepoch=1761840509&srpvid=2c457177b03c0322&type=total&ucfs=1&,
BOOKING_3,booking,Comfort Suites at Par 4 Resort,King Suite,king bedand1 sofa bed,King,Suite,5.0,13243.0,1788.0,15031.0,"['Private suite', '40 m²', 'Free Wifi', 'Desk', 'Refrigerator', 'Ironing facilities', 'Satellite channels', 'Tea/Coffee maker', 'Radio', 'Microwave', 'Heating', 'Hairdryer', 'Cable channels']",2025-11-10,2025-11-11,https://www.booking.com/hotel/us/hotel-foxfire-drive-waupaca.html?aid=304142&label=gen173nr-10CBkoggI46AdIM1gEaGyIAQGYATO4ARfIAQzYAQPoAQH4AQGIAgGoAgG4ApeMjsgGwAIB0gIkMjlmODgzOGUtNTk5OC00MjNhLTg3OTUtN2M0MDViOGZmZmU12AIB4AIB&sid=b4a3f7b31a243b80f8ac20db0073a78a&all_sr_blocks=49230404_0_2_1_0&checkin=2025-11-01&checkout=2025-11-05&dest_id=492304&dest_type=hotel&dist=0&group_adults=2&group_children=0&hapos=1&highlighted_blocks=49230404_0_2_1_0&hpos=1&matching_block_id=49230404_0_2_1_0&no_rooms=1&req_adults=2&req_children=0&room1=A%2CA&sb_price_type=total&sr_order=popularity&sr_pri_blocks=49230404_0_2_1_0__52691&srepoch=1761840509&srpvid=2c457177b03c0322&type=total&ucfs=1&,
BOOKING_3,booking,Comfort Suites at Par 4 Resort,Queen Suite - Non-Smoking,sofa bedand,Sofa,Suite,5.0,11734.0,1584.0,13318.0,"['40 m²', 'Free Wifi', 'Refrigerator', 'Ironing facilities', 'Satellite channels', 'Tea/Coffee maker', 'Radio', 'Microwave', 'Heating', 'Hairdryer', 'Cable channels']",2025-11-10,2025-11-11,https://www.booking.com/hotel/us/hotel-foxfire-drive-waupaca.html?aid=304142&label=gen173nr-10CBkoggI46AdIM1gEaGyIAQGYATO4ARfIAQzYAQPoAQH4AQGIAgGoAgG4ApeMjsgGwAIB0gIkMjlmODgzOGUtNTk5OC00MjNhLTg3OTUtN2M0MDViOGZmZmU12AIB4AIB&sid=b4a3f7b31a243b80f8ac20db0073a78a&all_sr_blocks=49230404_0_2_1_0&checkin=2025-11-01&checkout=2025-11-05&dest_id=492304&dest_type=hotel&dist=0&group_adults=2&group_children=0&hapos=1&highlighted_blocks=49230404_0_2_1_0&hpos=1&matching_block_id=49230404_0_2_1_0&no_rooms=1&req_adults=2&req_children=0&room1=A%2CA&sb_price_type=total&sr_order=popularity&sr_pri_blocks=49230404_0_2_1_0__52691&srepoch=1761840509&srpvid=2c457177b03c0322&type=total&ucfs=1&,
BOOKING_3,booking,Comfort Suites at Par 4 Resort,Queen Suite with Two Queen Beds - Accessible/Non-Smoking,queen beds,Queen,Suite,1.0,11734.0,1584.0,13318.0,"['Private suite', '40 m²', 'Free Wifi', 'Refrigerator', 'Tea/Coffee maker', 'Radio', 'Microwave', 'Hairdryer']",2025-11-10,2025-11-11,https://www.booking.com/hotel/us/hotel-foxfire-drive-waupaca.html?aid=304142&label=gen173nr-10CBkoggI46AdIM1gEaGyIAQGYATO4ARfIAQzYAQPoAQH4AQGIAgGoAgG4ApeMjsgGwAIB0gIkMjlmODgzOGUtNTk5OC00MjNhLTg3OTUtN2M0MDViOGZmZmU12AIB4AIB&sid=b4a3f7b31a243b80f8ac20db0073a78a&all_sr_blocks=49230404_0_2_1_0&checkin=2025-11-01&checkout=2025-11-05&dest_id=492304&dest_type=hotel&dist=0&group_adults=2&group_children=0&hapos=1&highlighted_blocks=49230404_0_2_1_0&hpos=1&matching_block_id=49230404_0_2_1_0&no_rooms=1&req_adults=2&req_children=0&room1=A%2CA&sb_price_type=total&sr_order=popularity&sr_pri_blocks=49230404_0_2_1_0__52691&srepoch=1761840509&srpvid=2c457177b03c0322&type=total&ucfs=1&,
BOOKING_3,booking,Comfort Suites at Par 4 Resort,King Suite - Disability Access/Non-Smoking,king bedand,King,Suite,3.0,13243.0,1788.0,15031.0,"['40 m²', 'Free Wifi', 'Refrigerator', 'Ironing facilities', 'Satellite channels', 'Tea/Coffee maker', 'Radio', 'Microwave', 'Heating', 'Hairdryer', 'Cable channels']",2025-11-10,2025-11-11,https://www.booking.com/hotel/us/hotel-foxfire-drive-waupaca.html?aid=304142&label=gen173nr-10CBkoggI46AdIM1gEaGyIAQGYATO4ARfIAQzYAQPoAQH4AQGIAgGoAgG4ApeMjsgGwAIB0gIkMjlmODgzOGUtNTk5OC00MjNhLTg3OTUtN2M0MDViOGZmZmU12AIB4AIB&sid=b4a3f7b31a243b80f8ac20db0073a78a&all_sr_blocks=49230404_0_2_1_0&checkin=2025-11-01&checkout=2025-11-05&dest_id=492304&dest_type=hotel&dist=0&group_adults=2&group_children=0&hapos=1&highlighted_blocks=49230404_0_2_1_0&hpos=1&matching_block_id=49230404_0_2_1_0&no_rooms=1&req_adults=2&req_children=0&room1=A%2CA&sb_price_type=total&sr_order=popularity&sr_pri_blocks=49230404_0_2_1_0__52691&srepoch=1761840509&srpvid=2c457177b03c0322&type=total&ucfs=1&,
BOOKING_3,booking,Comfort Suites at Par 4 Resort,King Suite with Tub,king bed,King,Suite,5.0,13997.0,1890.0,15887.0,"['Private suite', '40 m²', 'Free Wifi', 'Fireplace', 'TV', 'Refrigerator', 'Ironing facilities', 'Satellite channels', 'Tea/Coffee maker', 'Radio', 'Microwave', 'Heating', 'Hairdryer', 'Cable channels']",2025-11-10,2025-11-11,https://www.booking.com/hotel/us/hotel-foxfire-drive-waupaca.html?aid=304142&label=gen173nr-10CBkoggI46AdIM1gEaGyIAQGYATO4ARfIAQzYAQPoAQH4AQGIAgGoAgG4ApeMjsgGwAIB0gIkMjlmODgzOGUtNTk5OC00MjNhLTg3OTUtN2M0MDViOGZmZmU12AIB4AIB&sid=b4a3f7b31a243b80f8ac20db0073a78a&all_sr_blocks=49230404_0_2_1_0&checkin=2025-11-01&checkout=2025-11-05&dest_id=492304&dest_type=hotel&dist=0&group_adults=2&group_children=0&hapos=1&highlighted_blocks=49230404_0_2_1_0&hpos=1&matching_block_id=49230404_0_2_1_0&no_rooms=1&req_adults=2&req_children=0&room1=A%2CA&sb_price_type=total&sr_order=popularity&sr_pri_blocks=49230404_0_2_1_0__52691&srepoch=1761840509&srpvid=2c457177b03c0322&type=total&ucfs=1&,
BOOKING_3,booking,Comfort Suites at Par 4 Resort,King Suite with Sofa Bed,king bed,King,Suite,5.0,13997.0,1890.0,15887.0,"['Private suite', '40 m²', 'Free Wifi', 'Desk', 'TV', 'Refrigerator', 'Ironing facilities', 'Satellite channels', 'Tea/Coffee maker', 'Radio', 'Microwave', 'Heating', 'Hairdryer', 'Cable channels']",2025-11-10,2025-11-11,https://www.booking.com/hotel/us/hotel-foxfire-drive-waupaca.html?aid=304142&label=gen173nr-10CBkoggI46AdIM1gEaGyIAQGYATO4ARfIAQzYAQPoAQH4AQGIAgGoAgG4ApeMjsgGwAIB0gIkMjlmODgzOGUtNTk5OC00MjNhLTg3OTUtN2M0MDViOGZmZmU12AIB4AIB&sid=b4a3f7b31a243b80f8ac20db0073a78a&all_sr_blocks=49230404_0_2_1_0&checkin=2025-11-01&checkout=2025-11-05&dest_id=492304&dest_type=hotel&dist=0&group_adults=2&group_children=0&hapos=1&highlighted_blocks=49230404_0_2_1_0&hpos=1&matching_block_id=49230404_0_2_1_0&no_rooms=1&req_adults=2&req_children=0&room1=A%2CA&sb_price_type=total&sr_order=popularity&sr_pri_blocks=49230404_0_2_1_0__52691&srepoch=1761840509&srpvid=2c457177b03c0322&type=total&ucfs=1&,
BOOKING_3,booking,Us,King Suite,king bedand1 sofa bed,King,Suite,5.0,13166.0,1777.0,14943.0,"['Private suite', '40 m²', 'Free Wifi', 'Desk', 'Refrigerator', 'Ironing facilities', 'Satellite channels', 'Tea/Coffee maker', 'Radio', 'Microwave', 'Heating', 'Hairdryer', 'Cable channels']",2025-11-11,2025-11-12,https://www.booking.com/hotel/us/hotel-foxfire-drive-waupaca.html?aid=304142&label=gen173nr-10CBkoggI46AdIM1gEaGyIAQGYATO4ARfIAQzYAQPoAQH4AQGIAgGoAgG4ApeMjsgGwAIB0gIkMjlmODgzOGUtNTk5OC00MjNhLTg3OTUtN2M0MDViOGZmZmU12AIB4AIB&sid=b4a3f7b31a243b80f8ac20db0073a78a&all_sr_blocks=49230404_0_2_1_0&checkin=2025-11-01&checkout=2025-11-05&dest_id=492304&dest_type=hotel&dist=0&group_adults=2&group_children=0&hapos=1&highlighted_blocks=49230404_0_2_1_0&hpos=1&matching_block_id=49230404_0_2_1_0&no_rooms=1&req_adults=2&req_children=0&room1=A%2CA&sb_price_type=total&sr_order=popularity&sr_pri_blocks=49230404_0_2_1_0__52691&srepoch=1761840509&srpvid=2c457177b03c0322&type=total&ucfs=1&,
BOOKING_3,booking,Us,Queen Suite - Non-Smoking,sofa bedand,Sofa,Suite,5.0,11657.0,1574.0,13231.0,"['40 m²', 'Free Wifi', 'Refrigerator', 'Ironing facilities', 'Satellite channels', 'Tea/Coffee maker', 'Radio', 'Microwave', 'Heating', 'Hairdryer', 'Cable channels']",2025-11-11,2025-11-12,https://www.booking.com/hotel/us/hotel-foxfire-drive-waupaca.html?aid=304142&label=gen173nr-10CBkoggI46AdIM1gEaGyIAQGYATO4ARfIAQzYAQPoAQH4AQGIAgGoAgG4ApeMjsgGwAIB0gIkMjlmODgzOGUtNTk5OC00MjNhLTg3OTUtN2M0MDViOGZmZmU12AIB4AIB&sid=b4a3f7b31a243b80f8ac20db0073a78a&all_sr_blocks=49230404_0_2_1_0&checkin=2025-11-01&checkout=2025-11-05&dest_id=492304&dest_type=hotel&dist=0&group_adults=2&group_children=0&hapos=1&highlighted_blocks=49230404_0_2_1_0&hpos=1&matching_block_id=49230404_0_2_1_0&no_rooms=1&req_adults=2&req_children=0&room1=A%2CA&sb_price_type=total&sr_order=popularity&sr_pri_blocks=49230404_0_2_1_0__52691&srepoch=1761840509&srpvid=2c457177b03c0322&type=total&ucfs=1&,
BOOKING_3,booking,Us,Queen Suite with Two Queen Beds - Accessible/Non-Smoking,queen beds,Queen,Suite,1.0,11657.0,1574.0,13231.0,"['Private suite', '40 m²', 'Free Wifi', 'Refrigerator', 'Tea/Coffee maker', 'Radio', 'Microwave', 'Hairdryer']",2025-11-11,2025-11-12,https://www.booking.com/hotel/us/hotel-foxfire-drive-waupaca.html?aid=304142&label=gen173nr-10CBkoggI46AdIM1gEaGyIAQGYATO4ARfIAQzYAQPoAQH4AQGIAgGoAgG4ApeMjsgGwAIB0gIkMjlmODgzOGUtNTk5OC00MjNhLTg3OTUtN2M0MDViOGZmZmU12AIB4AIB&sid=b4a3f7b31a243b80f8ac20db0073a78a&all_sr_blocks=49230404_0_2_1_0&checkin=2025-11-01&checkout=2025-11-05&dest_id=492304&dest_type=hotel&dist=0&group_adults=2&group_children=0&hapos=1&highlighted_blocks=49230404_0_2_1_0&hpos=1&matching_block_id=49230404_0_2_1_0&no_rooms=1&req_adults=2&req_children=0&room1=A%2CA&sb_price_type=total&sr_order=popularity&sr_pri_blocks=49230404_0_2_1_0__52691&srepoch=1761840509&srpvid=2c457177b03c0322&type=total&ucfs=1&,
BOOKING_3,booking,Us,King Suite - Disability Access/Non-Smoking,king bedand,King,Suite,2.0,13166.0,1777.0,14943.0,"['40 m²', 'Free Wifi', 'Refrigerator', 'Ironing facilities', 'Satellite channels', 'Tea/Coffee maker', 'Radio', 'Microwave', 'Heating', 'Hairdryer', 'Cable channels']",2025-11-11,2025-11-12,https://www.booking.com/hotel/us/hotel-foxfire-drive-waupaca.html?aid=304142&label=gen173nr-10CBkoggI46AdIM1gEaGyIAQGYATO4ARfIAQzYAQPoAQH4AQGIAgGoAgG4ApeMjsgGwAIB0gIkMjlmODgzOGUtNTk5OC00MjNhLTg3OTUtN2M0MDViOGZmZmU12AIB4AIB&sid=b4a3f7b31a243b80f8ac20db0073a78a&all_sr_blocks=49230404_0_2_1_0&checkin=2025-11-01&checkout=2025-11-05&dest_id=492304&dest_type=hotel&dist=0&group_adults=2&group_children=0&hapos=1&highlighted_blocks=49230404_0_2_1_0&hpos=1&matching_block_id=49230404_0_2_1_0&no_rooms=1&req_adults=2&req_children=0&room1=A%2CA&sb_price_type=total&sr_order=popularity&sr_pri_blocks=49230404_0_2_1_0__52691&srepoch=1761840509&srpvid=2c457177b03c0322&type=total&ucfs=1&,
BOOKING_3,booking,Us,King Suite with Tub,king bed,King,Suite,5.0,13920.0,1879.0,15799.0,"['Private suite', '40 m²', 'Free Wifi', 'Fireplace', 'TV', 'Refrigerator', 'Ironing facilities', 'Satellite channels', 'Tea/Coffee maker', 'Radio', 'Microwave', 'Heating', 'Hairdryer', 'Cable channels']",2025-11-11,2025-11-12,https://www.booking.com/hotel/us/hotel-foxfire-drive-waupaca.html?aid=304142&label=gen173nr-10CBkoggI46AdIM1gEaGyIAQGYATO4ARfIAQzYAQPoAQH4AQGIAgGoAgG4ApeMjsgGwAIB0gIkMjlmODgzOGUtNTk5OC00MjNhLTg3OTUtN2M0MDViOGZmZmU12AIB4AIB&sid=b4a3f7b31a243b80f8ac20db0073a78a&all_sr_blocks=49230404_0_2_1_0&checkin=2025-11-01&checkout=2025-11-05&dest_id=492304&dest_type=hotel&dist=0&group_adults=2&group_children=0&hapos=1&highlighted_blocks=49230404_0_2_1_0&hpos=1&matching_block_id=49230404_0_2_1_0&no_rooms=1&req_adults=2&req_children=0&room1=A%2CA&sb_price_type=total&sr_order=popularity&sr_pri_blocks=49230404_0_2_1_0__52691&srepoch=1761840509&srpvid=2c457177b03c0322&type=total&ucfs=1&,
BOOKING_3,booking,Us,King Suite with Sofa Bed,king bed,King,Suite,5.0,13920.0,1879.0,15799.0,"['Private suite', '40 m²', 'Free Wifi', 'Desk', 'TV', 'Refrigerator', 'Ironing facilities', 'Satellite channels', 'Tea/Coffee maker', 'Radio', 'Microwave', 'Heating', 'Hairdryer', 'Cable channels']",2025-11-11,2025-11-12,https://www.booking.com/hotel/us/hotel-foxfire-drive-waupaca.html?aid=304142&label=gen173nr-10CBkoggI46AdIM1gEaGyIAQGYATO4ARfIAQzYAQPoAQH4AQGIAgGoAgG4ApeMjsgGwAIB0gIkMjlmODgzOGUtNTk5OC00MjNhLTg3OTUtN2M0MDViOGZmZmU12AIB4AIB&sid=b4a3f7b31a243b80f8ac20db0073a78a&all_sr_blocks=49230404_0_2_1_0&checkin=2025-11-01&checkout=2025-11-05&dest_id=492304&dest_type=hotel&dist=0&group_adults=2&group_children=0&hapos=1&highlighted_blocks=49230404_0_2_1_0&hpos=1&matching_block_id=49230404_0_2_1_0&no_rooms=1&req_adults=2&req_children=0&room1=A%2CA&sb_price_type=total&sr_order=popularity&sr_pri_blocks=49230404_0_2_1_0__52691&srepoch=1761840509&srpvid=2c457177b03c0322&type=total&ucfs=1&,
BOOKING_3,booking,Us,Queen Suite - Non-Smoking,,,Suite,0.0,10708.0,1446.0,12154.0,"['40 m²', 'Free Wifi', '', 'Refrigerator', '', 'Ironing facilities', '', 'Satellite channels', '', 'Tea/Coffee maker', '', 'Radio', '', 'Microwave', '', 'Heating', '', 'Hairdryer', '', 'Cable channels']",2025-11-12,2025-11-13,https://www.booking.com/hotel/us/hotel-foxfire-drive-waupaca.html?aid=304142&label=gen173nr-10CBkoggI46AdIM1gEaGyIAQGYATO4ARfIAQzYAQPoAQH4AQGIAgGoAgG4ApeMjsgGwAIB0gIkMjlmODgzOGUtNTk5OC00MjNhLTg3OTUtN2M0MDViOGZmZmU12AIB4AIB&sid=b4a3f7b31a243b80f8ac20db0073a78a&all_sr_blocks=49230404_0_2_1_0&checkin=2025-11-01&checkout=2025-11-05&dest_id=492304&dest_type=hotel&dist=0&group_adults=2&group_children=0&hapos=1&highlighted_blocks=49230404_0_2_1_0&hpos=1&matching_block_id=49230404_0_2_1_0&no_rooms=1&req_adults=2&req_children=0&room1=A%2CA&sb_price_type=total&sr_order=popularity&sr_pri_blocks=49230404_0_2_1_0__52691&srepoch=1761840509&srpvid=2c457177b03c0322&type=total&ucfs=1&,
BOOKING_3,booking,Us,King Suite,king bedand1 sofa bed,King,Suite,5.0,13166.0,1777.0,14943.0,"['Private suite', '40 m²', 'Free Wifi', 'Desk', 'Refrigerator', 'Ironing facilities', 'Satellite channels', 'Tea/Coffee maker', 'Radio', 'Microwave', 'Heating', 'Hairdryer', 'Cable channels']",2025-11-12,2025-11-13,https://www.booking.com/hotel/us/hotel-foxfire-drive-waupaca.html?aid=304142&label=gen173nr-10CBkoggI46AdIM1gEaGyIAQGYATO4ARfIAQzYAQPoAQH4AQGIAgGoAgG4ApeMjsgGwAIB0gIkMjlmODgzOGUtNTk5OC00MjNhLTg3OTUtN2M0MDViOGZmZmU12AIB4AIB&sid=b4a3f7b31a243b80f8ac20db0073a78a&all_sr_blocks=49230404_0_2_1_0&checkin=2025-11-01&checkout=2025-11-05&dest_id=492304&dest_type=hotel&dist=0&group_adults=2&group_children=0&hapos=1&highlighted_blocks=49230404_0_2_1_0&hpos=1&matching_block_id=49230404_0_2_1_0&no_rooms=1&req_adults=2&req_children=0&room1=A%2CA&sb_price_type=total&sr_order=popularity&sr_pri_blocks=49230404_0_2_1_0__52691&srepoch=1761840509&srpvid=2c457177b03c0322&type=total&ucfs=1&,
BOOKING_3,booking,Us,Queen Suite with Two Queen Beds - Accessible/Non-Smoking,queen beds,Queen,Suite,1.0,11657.0,1574.0,13231.0,"['Private suite', '40 m²', 'Free Wifi', 'Refrigerator', 'Tea/Coffee maker', 'Radio', 'Microwave', 'Hairdryer']",2025-11-12,2025-11-13,https://www.booking.com/hotel/us/hotel-foxfire-drive-waupaca.html?aid=304142&label=gen173nr-10CBkoggI46AdIM1gEaGyIAQGYATO4ARfIAQzYAQPoAQH4AQGIAgGoAgG4ApeMjsgGwAIB0gIkMjlmODgzOGUtNTk5OC00MjNhLTg3OTUtN2M0MDViOGZmZmU12AIB4AIB&sid=b4a3f7b31a243b80f8ac20db0073a78a&all_sr_blocks=49230404_0_2_1_0&checkin=2025-11-01&checkout=2025-11-05&dest_id=492304&dest_type=hotel&dist=0&group_adults=2&group_children=0&hapos=1&highlighted_blocks=49230404_0_2_1_0&hpos=1&matching_block_id=49230404_0_2_1_0&no_rooms=1&req_adults=2&req_children=0&room1=A%2CA&sb_price_type=total&sr_order=popularity&sr_pri_blocks=49230404_0_2_1_0__52691&srepoch=1761840509&srpvid=2c457177b03c0322&type=total&ucfs=1&,
BOOKING_3,booking,Us,King Suite - Disability Access/Non-Smoking,king bedand,King,Suite,3.0,13166.0,1777.0,14943.0,"['40 m²', 'Free Wifi', 'Refrigerator', 'Ironing facilities', 'Satellite channels', 'Tea/Coffee maker', 'Radio', 'Microwave', 'Heating', 'Hairdryer', 'Cable channels']",2025-11-12,2025-11-13,https://www.booking.com/hotel/us/hotel-foxfire-drive-waupaca.html?aid=304142&label=gen173nr-10CBkoggI46AdIM1gEaGyIAQGYATO4ARfIAQzYAQPoAQH4AQGIAgGoAgG4ApeMjsgGwAIB0gIkMjlmODgzOGUtNTk5OC00MjNhLTg3OTUtN2M0MDViOGZmZmU12AIB4AIB&sid=b4a3f7b31a243b80f8ac20db0073a78a&all_sr_blocks=49230404_0_2_1_0&checkin=2025-11-01&checkout=2025-11-05&dest_id=492304&dest_type=hotel&dist=0&group_adults=2&group_children=0&hapos=1&highlighted_blocks=49230404_0_2_1_0&hpos=1&matching_block_id=49230404_0_2_1_0&no_rooms=1&req_adults=2&req_children=0&room1=A%2CA&sb_price_type=total&sr_order=popularity&sr_pri_blocks=49230404_0_2_1_0__52691&srepoch=1761840509&srpvid=2c457177b03c0322&type=total&ucfs=1&,
BOOKING_3,booking,Us,King Suite with Tub,king bed,King,Suite,5.0,13920.0,1879.0,15799.0,"['Private suite', '40 m²', 'Free Wifi', 'Fireplace', 'TV', 'Refrigerator', 'Ironing facilities', 'Satellite channels', 'Tea/Coffee maker', 'Radio', 'Microwave', 'Heating', 'Hairdryer', 'Cable channels']",2025-11-12,2025-11-13,https://www.booking.com/hotel/us/hotel-foxfire-drive-waupaca.html?aid=304142&label=gen173nr-10CBkoggI46AdIM1gEaGyIAQGYATO4ARfIAQzYAQPoAQH4AQGIAgGoAgG4ApeMjsgGwAIB0gIkMjlmODgzOGUtNTk5OC00MjNhLTg3OTUtN2M0MDViOGZmZmU12AIB4AIB&sid=b4a3f7b31a243b80f8ac20db0073a78a&all_sr_blocks=49230404_0_2_1_0&checkin=2025-11-01&checkout=2025-11-05&dest_id=492304&dest_type=hotel&dist=0&group_adults=2&group_children=0&hapos=1&highlighted_blocks=49230404_0_2_1_0&hpos=1&matching_block_id=49230404_0_2_1_0&no_rooms=1&req_adults=2&req_children=0&room1=A%2CA&sb_price_type=total&sr_order=popularity&sr_pri_blocks=49230404_0_2_1_0__52691&srepoch=1761840509&srpvid=2c457177b03c0322&type=total&ucfs=1&,
BOOKING_3,booking,Us,King Suite with Sofa Bed,king bed,King,Suite,5.0,13920.0,1879.0,15799.0,"['Private suite', '40 m²', 'Free Wifi', 'Desk', 'TV', 'Refrigerator', 'Ironing facilities', 'Satellite channels', 'Tea/Coffee maker', 'Radio', 'Microwave', 'Heating', 'Hairdryer', 'Cable channels']",2025-11-12,2025-11-13,https://www.booking.com/hotel/us/hotel-foxfire-drive-waupaca.html?aid=304142&label=gen173nr-10CBkoggI46AdIM1gEaGyIAQGYATO4ARfIAQzYAQPoAQH4AQGIAgGoAgG4ApeMjsgGwAIB0gIkMjlmODgzOGUtNTk5OC00MjNhLTg3OTUtN2M0MDViOGZmZmU12AIB4AIB&sid=b4a3f7b31a243b80f8ac20db0073a78a&all_sr_blocks=49230404_0_2_1_0&checkin=2025-11-01&checkout=2025-11-05&dest_id=492304&dest_type=hotel&dist=0&group_adults=2&group_children=0&hapos=1&highlighted_blocks=49230404_0_2_1_0&hpos=1&matching_block_id=49230404_0_2_1_0&no_rooms=1&req_adults=2&req_children=0&room1=A%2CA&sb_price_type=total&sr_order=popularity&sr_pri_blocks=49230404_0_2_1_0__52691&srepoch=1761840509&srpvid=2c457177b03c0322&type=total&ucfs=1&,
BOOKING_3,booking,Comfort Suites at Par 4 Resort,King Suite,king bedand1 sofa bed,King,Suite,5.0,12713.0,1716.0,14429.0,"['Private suite', '40 m²', 'Free Wifi', 'Desk', 'Refrigerator', 'Ironing facilities', 'Satellite channels', 'Tea/Coffee maker', 'Radio', 'Microwave', 'Heating', 'Hairdryer', 'Cable channels']",2025-11-13,2025-11-14,https://www.booking.com/hotel/us/hotel-foxfire-drive-waupaca.html?aid=304142&label=gen173nr-10CBkoggI46AdIM1gEaGyIAQGYATO4ARfIAQzYAQPoAQH4AQGIAgGoAgG4ApeMjsgGwAIB0gIkMjlmODgzOGUtNTk5OC00MjNhLTg3OTUtN2M0MDViOGZmZmU12AIB4AIB&sid=b4a3f7b31a243b80f8ac20db0073a78a&all_sr_blocks=49230404_0_2_1_0&checkin=2025-11-01&checkout=2025-11-05&dest_id=492304&dest_type=hotel&dist=0&group_adults=2&group_children=0&hapos=1&highlighted_blocks=49230404_0_2_1_0&hpos=1&matching_block_id=49230404_0_2_1_0&no_rooms=1&req_adults=2&req_children=0&room1=A%2CA&sb_price_type=total&sr_order=popularity&sr_pri_blocks=49230404_0_2_1_0__52691&srepoch=1761840509&srpvid=2c457177b03c0322&type=total&ucfs=1&,
BOOKING_3,booking,Comfort Suites at Par 4 Resort,Queen Suite - Non-Smoking,sofa bedand,Sofa,Suite,5.0,11204.0,1513.0,12717.0,"['40 m²', 'Free Wifi', 'Refrigerator', 'Ironing facilities', 'Satellite channels', 'Tea/Coffee maker', 'Radio', 'Microwave', 'Heating', 'Hairdryer', 'Cable channels']",2025-11-13,2025-11-14,https://www.booking.com/hotel/us/hotel-foxfire-drive-waupaca.html?aid=304142&label=gen173nr-10CBkoggI46AdIM1gEaGyIAQGYATO4ARfIAQzYAQPoAQH4AQGIAgGoAgG4ApeMjsgGwAIB0gIkMjlmODgzOGUtNTk5OC00MjNhLTg3OTUtN2M0MDViOGZmZmU12AIB4AIB&sid=b4a3f7b31a243b80f8ac20db0073a78a&all_sr_blocks=49230404_0_2_1_0&checkin=2025-11-01&checkout=2025-11-05&dest_id=492304&dest_type=hotel&dist=0&group_adults=2&group_children=0&hapos=1&highlighted_blocks=49230404_0_2_1_0&hpos=1&matching_block_id=49230404_0_2_1_0&no_rooms=1&req_adults=2&req_children=0&room1=A%2CA&sb_price_type=total&sr_order=popularity&sr_pri_blocks=49230404_0_2_1_0__52691&srepoch=1761840509&srpvid=2c457177b03c0322&type=total&ucfs=1&,
BOOKING_3,booking,Comfort Suites at Par 4 Resort,Queen Suite with Two Queen Beds - Accessible/Non-Smoking,queen beds,Queen,Suite,1.0,11204.0,1513.0,12717.0,"['Private suite', '40 m²', 'Free Wifi', 'Refrigerator', 'Tea/Coffee maker', 'Radio', 'Microwave', 'Hairdryer']",2025-11-13,2025-11-14,https://www.booking.com/hotel/us/hotel-foxfire-drive-waupaca.html?aid=304142&label=gen173nr-10CBkoggI46AdIM1gEaGyIAQGYATO4ARfIAQzYAQPoAQH4AQGIAgGoAgG4ApeMjsgGwAIB0gIkMjlmODgzOGUtNTk5OC00MjNhLTg3OTUtN2M0MDViOGZmZmU12AIB4AIB&sid=b4a3f7b31a243b80f8ac20db0073a78a&all_sr_blocks=49230404_0_2_1_0&checkin=2025-11-01&checkout=2025-11-05&dest_id=492304&dest_type=hotel&dist=0&group_adults=2&group_children=0&hapos=1&highlighted_blocks=49230404_0_2_1_0&hpos=1&matching_block_id=49230404_0_2_1_0&no_rooms=1&req_adults=2&req_children=0&room1=A%2CA&sb_price_type=total&sr_order=popularity&sr_pri_blocks=49230404_0_2_1_0__52691&srepoch=1761840509&srpvid=2c457177b03c0322&type=total&ucfs=1&,
BOOKING_3,booking,Comfort Suites at Par 4 Resort,King Suite - Disability Access/Non-Smoking,king bedand,King,Suite,3.0,12713.0,1716.0,14429.0,"['40 m²', 'Free Wifi', 'Refrigerator', 'Ironing facilities', 'Satellite channels', 'Tea/Coffee maker', 'Radio', 'Microwave', 'Heating', 'Hairdryer', 'Cable channels']",2025-11-13,2025-11-14,https://www.booking.com/hotel/us/hotel-foxfire-drive-waupaca.html?aid=304142&label=gen173nr-10CBkoggI46AdIM1gEaGyIAQGYATO4ARfIAQzYAQPoAQH4AQGIAgGoAgG4ApeMjsgGwAIB0gIkMjlmODgzOGUtNTk5OC00MjNhLTg3OTUtN2M0MDViOGZmZmU12AIB4AIB&sid=b4a3f7b31a243b80f8ac20db0073a78a&all_sr_blocks=49230404_0_2_1_0&checkin=2025-11-01&checkout=2025-11-05&dest_id=492304&dest_type=hotel&dist=0&group_adults=2&group_children=0&hapos=1&highlighted_blocks=49230404_0_2_1_0&hpos=1&matching_block_id=49230404_0_2_1_0&no_rooms=1&req_adults=2&req_children=0&room1=A%2CA&sb_price_type=total&sr_order=popularity&sr_pri_blocks=49230404_0_2_1_0__52691&srepoch=1761840509&srpvid=2c457177b03c0322&type=total&ucfs=1&,
BOOKING_3,booking,Comfort Suites at Par 4 Resort,King Suite with Tub,king bed,King,Suite,5.0,13467.0,1818.0,15285.0,"['Private suite', '40 m²', 'Free Wifi', 'Fireplace', 'TV', 'Refrigerator', 'Ironing facilities', 'Satellite channels', 'Tea/Coffee maker', 'Radio', 'Microwave', 'Heating', 'Hairdryer', 'Cable channels']",2025-11-13,2025-11-14,https://www.booking.com/hotel/us/hotel-foxfire-drive-waupaca.html?aid=304142&label=gen173nr-10CBkoggI46AdIM1gEaGyIAQGYATO4ARfIAQzYAQPoAQH4AQGIAgGoAgG4ApeMjsgGwAIB0gIkMjlmODgzOGUtNTk5OC00MjNhLTg3OTUtN2M0MDViOGZmZmU12AIB4AIB&sid=b4a3f7b31a243b80f8ac20db0073a78a&all_sr_blocks=49230404_0_2_1_0&checkin=2025-11-01&checkout=2025-11-05&dest_id=492304&dest_type=hotel&dist=0&group_adults=2&group_children=0&hapos=1&highlighted_blocks=49230404_0_2_1_0&hpos=1&matching_block_id=49230404_0_2_1_0&no_rooms=1&req_adults=2&req_children=0&room1=A%2CA&sb_price_type=total&sr_order=popularity&sr_pri_blocks=49230404_0_2_1_0__52691&srepoch=1761840509&srpvid=2c457177b03c0322&type=total&ucfs=1&,
BOOKING_3,booking,Comfort Suites at Par 4 Resort,King Suite with Sofa Bed,king bed,King,Suite,5.0,13467.0,1818.0,15285.0,"['Private suite', '40 m²', 'Free Wifi', 'Desk', 'TV', 'Refrigerator', 'Ironing facilities', 'Satellite channels', 'Tea/Coffee maker', 'Radio', 'Microwave', 'Heating', 'Hairdryer', 'Cable channels']",2025-11-13,2025-11-14,https://www.booking.com/hotel/us/hotel-foxfire-drive-waupaca.html?aid=304142&label=gen173nr-10CBkoggI46AdIM1gEaGyIAQGYATO4ARfIAQzYAQPoAQH4AQGIAgGoAgG4ApeMjsgGwAIB0gIkMjlmODgzOGUtNTk5OC00MjNhLTg3OTUtN2M0MDViOGZmZmU12AIB4AIB&sid=b4a3f7b31a243b80f8ac20db0073a78a&all_sr_blocks=49230404_0_2_1_0&checkin=2025-11-01&checkout=2025-11-05&dest_id=492304&dest_type=hotel&dist=0&group_adults=2&group_children=0&hapos=1&highlighted_blocks=49230404_0_2_1_0&hpos=1&matching_block_id=49230404_0_2_1_0&no_rooms=1&req_adults=2&req_children=0&room1=A%2CA&sb_price_type=total&sr_order=popularity&sr_pri_blocks=49230404_0_2_1_0__52691&srepoch=1761840509&srpvid=2c457177b03c0322&type=total&ucfs=1&,
BOOKING_3,booking,Us,Queen Suite - Non-Smoking,,,Suite,0.0,11513.0,1554.0,13067.0,"['40 m²', 'Free Wifi', '', 'Refrigerator', '', 'Ironing facilities', '', 'Satellite channels', '', 'Tea/Coffee maker', '', 'Radio', '', 'Microwave', '', 'Heating', '', 'Hairdryer', '', 'Cable channels']",2025-11-14,2025-11-15,https://www.booking.com/hotel/us/hotel-foxfire-drive-waupaca.html?aid=304142&label=gen173nr-10CBkoggI46AdIM1gEaGyIAQGYATO4ARfIAQzYAQPoAQH4AQGIAgGoAgG4ApeMjsgGwAIB0gIkMjlmODgzOGUtNTk5OC00MjNhLTg3OTUtN2M0MDViOGZmZmU12AIB4AIB&sid=b4a3f7b31a243b80f8ac20db0073a78a&all_sr_blocks=49230404_0_2_1_0&checkin=2025-11-01&checkout=2025-11-05&dest_id=492304&dest_type=hotel&dist=0&group_adults=2&group_children=0&hapos=1&highlighted_blocks=49230404_0_2_1_0&hpos=1&matching_block_id=49230404_0_2_1_0&no_rooms=1&req_adults=2&req_children=0&room1=A%2CA&sb_price_type=total&sr_order=popularity&sr_pri_blocks=49230404_0_2_1_0__52691&srepoch=1761840509&srpvid=2c457177b03c0322&type=total&ucfs=1&,
BOOKING_3,booking,Us,King Suite,king bedand1 sofa bed,King,Suite,5.0,12677.0,1711.0,14388.0,"['Private suite', '40 m²', 'Free Wifi', 'Desk', 'Refrigerator', 'Ironing facilities', 'Satellite channels', 'Tea/Coffee maker', 'Radio', 'Microwave', 'Heating', 'Hairdryer', 'Cable channels']",2025-11-14,2025-11-15,https://www.booking.com/hotel/us/hotel-foxfire-drive-waupaca.html?aid=304142&label=gen173nr-10CBkoggI46AdIM1gEaGyIAQGYATO4ARfIAQzYAQPoAQH4AQGIAgGoAgG4ApeMjsgGwAIB0gIkMjlmODgzOGUtNTk5OC00MjNhLTg3OTUtN2M0MDViOGZmZmU12AIB4AIB&sid=b4a3f7b31a243b80f8ac20db0073a78a&all_sr_blocks=49230404_0_2_1_0&checkin=2025-11-01&checkout=2025-11-05&dest_id=492304&dest_type=hotel&dist=0&group_adults=2&group_children=0&hapos=1&highlighted_blocks=49230404_0_2_1_0&hpos=1&matching_block_id=49230404_0_2_1_0&no_rooms=1&req_adults=2&req_children=0&room1=A%2CA&sb_price_type=total&sr_order=popularity&sr_pri_blocks=49230404_0_2_1_0__52691&srepoch=1761840509&srpvid=2c457177b03c0322&type=total&ucfs=1&,
BOOKING_3,booking,Us,Queen Suite with Two Queen Beds - Accessible/Non-Smoking,queen beds,Queen,Suite,1.0,12526.0,1691.0,14217.0,"['Private suite', '40 m²', 'Free Wifi', 'Refrigerator', 'Tea/Coffee maker', 'Radio', 'Microwave', 'Hairdryer']",2025-11-14,2025-11-15,https://www.booking.com/hotel/us/hotel-foxfire-drive-waupaca.html?aid=304142&label=gen173nr-10CBkoggI46AdIM1gEaGyIAQGYATO4ARfIAQzYAQPoAQH4AQGIAgGoAgG4ApeMjsgGwAIB0gIkMjlmODgzOGUtNTk5OC00MjNhLTg3OTUtN2M0MDViOGZmZmU12AIB4AIB&sid=b4a3f7b31a243b80f8ac20db0073a78a&all_sr_blocks=49230404_0_2_1_0&checkin=2025-11-01&checkout=2025-11-05&dest_id=492304&dest_type=hotel&dist=0&group_adults=2&group_children=0&hapos=1&highlighted_blocks=49230404_0_2_1_0&hpos=1&matching_block_id=49230404_0_2_1_0&no_rooms=1&req_adults=2&req_children=0&room1=A%2CA&sb_price_type=total&sr_order=popularity&sr_pri_blocks=49230404_0_2_1_0__52691&srepoch=1761840509&srpvid=2c457177b03c0322&type=total&ucfs=1&,
BOOKING_3,booking,Us,King Suite - Disability Access/Non-Smoking,king bedand,King,Suite,4.0,12677.0,1711.0,14388.0,"['40 m²', 'Free Wifi', 'Refrigerator', 'Ironing facilities', 'Satellite channels', 'Tea/Coffee maker', 'Radio', 'Microwave', 'Heating', 'Hairdryer', 'Cable channels']",2025-11-14,2025-11-15,https://www.booking.com/hotel/us/hotel-foxfire-drive-waupaca.html?aid=304142&label=gen173nr-10CBkoggI46AdIM1gEaGyIAQGYATO4ARfIAQzYAQPoAQH4AQGIAgGoAgG4ApeMjsgGwAIB0gIkMjlmODgzOGUtNTk5OC00MjNhLTg3OTUtN2M0MDViOGZmZmU12AIB4AIB&sid=b4a3f7b31a243b80f8ac20db0073a78a&all_sr_blocks=49230404_0_2_1_0&checkin=2025-11-01&checkout=2025-11-05&dest_id=492304&dest_type=hotel&dist=0&group_adults=2&group_children=0&hapos=1&highlighted_blocks=49230404_0_2_1_0&hpos=1&matching_block_id=49230404_0_2_1_0&no_rooms=1&req_adults=2&req_children=0&room1=A%2CA&sb_price_type=total&sr_order=popularity&sr_pri_blocks=49230404_0_2_1_0__52691&srepoch=1761840509&srpvid=2c457177b03c0322&type=total&ucfs=1&,
BOOKING_3,booking,Us,King Suite with Tub,king bed,King,Suite,5.0,13280.0,1793.0,15073.0,"['Private suite', '40 m²', 'Free Wifi', 'Fireplace', 'TV', 'Refrigerator', 'Ironing facilities', 'Satellite channels', 'Tea/Coffee maker', 'Radio', 'Microwave', 'Heating', 'Hairdryer', 'Cable channels']",2025-11-14,2025-11-15,https://www.booking.com/hotel/us/hotel-foxfire-drive-waupaca.html?aid=304142&label=gen173nr-10CBkoggI46AdIM1gEaGyIAQGYATO4ARfIAQzYAQPoAQH4AQGIAgGoAgG4ApeMjsgGwAIB0gIkMjlmODgzOGUtNTk5OC00MjNhLTg3OTUtN2M0MDViOGZmZmU12AIB4AIB&sid=b4a3f7b31a243b80f8ac20db0073a78a&all_sr_blocks=49230404_0_2_1_0&checkin=2025-11-01&checkout=2025-11-05&dest_id=492304&dest_type=hotel&dist=0&group_adults=2&group_children=0&hapos=1&highlighted_blocks=49230404_0_2_1_0&hpos=1&matching_block_id=49230404_0_2_1_0&no_rooms=1&req_adults=2&req_children=0&room1=A%2CA&sb_price_type=total&sr_order=popularity&sr_pri_blocks=49230404_0_2_1_0__52691&srepoch=1761840509&srpvid=2c457177b03c0322&type=total&ucfs=1&,
BOOKING_3,booking,Us,King Suite with Sofa Bed,king bed,King,Suite,5.0,13280.0,1793.0,15073.0,"['Private suite', '40 m²', 'Free Wifi', 'Desk', 'TV', 'Refrigerator', 'Ironing facilities', 'Satellite channels', 'Tea/Coffee maker', 'Radio', 'Microwave', 'Heating', 'Hairdryer', 'Cable channels']",2025-11-14,2025-11-15,https://www.booking.com/hotel/us/hotel-foxfire-drive-waupaca.html?aid=304142&label=gen173nr-10CBkoggI46AdIM1gEaGyIAQGYATO4ARfIAQzYAQPoAQH4AQGIAgGoAgG4ApeMjsgGwAIB0gIkMjlmODgzOGUtNTk5OC00MjNhLTg3OTUtN2M0MDViOGZmZmU12AIB4AIB&sid=b4a3f7b31a243b80f8ac20db0073a78a&all_sr_blocks=49230404_0_2_1_0&checkin=2025-11-01&checkout=2025-11-05&dest_id=492304&dest_type=hotel&dist=0&group_adults=2&group_children=0&hapos=1&highlighted_blocks=49230404_0_2_1_0&hpos=1&matching_block_id=49230404_0_2_1_0&no_rooms=1&req_adults=2&req_children=0&room1=A%2CA&sb_price_type=total&sr_order=popularity&sr_pri_blocks=49230404_0_2_1_0__52691&srepoch=1761840509&srpvid=2c457177b03c0322&type=total&ucfs=1&,
BOOKING_3,booking,Comfort Suites at Par 4 Resort,King Suite,king bedand1 sofa bed,King,Suite,5.0,12685.0,1712.0,14397.0,"['Private suite', '40 m²', 'Free Wifi', 'Desk', 'Refrigerator', 'Ironing facilities', 'Satellite channels', 'Tea/Coffee maker', 'Radio', 'Microwave', 'Heating', 'Hairdryer', 'Cable channels']",2025-11-15,2025-11-16,https://www.booking.com/hotel/us/hotel-foxfire-drive-waupaca.html?aid=304142&label=gen173nr-10CBkoggI46AdIM1gEaGyIAQGYATO4ARfIAQzYAQPoAQH4AQGIAgGoAgG4ApeMjsgGwAIB0gIkMjlmODgzOGUtNTk5OC00MjNhLTg3OTUtN2M0MDViOGZmZmU12AIB4AIB&sid=b4a3f7b31a243b80f8ac20db0073a78a&all_sr_blocks=49230404_0_2_1_0&checkin=2025-11-01&checkout=2025-11-05&dest_id=492304&dest_type=hotel&dist=0&group_adults=2&group_children=0&hapos=1&highlighted_blocks=49230404_0_2_1_0&hpos=1&matching_block_id=49230404_0_2_1_0&no_rooms=1&req_adults=2&req_children=0&room1=A%2CA&sb_price_type=total&sr_order=popularity&sr_pri_blocks=49230404_0_2_1_0__52691&srepoch=1761840509&srpvid=2c457177b03c0322&type=total&ucfs=1&,
BOOKING_3,booking,Comfort Suites at Par 4 Resort,Queen Suite - Non-Smoking,sofa bedand,Sofa,Suite,5.0,12534.0,1692.0,14226.0,"['40 m²', 'Free Wifi', 'Refrigerator', 'Ironing facilities', 'Satellite channels', 'Tea/Coffee maker', 'Radio', 'Microwave', 'Heating', 'Hairdryer', 'Cable channels']",2025-11-15,2025-11-16,https://www.booking.com/hotel/us/hotel-foxfire-drive-waupaca.html?aid=304142&label=gen173nr-10CBkoggI46AdIM1gEaGyIAQGYATO4ARfIAQzYAQPoAQH4AQGIAgGoAgG4ApeMjsgGwAIB0gIkMjlmODgzOGUtNTk5OC00MjNhLTg3OTUtN2M0MDViOGZmZmU12AIB4AIB&sid=b4a3f7b31a243b80f8ac20db0073a78a&all_sr_blocks=49230404_0_2_1_0&checkin=2025-11-01&checkout=2025-11-05&dest_id=492304&dest_type=hotel&dist=0&group_adults=2&group_children=0&hapos=1&highlighted_blocks=49230404_0_2_1_0&hpos=1&matching_block_id=49230404_0_2_1_0&no_rooms=1&req_adults=2&req_children=0&room1=A%2CA&sb_price_type=total&sr_order=popularity&sr_pri_blocks=49230404_0_2_1_0__52691&srepoch=1761840509&srpvid=2c457177b03c0322&type=total&ucfs=1&,
BOOKING_3,booking,Comfort Suites at Par 4 Resort,Queen Suite with Two Queen Beds - Accessible/Non-Smoking,queen beds,Queen,Suite,1.0,12534.0,1692.0,14226.0,"['Private suite', '40 m²', 'Free Wifi', 'Refrigerator', 'Tea/Coffee maker', 'Radio', 'Microwave', 'Hairdryer']",2025-11-15,2025-11-16,https://www.booking.com/hotel/us/hotel-foxfire-drive-waupaca.html?aid=304142&label=gen173nr-10CBkoggI46AdIM1gEaGyIAQGYATO4ARfIAQzYAQPoAQH4AQGIAgGoAgG4ApeMjsgGwAIB0gIkMjlmODgzOGUtNTk5OC00MjNhLTg3OTUtN2M0MDViOGZmZmU12AIB4AIB&sid=b4a3f7b31a243b80f8ac20db0073a78a&all_sr_blocks=49230404_0_2_1_0&checkin=2025-11-01&checkout=2025-11-05&dest_id=492304&dest_type=hotel&dist=0&group_adults=2&group_children=0&hapos=1&highlighted_blocks=49230404_0_2_1_0&hpos=1&matching_block_id=49230404_0_2_1_0&no_rooms=1&req_adults=2&req_children=0&room1=A%2CA&sb_price_type=total&sr_order=popularity&sr_pri_blocks=49230404_0_2_1_0__52691&srepoch=1761840509&srpvid=2c457177b03c0322&type=total&ucfs=1&,
BOOKING_3,booking,Comfort Suites at Par 4 Resort,King Suite - Disability Access/Non-Smoking,king bedand,King,Suite,4.0,12685.0,1712.0,14397.0,"['40 m²', 'Free Wifi', 'Refrigerator', 'Ironing facilities', 'Satellite channels', 'Tea/Coffee maker', 'Radio', 'Microwave', 'Heating', 'Hairdryer', 'Cable channels']",2025-11-15,2025-11-16,https://www.booking.com/hotel/us/hotel-foxfire-drive-waupaca.html?aid=304142&label=gen173nr-10CBkoggI46AdIM1gEaGyIAQGYATO4ARfIAQzYAQPoAQH4AQGIAgGoAgG4ApeMjsgGwAIB0gIkMjlmODgzOGUtNTk5OC00MjNhLTg3OTUtN2M0MDViOGZmZmU12AIB4AIB&sid=b4a3f7b31a243b80f8ac20db0073a78a&all_sr_blocks=49230404_0_2_1_0&checkin=2025-11-01&checkout=2025-11-05&dest_id=492304&dest_type=hotel&dist=0&group_adults=2&group_children=0&hapos=1&highlighted_blocks=49230404_0_2_1_0&hpos=1&matching_block_id=49230404_0_2_1_0&no_rooms=1&req_adults=2&req_children=0&room1=A%2CA&sb_price_type=total&sr_order=popularity&sr_pri_blocks=49230404_0_2_1_0__52691&srepoch=1761840509&srpvid=2c457177b03c0322&type=total&ucfs=1&,
BOOKING_3,booking,Comfort Suites at Par 4 Resort,King Suite with Tub,king bed,King,Suite,5.0,13288.0,1794.0,15082.0,"['Private suite', '40 m²', 'Free Wifi', 'Fireplace', 'TV', 'Refrigerator', 'Ironing facilities', 'Satellite channels', 'Tea/Coffee maker', 'Radio', 'Microwave', 'Heating', 'Hairdryer', 'Cable channels']",2025-11-15,2025-11-16,https://www.booking.com/hotel/us/hotel-foxfire-drive-waupaca.html?aid=304142&label=gen173nr-10CBkoggI46AdIM1gEaGyIAQGYATO4ARfIAQzYAQPoAQH4AQGIAgGoAgG4ApeMjsgGwAIB0gIkMjlmODgzOGUtNTk5OC00MjNhLTg3OTUtN2M0MDViOGZmZmU12AIB4AIB&sid=b4a3f7b31a243b80f8ac20db0073a78a&all_sr_blocks=49230404_0_2_1_0&checkin=2025-11-01&checkout=2025-11-05&dest_id=492304&dest_type=hotel&dist=0&group_adults=2&group_children=0&hapos=1&highlighted_blocks=49230404_0_2_1_0&hpos=1&matching_block_id=49230404_0_2_1_0&no_rooms=1&req_adults=2&req_children=0&room1=A%2CA&sb_price_type=total&sr_order=popularity&sr_pri_blocks=49230404_0_2_1_0__52691&srepoch=1761840509&srpvid=2c457177b03c0322&type=total&ucfs=1&,
BOOKING_3,booking,Comfort Suites at Par 4 Resort,King Suite with Sofa Bed,king bed,King,Suite,5.0,13288.0,1794.0,15082.0,"['Private suite', '40 m²', 'Free Wifi', 'Desk', 'TV', 'Refrigerator', 'Ironing facilities', 'Satellite channels', 'Tea/Coffee maker', 'Radio', 'Microwave', 'Heating', 'Hairdryer', 'Cable channels']",2025-11-15,2025-11-16,https://www.booking.com/hotel/us/hotel-foxfire-drive-waupaca.html?aid=304142&label=gen173nr-10CBkoggI46AdIM1gEaGyIAQGYATO4ARfIAQzYAQPoAQH4AQGIAgGoAgG4ApeMjsgGwAIB0gIkMjlmODgzOGUtNTk5OC00MjNhLTg3OTUtN2M0MDViOGZmZmU12AIB4AIB&sid=b4a3f7b31a243b80f8ac20db0073a78a&all_sr_blocks=49230404_0_2_1_0&checkin=2025-11-01&checkout=2025-11-05&dest_id=492304&dest_type=hotel&dist=0&group_adults=2&group_children=0&hapos=1&highlighted_blocks=49230404_0_2_1_0&hpos=1&matching_block_id=49230404_0_2_1_0&no_rooms=1&req_adults=2&req_children=0&room1=A%2CA&sb_price_type=total&sr_order=popularity&sr_pri_blocks=49230404_0_2_1_0__52691&srepoch=1761840509&srpvid=2c457177b03c0322&type=total&ucfs=1&,
BOOKING_4,booking,Ramada by Wyndham Waupaca,Queen Room with Two Queen Beds - Non-Smoking,queen beds,Queen,Normal,0.0,6631.0,895.0,7526.0,"['1 room', '250 m²', 'Air conditioning', 'Attached bathroom', 'Flat-screen TV', 'Soundproof', 'Coffee machine', 'Free Wifi', 'Free toiletries', 'Toilet', 'Bathtub or shower', 'Towels', 'Linens', 'Tile/Marble floor', 'High chair', 'Sitting area', 'TV', 'Refrigerator', 'Telephone', 'Ironing facilities', 'Iron', 'Radio', 'Microwave', 'Heating', 'Hairdryer', 'Wake-up service/Alarm clock', 'Carpeted', 'Cable channels', 'Alarm clock', 'Dryer', 'Wireless internet', 'Clothes rack', 'Toilet paper', 'Entire unit wheelchair accessible', 'Single-room AC for guest accommodation']",2025-11-03,2025-11-04,https://www.booking.com/hotel/us/grand-season-inn-waupaca.html?aid=304142&label=gen173nr-10CBkoggI46AdIM1gEaGyIAQGYATO4ARfIAQzYAQPoAQH4AQGIAgGoAgG4ApeMjsgGwAIB0gIkMjlmODgzOGUtNTk5OC00MjNhLTg3OTUtN2M0MDViOGZmZmU12AIB4AIB&sid=b4a3f7b31a243b80f8ac20db0073a78a&checkin=2025-11-01&checkout=2025-11-05&dist=0&group_adults=2&group_children=0&hapos=1&hpos=1&no_rooms=1&req_adults=2&req_children=0&room1=A%2CA&sb_price_type=total&soh=1&sr_order=popularity&srepoch=1761842376&srpvid=26dd7514751709f0&type=total&ucfs=1&#no_availability_msg,
BOOKING_4,booking,Ramada by Wyndham Waupaca,King Room - Non-Smoking,king bed,King,Normal,7.0,6631.0,895.0,7526.0,"['1 room', '185 m²', 'Air conditioning', 'Attached bathroom', 'Flat-screen TV', 'Soundproof', 'Coffee machine', 'Free Wifi', 'Free toiletries', 'Toilet', 'Bathtub or shower', 'Towels', 'Linens', 'Tile/Marble floor', 'High chair', 'Sitting area', 'TV', 'Refrigerator', 'Telephone', 'Ironing facilities', 'Iron', 'Radio', 'Microwave', 'Heating', 'Hairdryer', 'Wake-up service/Alarm clock', 'Carpeted', 'Cable channels', 'Alarm clock', 'Dryer', 'Wireless internet', 'Clothes rack', 'Toilet paper', 'Entire unit wheelchair accessible', 'Single-room AC for guest accommodation']",2025-11-03,2025-11-04,https://www.booking.com/hotel/us/grand-season-inn-waupaca.html?aid=304142&label=gen173nr-10CBkoggI46AdIM1gEaGyIAQGYATO4ARfIAQzYAQPoAQH4AQGIAgGoAgG4ApeMjsgGwAIB0gIkMjlmODgzOGUtNTk5OC00MjNhLTg3OTUtN2M0MDViOGZmZmU12AIB4AIB&sid=b4a3f7b31a243b80f8ac20db0073a78a&checkin=2025-11-01&checkout=2025-11-05&dist=0&group_adults=2&group_children=0&hapos=1&hpos=1&no_rooms=1&req_adults=2&req_children=0&room1=A%2CA&sb_price_type=total&soh=1&sr_order=popularity&srepoch=1761842376&srpvid=26dd7514751709f0&type=total&ucfs=1&#no_availability_msg,
BOOKING_4,booking,Ramada by Wyndham Waupaca,Queen Room with Two Queen Beds and Bath Tub - Mobility Accessible/Non-Smoking,queen beds,Queen,Normal,0.0,6631.0,895.0,7526.0,"['1 room', '185 m²', 'Air conditioning', 'Attached bathroom', 'Flat-screen TV', 'Soundproof', 'Coffee machine', 'Free Wifi', 'Free toiletries', 'Toilet', 'Bathtub or shower', 'Towels', 'Linens', 'Tile/Marble floor', 'High chair', 'Sitting area', 'TV', 'Refrigerator', 'Telephone', 'Ironing facilities', 'Iron', 'Radio', 'Microwave', 'Heating', 'Hairdryer', 'Wake-up service/Alarm clock', 'Carpeted', 'Cable channels', 'Alarm clock', 'Dryer', 'Wireless internet', 'Clothes rack', 'Toilet paper', 'Entire unit wheelchair accessible', 'Single-room AC for guest accommodation']",2025-11-03,2025-11-04,https://www.booking.com/hotel/us/grand-season-inn-waupaca.html?aid=304142&label=gen173nr-10CBkoggI46AdIM1gEaGyIAQGYATO4ARfIAQzYAQPoAQH4AQGIAgGoAgG4ApeMjsgGwAIB0gIkMjlmODgzOGUtNTk5OC00MjNhLTg3OTUtN2M0MDViOGZmZmU12AIB4AIB&sid=b4a3f7b31a243b80f8ac20db0073a78a&checkin=2025-11-01&checkout=2025-11-05&dist=0&group_adults=2&group_children=0&hapos=1&hpos=1&no_rooms=1&req_adults=2&req_children=0&room1=A%2CA&sb_price_type=total&soh=1&sr_order=popularity&srepoch=1761842376&srpvid=26dd7514751709f0&type=total&ucfs=1&#no_availability_msg,
BOOKING_4,booking,Ramada by Wyndham Waupaca,King Studio Suite - Non-Smoking,king bed,King,Suite,2.0,7430.0,1003.0,8433.0,"['1 room', '350 m²', 'Air conditioning', 'Attached bathroom', 'Flat-screen TV', 'Soundproof', 'Coffee machine', 'Free Wifi', 'Free toiletries', 'Toilet', 'Bathtub or shower', 'Towels', 'Linens', 'Tile/Marble floor', 'High chair', 'Sitting area', 'TV', 'Refrigerator', 'Telephone', 'Ironing facilities', 'Iron', 'Radio', 'Microwave', 'Heating', 'Hairdryer', 'Wake-up service/Alarm clock', 'Carpeted', 'Cable channels', 'Alarm clock', 'Dryer', 'Wireless internet', 'Clothes rack', 'Toilet paper', 'Entire unit wheelchair accessible', 'Single-room AC for guest accommodation']",2025-11-03,2025-11-04,https://www.booking.com/hotel/us/grand-season-inn-waupaca.html?aid=304142&label=gen173nr-10CBkoggI46AdIM1gEaGyIAQGYATO4ARfIAQzYAQPoAQH4AQGIAgGoAgG4ApeMjsgGwAIB0gIkMjlmODgzOGUtNTk5OC00MjNhLTg3OTUtN2M0MDViOGZmZmU12AIB4AIB&sid=b4a3f7b31a243b80f8ac20db0073a78a&checkin=2025-11-01&checkout=2025-11-05&dist=0&group_adults=2&group_children=0&hapos=1&hpos=1&no_rooms=1&req_adults=2&req_children=0&room1=A%2CA&sb_price_type=total&soh=1&sr_order=popularity&srepoch=1761842376&srpvid=26dd7514751709f0&type=total&ucfs=1&#no_availability_msg,
BOOKING_4,booking,Ramada by Wyndham Waupaca,Queen Room - Non-Smoking,sofa bedand,Sofa,Normal,1.0,6631.0,895.0,7526.0,"['1 room', '185 m²', 'Air conditioning', 'Attached bathroom', 'Flat-screen TV', 'Soundproof', 'Coffee machine', 'Free Wifi', 'Free toiletries', 'Toilet', 'Sofa', 'Bathtub or shower', 'Towels', 'Linens', 'Tile/Marble floor', 'High chair', 'Sitting area', 'TV', 'Refrigerator', 'Telephone', 'Ironing facilities', 'Iron', 'Radio', 'Microwave', 'Heating', 'Hairdryer', 'Wake-up service/Alarm clock', 'Carpeted', 'Cable channels', 'Alarm clock', 'Dryer', 'Wireless internet', 'Clothes rack', 'Toilet paper', 'Entire unit wheelchair accessible', 'Single-room AC for guest accommodation']",2025-11-03,2025-11-04,https://www.booking.com/hotel/us/grand-season-inn-waupaca.html?aid=304142&label=gen173nr-10CBkoggI46AdIM1gEaGyIAQGYATO4ARfIAQzYAQPoAQH4AQGIAgGoAgG4ApeMjsgGwAIB0gIkMjlmODgzOGUtNTk5OC00MjNhLTg3OTUtN2M0MDViOGZmZmU12AIB4AIB&sid=b4a3f7b31a243b80f8ac20db0073a78a&checkin=2025-11-01&checkout=2025-11-05&dist=0&group_adults=2&group_children=0&hapos=1&hpos=1&no_rooms=1&req_adults=2&req_children=0&room1=A%2CA&sb_price_type=total&soh=1&sr_order=popularity&srepoch=1761842376&srpvid=26dd7514751709f0&type=total&ucfs=1&#no_availability_msg,
BOOKING_4,booking,Ramada by Wyndham Waupaca,One-Bedroom King Suite - Non-Smoking,king bedand,King,Suite,2.0,7830.0,1057.0,8887.0,"['1 room', '350 m²', 'Air conditioning', 'Attached bathroom', 'Flat-screen TV', 'Soundproof', 'Coffee machine', 'Free Wifi', 'Free toiletries', 'Toilet', 'Sofa', 'Bathtub or shower', 'Towels', 'Linens', 'Tile/Marble floor', 'High chair', 'Sitting area', 'TV', 'Refrigerator', 'Telephone', 'Ironing facilities', 'Iron', 'Radio', 'Microwave', 'Heating', 'Hairdryer', 'Wake-up service/Alarm clock', 'Carpeted', 'Cable channels', 'Alarm clock', 'Dryer', 'Wireless internet', 'Clothes rack', 'Toilet paper', 'Entire unit wheelchair accessible', 'Single-room AC for guest accommodation']",2025-11-03,2025-11-04,https://www.booking.com/hotel/us/grand-season-inn-waupaca.html?aid=304142&label=gen173nr-10CBkoggI46AdIM1gEaGyIAQGYATO4ARfIAQzYAQPoAQH4AQGIAgGoAgG4ApeMjsgGwAIB0gIkMjlmODgzOGUtNTk5OC00MjNhLTg3OTUtN2M0MDViOGZmZmU12AIB4AIB&sid=b4a3f7b31a243b80f8ac20db0073a78a&checkin=2025-11-01&checkout=2025-11-05&dist=0&group_adults=2&group_children=0&hapos=1&hpos=1&no_rooms=1&req_adults=2&req_children=0&room1=A%2CA&sb_price_type=total&soh=1&sr_order=popularity&srepoch=1761842376&srpvid=26dd7514751709f0&type=total&ucfs=1&#no_availability_msg,
BOOKING_4,booking,Ramada by Wyndham Waupaca,Deluxe King Studio Suite - Non-Smoking,queen beds,Queen,Suite,3.0,8229.0,1111.0,9340.0,"['1 room', '350 m²', 'Air conditioning', 'Attached bathroom', 'Flat-screen TV', 'Soundproof', 'Coffee machine', 'Free Wifi', 'Free toiletries', 'Toilet', 'Bathtub or shower', 'Towels', 'Linens', 'Tile/Marble floor', 'High chair', 'Sitting area', 'TV', 'Refrigerator', 'Telephone', 'Ironing facilities', 'Iron', 'Radio', 'Microwave', 'Heating', 'Hairdryer', 'Wake-up service/Alarm clock', 'Carpeted', 'Cable channels', 'Alarm clock', 'Dryer', 'Wireless internet', 'Clothes rack', 'Toilet paper', 'Entire unit wheelchair accessible', 'Single-room AC for guest accommodation']",2025-11-03,2025-11-04,https://www.booking.com/hotel/us/grand-season-inn-waupaca.html?aid=304142&label=gen173nr-10CBkoggI46AdIM1gEaGyIAQGYATO4ARfIAQzYAQPoAQH4AQGIAgGoAgG4ApeMjsgGwAIB0gIkMjlmODgzOGUtNTk5OC00MjNhLTg3OTUtN2M0MDViOGZmZmU12AIB4AIB&sid=b4a3f7b31a243b80f8ac20db0073a78a&checkin=2025-11-01&checkout=2025-11-05&dist=0&group_adults=2&group_children=0&hapos=1&hpos=1&no_rooms=1&req_adults=2&req_children=0&room1=A%2CA&sb_price_type=total&soh=1&sr_order=popularity&srepoch=1761842376&srpvid=26dd7514751709f0&type=total&ucfs=1&#no_availability_msg,
BOOKING_4,booking,Ramada by Wyndham Waupaca,Efficiency Queen Room - Non-Smoking,queen bed,Queen,Normal,2.0,9827.0,1327.0,11154.0,"['Entire studio', 'Private kitchen', 'Private bathroom', 'Air conditioning', 'Minibar', 'Free Wifi', 'Free toiletries', 'Kitchen', 'Toilet', 'Sofa', 'Sitting area', 'TV', 'Refrigerator', 'Tea/Coffee maker', 'Iron', 'Microwave', 'Heating', 'Hairdryer', 'Kitchenware', 'Cable channels', 'Wardrobe or closet', 'Oven', 'Stovetop', 'Wireless internet', 'Dining area']",2025-11-03,2025-11-04,https://www.booking.com/hotel/us/grand-season-inn-waupaca.html?aid=304142&label=gen173nr-10CBkoggI46AdIM1gEaGyIAQGYATO4ARfIAQzYAQPoAQH4AQGIAgGoAgG4ApeMjsgGwAIB0gIkMjlmODgzOGUtNTk5OC00MjNhLTg3OTUtN2M0MDViOGZmZmU12AIB4AIB&sid=b4a3f7b31a243b80f8ac20db0073a78a&checkin=2025-11-01&checkout=2025-11-05&dist=0&group_adults=2&group_children=0&hapos=1&hpos=1&no_rooms=1&req_adults=2&req_children=0&room1=A%2CA&sb_price_type=total&soh=1&sr_order=popularity&srepoch=1761842376&srpvid=26dd7514751709f0&type=total&ucfs=1&#no_availability_msg,
BOOKING_4,booking,Ramada by Wyndham Waupaca,King Room - Non-Smoking,king bed,King,Normal,5.0,6263.0,845.0,7108.0,"['1 room', '185 m²', 'Air conditioning', 'Attached bathroom', 'Flat-screen TV', 'Soundproof', 'Coffee machine', 'Free Wifi', 'Free toiletries', 'Toilet', 'Bathtub or shower', 'Towels', 'Linens', 'Tile/Marble floor', 'High chair', 'Sitting area', 'TV', 'Refrigerator', 'Telephone', 'Ironing facilities', 'Iron', 'Radio', 'Microwave', 'Heating', 'Hairdryer', 'Wake-up service/Alarm clock', 'Carpeted', 'Cable channels', 'Alarm clock', 'Dryer', 'Wireless internet', 'Clothes rack', 'Toilet paper', 'Entire unit wheelchair accessible', 'Single-room AC for guest accommodation']",2025-11-05,2025-11-06,https://www.booking.com/hotel/us/grand-season-inn-waupaca.html?aid=304142&label=gen173nr-10CBkoggI46AdIM1gEaGyIAQGYATO4ARfIAQzYAQPoAQH4AQGIAgGoAgG4ApeMjsgGwAIB0gIkMjlmODgzOGUtNTk5OC00MjNhLTg3OTUtN2M0MDViOGZmZmU12AIB4AIB&sid=b4a3f7b31a243b80f8ac20db0073a78a&checkin=2025-11-01&checkout=2025-11-05&dist=0&group_adults=2&group_children=0&hapos=1&hpos=1&no_rooms=1&req_adults=2&req_children=0&room1=A%2CA&sb_price_type=total&soh=1&sr_order=popularity&srepoch=1761842376&srpvid=26dd7514751709f0&type=total&ucfs=1&#no_availability_msg,
BOOKING_4,booking,Ramada by Wyndham Waupaca,Queen Room with Two Queen Beds - Non-Smoking,queen beds,Queen,Normal,0.0,6263.0,845.0,7108.0,"['1 room', '250 m²', 'Air conditioning', 'Attached bathroom', 'Flat-screen TV', 'Soundproof', 'Coffee machine', 'Free Wifi', 'Free toiletries', 'Toilet', 'Bathtub or shower', 'Towels', 'Linens', 'Tile/Marble floor', 'High chair', 'Sitting area', 'TV', 'Refrigerator', 'Telephone', 'Ironing facilities', 'Iron', 'Radio', 'Microwave', 'Heating', 'Hairdryer', 'Wake-up service/Alarm clock', 'Carpeted', 'Cable channels', 'Alarm clock', 'Dryer', 'Wireless internet', 'Clothes rack', 'Toilet paper', 'Entire unit wheelchair accessible', 'Single-room AC for guest accommodation']",2025-11-05,2025-11-06,https://www.booking.com/hotel/us/grand-season-inn-waupaca.html?aid=304142&label=gen173nr-10CBkoggI46AdIM1gEaGyIAQGYATO4ARfIAQzYAQPoAQH4AQGIAgGoAgG4ApeMjsgGwAIB0gIkMjlmODgzOGUtNTk5OC00MjNhLTg3OTUtN2M0MDViOGZmZmU12AIB4AIB&sid=b4a3f7b31a243b80f8ac20db0073a78a&checkin=2025-11-01&checkout=2025-11-05&dist=0&group_adults=2&group_children=0&hapos=1&hpos=1&no_rooms=1&req_adults=2&req_children=0&room1=A%2CA&sb_price_type=total&soh=1&sr_order=popularity&srepoch=1761842376&srpvid=26dd7514751709f0&type=total&ucfs=1&#no_availability_msg,
BOOKING_4,booking,Ramada by Wyndham Waupaca,Queen Room - Non-Smoking,sofa bedand,Sofa,Normal,1.0,6263.0,845.0,7108.0,"['1 room', '185 m²', 'Air conditioning', 'Attached bathroom', 'Flat-screen TV', 'Soundproof', 'Coffee machine', 'Free Wifi', 'Free toiletries', 'Toilet', 'Sofa', 'Bathtub or shower', 'Towels', 'Linens', 'Tile/Marble floor', 'High chair', 'Sitting area', 'TV', 'Refrigerator', 'Telephone', 'Ironing facilities', 'Iron', 'Radio', 'Microwave', 'Heating', 'Hairdryer', 'Wake-up service/Alarm clock', 'Carpeted', 'Cable channels', 'Alarm clock', 'Dryer', 'Wireless internet', 'Clothes rack', 'Toilet paper', 'Entire unit wheelchair accessible', 'Single-room AC for guest accommodation']",2025-11-05,2025-11-06,https://www.booking.com/hotel/us/grand-season-inn-waupaca.html?aid=304142&label=gen173nr-10CBkoggI46AdIM1gEaGyIAQGYATO4ARfIAQzYAQPoAQH4AQGIAgGoAgG4ApeMjsgGwAIB0gIkMjlmODgzOGUtNTk5OC00MjNhLTg3OTUtN2M0MDViOGZmZmU12AIB4AIB&sid=b4a3f7b31a243b80f8ac20db0073a78a&checkin=2025-11-01&checkout=2025-11-05&dist=0&group_adults=2&group_children=0&hapos=1&hpos=1&no_rooms=1&req_adults=2&req_children=0&room1=A%2CA&sb_price_type=total&soh=1&sr_order=popularity&srepoch=1761842376&srpvid=26dd7514751709f0&type=total&ucfs=1&#no_availability_msg,
BOOKING_4,booking,Ramada by Wyndham Waupaca,Queen Room with Two Queen Beds and Bath Tub - Mobility Accessible/Non-Smoking,queen beds,Queen,Normal,0.0,6263.0,845.0,7108.0,"['1 room', '185 m²', 'Air conditioning', 'Attached bathroom', 'Flat-screen TV', 'Soundproof', 'Coffee machine', 'Free Wifi', 'Free toiletries', 'Toilet', 'Bathtub or shower', 'Towels', 'Linens', 'Tile/Marble floor', 'High chair', 'Sitting area', 'TV', 'Refrigerator', 'Telephone', 'Ironing facilities', 'Iron', 'Radio', 'Microwave', 'Heating', 'Hairdryer', 'Wake-up service/Alarm clock', 'Carpeted', 'Cable channels', 'Alarm clock', 'Dryer', 'Wireless internet', 'Clothes rack', 'Toilet paper', 'Entire unit wheelchair accessible', 'Single-room AC for guest accommodation']",2025-11-05,2025-11-06,https://www.booking.com/hotel/us/grand-season-inn-waupaca.html?aid=304142&label=gen173nr-10CBkoggI46AdIM1gEaGyIAQGYATO4ARfIAQzYAQPoAQH4AQGIAgGoAgG4ApeMjsgGwAIB0gIkMjlmODgzOGUtNTk5OC00MjNhLTg3OTUtN2M0MDViOGZmZmU12AIB4AIB&sid=b4a3f7b31a243b80f8ac20db0073a78a&checkin=2025-11-01&checkout=2025-11-05&dist=0&group_adults=2&group_children=0&hapos=1&hpos=1&no_rooms=1&req_adults=2&req_children=0&room1=A%2CA&sb_price_type=total&soh=1&sr_order=popularity&srepoch=1761842376&srpvid=26dd7514751709f0&type=total&ucfs=1&#no_availability_msg,
BOOKING_4,booking,Ramada by Wyndham Waupaca,King Studio Suite - Non-Smoking,king bed,King,Suite,2.0,7017.0,947.0,7964.0,"['1 room', '350 m²', 'Air conditioning', 'Attached bathroom', 'Flat-screen TV', 'Soundproof', 'Coffee machine', 'Free Wifi', 'Free toiletries', 'Toilet', 'Bathtub or shower', 'Towels', 'Linens', 'Tile/Marble floor', 'High chair', 'Sitting area', 'TV', 'Refrigerator', 'Telephone', 'Ironing facilities', 'Iron', 'Radio', 'Microwave', 'Heating', 'Hairdryer', 'Wake-up service/Alarm clock', 'Carpeted', 'Cable channels', 'Alarm clock', 'Dryer', 'Wireless internet', 'Clothes rack', 'Toilet paper', 'Entire unit wheelchair accessible', 'Single-room AC for guest accommodation']",2025-11-05,2025-11-06,https://www.booking.com/hotel/us/grand-season-inn-waupaca.html?aid=304142&label=gen173nr-10CBkoggI46AdIM1gEaGyIAQGYATO4ARfIAQzYAQPoAQH4AQGIAgGoAgG4ApeMjsgGwAIB0gIkMjlmODgzOGUtNTk5OC00MjNhLTg3OTUtN2M0MDViOGZmZmU12AIB4AIB&sid=b4a3f7b31a243b80f8ac20db0073a78a&checkin=2025-11-01&checkout=2025-11-05&dist=0&group_adults=2&group_children=0&hapos=1&hpos=1&no_rooms=1&req_adults=2&req_children=0&room1=A%2CA&sb_price_type=total&soh=1&sr_order=popularity&srepoch=1761842376&srpvid=26dd7514751709f0&type=total&ucfs=1&#no_availability_msg,
BOOKING_4,booking,Ramada by Wyndham Waupaca,One-Bedroom King Suite - Non-Smoking,king bedand,King,Suite,2.0,7395.0,998.0,8393.0,"['1 room', '350 m²', 'Air conditioning', 'Attached bathroom', 'Flat-screen TV', 'Soundproof', 'Coffee machine', 'Free Wifi', 'Free toiletries', 'Toilet', 'Sofa', 'Bathtub or shower', 'Towels', 'Linens', 'Tile/Marble floor', 'High chair', 'Sitting area', 'TV', 'Refrigerator', 'Telephone', 'Ironing facilities', 'Iron', 'Radio', 'Microwave', 'Heating', 'Hairdryer', 'Wake-up service/Alarm clock', 'Carpeted', 'Cable channels', 'Alarm clock', 'Dryer', 'Wireless internet', 'Clothes rack', 'Toilet paper', 'Entire unit wheelchair accessible', 'Single-room AC for guest accommodation']",2025-11-05,2025-11-06,https://www.booking.com/hotel/us/grand-season-inn-waupaca.html?aid=304142&label=gen173nr-10CBkoggI46AdIM1gEaGyIAQGYATO4ARfIAQzYAQPoAQH4AQGIAgGoAgG4ApeMjsgGwAIB0gIkMjlmODgzOGUtNTk5OC00MjNhLTg3OTUtN2M0MDViOGZmZmU12AIB4AIB&sid=b4a3f7b31a243b80f8ac20db0073a78a&checkin=2025-11-01&checkout=2025-11-05&dist=0&group_adults=2&group_children=0&hapos=1&hpos=1&no_rooms=1&req_adults=2&req_children=0&room1=A%2CA&sb_price_type=total&soh=1&sr_order=popularity&srepoch=1761842376&srpvid=26dd7514751709f0&type=total&ucfs=1&#no_availability_msg,
BOOKING_4,booking,Ramada by Wyndham Waupaca,Deluxe King Studio Suite - Non-Smoking,queen beds,Queen,Suite,3.0,7772.0,1049.0,8821.0,"['1 room', '350 m²', 'Air conditioning', 'Attached bathroom', 'Flat-screen TV', 'Soundproof', 'Coffee machine', 'Free Wifi', 'Free toiletries', 'Toilet', 'Bathtub or shower', 'Towels', 'Linens', 'Tile/Marble floor', 'High chair', 'Sitting area', 'TV', 'Refrigerator', 'Telephone', 'Ironing facilities', 'Iron', 'Radio', 'Microwave', 'Heating', 'Hairdryer', 'Wake-up service/Alarm clock', 'Carpeted', 'Cable channels', 'Alarm clock', 'Dryer', 'Wireless internet', 'Clothes rack', 'Toilet paper', 'Entire unit wheelchair accessible', 'Single-room AC for guest accommodation']",2025-11-05,2025-11-06,https://www.booking.com/hotel/us/grand-season-inn-waupaca.html?aid=304142&label=gen173nr-10CBkoggI46AdIM1gEaGyIAQGYATO4ARfIAQzYAQPoAQH4AQGIAgGoAgG4ApeMjsgGwAIB0gIkMjlmODgzOGUtNTk5OC00MjNhLTg3OTUtN2M0MDViOGZmZmU12AIB4AIB&sid=b4a3f7b31a243b80f8ac20db0073a78a&checkin=2025-11-01&checkout=2025-11-05&dist=0&group_adults=2&group_children=0&hapos=1&hpos=1&no_rooms=1&req_adults=2&req_children=0&room1=A%2CA&sb_price_type=total&soh=1&sr_order=popularity&srepoch=1761842376&srpvid=26dd7514751709f0&type=total&ucfs=1&#no_availability_msg,
BOOKING_4,booking,Ramada by Wyndham Waupaca,Efficiency Queen Room - Non-Smoking,queen bed,Queen,Normal,2.0,9281.0,1253.0,10534.0,"['Entire studio', 'Private kitchen', 'Private bathroom', 'Air conditioning', 'Minibar', 'Free Wifi', 'Free toiletries', 'Kitchen', 'Toilet', 'Sofa', 'Sitting area', 'TV', 'Refrigerator', 'Tea/Coffee maker', 'Iron', 'Microwave', 'Heating', 'Hairdryer', 'Kitchenware', 'Cable channels', 'Wardrobe or closet', 'Oven', 'Stovetop', 'Wireless internet', 'Dining area']",2025-11-05,2025-11-06,https://www.booking.com/hotel/us/grand-season-inn-waupaca.html?aid=304142&label=gen173nr-10CBkoggI46AdIM1gEaGyIAQGYATO4ARfIAQzYAQPoAQH4AQGIAgGoAgG4ApeMjsgGwAIB0gIkMjlmODgzOGUtNTk5OC00MjNhLTg3OTUtN2M0MDViOGZmZmU12AIB4AIB&sid=b4a3f7b31a243b80f8ac20db0073a78a&checkin=2025-11-01&checkout=2025-11-05&dist=0&group_adults=2&group_children=0&hapos=1&hpos=1&no_rooms=1&req_adults=2&req_children=0&room1=A%2CA&sb_price_type=total&soh=1&sr_order=popularity&srepoch=1761842376&srpvid=26dd7514751709f0&type=total&ucfs=1&#no_availability_msg,
BOOKING_4,booking,Us,Queen Room with Two Queen Beds - Non-Smoking,queen beds,Queen,Normal,0.0,6187.0,835.0,7022.0,"['1 room', '250 m²', 'Air conditioning', 'Attached bathroom', 'Flat-screen TV', 'Soundproof', 'Coffee machine', 'Free Wifi', 'Free toiletries', 'Toilet', 'Bathtub or shower', 'Towels', 'Linens', 'Tile/Marble floor', 'High chair', 'Sitting area', 'TV', 'Refrigerator', 'Telephone', 'Ironing facilities', 'Iron', 'Radio', 'Microwave', 'Heating', 'Hairdryer', 'Wake-up service/Alarm clock', 'Carpeted', 'Cable channels', 'Alarm clock', 'Dryer', 'Wireless internet', 'Clothes rack', 'Toilet paper', 'Entire unit wheelchair accessible', 'Single-room AC for guest accommodation']",2025-11-06,2025-11-07,https://www.booking.com/hotel/us/grand-season-inn-waupaca.html?aid=304142&label=gen173nr-10CBkoggI46AdIM1gEaGyIAQGYATO4ARfIAQzYAQPoAQH4AQGIAgGoAgG4ApeMjsgGwAIB0gIkMjlmODgzOGUtNTk5OC00MjNhLTg3OTUtN2M0MDViOGZmZmU12AIB4AIB&sid=b4a3f7b31a243b80f8ac20db0073a78a&checkin=2025-11-01&checkout=2025-11-05&dist=0&group_adults=2&group_children=0&hapos=1&hpos=1&no_rooms=1&req_adults=2&req_children=0&room1=A%2CA&sb_price_type=total&soh=1&sr_order=popularity&srepoch=1761842376&srpvid=26dd7514751709f0&type=total&ucfs=1&#no_availability_msg,
BOOKING_4,booking,Us,King Room - Non-Smoking,king bed,King,Normal,0.0,6187.0,835.0,7022.0,"['1 room', '185 m²', 'Air conditioning', 'Attached bathroom', 'Flat-screen TV', 'Soundproof', 'Coffee machine', 'Free Wifi', 'Free toiletries', 'Toilet', 'Bathtub or shower', 'Towels', 'Linens', 'Tile/Marble floor', 'High chair', 'Sitting area', 'TV', 'Refrigerator', 'Telephone', 'Ironing facilities', 'Iron', 'Radio', 'Microwave', 'Heating', 'Hairdryer', 'Wake-up service/Alarm clock', 'Carpeted', 'Cable channels', 'Alarm clock', 'Dryer', 'Wireless internet', 'Clothes rack', 'Toilet paper', 'Entire unit wheelchair accessible', 'Single-room AC for guest accommodation']",2025-11-06,2025-11-07,https://www.booking.com/hotel/us/grand-season-inn-waupaca.html?aid=304142&label=gen173nr-10CBkoggI46AdIM1gEaGyIAQGYATO4ARfIAQzYAQPoAQH4AQGIAgGoAgG4ApeMjsgGwAIB0gIkMjlmODgzOGUtNTk5OC00MjNhLTg3OTUtN2M0MDViOGZmZmU12AIB4AIB&sid=b4a3f7b31a243b80f8ac20db0073a78a&checkin=2025-11-01&checkout=2025-11-05&dist=0&group_adults=2&group_children=0&hapos=1&hpos=1&no_rooms=1&req_adults=2&req_children=0&room1=A%2CA&sb_price_type=total&soh=1&sr_order=popularity&srepoch=1761842376&srpvid=26dd7514751709f0&type=total&ucfs=1&#no_availability_msg,
BOOKING_4,booking,Us,King Studio Suite - Non-Smoking,king bed,King,Suite,2.0,6942.0,937.0,7879.0,"['1 room', '350 m²', 'Air conditioning', 'Attached bathroom', 'Flat-screen TV', 'Soundproof', 'Coffee machine', 'Free Wifi', 'Free toiletries', 'Toilet', 'Bathtub or shower', 'Towels', 'Linens', 'Tile/Marble floor', 'High chair', 'Sitting area', 'TV', 'Refrigerator', 'Telephone', 'Ironing facilities', 'Iron', 'Radio', 'Microwave', 'Heating', 'Hairdryer', 'Wake-up service/Alarm clock', 'Carpeted', 'Cable channels', 'Alarm clock', 'Dryer', 'Wireless internet', 'Clothes rack', 'Toilet paper', 'Entire unit wheelchair accessible', 'Single-room AC for guest accommodation']",2025-11-06,2025-11-07,https://www.booking.com/hotel/us/grand-season-inn-waupaca.html?aid=304142&label=gen173nr-10CBkoggI46AdIM1gEaGyIAQGYATO4ARfIAQzYAQPoAQH4AQGIAgGoAgG4ApeMjsgGwAIB0gIkMjlmODgzOGUtNTk5OC00MjNhLTg3OTUtN2M0MDViOGZmZmU12AIB4AIB&sid=b4a3f7b31a243b80f8ac20db0073a78a&checkin=2025-11-01&checkout=2025-11-05&dist=0&group_adults=2&group_children=0&hapos=1&hpos=1&no_rooms=1&req_adults=2&req_children=0&room1=A%2CA&sb_price_type=total&soh=1&sr_order=popularity&srepoch=1761842376&srpvid=26dd7514751709f0&type=total&ucfs=1&#no_availability_msg,
BOOKING_4,booking,Us,Queen Room - Non-Smoking,sofa bedand,Sofa,Normal,1.0,6187.0,835.0,7022.0,"['1 room', '185 m²', 'Air conditioning', 'Attached bathroom', 'Flat-screen TV', 'Soundproof', 'Coffee machine', 'Free Wifi', 'Free toiletries', 'Toilet', 'Sofa', 'Bathtub or shower', 'Towels', 'Linens', 'Tile/Marble floor', 'High chair', 'Sitting area', 'TV', 'Refrigerator', 'Telephone', 'Ironing facilities', 'Iron', 'Radio', 'Microwave', 'Heating', 'Hairdryer', 'Wake-up service/Alarm clock', 'Carpeted', 'Cable channels', 'Alarm clock', 'Dryer', 'Wireless internet', 'Clothes rack', 'Toilet paper', 'Entire unit wheelchair accessible', 'Single-room AC for guest accommodation']",2025-11-06,2025-11-07,https://www.booking.com/hotel/us/grand-season-inn-waupaca.html?aid=304142&label=gen173nr-10CBkoggI46AdIM1gEaGyIAQGYATO4ARfIAQzYAQPoAQH4AQGIAgGoAgG4ApeMjsgGwAIB0gIkMjlmODgzOGUtNTk5OC00MjNhLTg3OTUtN2M0MDViOGZmZmU12AIB4AIB&sid=b4a3f7b31a243b80f8ac20db0073a78a&checkin=2025-11-01&checkout=2025-11-05&dist=0&group_adults=2&group_children=0&hapos=1&hpos=1&no_rooms=1&req_adults=2&req_children=0&room1=A%2CA&sb_price_type=total&soh=1&sr_order=popularity&srepoch=1761842376&srpvid=26dd7514751709f0&type=total&ucfs=1&#no_availability_msg,
BOOKING_4,booking,Us,Queen Room with Two Queen Beds and Bath Tub - Mobility Accessible/Non-Smoking,queen beds,Queen,Normal,0.0,6187.0,835.0,7022.0,"['1 room', '185 m²', 'Air conditioning', 'Attached bathroom', 'Flat-screen TV', 'Soundproof', 'Coffee machine', 'Free Wifi', 'Free toiletries', 'Toilet', 'Bathtub or shower', 'Towels', 'Linens', 'Tile/Marble floor', 'High chair', 'Sitting area', 'TV', 'Refrigerator', 'Telephone', 'Ironing facilities', 'Iron', 'Radio', 'Microwave', 'Heating', 'Hairdryer', 'Wake-up service/Alarm clock', 'Carpeted', 'Cable channels', 'Alarm clock', 'Dryer', 'Wireless internet', 'Clothes rack', 'Toilet paper', 'Entire unit wheelchair accessible', 'Single-room AC for guest accommodation']",2025-11-06,2025-11-07,https://www.booking.com/hotel/us/grand-season-inn-waupaca.html?aid=304142&label=gen173nr-10CBkoggI46AdIM1gEaGyIAQGYATO4ARfIAQzYAQPoAQH4AQGIAgGoAgG4ApeMjsgGwAIB0gIkMjlmODgzOGUtNTk5OC00MjNhLTg3OTUtN2M0MDViOGZmZmU12AIB4AIB&sid=b4a3f7b31a243b80f8ac20db0073a78a&checkin=2025-11-01&checkout=2025-11-05&dist=0&group_adults=2&group_children=0&hapos=1&hpos=1&no_rooms=1&req_adults=2&req_children=0&room1=A%2CA&sb_price_type=total&soh=1&sr_order=popularity&srepoch=1761842376&srpvid=26dd7514751709f0&type=total&ucfs=1&#no_availability_msg,
BOOKING_4,booking,Us,One-Bedroom King Suite - Non-Smoking,king bedand,King,Suite,2.0,7319.0,988.0,8307.0,"['1 room', '350 m²', 'Air conditioning', 'Attached bathroom', 'Flat-screen TV', 'Soundproof', 'Coffee machine', 'Free Wifi', 'Free toiletries', 'Toilet', 'Sofa', 'Bathtub or shower', 'Towels', 'Linens', 'Tile/Marble floor', 'High chair', 'Sitting area', 'TV', 'Refrigerator', 'Telephone', 'Ironing facilities', 'Iron', 'Radio', 'Microwave', 'Heating', 'Hairdryer', 'Wake-up service/Alarm clock', 'Carpeted', 'Cable channels', 'Alarm clock', 'Dryer', 'Wireless internet', 'Clothes rack', 'Toilet paper', 'Entire unit wheelchair accessible', 'Single-room AC for guest accommodation']",2025-11-06,2025-11-07,https://www.booking.com/hotel/us/grand-season-inn-waupaca.html?aid=304142&label=gen173nr-10CBkoggI46AdIM1gEaGyIAQGYATO4ARfIAQzYAQPoAQH4AQGIAgGoAgG4ApeMjsgGwAIB0gIkMjlmODgzOGUtNTk5OC00MjNhLTg3OTUtN2M0MDViOGZmZmU12AIB4AIB&sid=b4a3f7b31a243b80f8ac20db0073a78a&checkin=2025-11-01&checkout=2025-11-05&dist=0&group_adults=2&group_children=0&hapos=1&hpos=1&no_rooms=1&req_adults=2&req_children=0&room1=A%2CA&sb_price_type=total&soh=1&sr_order=popularity&srepoch=1761842376&srpvid=26dd7514751709f0&type=total&ucfs=1&#no_availability_msg,
BOOKING_4,booking,Us,Deluxe King Studio Suite - Non-Smoking,queen beds,Queen,Suite,3.0,7696.0,1039.0,8735.0,"['1 room', '350 m²', 'Air conditioning', 'Attached bathroom', 'Flat-screen TV', 'Soundproof', 'Coffee machine', 'Free Wifi', 'Free toiletries', 'Toilet', 'Bathtub or shower', 'Towels', 'Linens', 'Tile/Marble floor', 'High chair', 'Sitting area', 'TV', 'Refrigerator', 'Telephone', 'Ironing facilities', 'Iron', 'Radio', 'Microwave', 'Heating', 'Hairdryer', 'Wake-up service/Alarm clock', 'Carpeted', 'Cable channels', 'Alarm clock', 'Dryer', 'Wireless internet', 'Clothes rack', 'Toilet paper', 'Entire unit wheelchair accessible', 'Single-room AC for guest accommodation']",2025-11-06,2025-11-07,https://www.booking.com/hotel/us/grand-season-inn-waupaca.html?aid=304142&label=gen173nr-10CBkoggI46AdIM1gEaGyIAQGYATO4ARfIAQzYAQPoAQH4AQGIAgGoAgG4ApeMjsgGwAIB0gIkMjlmODgzOGUtNTk5OC00MjNhLTg3OTUtN2M0MDViOGZmZmU12AIB4AIB&sid=b4a3f7b31a243b80f8ac20db0073a78a&checkin=2025-11-01&checkout=2025-11-05&dist=0&group_adults=2&group_children=0&hapos=1&hpos=1&no_rooms=1&req_adults=2&req_children=0&room1=A%2CA&sb_price_type=total&soh=1&sr_order=popularity&srepoch=1761842376&srpvid=26dd7514751709f0&type=total&ucfs=1&#no_availability_msg,
BOOKING_4,booking,Us,Efficiency Queen Room - Non-Smoking,queen bed,Queen,Normal,2.0,9206.0,1243.0,10449.0,"['Entire studio', 'Private kitchen', 'Private bathroom', 'Air conditioning', 'Minibar', 'Free Wifi', 'Free toiletries', 'Kitchen', 'Toilet', 'Sofa', 'Sitting area', 'TV', 'Refrigerator', 'Tea/Coffee maker', 'Iron', 'Microwave', 'Heating', 'Hairdryer', 'Kitchenware', 'Cable channels', 'Wardrobe or closet', 'Oven', 'Stovetop', 'Wireless internet', 'Dining area']",2025-11-06,2025-11-07,https://www.booking.com/hotel/us/grand-season-inn-waupaca.html?aid=304142&label=gen173nr-10CBkoggI46AdIM1gEaGyIAQGYATO4ARfIAQzYAQPoAQH4AQGIAgGoAgG4ApeMjsgGwAIB0gIkMjlmODgzOGUtNTk5OC00MjNhLTg3OTUtN2M0MDViOGZmZmU12AIB4AIB&sid=b4a3f7b31a243b80f8ac20db0073a78a&checkin=2025-11-01&checkout=2025-11-05&dist=0&group_adults=2&group_children=0&hapos=1&hpos=1&no_rooms=1&req_adults=2&req_children=0&room1=A%2CA&sb_price_type=total&soh=1&sr_order=popularity&srepoch=1761842376&srpvid=26dd7514751709f0&type=total&ucfs=1&#no_availability_msg,
BOOKING_4,booking,Us,Queen Room with Two Queen Beds - Non-Smoking,queen beds,Queen,Normal,0.0,8602.0,1161.0,9763.0,"['1 room', '250 m²', 'Air conditioning', 'Attached bathroom', 'Flat-screen TV', 'Soundproof', 'Coffee machine', 'Free Wifi', 'Free toiletries', 'Toilet', 'Bathtub or shower', 'Towels', 'Linens', 'Tile/Marble floor', 'High chair', 'Sitting area', 'TV', 'Refrigerator', 'Telephone', 'Ironing facilities', 'Iron', 'Radio', 'Microwave', 'Heating', 'Hairdryer', 'Wake-up service/Alarm clock', 'Carpeted', 'Cable channels', 'Alarm clock', 'Dryer', 'Wireless internet', 'Clothes rack', 'Toilet paper', 'Entire unit wheelchair accessible', 'Single-room AC for guest accommodation']",2025-11-07,2025-11-08,https://www.booking.com/hotel/us/grand-season-inn-waupaca.html?aid=304142&label=gen173nr-10CBkoggI46AdIM1gEaGyIAQGYATO4ARfIAQzYAQPoAQH4AQGIAgGoAgG4ApeMjsgGwAIB0gIkMjlmODgzOGUtNTk5OC00MjNhLTg3OTUtN2M0MDViOGZmZmU12AIB4AIB&sid=b4a3f7b31a243b80f8ac20db0073a78a&checkin=2025-11-01&checkout=2025-11-05&dist=0&group_adults=2&group_children=0&hapos=1&hpos=1&no_rooms=1&req_adults=2&req_children=0&room1=A%2CA&sb_price_type=total&soh=1&sr_order=popularity&srepoch=1761842376&srpvid=26dd7514751709f0&type=total&ucfs=1&#no_availability_msg,
BOOKING_4,booking,Us,King Room - Non-Smoking,king bed,King,Normal,0.0,8225.0,1110.0,9335.0,"['1 room', '185 m²', 'Air conditioning', 'Attached bathroom', 'Flat-screen TV', 'Soundproof', 'Coffee machine', 'Free Wifi', 'Free toiletries', 'Toilet', 'Bathtub or shower', 'Towels', 'Linens', 'Tile/Marble floor', 'High chair', 'Sitting area', 'TV', 'Refrigerator', 'Telephone', 'Ironing facilities', 'Iron', 'Radio', 'Microwave', 'Heating', 'Hairdryer', 'Wake-up service/Alarm clock', 'Carpeted', 'Cable channels', 'Alarm clock', 'Dryer', 'Wireless internet', 'Clothes rack', 'Toilet paper', 'Entire unit wheelchair accessible', 'Single-room AC for guest accommodation']",2025-11-07,2025-11-08,https://www.booking.com/hotel/us/grand-season-inn-waupaca.html?aid=304142&label=gen173nr-10CBkoggI46AdIM1gEaGyIAQGYATO4ARfIAQzYAQPoAQH4AQGIAgGoAgG4ApeMjsgGwAIB0gIkMjlmODgzOGUtNTk5OC00MjNhLTg3OTUtN2M0MDViOGZmZmU12AIB4AIB&sid=b4a3f7b31a243b80f8ac20db0073a78a&checkin=2025-11-01&checkout=2025-11-05&dist=0&group_adults=2&group_children=0&hapos=1&hpos=1&no_rooms=1&req_adults=2&req_children=0&room1=A%2CA&sb_price_type=total&soh=1&sr_order=popularity&srepoch=1761842376&srpvid=26dd7514751709f0&type=total&ucfs=1&#no_availability_msg,
BOOKING_4,booking,Us,King Studio Suite - Non-Smoking,king bed,King,Suite,2.0,9734.0,1314.0,11048.0,"['1 room', '350 m²', 'Air conditioning', 'Attached bathroom', 'Flat-screen TV', 'Soundproof', 'Coffee machine', 'Free Wifi', 'Free toiletries', 'Toilet', 'Bathtub or shower', 'Towels', 'Linens', 'Tile/Marble floor', 'High chair', 'Sitting area', 'TV', 'Refrigerator', 'Telephone', 'Ironing facilities', 'Iron', 'Radio', 'Microwave', 'Heating', 'Hairdryer', 'Wake-up service/Alarm clock', 'Carpeted', 'Cable channels', 'Alarm clock', 'Dryer', 'Wireless internet', 'Clothes rack', 'Toilet paper', 'Entire unit wheelchair accessible', 'Single-room AC for guest accommodation']",2025-11-07,2025-11-08,https://www.booking.com/hotel/us/grand-season-inn-waupaca.html?aid=304142&label=gen173nr-10CBkoggI46AdIM1gEaGyIAQGYATO4ARfIAQzYAQPoAQH4AQGIAgGoAgG4ApeMjsgGwAIB0gIkMjlmODgzOGUtNTk5OC00MjNhLTg3OTUtN2M0MDViOGZmZmU12AIB4AIB&sid=b4a3f7b31a243b80f8ac20db0073a78a&checkin=2025-11-01&checkout=2025-11-05&dist=0&group_adults=2&group_children=0&hapos=1&hpos=1&no_rooms=1&req_adults=2&req_children=0&room1=A%2CA&sb_price_type=total&soh=1&sr_order=popularity&srepoch=1761842376&srpvid=26dd7514751709f0&type=total&ucfs=1&#no_availability_msg,
BOOKING_4,booking,Us,Queen Room - Non-Smoking,sofa bedand,Sofa,Normal,1.0,8225.0,1110.0,9335.0,"['1 room', '185 m²', 'Air conditioning', 'Attached bathroom', 'Flat-screen TV', 'Soundproof', 'Coffee machine', 'Free Wifi', 'Free toiletries', 'Toilet', 'Sofa', 'Bathtub or shower', 'Towels', 'Linens', 'Tile/Marble floor', 'High chair', 'Sitting area', 'TV', 'Refrigerator', 'Telephone', 'Ironing facilities', 'Iron', 'Radio', 'Microwave', 'Heating', 'Hairdryer', 'Wake-up service/Alarm clock', 'Carpeted', 'Cable channels', 'Alarm clock', 'Dryer', 'Wireless internet', 'Clothes rack', 'Toilet paper', 'Entire unit wheelchair accessible', 'Single-room AC for guest accommodation']",2025-11-07,2025-11-08,https://www.booking.com/hotel/us/grand-season-inn-waupaca.html?aid=304142&label=gen173nr-10CBkoggI46AdIM1gEaGyIAQGYATO4ARfIAQzYAQPoAQH4AQGIAgGoAgG4ApeMjsgGwAIB0gIkMjlmODgzOGUtNTk5OC00MjNhLTg3OTUtN2M0MDViOGZmZmU12AIB4AIB&sid=b4a3f7b31a243b80f8ac20db0073a78a&checkin=2025-11-01&checkout=2025-11-05&dist=0&group_adults=2&group_children=0&hapos=1&hpos=1&no_rooms=1&req_adults=2&req_children=0&room1=A%2CA&sb_price_type=total&soh=1&sr_order=popularity&srepoch=1761842376&srpvid=26dd7514751709f0&type=total&ucfs=1&#no_availability_msg,
BOOKING_4,booking,Us,Queen Room with Two Queen Beds and Bath Tub - Mobility Accessible/Non-Smoking,queen beds,Queen,Normal,5.0,8602.0,1161.0,9763.0,"['1 room', '185 m²', 'Air conditioning', 'Attached bathroom', 'Flat-screen TV', 'Soundproof', 'Coffee machine', 'Free Wifi', 'Free toiletries', 'Toilet', 'Bathtub or shower', 'Towels', 'Linens', 'Tile/Marble floor', 'High chair', 'Sitting area', 'TV', 'Refrigerator', 'Telephone', 'Ironing facilities', 'Iron', 'Radio', 'Microwave', 'Heating', 'Hairdryer', 'Wake-up service/Alarm clock', 'Carpeted', 'Cable channels', 'Alarm clock', 'Dryer', 'Wireless internet', 'Clothes rack', 'Toilet paper', 'Entire unit wheelchair accessible', 'Single-room AC for guest accommodation']",2025-11-07,2025-11-08,https://www.booking.com/hotel/us/grand-season-inn-waupaca.html?aid=304142&label=gen173nr-10CBkoggI46AdIM1gEaGyIAQGYATO4ARfIAQzYAQPoAQH4AQGIAgGoAgG4ApeMjsgGwAIB0gIkMjlmODgzOGUtNTk5OC00MjNhLTg3OTUtN2M0MDViOGZmZmU12AIB4AIB&sid=b4a3f7b31a243b80f8ac20db0073a78a&checkin=2025-11-01&checkout=2025-11-05&dist=0&group_adults=2&group_children=0&hapos=1&hpos=1&no_rooms=1&req_adults=2&req_children=0&room1=A%2CA&sb_price_type=total&soh=1&sr_order=popularity&srepoch=1761842376&srpvid=26dd7514751709f0&type=total&ucfs=1&#no_availability_msg,
BOOKING_4,booking,Us,Deluxe King Studio Suite - Non-Smoking,queen beds,Queen,Suite,3.0,10488.0,1416.0,11904.0,"['1 room', '350 m²', 'Air conditioning', 'Attached bathroom', 'Flat-screen TV', 'Soundproof', 'Coffee machine', 'Free Wifi', 'Free toiletries', 'Toilet', 'Bathtub or shower', 'Towels', 'Linens', 'Tile/Marble floor', 'High chair', 'Sitting area', 'TV', 'Refrigerator', 'Telephone', 'Ironing facilities', 'Iron', 'Radio', 'Microwave', 'Heating', 'Hairdryer', 'Wake-up service/Alarm clock', 'Carpeted', 'Cable channels', 'Alarm clock', 'Dryer', 'Wireless internet', 'Clothes rack', 'Toilet paper', 'Entire unit wheelchair accessible', 'Single-room AC for guest accommodation']",2025-11-07,2025-11-08,https://www.booking.com/hotel/us/grand-season-inn-waupaca.html?aid=304142&label=gen173nr-10CBkoggI46AdIM1gEaGyIAQGYATO4ARfIAQzYAQPoAQH4AQGIAgGoAgG4ApeMjsgGwAIB0gIkMjlmODgzOGUtNTk5OC00MjNhLTg3OTUtN2M0MDViOGZmZmU12AIB4AIB&sid=b4a3f7b31a243b80f8ac20db0073a78a&checkin=2025-11-01&checkout=2025-11-05&dist=0&group_adults=2&group_children=0&hapos=1&hpos=1&no_rooms=1&req_adults=2&req_children=0&room1=A%2CA&sb_price_type=total&soh=1&sr_order=popularity&srepoch=1761842376&srpvid=26dd7514751709f0&type=total&ucfs=1&#no_availability_msg,
BOOKING_4,booking,Us,One-Bedroom King Suite - Non-Smoking,king bedand,King,Suite,2.0,11243.0,1518.0,12761.0,"['1 room', '350 m²', 'Air conditioning', 'Attached bathroom', 'Flat-screen TV', 'Soundproof', 'Coffee machine', 'Free Wifi', 'Free toiletries', 'Toilet', 'Sofa', 'Bathtub or shower', 'Towels', 'Linens', 'Tile/Marble floor', 'High chair', 'Sitting area', 'TV', 'Refrigerator', 'Telephone', 'Ironing facilities', 'Iron', 'Radio', 'Microwave', 'Heating', 'Hairdryer', 'Wake-up service/Alarm clock', 'Carpeted', 'Cable channels', 'Alarm clock', 'Dryer', 'Wireless internet', 'Clothes rack', 'Toilet paper', 'Entire unit wheelchair accessible', 'Single-room AC for guest accommodation']",2025-11-07,2025-11-08,https://www.booking.com/hotel/us/grand-season-inn-waupaca.html?aid=304142&label=gen173nr-10CBkoggI46AdIM1gEaGyIAQGYATO4ARfIAQzYAQPoAQH4AQGIAgGoAgG4ApeMjsgGwAIB0gIkMjlmODgzOGUtNTk5OC00MjNhLTg3OTUtN2M0MDViOGZmZmU12AIB4AIB&sid=b4a3f7b31a243b80f8ac20db0073a78a&checkin=2025-11-01&checkout=2025-11-05&dist=0&group_adults=2&group_children=0&hapos=1&hpos=1&no_rooms=1&req_adults=2&req_children=0&room1=A%2CA&sb_price_type=total&soh=1&sr_order=popularity&srepoch=1761842376&srpvid=26dd7514751709f0&type=total&ucfs=1&#no_availability_msg,
BOOKING_4,booking,Us,Efficiency Queen Room - Non-Smoking,queen bed,Queen,Normal,2.0,11243.0,1518.0,12761.0,"['Entire studio', 'Private kitchen', 'Private bathroom', 'Air conditioning', 'Minibar', 'Free Wifi', 'Free toiletries', 'Kitchen', 'Toilet', 'Sofa', 'Sitting area', 'TV', 'Refrigerator', 'Tea/Coffee maker', 'Iron', 'Microwave', 'Heating', 'Hairdryer', 'Kitchenware', 'Cable channels', 'Wardrobe or closet', 'Oven', 'Stovetop', 'Wireless internet', 'Dining area']",2025-11-07,2025-11-08,https://www.booking.com/hotel/us/grand-season-inn-waupaca.html?aid=304142&label=gen173nr-10CBkoggI46AdIM1gEaGyIAQGYATO4ARfIAQzYAQPoAQH4AQGIAgGoAgG4ApeMjsgGwAIB0gIkMjlmODgzOGUtNTk5OC00MjNhLTg3OTUtN2M0MDViOGZmZmU12AIB4AIB&sid=b4a3f7b31a243b80f8ac20db0073a78a&checkin=2025-11-01&checkout=2025-11-05&dist=0&group_adults=2&group_children=0&hapos=1&hpos=1&no_rooms=1&req_adults=2&req_children=0&room1=A%2CA&sb_price_type=total&soh=1&sr_order=popularity&srepoch=1761842376&srpvid=26dd7514751709f0&type=total&ucfs=1&#no_availability_msg,
BOOKING_4,booking,Us,Queen Room with Two Queen Beds - Non-Smoking,queen beds,Queen,Normal,0.0,8225.0,1110.0,9335.0,"['1 room', '250 m²', 'Air conditioning', 'Attached bathroom', 'Flat-screen TV', 'Soundproof', 'Coffee machine', 'Free Wifi', 'Free toiletries', 'Toilet', 'Bathtub or shower', 'Towels', 'Linens', 'Tile/Marble floor', 'High chair', 'Sitting area', 'TV', 'Refrigerator', 'Telephone', 'Ironing facilities', 'Iron', 'Radio', 'Microwave', 'Heating', 'Hairdryer', 'Wake-up service/Alarm clock', 'Carpeted', 'Cable channels', 'Alarm clock', 'Dryer', 'Wireless internet', 'Clothes rack', 'Toilet paper', 'Entire unit wheelchair accessible', 'Single-room AC for guest accommodation']",2025-11-08,2025-11-09,https://www.booking.com/hotel/us/grand-season-inn-waupaca.html?aid=304142&label=gen173nr-10CBkoggI46AdIM1gEaGyIAQGYATO4ARfIAQzYAQPoAQH4AQGIAgGoAgG4ApeMjsgGwAIB0gIkMjlmODgzOGUtNTk5OC00MjNhLTg3OTUtN2M0MDViOGZmZmU12AIB4AIB&sid=b4a3f7b31a243b80f8ac20db0073a78a&checkin=2025-11-01&checkout=2025-11-05&dist=0&group_adults=2&group_children=0&hapos=1&hpos=1&no_rooms=1&req_adults=2&req_children=0&room1=A%2CA&sb_price_type=total&soh=1&sr_order=popularity&srepoch=1761842376&srpvid=26dd7514751709f0&type=total&ucfs=1&#no_availability_msg,
BOOKING_4,booking,Us,King Room - Non-Smoking,king bed,King,Normal,0.0,7847.0,1059.0,8906.0,"['1 room', '185 m²', 'Air conditioning', 'Attached bathroom', 'Flat-screen TV', 'Soundproof', 'Coffee machine', 'Free Wifi', 'Free toiletries', 'Toilet', 'Bathtub or shower', 'Towels', 'Linens', 'Tile/Marble floor', 'High chair', 'Sitting area', 'TV', 'Refrigerator', 'Telephone', 'Ironing facilities', 'Iron', 'Radio', 'Microwave', 'Heating', 'Hairdryer', 'Wake-up service/Alarm clock', 'Carpeted', 'Cable channels', 'Alarm clock', 'Dryer', 'Wireless internet', 'Clothes rack', 'Toilet paper', 'Entire unit wheelchair accessible', 'Single-room AC for guest accommodation']",2025-11-08,2025-11-09,https://www.booking.com/hotel/us/grand-season-inn-waupaca.html?aid=304142&label=gen173nr-10CBkoggI46AdIM1gEaGyIAQGYATO4ARfIAQzYAQPoAQH4AQGIAgGoAgG4ApeMjsgGwAIB0gIkMjlmODgzOGUtNTk5OC00MjNhLTg3OTUtN2M0MDViOGZmZmU12AIB4AIB&sid=b4a3f7b31a243b80f8ac20db0073a78a&checkin=2025-11-01&checkout=2025-11-05&dist=0&group_adults=2&group_children=0&hapos=1&hpos=1&no_rooms=1&req_adults=2&req_children=0&room1=A%2CA&sb_price_type=total&soh=1&sr_order=popularity&srepoch=1761842376&srpvid=26dd7514751709f0&type=total&ucfs=1&#no_availability_msg,
BOOKING_4,booking,Us,King Studio Suite - Non-Smoking,king bed,King,Suite,2.0,9356.0,1263.0,10619.0,"['1 room', '350 m²', 'Air conditioning', 'Attached bathroom', 'Flat-screen TV', 'Soundproof', 'Coffee machine', 'Free Wifi', 'Free toiletries', 'Toilet', 'Bathtub or shower', 'Towels', 'Linens', 'Tile/Marble floor', 'High chair', 'Sitting area', 'TV', 'Refrigerator', 'Telephone', 'Ironing facilities', 'Iron', 'Radio', 'Microwave', 'Heating', 'Hairdryer', 'Wake-up service/Alarm clock', 'Carpeted', 'Cable channels', 'Alarm clock', 'Dryer', 'Wireless internet', 'Clothes rack', 'Toilet paper', 'Entire unit wheelchair accessible', 'Single-room AC for guest accommodation']",2025-11-08,2025-11-09,https://www.booking.com/hotel/us/grand-season-inn-waupaca.html?aid=304142&label=gen173nr-10CBkoggI46AdIM1gEaGyIAQGYATO4ARfIAQzYAQPoAQH4AQGIAgGoAgG4ApeMjsgGwAIB0gIkMjlmODgzOGUtNTk5OC00MjNhLTg3OTUtN2M0MDViOGZmZmU12AIB4AIB&sid=b4a3f7b31a243b80f8ac20db0073a78a&checkin=2025-11-01&checkout=2025-11-05&dist=0&group_adults=2&group_children=0&hapos=1&hpos=1&no_rooms=1&req_adults=2&req_children=0&room1=A%2CA&sb_price_type=total&soh=1&sr_order=popularity&srepoch=1761842376&srpvid=26dd7514751709f0&type=total&ucfs=1&#no_availability_msg,
BOOKING_4,booking,Us,Queen Room - Non-Smoking,sofa bedand,Sofa,Normal,1.0,7847.0,1059.0,8906.0,"['1 room', '185 m²', 'Air conditioning', 'Attached bathroom', 'Flat-screen TV', 'Soundproof', 'Coffee machine', 'Free Wifi', 'Free toiletries', 'Toilet', 'Sofa', 'Bathtub or shower', 'Towels', 'Linens', 'Tile/Marble floor', 'High chair', 'Sitting area', 'TV', 'Refrigerator', 'Telephone', 'Ironing facilities', 'Iron', 'Radio', 'Microwave', 'Heating', 'Hairdryer', 'Wake-up service/Alarm clock', 'Carpeted', 'Cable channels', 'Alarm clock', 'Dryer', 'Wireless internet', 'Clothes rack', 'Toilet paper', 'Entire unit wheelchair accessible', 'Single-room AC for guest accommodation']",2025-11-08,2025-11-09,https://www.booking.com/hotel/us/grand-season-inn-waupaca.html?aid=304142&label=gen173nr-10CBkoggI46AdIM1gEaGyIAQGYATO4ARfIAQzYAQPoAQH4AQGIAgGoAgG4ApeMjsgGwAIB0gIkMjlmODgzOGUtNTk5OC00MjNhLTg3OTUtN2M0MDViOGZmZmU12AIB4AIB&sid=b4a3f7b31a243b80f8ac20db0073a78a&checkin=2025-11-01&checkout=2025-11-05&dist=0&group_adults=2&group_children=0&hapos=1&hpos=1&no_rooms=1&req_adults=2&req_children=0&room1=A%2CA&sb_price_type=total&soh=1&sr_order=popularity&srepoch=1761842376&srpvid=26dd7514751709f0&type=total&ucfs=1&#no_availability_msg,
BOOKING_4,booking,Us,Queen Room with Two Queen Beds and Bath Tub - Mobility Accessible/Non-Smoking,queen beds,Queen,Normal,7.0,8225.0,1110.0,9335.0,"['1 room', '185 m²', 'Air conditioning', 'Attached bathroom', 'Flat-screen TV', 'Soundproof', 'Coffee machine', 'Free Wifi', 'Free toiletries', 'Toilet', 'Bathtub or shower', 'Towels', 'Linens', 'Tile/Marble floor', 'High chair', 'Sitting area', 'TV', 'Refrigerator', 'Telephone', 'Ironing facilities', 'Iron', 'Radio', 'Microwave', 'Heating', 'Hairdryer', 'Wake-up service/Alarm clock', 'Carpeted', 'Cable channels', 'Alarm clock', 'Dryer', 'Wireless internet', 'Clothes rack', 'Toilet paper', 'Entire unit wheelchair accessible', 'Single-room AC for guest accommodation']",2025-11-08,2025-11-09,https://www.booking.com/hotel/us/grand-season-inn-waupaca.html?aid=304142&label=gen173nr-10CBkoggI46AdIM1gEaGyIAQGYATO4ARfIAQzYAQPoAQH4AQGIAgGoAgG4ApeMjsgGwAIB0gIkMjlmODgzOGUtNTk5OC00MjNhLTg3OTUtN2M0MDViOGZmZmU12AIB4AIB&sid=b4a3f7b31a243b80f8ac20db0073a78a&checkin=2025-11-01&checkout=2025-11-05&dist=0&group_adults=2&group_children=0&hapos=1&hpos=1&no_rooms=1&req_adults=2&req_children=0&room1=A%2CA&sb_price_type=total&soh=1&sr_order=popularity&srepoch=1761842376&srpvid=26dd7514751709f0&type=total&ucfs=1&#no_availability_msg,
BOOKING_4,booking,Us,Deluxe King Studio Suite - Non-Smoking,queen beds,Queen,Suite,3.0,10111.0,1365.0,11476.0,"['1 room', '350 m²', 'Air conditioning', 'Attached bathroom', 'Flat-screen TV', 'Soundproof', 'Coffee machine', 'Free Wifi', 'Free toiletries', 'Toilet', 'Bathtub or shower', 'Towels', 'Linens', 'Tile/Marble floor', 'High chair', 'Sitting area', 'TV', 'Refrigerator', 'Telephone', 'Ironing facilities', 'Iron', 'Radio', 'Microwave', 'Heating', 'Hairdryer', 'Wake-up service/Alarm clock', 'Carpeted', 'Cable channels', 'Alarm clock', 'Dryer', 'Wireless internet', 'Clothes rack', 'Toilet paper', 'Entire unit wheelchair accessible', 'Single-room AC for guest accommodation']",2025-11-08,2025-11-09,https://www.booking.com/hotel/us/grand-season-inn-waupaca.html?aid=304142&label=gen173nr-10CBkoggI46AdIM1gEaGyIAQGYATO4ARfIAQzYAQPoAQH4AQGIAgGoAgG4ApeMjsgGwAIB0gIkMjlmODgzOGUtNTk5OC00MjNhLTg3OTUtN2M0MDViOGZmZmU12AIB4AIB&sid=b4a3f7b31a243b80f8ac20db0073a78a&checkin=2025-11-01&checkout=2025-11-05&dist=0&group_adults=2&group_children=0&hapos=1&hpos=1&no_rooms=1&req_adults=2&req_children=0&room1=A%2CA&sb_price_type=total&soh=1&sr_order=popularity&srepoch=1761842376&srpvid=26dd7514751709f0&type=total&ucfs=1&#no_availability_msg,
BOOKING_4,booking,Us,One-Bedroom King Suite - Non-Smoking,king bedand,King,Suite,2.0,10866.0,1467.0,12333.0,"['1 room', '350 m²', 'Air conditioning', 'Attached bathroom', 'Flat-screen TV', 'Soundproof', 'Coffee machine', 'Free Wifi', 'Free toiletries', 'Toilet', 'Sofa', 'Bathtub or shower', 'Towels', 'Linens', 'Tile/Marble floor', 'High chair', 'Sitting area', 'TV', 'Refrigerator', 'Telephone', 'Ironing facilities', 'Iron', 'Radio', 'Microwave', 'Heating', 'Hairdryer', 'Wake-up service/Alarm clock', 'Carpeted', 'Cable channels', 'Alarm clock', 'Dryer', 'Wireless internet', 'Clothes rack', 'Toilet paper', 'Entire unit wheelchair accessible', 'Single-room AC for guest accommodation']",2025-11-08,2025-11-09,https://www.booking.com/hotel/us/grand-season-inn-waupaca.html?aid=304142&label=gen173nr-10CBkoggI46AdIM1gEaGyIAQGYATO4ARfIAQzYAQPoAQH4AQGIAgGoAgG4ApeMjsgGwAIB0gIkMjlmODgzOGUtNTk5OC00MjNhLTg3OTUtN2M0MDViOGZmZmU12AIB4AIB&sid=b4a3f7b31a243b80f8ac20db0073a78a&checkin=2025-11-01&checkout=2025-11-05&dist=0&group_adults=2&group_children=0&hapos=1&hpos=1&no_rooms=1&req_adults=2&req_children=0&room1=A%2CA&sb_price_type=total&soh=1&sr_order=popularity&srepoch=1761842376&srpvid=26dd7514751709f0&type=total&ucfs=1&#no_availability_msg,
BOOKING_4,booking,Us,Efficiency Queen Room - Non-Smoking,queen bed,Queen,Normal,2.0,10866.0,1467.0,12333.0,"['Entire studio', 'Private kitchen', 'Private bathroom', 'Air conditioning', 'Minibar', 'Free Wifi', 'Free toiletries', 'Kitchen', 'Toilet', 'Sofa', 'Sitting area', 'TV', 'Refrigerator', 'Tea/Coffee maker', 'Iron', 'Microwave', 'Heating', 'Hairdryer', 'Kitchenware', 'Cable channels', 'Wardrobe or closet', 'Oven', 'Stovetop', 'Wireless internet', 'Dining area']",2025-11-08,2025-11-09,https://www.booking.com/hotel/us/grand-season-inn-waupaca.html?aid=304142&label=gen173nr-10CBkoggI46AdIM1gEaGyIAQGYATO4ARfIAQzYAQPoAQH4AQGIAgGoAgG4ApeMjsgGwAIB0gIkMjlmODgzOGUtNTk5OC00MjNhLTg3OTUtN2M0MDViOGZmZmU12AIB4AIB&sid=b4a3f7b31a243b80f8ac20db0073a78a&checkin=2025-11-01&checkout=2025-11-05&dist=0&group_adults=2&group_children=0&hapos=1&hpos=1&no_rooms=1&req_adults=2&req_children=0&room1=A%2CA&sb_price_type=total&soh=1&sr_order=popularity&srepoch=1761842376&srpvid=26dd7514751709f0&type=total&ucfs=1&#no_availability_msg,
BOOKING_4,booking,Ramada by Wyndham Waupaca,Queen Room with Two Queen Beds - Non-Smoking,queen beds,Queen,Normal,0.0,7319.0,988.0,8307.0,"['1 room', '250 m²', 'Air conditioning', 'Attached bathroom', 'Flat-screen TV', 'Soundproof', 'Coffee machine', 'Free Wifi', 'Free toiletries', 'Toilet', 'Bathtub or shower', 'Towels', 'Linens', 'Tile/Marble floor', 'High chair', 'Sitting area', 'TV', 'Refrigerator', 'Telephone', 'Ironing facilities', 'Iron', 'Radio', 'Microwave', 'Heating', 'Hairdryer', 'Wake-up service/Alarm clock', 'Carpeted', 'Cable channels', 'Alarm clock', 'Dryer', 'Wireless internet', 'Clothes rack', 'Toilet paper', 'Entire unit wheelchair accessible', 'Single-room AC for guest accommodation']",2025-11-09,2025-11-10,https://www.booking.com/hotel/us/grand-season-inn-waupaca.html?aid=304142&label=gen173nr-10CBkoggI46AdIM1gEaGyIAQGYATO4ARfIAQzYAQPoAQH4AQGIAgGoAgG4ApeMjsgGwAIB0gIkMjlmODgzOGUtNTk5OC00MjNhLTg3OTUtN2M0MDViOGZmZmU12AIB4AIB&sid=b4a3f7b31a243b80f8ac20db0073a78a&checkin=2025-11-01&checkout=2025-11-05&dist=0&group_adults=2&group_children=0&hapos=1&hpos=1&no_rooms=1&req_adults=2&req_children=0&room1=A%2CA&sb_price_type=total&soh=1&sr_order=popularity&srepoch=1761842376&srpvid=26dd7514751709f0&type=total&ucfs=1&#no_availability_msg,
BOOKING_4,booking,Ramada by Wyndham Waupaca,King Room - Non-Smoking,king bed,King,Normal,7.0,7319.0,988.0,8307.0,"['1 room', '185 m²', 'Air conditioning', 'Attached bathroom', 'Flat-screen TV', 'Soundproof', 'Coffee machine', 'Free Wifi', 'Free toiletries', 'Toilet', 'Bathtub or shower', 'Towels', 'Linens', 'Tile/Marble floor', 'High chair', 'Sitting area', 'TV', 'Refrigerator', 'Telephone', 'Ironing facilities', 'Iron', 'Radio', 'Microwave', 'Heating', 'Hairdryer', 'Wake-up service/Alarm clock', 'Carpeted', 'Cable channels', 'Alarm clock', 'Dryer', 'Wireless internet', 'Clothes rack', 'Toilet paper', 'Entire unit wheelchair accessible', 'Single-room AC for guest accommodation']",2025-11-09,2025-11-10,https://www.booking.com/hotel/us/grand-season-inn-waupaca.html?aid=304142&label=gen173nr-10CBkoggI46AdIM1gEaGyIAQGYATO4ARfIAQzYAQPoAQH4AQGIAgGoAgG4ApeMjsgGwAIB0gIkMjlmODgzOGUtNTk5OC00MjNhLTg3OTUtN2M0MDViOGZmZmU12AIB4AIB&sid=b4a3f7b31a243b80f8ac20db0073a78a&checkin=2025-11-01&checkout=2025-11-05&dist=0&group_adults=2&group_children=0&hapos=1&hpos=1&no_rooms=1&req_adults=2&req_children=0&room1=A%2CA&sb_price_type=total&soh=1&sr_order=popularity&srepoch=1761842376&srpvid=26dd7514751709f0&type=total&ucfs=1&#no_availability_msg,
BOOKING_4,booking,Ramada by Wyndham Waupaca,King Studio Suite - Non-Smoking,king bed,King,Suite,2.0,8074.0,1090.0,9164.0,"['1 room', '350 m²', 'Air conditioning', 'Attached bathroom', 'Flat-screen TV', 'Soundproof', 'Coffee machine', 'Free Wifi', 'Free toiletries', 'Toilet', 'Bathtub or shower', 'Towels', 'Linens', 'Tile/Marble floor', 'High chair', 'Sitting area', 'TV', 'Refrigerator', 'Telephone', 'Ironing facilities', 'Iron', 'Radio', 'Microwave', 'Heating', 'Hairdryer', 'Wake-up service/Alarm clock', 'Carpeted', 'Cable channels', 'Alarm clock', 'Dryer', 'Wireless internet', 'Clothes rack', 'Toilet paper', 'Entire unit wheelchair accessible', 'Single-room AC for guest accommodation']",2025-11-09,2025-11-10,https://www.booking.com/hotel/us/grand-season-inn-waupaca.html?aid=304142&label=gen173nr-10CBkoggI46AdIM1gEaGyIAQGYATO4ARfIAQzYAQPoAQH4AQGIAgGoAgG4ApeMjsgGwAIB0gIkMjlmODgzOGUtNTk5OC00MjNhLTg3OTUtN2M0MDViOGZmZmU12AIB4AIB&sid=b4a3f7b31a243b80f8ac20db0073a78a&checkin=2025-11-01&checkout=2025-11-05&dist=0&group_adults=2&group_children=0&hapos=1&hpos=1&no_rooms=1&req_adults=2&req_children=0&room1=A%2CA&sb_price_type=total&soh=1&sr_order=popularity&srepoch=1761842376&srpvid=26dd7514751709f0&type=total&ucfs=1&#no_availability_msg,
BOOKING_4,booking,Ramada by Wyndham Waupaca,Queen Room - Non-Smoking,sofa bedand,Sofa,Normal,2.0,7319.0,988.0,8307.0,"['1 room', '185 m²', 'Air conditioning', 'Attached bathroom', 'Flat-screen TV', 'Soundproof', 'Coffee machine', 'Free Wifi', 'Free toiletries', 'Toilet', 'Sofa', 'Bathtub or shower', 'Towels', 'Linens', 'Tile/Marble floor', 'High chair', 'Sitting area', 'TV', 'Refrigerator', 'Telephone', 'Ironing facilities', 'Iron', 'Radio', 'Microwave', 'Heating', 'Hairdryer', 'Wake-up service/Alarm clock', 'Carpeted', 'Cable channels', 'Alarm clock', 'Dryer', 'Wireless internet', 'Clothes rack', 'Toilet paper', 'Entire unit wheelchair accessible', 'Single-room AC for guest accommodation']",2025-11-09,2025-11-10,https://www.booking.com/hotel/us/grand-season-inn-waupaca.html?aid=304142&label=gen173nr-10CBkoggI46AdIM1gEaGyIAQGYATO4ARfIAQzYAQPoAQH4AQGIAgGoAgG4ApeMjsgGwAIB0gIkMjlmODgzOGUtNTk5OC00MjNhLTg3OTUtN2M0MDViOGZmZmU12AIB4AIB&sid=b4a3f7b31a243b80f8ac20db0073a78a&checkin=2025-11-01&checkout=2025-11-05&dist=0&group_adults=2&group_children=0&hapos=1&hpos=1&no_rooms=1&req_adults=2&req_children=0&room1=A%2CA&sb_price_type=total&soh=1&sr_order=popularity&srepoch=1761842376&srpvid=26dd7514751709f0&type=total&ucfs=1&#no_availability_msg,
BOOKING_4,booking,Ramada by Wyndham Waupaca,Queen Room with Two Queen Beds and Bath Tub - Mobility Accessible/Non-Smoking,queen beds,Queen,Normal,0.0,7319.0,988.0,8307.0,"['1 room', '185 m²', 'Air conditioning', 'Attached bathroom', 'Flat-screen TV', 'Soundproof', 'Coffee machine', 'Free Wifi', 'Free toiletries', 'Toilet', 'Bathtub or shower', 'Towels', 'Linens', 'Tile/Marble floor', 'High chair', 'Sitting area', 'TV', 'Refrigerator', 'Telephone', 'Ironing facilities', 'Iron', 'Radio', 'Microwave', 'Heating', 'Hairdryer', 'Wake-up service/Alarm clock', 'Carpeted', 'Cable channels', 'Alarm clock', 'Dryer', 'Wireless internet', 'Clothes rack', 'Toilet paper', 'Entire unit wheelchair accessible', 'Single-room AC for guest accommodation']",2025-11-09,2025-11-10,https://www.booking.com/hotel/us/grand-season-inn-waupaca.html?aid=304142&label=gen173nr-10CBkoggI46AdIM1gEaGyIAQGYATO4ARfIAQzYAQPoAQH4AQGIAgGoAgG4ApeMjsgGwAIB0gIkMjlmODgzOGUtNTk5OC00MjNhLTg3OTUtN2M0MDViOGZmZmU12AIB4AIB&sid=b4a3f7b31a243b80f8ac20db0073a78a&checkin=2025-11-01&checkout=2025-11-05&dist=0&group_adults=2&group_children=0&hapos=1&hpos=1&no_rooms=1&req_adults=2&req_children=0&room1=A%2CA&sb_price_type=total&soh=1&sr_order=popularity&srepoch=1761842376&srpvid=26dd7514751709f0&type=total&ucfs=1&#no_availability_msg,
BOOKING_4,booking,Ramada by Wyndham Waupaca,One-Bedroom King Suite - Non-Smoking,king bedand,King,Suite,2.0,8451.0,1141.0,9592.0,"['1 room', '350 m²', 'Air conditioning', 'Attached bathroom', 'Flat-screen TV', 'Soundproof', 'Coffee machine', 'Free Wifi', 'Free toiletries', 'Toilet', 'Sofa', 'Bathtub or shower', 'Towels', 'Linens', 'Tile/Marble floor', 'High chair', 'Sitting area', 'TV', 'Refrigerator', 'Telephone', 'Ironing facilities', 'Iron', 'Radio', 'Microwave', 'Heating', 'Hairdryer', 'Wake-up service/Alarm clock', 'Carpeted', 'Cable channels', 'Alarm clock', 'Dryer', 'Wireless internet', 'Clothes rack', 'Toilet paper', 'Entire unit wheelchair accessible', 'Single-room AC for guest accommodation']",2025-11-09,2025-11-10,https://www.booking.com/hotel/us/grand-season-inn-waupaca.html?aid=304142&label=gen173nr-10CBkoggI46AdIM1gEaGyIAQGYATO4ARfIAQzYAQPoAQH4AQGIAgGoAgG4ApeMjsgGwAIB0gIkMjlmODgzOGUtNTk5OC00MjNhLTg3OTUtN2M0MDViOGZmZmU12AIB4AIB&sid=b4a3f7b31a243b80f8ac20db0073a78a&checkin=2025-11-01&checkout=2025-11-05&dist=0&group_adults=2&group_children=0&hapos=1&hpos=1&no_rooms=1&req_adults=2&req_children=0&room1=A%2CA&sb_price_type=total&soh=1&sr_order=popularity&srepoch=1761842376&srpvid=26dd7514751709f0&type=total&ucfs=1&#no_availability_msg,
BOOKING_4,booking,Ramada by Wyndham Waupaca,Deluxe King Studio Suite - Non-Smoking,queen beds,Queen,Suite,3.0,8828.0,1192.0,10020.0,"['1 room', '350 m²', 'Air conditioning', 'Attached bathroom', 'Flat-screen TV', 'Soundproof', 'Coffee machine', 'Free Wifi', 'Free toiletries', 'Toilet', 'Bathtub or shower', 'Towels', 'Linens', 'Tile/Marble floor', 'High chair', 'Sitting area', 'TV', 'Refrigerator', 'Telephone', 'Ironing facilities', 'Iron', 'Radio', 'Microwave', 'Heating', 'Hairdryer', 'Wake-up service/Alarm clock', 'Carpeted', 'Cable channels', 'Alarm clock', 'Dryer', 'Wireless internet', 'Clothes rack', 'Toilet paper', 'Entire unit wheelchair accessible', 'Single-room AC for guest accommodation']",2025-11-09,2025-11-10,https://www.booking.com/hotel/us/grand-season-inn-waupaca.html?aid=304142&label=gen173nr-10CBkoggI46AdIM1gEaGyIAQGYATO4ARfIAQzYAQPoAQH4AQGIAgGoAgG4ApeMjsgGwAIB0gIkMjlmODgzOGUtNTk5OC00MjNhLTg3OTUtN2M0MDViOGZmZmU12AIB4AIB&sid=b4a3f7b31a243b80f8ac20db0073a78a&checkin=2025-11-01&checkout=2025-11-05&dist=0&group_adults=2&group_children=0&hapos=1&hpos=1&no_rooms=1&req_adults=2&req_children=0&room1=A%2CA&sb_price_type=total&soh=1&sr_order=popularity&srepoch=1761842376&srpvid=26dd7514751709f0&type=total&ucfs=1&#no_availability_msg,
BOOKING_4,booking,Ramada by Wyndham Waupaca,Efficiency Queen Room - Non-Smoking,queen bed,Queen,Normal,2.0,10337.0,1396.0,11733.0,"['Entire studio', 'Private kitchen', 'Private bathroom', 'Air conditioning', 'Minibar', 'Free Wifi', 'Free toiletries', 'Kitchen', 'Toilet', 'Sofa', 'Sitting area', 'TV', 'Refrigerator', 'Tea/Coffee maker', 'Iron', 'Microwave', 'Heating', 'Hairdryer', 'Kitchenware', 'Cable channels', 'Wardrobe or closet', 'Oven', 'Stovetop', 'Wireless internet', 'Dining area']",2025-11-09,2025-11-10,https://www.booking.com/hotel/us/grand-season-inn-waupaca.html?aid=304142&label=gen173nr-10CBkoggI46AdIM1gEaGyIAQGYATO4ARfIAQzYAQPoAQH4AQGIAgGoAgG4ApeMjsgGwAIB0gIkMjlmODgzOGUtNTk5OC00MjNhLTg3OTUtN2M0MDViOGZmZmU12AIB4AIB&sid=b4a3f7b31a243b80f8ac20db0073a78a&checkin=2025-11-01&checkout=2025-11-05&dist=0&group_adults=2&group_children=0&hapos=1&hpos=1&no_rooms=1&req_adults=2&req_children=0&room1=A%2CA&sb_price_type=total&soh=1&sr_order=popularity&srepoch=1761842376&srpvid=26dd7514751709f0&type=total&ucfs=1&#no_availability_msg,
BOOKING_4,booking,Ramada by Wyndham Waupaca,Queen Room with Two Queen Beds - Non-Smoking,queen beds,Queen,Normal,0.0,9885.0,1334.0,11219.0,"['1 room', '250 m²', 'Air conditioning', 'Attached bathroom', 'Flat-screen TV', 'Soundproof', 'Coffee machine', 'Free Wifi', 'Free toiletries', 'Toilet', 'Bathtub or shower', 'Towels', 'Linens', 'Tile/Marble floor', 'High chair', 'Sitting area', 'TV', 'Refrigerator', 'Telephone', 'Ironing facilities', 'Iron', 'Radio', 'Microwave', 'Heating', 'Hairdryer', 'Wake-up service/Alarm clock', 'Carpeted', 'Cable channels', 'Alarm clock', 'Dryer', 'Wireless internet', 'Clothes rack', 'Toilet paper', 'Entire unit wheelchair accessible', 'Single-room AC for guest accommodation']",2025-11-10,2025-11-11,https://www.booking.com/hotel/us/grand-season-inn-waupaca.html?aid=304142&label=gen173nr-10CBkoggI46AdIM1gEaGyIAQGYATO4ARfIAQzYAQPoAQH4AQGIAgGoAgG4ApeMjsgGwAIB0gIkMjlmODgzOGUtNTk5OC00MjNhLTg3OTUtN2M0MDViOGZmZmU12AIB4AIB&sid=b4a3f7b31a243b80f8ac20db0073a78a&checkin=2025-11-01&checkout=2025-11-05&dist=0&group_adults=2&group_children=0&hapos=1&hpos=1&no_rooms=1&req_adults=2&req_children=0&room1=A%2CA&sb_price_type=total&soh=1&sr_order=popularity&srepoch=1761842376&srpvid=26dd7514751709f0&type=total&ucfs=1&#no_availability_msg,
BOOKING_4,booking,Ramada by Wyndham Waupaca,King Room - Non-Smoking,king bed,King,Normal,6.0,9885.0,1334.0,11219.0,"['1 room', '185 m²', 'Air conditioning', 'Attached bathroom', 'Flat-screen TV', 'Soundproof', 'Coffee machine', 'Free Wifi', 'Free toiletries', 'Toilet', 'Bathtub or shower', 'Towels', 'Linens', 'Tile/Marble floor', 'High chair', 'Sitting area', 'TV', 'Refrigerator', 'Telephone', 'Ironing facilities', 'Iron', 'Radio', 'Microwave', 'Heating', 'Hairdryer', 'Wake-up service/Alarm clock', 'Carpeted', 'Cable channels', 'Alarm clock', 'Dryer', 'Wireless internet', 'Clothes rack', 'Toilet paper', 'Entire unit wheelchair accessible', 'Single-room AC for guest accommodation']",2025-11-10,2025-11-11,https://www.booking.com/hotel/us/grand-season-inn-waupaca.html?aid=304142&label=gen173nr-10CBkoggI46AdIM1gEaGyIAQGYATO4ARfIAQzYAQPoAQH4AQGIAgGoAgG4ApeMjsgGwAIB0gIkMjlmODgzOGUtNTk5OC00MjNhLTg3OTUtN2M0MDViOGZmZmU12AIB4AIB&sid=b4a3f7b31a243b80f8ac20db0073a78a&checkin=2025-11-01&checkout=2025-11-05&dist=0&group_adults=2&group_children=0&hapos=1&hpos=1&no_rooms=1&req_adults=2&req_children=0&room1=A%2CA&sb_price_type=total&soh=1&sr_order=popularity&srepoch=1761842376&srpvid=26dd7514751709f0&type=total&ucfs=1&#no_availability_msg,
BOOKING_4,booking,Ramada by Wyndham Waupaca,Queen Room - Non-Smoking,sofa bedand,Sofa,Normal,2.0,9885.0,1334.0,11219.0,"['1 room', '185 m²', 'Air conditioning', 'Attached bathroom', 'Flat-screen TV', 'Soundproof', 'Coffee machine', 'Free Wifi', 'Free toiletries', 'Toilet', 'Sofa', 'Bathtub or shower', 'Towels', 'Linens', 'Tile/Marble floor', 'High chair', 'Sitting area', 'TV', 'Refrigerator', 'Telephone', 'Ironing facilities', 'Iron', 'Radio', 'Microwave', 'Heating', 'Hairdryer', 'Wake-up service/Alarm clock', 'Carpeted', 'Cable channels', 'Alarm clock', 'Dryer', 'Wireless internet', 'Clothes rack', 'Toilet paper', 'Entire unit wheelchair accessible', 'Single-room AC for guest accommodation']",2025-11-10,2025-11-11,https://www.booking.com/hotel/us/grand-season-inn-waupaca.html?aid=304142&label=gen173nr-10CBkoggI46AdIM1gEaGyIAQGYATO4ARfIAQzYAQPoAQH4AQGIAgGoAgG4ApeMjsgGwAIB0gIkMjlmODgzOGUtNTk5OC00MjNhLTg3OTUtN2M0MDViOGZmZmU12AIB4AIB&sid=b4a3f7b31a243b80f8ac20db0073a78a&checkin=2025-11-01&checkout=2025-11-05&dist=0&group_adults=2&group_children=0&hapos=1&hpos=1&no_rooms=1&req_adults=2&req_children=0&room1=A%2CA&sb_price_type=total&soh=1&sr_order=popularity&srepoch=1761842376&srpvid=26dd7514751709f0&type=total&ucfs=1&#no_availability_msg,
BOOKING_4,booking,Ramada by Wyndham Waupaca,Queen Room with Two Queen Beds and Bath Tub - Mobility Accessible/Non-Smoking,queen beds,Queen,Normal,0.0,9885.0,1334.0,11219.0,"['1 room', '185 m²', 'Air conditioning', 'Attached bathroom', 'Flat-screen TV', 'Soundproof', 'Coffee machine', 'Free Wifi', 'Free toiletries', 'Toilet', 'Bathtub or shower', 'Towels', 'Linens', 'Tile/Marble floor', 'High chair', 'Sitting area', 'TV', 'Refrigerator', 'Telephone', 'Ironing facilities', 'Iron', 'Radio', 'Microwave', 'Heating', 'Hairdryer', 'Wake-up service/Alarm clock', 'Carpeted', 'Cable channels', 'Alarm clock', 'Dryer', 'Wireless internet', 'Clothes rack', 'Toilet paper', 'Entire unit wheelchair accessible', 'Single-room AC for guest accommodation']",2025-11-10,2025-11-11,https://www.booking.com/hotel/us/grand-season-inn-waupaca.html?aid=304142&label=gen173nr-10CBkoggI46AdIM1gEaGyIAQGYATO4ARfIAQzYAQPoAQH4AQGIAgGoAgG4ApeMjsgGwAIB0gIkMjlmODgzOGUtNTk5OC00MjNhLTg3OTUtN2M0MDViOGZmZmU12AIB4AIB&sid=b4a3f7b31a243b80f8ac20db0073a78a&checkin=2025-11-01&checkout=2025-11-05&dist=0&group_adults=2&group_children=0&hapos=1&hpos=1&no_rooms=1&req_adults=2&req_children=0&room1=A%2CA&sb_price_type=total&soh=1&sr_order=popularity&srepoch=1761842376&srpvid=26dd7514751709f0&type=total&ucfs=1&#no_availability_msg,
BOOKING_4,booking,Ramada by Wyndham Waupaca,King Studio Suite - Non-Smoking,king bed,King,Suite,2.0,10639.0,1436.0,12075.0,"['1 room', '350 m²', 'Air conditioning', 'Attached bathroom', 'Flat-screen TV', 'Soundproof', 'Coffee machine', 'Free Wifi', 'Free toiletries', 'Toilet', 'Bathtub or shower', 'Towels', 'Linens', 'Tile/Marble floor', 'High chair', 'Sitting area', 'TV', 'Refrigerator', 'Telephone', 'Ironing facilities', 'Iron', 'Radio', 'Microwave', 'Heating', 'Hairdryer', 'Wake-up service/Alarm clock', 'Carpeted', 'Cable channels', 'Alarm clock', 'Dryer', 'Wireless internet', 'Clothes rack', 'Toilet paper', 'Entire unit wheelchair accessible', 'Single-room AC for guest accommodation']",2025-11-10,2025-11-11,https://www.booking.com/hotel/us/grand-season-inn-waupaca.html?aid=304142&label=gen173nr-10CBkoggI46AdIM1gEaGyIAQGYATO4ARfIAQzYAQPoAQH4AQGIAgGoAgG4ApeMjsgGwAIB0gIkMjlmODgzOGUtNTk5OC00MjNhLTg3OTUtN2M0MDViOGZmZmU12AIB4AIB&sid=b4a3f7b31a243b80f8ac20db0073a78a&checkin=2025-11-01&checkout=2025-11-05&dist=0&group_adults=2&group_children=0&hapos=1&hpos=1&no_rooms=1&req_adults=2&req_children=0&room1=A%2CA&sb_price_type=total&soh=1&sr_order=popularity&srepoch=1761842376&srpvid=26dd7514751709f0&type=total&ucfs=1&#no_availability_msg,
BOOKING_4,booking,Ramada by Wyndham Waupaca,One-Bedroom King Suite - Non-Smoking,king bedand,King,Suite,2.0,11017.0,1487.0,12504.0,"['1 room', '350 m²', 'Air conditioning', 'Attached bathroom', 'Flat-screen TV', 'Soundproof', 'Coffee machine', 'Free Wifi', 'Free toiletries', 'Toilet', 'Sofa', 'Bathtub or shower', 'Towels', 'Linens', 'Tile/Marble floor', 'High chair', 'Sitting area', 'TV', 'Refrigerator', 'Telephone', 'Ironing facilities', 'Iron', 'Radio', 'Microwave', 'Heating', 'Hairdryer', 'Wake-up service/Alarm clock', 'Carpeted', 'Cable channels', 'Alarm clock', 'Dryer', 'Wireless internet', 'Clothes rack', 'Toilet paper', 'Entire unit wheelchair accessible', 'Single-room AC for guest accommodation']",2025-11-10,2025-11-11,https://www.booking.com/hotel/us/grand-season-inn-waupaca.html?aid=304142&label=gen173nr-10CBkoggI46AdIM1gEaGyIAQGYATO4ARfIAQzYAQPoAQH4AQGIAgGoAgG4ApeMjsgGwAIB0gIkMjlmODgzOGUtNTk5OC00MjNhLTg3OTUtN2M0MDViOGZmZmU12AIB4AIB&sid=b4a3f7b31a243b80f8ac20db0073a78a&checkin=2025-11-01&checkout=2025-11-05&dist=0&group_adults=2&group_children=0&hapos=1&hpos=1&no_rooms=1&req_adults=2&req_children=0&room1=A%2CA&sb_price_type=total&soh=1&sr_order=popularity&srepoch=1761842376&srpvid=26dd7514751709f0&type=total&ucfs=1&#no_availability_msg,
BOOKING_4,booking,Ramada by Wyndham Waupaca,Deluxe King Studio Suite - Non-Smoking,queen beds,Queen,Suite,3.0,11394.0,1538.0,12932.0,"['1 room', '350 m²', 'Air conditioning', 'Attached bathroom', 'Flat-screen TV', 'Soundproof', 'Coffee machine', 'Free Wifi', 'Free toiletries', 'Toilet', 'Bathtub or shower', 'Towels', 'Linens', 'Tile/Marble floor', 'High chair', 'Sitting area', 'TV', 'Refrigerator', 'Telephone', 'Ironing facilities', 'Iron', 'Radio', 'Microwave', 'Heating', 'Hairdryer', 'Wake-up service/Alarm clock', 'Carpeted', 'Cable channels', 'Alarm clock', 'Dryer', 'Wireless internet', 'Clothes rack', 'Toilet paper', 'Entire unit wheelchair accessible', 'Single-room AC for guest accommodation']",2025-11-10,2025-11-11,https://www.booking.com/hotel/us/grand-season-inn-waupaca.html?aid=304142&label=gen173nr-10CBkoggI46AdIM1gEaGyIAQGYATO4ARfIAQzYAQPoAQH4AQGIAgGoAgG4ApeMjsgGwAIB0gIkMjlmODgzOGUtNTk5OC00MjNhLTg3OTUtN2M0MDViOGZmZmU12AIB4AIB&sid=b4a3f7b31a243b80f8ac20db0073a78a&checkin=2025-11-01&checkout=2025-11-05&dist=0&group_adults=2&group_children=0&hapos=1&hpos=1&no_rooms=1&req_adults=2&req_children=0&room1=A%2CA&sb_price_type=total&soh=1&sr_order=popularity&srepoch=1761842376&srpvid=26dd7514751709f0&type=total&ucfs=1&#no_availability_msg,
BOOKING_4,booking,Ramada by Wyndham Waupaca,Efficiency Queen Room - Non-Smoking,queen bed,Queen,Normal,2.0,12903.0,1742.0,14645.0,"['Entire studio', 'Private kitchen', 'Private bathroom', 'Air conditioning', 'Minibar', 'Free Wifi', 'Free toiletries', 'Kitchen', 'Toilet', 'Sofa', 'Sitting area', 'TV', 'Refrigerator', 'Tea/Coffee maker', 'Iron', 'Microwave', 'Heating', 'Hairdryer', 'Kitchenware', 'Cable channels', 'Wardrobe or closet', 'Oven', 'Stovetop', 'Wireless internet', 'Dining area']",2025-11-10,2025-11-11,https://www.booking.com/hotel/us/grand-season-inn-waupaca.html?aid=304142&label=gen173nr-10CBkoggI46AdIM1gEaGyIAQGYATO4ARfIAQzYAQPoAQH4AQGIAgGoAgG4ApeMjsgGwAIB0gIkMjlmODgzOGUtNTk5OC00MjNhLTg3OTUtN2M0MDViOGZmZmU12AIB4AIB&sid=b4a3f7b31a243b80f8ac20db0073a78a&checkin=2025-11-01&checkout=2025-11-05&dist=0&group_adults=2&group_children=0&hapos=1&hpos=1&no_rooms=1&req_adults=2&req_children=0&room1=A%2CA&sb_price_type=total&soh=1&sr_order=popularity&srepoch=1761842376&srpvid=26dd7514751709f0&type=total&ucfs=1&#no_availability_msg,
BOOKING_4,booking,Us,Queen Room with Two Queen Beds - Non-Smoking,queen beds,Queen,Normal,0.0,6112.0,825.0,6937.0,"['1 room', '250 m²', 'Air conditioning', 'Attached bathroom', 'Flat-screen TV', 'Soundproof', 'Coffee machine', 'Free Wifi', 'Free toiletries', 'Toilet', 'Bathtub or shower', 'Towels', 'Linens', 'Tile/Marble floor', 'High chair', 'Sitting area', 'TV', 'Refrigerator', 'Telephone', 'Ironing facilities', 'Iron', 'Radio', 'Microwave', 'Heating', 'Hairdryer', 'Wake-up service/Alarm clock', 'Carpeted', 'Cable channels', 'Alarm clock', 'Dryer', 'Wireless internet', 'Clothes rack', 'Toilet paper', 'Entire unit wheelchair accessible', 'Single-room AC for guest accommodation']",2025-11-11,2025-11-12,https://www.booking.com/hotel/us/grand-season-inn-waupaca.html?aid=304142&label=gen173nr-10CBkoggI46AdIM1gEaGyIAQGYATO4ARfIAQzYAQPoAQH4AQGIAgGoAgG4ApeMjsgGwAIB0gIkMjlmODgzOGUtNTk5OC00MjNhLTg3OTUtN2M0MDViOGZmZmU12AIB4AIB&sid=b4a3f7b31a243b80f8ac20db0073a78a&checkin=2025-11-01&checkout=2025-11-05&dist=0&group_adults=2&group_children=0&hapos=1&hpos=1&no_rooms=1&req_adults=2&req_children=0&room1=A%2CA&sb_price_type=total&soh=1&sr_order=popularity&srepoch=1761842376&srpvid=26dd7514751709f0&type=total&ucfs=1&#no_availability_msg,
BOOKING_4,booking,Us,King Room - Non-Smoking,king bed,King,Normal,7.0,6112.0,825.0,6937.0,"['1 room', '185 m²', 'Air conditioning', 'Attached bathroom', 'Flat-screen TV', 'Soundproof', 'Coffee machine', 'Free Wifi', 'Free toiletries', 'Toilet', 'Bathtub or shower', 'Towels', 'Linens', 'Tile/Marble floor', 'High chair', 'Sitting area', 'TV', 'Refrigerator', 'Telephone', 'Ironing facilities', 'Iron', 'Radio', 'Microwave', 'Heating', 'Hairdryer', 'Wake-up service/Alarm clock', 'Carpeted', 'Cable channels', 'Alarm clock', 'Dryer', 'Wireless internet', 'Clothes rack', 'Toilet paper', 'Entire unit wheelchair accessible', 'Single-room AC for guest accommodation']",2025-11-11,2025-11-12,https://www.booking.com/hotel/us/grand-season-inn-waupaca.html?aid=304142&label=gen173nr-10CBkoggI46AdIM1gEaGyIAQGYATO4ARfIAQzYAQPoAQH4AQGIAgGoAgG4ApeMjsgGwAIB0gIkMjlmODgzOGUtNTk5OC00MjNhLTg3OTUtN2M0MDViOGZmZmU12AIB4AIB&sid=b4a3f7b31a243b80f8ac20db0073a78a&checkin=2025-11-01&checkout=2025-11-05&dist=0&group_adults=2&group_children=0&hapos=1&hpos=1&no_rooms=1&req_adults=2&req_children=0&room1=A%2CA&sb_price_type=total&soh=1&sr_order=popularity&srepoch=1761842376&srpvid=26dd7514751709f0&type=total&ucfs=1&#no_availability_msg,
BOOKING_4,booking,Us,Queen Room - Non-Smoking,sofa bedand,Sofa,Normal,2.0,6112.0,825.0,6937.0,"['1 room', '185 m²', 'Air conditioning', 'Attached bathroom', 'Flat-screen TV', 'Soundproof', 'Coffee machine', 'Free Wifi', 'Free toiletries', 'Toilet', 'Sofa', 'Bathtub or shower', 'Towels', 'Linens', 'Tile/Marble floor', 'High chair', 'Sitting area', 'TV', 'Refrigerator', 'Telephone', 'Ironing facilities', 'Iron', 'Radio', 'Microwave', 'Heating', 'Hairdryer', 'Wake-up service/Alarm clock', 'Carpeted', 'Cable channels', 'Alarm clock', 'Dryer', 'Wireless internet', 'Clothes rack', 'Toilet paper', 'Entire unit wheelchair accessible', 'Single-room AC for guest accommodation']",2025-11-11,2025-11-12,https://www.booking.com/hotel/us/grand-season-inn-waupaca.html?aid=304142&label=gen173nr-10CBkoggI46AdIM1gEaGyIAQGYATO4ARfIAQzYAQPoAQH4AQGIAgGoAgG4ApeMjsgGwAIB0gIkMjlmODgzOGUtNTk5OC00MjNhLTg3OTUtN2M0MDViOGZmZmU12AIB4AIB&sid=b4a3f7b31a243b80f8ac20db0073a78a&checkin=2025-11-01&checkout=2025-11-05&dist=0&group_adults=2&group_children=0&hapos=1&hpos=1&no_rooms=1&req_adults=2&req_children=0&room1=A%2CA&sb_price_type=total&soh=1&sr_order=popularity&srepoch=1761842376&srpvid=26dd7514751709f0&type=total&ucfs=1&#no_availability_msg,
BOOKING_4,booking,Us,Queen Room with Two Queen Beds and Bath Tub - Mobility Accessible/Non-Smoking,queen beds,Queen,Normal,0.0,6112.0,825.0,6937.0,"['1 room', '185 m²', 'Air conditioning', 'Attached bathroom', 'Flat-screen TV', 'Soundproof', 'Coffee machine', 'Free Wifi', 'Free toiletries', 'Toilet', 'Bathtub or shower', 'Towels', 'Linens', 'Tile/Marble floor', 'High chair', 'Sitting area', 'TV', 'Refrigerator', 'Telephone', 'Ironing facilities', 'Iron', 'Radio', 'Microwave', 'Heating', 'Hairdryer', 'Wake-up service/Alarm clock', 'Carpeted', 'Cable channels', 'Alarm clock', 'Dryer', 'Wireless internet', 'Clothes rack', 'Toilet paper', 'Entire unit wheelchair accessible', 'Single-room AC for guest accommodation']",2025-11-11,2025-11-12,https://www.booking.com/hotel/us/grand-season-inn-waupaca.html?aid=304142&label=gen173nr-10CBkoggI46AdIM1gEaGyIAQGYATO4ARfIAQzYAQPoAQH4AQGIAgGoAgG4ApeMjsgGwAIB0gIkMjlmODgzOGUtNTk5OC00MjNhLTg3OTUtN2M0MDViOGZmZmU12AIB4AIB&sid=b4a3f7b31a243b80f8ac20db0073a78a&checkin=2025-11-01&checkout=2025-11-05&dist=0&group_adults=2&group_children=0&hapos=1&hpos=1&no_rooms=1&req_adults=2&req_children=0&room1=A%2CA&sb_price_type=total&soh=1&sr_order=popularity&srepoch=1761842376&srpvid=26dd7514751709f0&type=total&ucfs=1&#no_availability_msg,
BOOKING_4,booking,Us,King Studio Suite - Non-Smoking,king bed,King,Suite,2.0,6866.0,927.0,7793.0,"['1 room', '350 m²', 'Air conditioning', 'Attached bathroom', 'Flat-screen TV', 'Soundproof', 'Coffee machine', 'Free Wifi', 'Free toiletries', 'Toilet', 'Bathtub or shower', 'Towels', 'Linens', 'Tile/Marble floor', 'High chair', 'Sitting area', 'TV', 'Refrigerator', 'Telephone', 'Ironing facilities', 'Iron', 'Radio', 'Microwave', 'Heating', 'Hairdryer', 'Wake-up service/Alarm clock', 'Carpeted', 'Cable channels', 'Alarm clock', 'Dryer', 'Wireless internet', 'Clothes rack', 'Toilet paper', 'Entire unit wheelchair accessible', 'Single-room AC for guest accommodation']",2025-11-11,2025-11-12,https://www.booking.com/hotel/us/grand-season-inn-waupaca.html?aid=304142&label=gen173nr-10CBkoggI46AdIM1gEaGyIAQGYATO4ARfIAQzYAQPoAQH4AQGIAgGoAgG4ApeMjsgGwAIB0gIkMjlmODgzOGUtNTk5OC00MjNhLTg3OTUtN2M0MDViOGZmZmU12AIB4AIB&sid=b4a3f7b31a243b80f8ac20db0073a78a&checkin=2025-11-01&checkout=2025-11-05&dist=0&group_adults=2&group_children=0&hapos=1&hpos=1&no_rooms=1&req_adults=2&req_children=0&room1=A%2CA&sb_price_type=total&soh=1&sr_order=popularity&srepoch=1761842376&srpvid=26dd7514751709f0&type=total&ucfs=1&#no_availability_msg,
BOOKING_4,booking,Us,One-Bedroom King Suite - Non-Smoking,king bedand,King,Suite,2.0,7244.0,978.0,8222.0,"['1 room', '350 m²', 'Air conditioning', 'Attached bathroom', 'Flat-screen TV', 'Soundproof', 'Coffee machine', 'Free Wifi', 'Free toiletries', 'Toilet', 'Sofa', 'Bathtub or shower', 'Towels', 'Linens', 'Tile/Marble floor', 'High chair', 'Sitting area', 'TV', 'Refrigerator', 'Telephone', 'Ironing facilities', 'Iron', 'Radio', 'Microwave', 'Heating', 'Hairdryer', 'Wake-up service/Alarm clock', 'Carpeted', 'Cable channels', 'Alarm clock', 'Dryer', 'Wireless internet', 'Clothes rack', 'Toilet paper', 'Entire unit wheelchair accessible', 'Single-room AC for guest accommodation']",2025-11-11,2025-11-12,https://www.booking.com/hotel/us/grand-season-inn-waupaca.html?aid=304142&label=gen173nr-10CBkoggI46AdIM1gEaGyIAQGYATO4ARfIAQzYAQPoAQH4AQGIAgGoAgG4ApeMjsgGwAIB0gIkMjlmODgzOGUtNTk5OC00MjNhLTg3OTUtN2M0MDViOGZmZmU12AIB4AIB&sid=b4a3f7b31a243b80f8ac20db0073a78a&checkin=2025-11-01&checkout=2025-11-05&dist=0&group_adults=2&group_children=0&hapos=1&hpos=1&no_rooms=1&req_adults=2&req_children=0&room1=A%2CA&sb_price_type=total&soh=1&sr_order=popularity&srepoch=1761842376&srpvid=26dd7514751709f0&type=total&ucfs=1&#no_availability_msg,
BOOKING_4,booking,Us,Deluxe King Studio Suite - Non-Smoking,queen beds,Queen,Suite,3.0,7621.0,1029.0,8650.0,"['1 room', '350 m²', 'Air conditioning', 'Attached bathroom', 'Flat-screen TV', 'Soundproof', 'Coffee machine', 'Free Wifi', 'Free toiletries', 'Toilet', 'Bathtub or shower', 'Towels', 'Linens', 'Tile/Marble floor', 'High chair', 'Sitting area', 'TV', 'Refrigerator', 'Telephone', 'Ironing facilities', 'Iron', 'Radio', 'Microwave', 'Heating', 'Hairdryer', 'Wake-up service/Alarm clock', 'Carpeted', 'Cable channels', 'Alarm clock', 'Dryer', 'Wireless internet', 'Clothes rack', 'Toilet paper', 'Entire unit wheelchair accessible', 'Single-room AC for guest accommodation']",2025-11-11,2025-11-12,https://www.booking.com/hotel/us/grand-season-inn-waupaca.html?aid=304142&label=gen173nr-10CBkoggI46AdIM1gEaGyIAQGYATO4ARfIAQzYAQPoAQH4AQGIAgGoAgG4ApeMjsgGwAIB0gIkMjlmODgzOGUtNTk5OC00MjNhLTg3OTUtN2M0MDViOGZmZmU12AIB4AIB&sid=b4a3f7b31a243b80f8ac20db0073a78a&checkin=2025-11-01&checkout=2025-11-05&dist=0&group_adults=2&group_children=0&hapos=1&hpos=1&no_rooms=1&req_adults=2&req_children=0&room1=A%2CA&sb_price_type=total&soh=1&sr_order=popularity&srepoch=1761842376&srpvid=26dd7514751709f0&type=total&ucfs=1&#no_availability_msg,
BOOKING_4,booking,Us,Efficiency Queen Room - Non-Smoking,queen bed,Queen,Normal,2.0,9130.0,1233.0,10363.0,"['Entire studio', 'Private kitchen', 'Private bathroom', 'Air conditioning', 'Minibar', 'Free Wifi', 'Free toiletries', 'Kitchen', 'Toilet', 'Sofa', 'Sitting area', 'TV', 'Refrigerator', 'Tea/Coffee maker', 'Iron', 'Microwave', 'Heating', 'Hairdryer', 'Kitchenware', 'Cable channels', 'Wardrobe or closet', 'Oven', 'Stovetop', 'Wireless internet', 'Dining area']",2025-11-11,2025-11-12,https://www.booking.com/hotel/us/grand-season-inn-waupaca.html?aid=304142&label=gen173nr-10CBkoggI46AdIM1gEaGyIAQGYATO4ARfIAQzYAQPoAQH4AQGIAgGoAgG4ApeMjsgGwAIB0gIkMjlmODgzOGUtNTk5OC00MjNhLTg3OTUtN2M0MDViOGZmZmU12AIB4AIB&sid=b4a3f7b31a243b80f8ac20db0073a78a&checkin=2025-11-01&checkout=2025-11-05&dist=0&group_adults=2&group_children=0&hapos=1&hpos=1&no_rooms=1&req_adults=2&req_children=0&room1=A%2CA&sb_price_type=total&soh=1&sr_order=popularity&srepoch=1761842376&srpvid=26dd7514751709f0&type=total&ucfs=1&#no_availability_msg,
BOOKING_4,booking,Ramada by Wyndham Waupaca,Queen Room with Two Queen Beds - Non-Smoking,queen beds,Queen,Normal,0.0,6112.0,825.0,6937.0,"['1 room', '250 m²', 'Air conditioning', 'Attached bathroom', 'Flat-screen TV', 'Soundproof', 'Coffee machine', 'Free Wifi', 'Free toiletries', 'Toilet', 'Bathtub or shower', 'Towels', 'Linens', 'Tile/Marble floor', 'High chair', 'Sitting area', 'TV', 'Refrigerator', 'Telephone', 'Ironing facilities', 'Iron', 'Radio', 'Microwave', 'Heating', 'Hairdryer', 'Wake-up service/Alarm clock', 'Carpeted', 'Cable channels', 'Alarm clock', 'Dryer', 'Wireless internet', 'Clothes rack', 'Toilet paper', 'Entire unit wheelchair accessible', 'Single-room AC for guest accommodation']",2025-11-12,2025-11-13,https://www.booking.com/hotel/us/grand-season-inn-waupaca.html?aid=304142&label=gen173nr-10CBkoggI46AdIM1gEaGyIAQGYATO4ARfIAQzYAQPoAQH4AQGIAgGoAgG4ApeMjsgGwAIB0gIkMjlmODgzOGUtNTk5OC00MjNhLTg3OTUtN2M0MDViOGZmZmU12AIB4AIB&sid=b4a3f7b31a243b80f8ac20db0073a78a&checkin=2025-11-01&checkout=2025-11-05&dist=0&group_adults=2&group_children=0&hapos=1&hpos=1&no_rooms=1&req_adults=2&req_children=0&room1=A%2CA&sb_price_type=total&soh=1&sr_order=popularity&srepoch=1761842376&srpvid=26dd7514751709f0&type=total&ucfs=1&#no_availability_msg,
BOOKING_4,booking,Ramada by Wyndham Waupaca,King Room - Non-Smoking,king bed,King,Normal,7.0,6112.0,825.0,6937.0,"['1 room', '185 m²', 'Air conditioning', 'Attached bathroom', 'Flat-screen TV', 'Soundproof', 'Coffee machine', 'Free Wifi', 'Free toiletries', 'Toilet', 'Bathtub or shower', 'Towels', 'Linens', 'Tile/Marble floor', 'High chair', 'Sitting area', 'TV', 'Refrigerator', 'Telephone', 'Ironing facilities', 'Iron', 'Radio', 'Microwave', 'Heating', 'Hairdryer', 'Wake-up service/Alarm clock', 'Carpeted', 'Cable channels', 'Alarm clock', 'Dryer', 'Wireless internet', 'Clothes rack', 'Toilet paper', 'Entire unit wheelchair accessible', 'Single-room AC for guest accommodation']",2025-11-12,2025-11-13,https://www.booking.com/hotel/us/grand-season-inn-waupaca.html?aid=304142&label=gen173nr-10CBkoggI46AdIM1gEaGyIAQGYATO4ARfIAQzYAQPoAQH4AQGIAgGoAgG4ApeMjsgGwAIB0gIkMjlmODgzOGUtNTk5OC00MjNhLTg3OTUtN2M0MDViOGZmZmU12AIB4AIB&sid=b4a3f7b31a243b80f8ac20db0073a78a&checkin=2025-11-01&checkout=2025-11-05&dist=0&group_adults=2&group_children=0&hapos=1&hpos=1&no_rooms=1&req_adults=2&req_children=0&room1=A%2CA&sb_price_type=total&soh=1&sr_order=popularity&srepoch=1761842376&srpvid=26dd7514751709f0&type=total&ucfs=1&#no_availability_msg,
BOOKING_4,booking,Ramada by Wyndham Waupaca,Queen Room - Non-Smoking,sofa bedand,Sofa,Normal,2.0,6112.0,825.0,6937.0,"['1 room', '185 m²', 'Air conditioning', 'Attached bathroom', 'Flat-screen TV', 'Soundproof', 'Coffee machine', 'Free Wifi', 'Free toiletries', 'Toilet', 'Sofa', 'Bathtub or shower', 'Towels', 'Linens', 'Tile/Marble floor', 'High chair', 'Sitting area', 'TV', 'Refrigerator', 'Telephone', 'Ironing facilities', 'Iron', 'Radio', 'Microwave', 'Heating', 'Hairdryer', 'Wake-up service/Alarm clock', 'Carpeted', 'Cable channels', 'Alarm clock', 'Dryer', 'Wireless internet', 'Clothes rack', 'Toilet paper', 'Entire unit wheelchair accessible', 'Single-room AC for guest accommodation']",2025-11-12,2025-11-13,https://www.booking.com/hotel/us/grand-season-inn-waupaca.html?aid=304142&label=gen173nr-10CBkoggI46AdIM1gEaGyIAQGYATO4ARfIAQzYAQPoAQH4AQGIAgGoAgG4ApeMjsgGwAIB0gIkMjlmODgzOGUtNTk5OC00MjNhLTg3OTUtN2M0MDViOGZmZmU12AIB4AIB&sid=b4a3f7b31a243b80f8ac20db0073a78a&checkin=2025-11-01&checkout=2025-11-05&dist=0&group_adults=2&group_children=0&hapos=1&hpos=1&no_rooms=1&req_adults=2&req_children=0&room1=A%2CA&sb_price_type=total&soh=1&sr_order=popularity&srepoch=1761842376&srpvid=26dd7514751709f0&type=total&ucfs=1&#no_availability_msg,
BOOKING_4,booking,Ramada by Wyndham Waupaca,Queen Room with Two Queen Beds and Bath Tub - Mobility Accessible/Non-Smoking,queen beds,Queen,Normal,3.0,6112.0,825.0,6937.0,"['1 room', '185 m²', 'Air conditioning', 'Attached bathroom', 'Flat-screen TV', 'Soundproof', 'Coffee machine', 'Free Wifi', 'Free toiletries', 'Toilet', 'Bathtub or shower', 'Towels', 'Linens', 'Tile/Marble floor', 'High chair', 'Sitting area', 'TV', 'Refrigerator', 'Telephone', 'Ironing facilities', 'Iron', 'Radio', 'Microwave', 'Heating', 'Hairdryer', 'Wake-up service/Alarm clock', 'Carpeted', 'Cable channels', 'Alarm clock', 'Dryer', 'Wireless internet', 'Clothes rack', 'Toilet paper', 'Entire unit wheelchair accessible', 'Single-room AC for guest accommodation']",2025-11-12,2025-11-13,https://www.booking.com/hotel/us/grand-season-inn-waupaca.html?aid=304142&label=gen173nr-10CBkoggI46AdIM1gEaGyIAQGYATO4ARfIAQzYAQPoAQH4AQGIAgGoAgG4ApeMjsgGwAIB0gIkMjlmODgzOGUtNTk5OC00MjNhLTg3OTUtN2M0MDViOGZmZmU12AIB4AIB&sid=b4a3f7b31a243b80f8ac20db0073a78a&checkin=2025-11-01&checkout=2025-11-05&dist=0&group_adults=2&group_children=0&hapos=1&hpos=1&no_rooms=1&req_adults=2&req_children=0&room1=A%2CA&sb_price_type=total&soh=1&sr_order=popularity&srepoch=1761842376&srpvid=26dd7514751709f0&type=total&ucfs=1&#no_availability_msg,
BOOKING_4,booking,Ramada by Wyndham Waupaca,King Studio Suite - Non-Smoking,king bed,King,Suite,2.0,6866.0,927.0,7793.0,"['1 room', '350 m²', 'Air conditioning', 'Attached bathroom', 'Flat-screen TV', 'Soundproof', 'Coffee machine', 'Free Wifi', 'Free toiletries', 'Toilet', 'Bathtub or shower', 'Towels', 'Linens', 'Tile/Marble floor', 'High chair', 'Sitting area', 'TV', 'Refrigerator', 'Telephone', 'Ironing facilities', 'Iron', 'Radio', 'Microwave', 'Heating', 'Hairdryer', 'Wake-up service/Alarm clock', 'Carpeted', 'Cable channels', 'Alarm clock', 'Dryer', 'Wireless internet', 'Clothes rack', 'Toilet paper', 'Entire unit wheelchair accessible', 'Single-room AC for guest accommodation']",2025-11-12,2025-11-13,https://www.booking.com/hotel/us/grand-season-inn-waupaca.html?aid=304142&label=gen173nr-10CBkoggI46AdIM1gEaGyIAQGYATO4ARfIAQzYAQPoAQH4AQGIAgGoAgG4ApeMjsgGwAIB0gIkMjlmODgzOGUtNTk5OC00MjNhLTg3OTUtN2M0MDViOGZmZmU12AIB4AIB&sid=b4a3f7b31a243b80f8ac20db0073a78a&checkin=2025-11-01&checkout=2025-11-05&dist=0&group_adults=2&group_children=0&hapos=1&hpos=1&no_rooms=1&req_adults=2&req_children=0&room1=A%2CA&sb_price_type=total&soh=1&sr_order=popularity&srepoch=1761842376&srpvid=26dd7514751709f0&type=total&ucfs=1&#no_availability_msg,
BOOKING_4,booking,Ramada by Wyndham Waupaca,One-Bedroom King Suite - Non-Smoking,king bedand,King,Suite,1.0,7244.0,978.0,8222.0,"['1 room', '350 m²', 'Air conditioning', 'Attached bathroom', 'Flat-screen TV', 'Soundproof', 'Coffee machine', 'Free Wifi', 'Free toiletries', 'Toilet', 'Sofa', 'Bathtub or shower', 'Towels', 'Linens', 'Tile/Marble floor', 'High chair', 'Sitting area', 'TV', 'Refrigerator', 'Telephone', 'Ironing facilities', 'Iron', 'Radio', 'Microwave', 'Heating', 'Hairdryer', 'Wake-up service/Alarm clock', 'Carpeted', 'Cable channels', 'Alarm clock', 'Dryer', 'Wireless internet', 'Clothes rack', 'Toilet paper', 'Entire unit wheelchair accessible', 'Single-room AC for guest accommodation']",2025-11-12,2025-11-13,https://www.booking.com/hotel/us/grand-season-inn-waupaca.html?aid=304142&label=gen173nr-10CBkoggI46AdIM1gEaGyIAQGYATO4ARfIAQzYAQPoAQH4AQGIAgGoAgG4ApeMjsgGwAIB0gIkMjlmODgzOGUtNTk5OC00MjNhLTg3OTUtN2M0MDViOGZmZmU12AIB4AIB&sid=b4a3f7b31a243b80f8ac20db0073a78a&checkin=2025-11-01&checkout=2025-11-05&dist=0&group_adults=2&group_children=0&hapos=1&hpos=1&no_rooms=1&req_adults=2&req_children=0&room1=A%2CA&sb_price_type=total&soh=1&sr_order=popularity&srepoch=1761842376&srpvid=26dd7514751709f0&type=total&ucfs=1&#no_availability_msg,
BOOKING_4,booking,Ramada by Wyndham Waupaca,Deluxe King Studio Suite - Non-Smoking,queen beds,Queen,Suite,3.0,7621.0,1029.0,8650.0,"['1 room', '350 m²', 'Air conditioning', 'Attached bathroom', 'Flat-screen TV', 'Soundproof', 'Coffee machine', 'Free Wifi', 'Free toiletries', 'Toilet', 'Bathtub or shower', 'Towels', 'Linens', 'Tile/Marble floor', 'High chair', 'Sitting area', 'TV', 'Refrigerator', 'Telephone', 'Ironing facilities', 'Iron', 'Radio', 'Microwave', 'Heating', 'Hairdryer', 'Wake-up service/Alarm clock', 'Carpeted', 'Cable channels', 'Alarm clock', 'Dryer', 'Wireless internet', 'Clothes rack', 'Toilet paper', 'Entire unit wheelchair accessible', 'Single-room AC for guest accommodation']",2025-11-12,2025-11-13,https://www.booking.com/hotel/us/grand-season-inn-waupaca.html?aid=304142&label=gen173nr-10CBkoggI46AdIM1gEaGyIAQGYATO4ARfIAQzYAQPoAQH4AQGIAgGoAgG4ApeMjsgGwAIB0gIkMjlmODgzOGUtNTk5OC00MjNhLTg3OTUtN2M0MDViOGZmZmU12AIB4AIB&sid=b4a3f7b31a243b80f8ac20db0073a78a&checkin=2025-11-01&checkout=2025-11-05&dist=0&group_adults=2&group_children=0&hapos=1&hpos=1&no_rooms=1&req_adults=2&req_children=0&room1=A%2CA&sb_price_type=total&soh=1&sr_order=popularity&srepoch=1761842376&srpvid=26dd7514751709f0&type=total&ucfs=1&#no_availability_msg,
BOOKING_4,booking,Ramada by Wyndham Waupaca,Efficiency Queen Room - Non-Smoking,queen bed,Queen,Normal,2.0,9130.0,1233.0,10363.0,"['Entire studio', 'Private kitchen', 'Private bathroom', 'Air conditioning', 'Minibar', 'Free Wifi', 'Free toiletries', 'Kitchen', 'Toilet', 'Sofa', 'Sitting area', 'TV', 'Refrigerator', 'Tea/Coffee maker', 'Iron', 'Microwave', 'Heating', 'Hairdryer', 'Kitchenware', 'Cable channels', 'Wardrobe or closet', 'Oven', 'Stovetop', 'Wireless internet', 'Dining area']",2025-11-12,2025-11-13,https://www.booking.com/hotel/us/grand-season-inn-waupaca.html?aid=304142&label=gen173nr-10CBkoggI46AdIM1gEaGyIAQGYATO4ARfIAQzYAQPoAQH4AQGIAgGoAgG4ApeMjsgGwAIB0gIkMjlmODgzOGUtNTk5OC00MjNhLTg3OTUtN2M0MDViOGZmZmU12AIB4AIB&sid=b4a3f7b31a243b80f8ac20db0073a78a&checkin=2025-11-01&checkout=2025-11-05&dist=0&group_adults=2&group_children=0&hapos=1&hpos=1&no_rooms=1&req_adults=2&req_children=0&room1=A%2CA&sb_price_type=total&soh=1&sr_order=popularity&srepoch=1761842376&srpvid=26dd7514751709f0&type=total&ucfs=1&#no_availability_msg,
BOOKING_4,booking,Us,Queen Room with Two Queen Beds - Non-Smoking,queen beds,Queen,Normal,0.0,6187.0,835.0,7022.0,"['1 room', '250 m²', 'Air conditioning', 'Attached bathroom', 'Flat-screen TV', 'Soundproof', 'Coffee machine', 'Free Wifi', 'Free toiletries', 'Toilet', 'Bathtub or shower', 'Towels', 'Linens', 'Tile/Marble floor', 'High chair', 'Sitting area', 'TV', 'Refrigerator', 'Telephone', 'Ironing facilities', 'Iron', 'Radio', 'Microwave', 'Heating', 'Hairdryer', 'Wake-up service/Alarm clock', 'Carpeted', 'Cable channels', 'Alarm clock', 'Dryer', 'Wireless internet', 'Clothes rack', 'Toilet paper', 'Entire unit wheelchair accessible', 'Single-room AC for guest accommodation']",2025-11-13,2025-11-14,https://www.booking.com/hotel/us/grand-season-inn-waupaca.html?aid=304142&label=gen173nr-10CBkoggI46AdIM1gEaGyIAQGYATO4ARfIAQzYAQPoAQH4AQGIAgGoAgG4ApeMjsgGwAIB0gIkMjlmODgzOGUtNTk5OC00MjNhLTg3OTUtN2M0MDViOGZmZmU12AIB4AIB&sid=b4a3f7b31a243b80f8ac20db0073a78a&checkin=2025-11-01&checkout=2025-11-05&dist=0&group_adults=2&group_children=0&hapos=1&hpos=1&no_rooms=1&req_adults=2&req_children=0&room1=A%2CA&sb_price_type=total&soh=1&sr_order=popularity&srepoch=1761842376&srpvid=26dd7514751709f0&type=total&ucfs=1&#no_availability_msg,
BOOKING_4,booking,Us,King Room - Non-Smoking,king bed,King,Normal,7.0,6187.0,835.0,7022.0,"['1 room', '185 m²', 'Air conditioning', 'Attached bathroom', 'Flat-screen TV', 'Soundproof', 'Coffee machine', 'Free Wifi', 'Free toiletries', 'Toilet', 'Bathtub or shower', 'Towels', 'Linens', 'Tile/Marble floor', 'High chair', 'Sitting area', 'TV', 'Refrigerator', 'Telephone', 'Ironing facilities', 'Iron', 'Radio', 'Microwave', 'Heating', 'Hairdryer', 'Wake-up service/Alarm clock', 'Carpeted', 'Cable channels', 'Alarm clock', 'Dryer', 'Wireless internet', 'Clothes rack', 'Toilet paper', 'Entire unit wheelchair accessible', 'Single-room AC for guest accommodation']",2025-11-13,2025-11-14,https://www.booking.com/hotel/us/grand-season-inn-waupaca.html?aid=304142&label=gen173nr-10CBkoggI46AdIM1gEaGyIAQGYATO4ARfIAQzYAQPoAQH4AQGIAgGoAgG4ApeMjsgGwAIB0gIkMjlmODgzOGUtNTk5OC00MjNhLTg3OTUtN2M0MDViOGZmZmU12AIB4AIB&sid=b4a3f7b31a243b80f8ac20db0073a78a&checkin=2025-11-01&checkout=2025-11-05&dist=0&group_adults=2&group_children=0&hapos=1&hpos=1&no_rooms=1&req_adults=2&req_children=0&room1=A%2CA&sb_price_type=total&soh=1&sr_order=popularity&srepoch=1761842376&srpvid=26dd7514751709f0&type=total&ucfs=1&#no_availability_msg,
BOOKING_4,booking,Us,Queen Room - Non-Smoking,sofa bedand,Sofa,Normal,2.0,6187.0,835.0,7022.0,"['1 room', '185 m²', 'Air conditioning', 'Attached bathroom', 'Flat-screen TV', 'Soundproof', 'Coffee machine', 'Free Wifi', 'Free toiletries', 'Toilet', 'Sofa', 'Bathtub or shower', 'Towels', 'Linens', 'Tile/Marble floor', 'High chair', 'Sitting area', 'TV', 'Refrigerator', 'Telephone', 'Ironing facilities', 'Iron', 'Radio', 'Microwave', 'Heating', 'Hairdryer', 'Wake-up service/Alarm clock', 'Carpeted', 'Cable channels', 'Alarm clock', 'Dryer', 'Wireless internet', 'Clothes rack', 'Toilet paper', 'Entire unit wheelchair accessible', 'Single-room AC for guest accommodation']",2025-11-13,2025-11-14,https://www.booking.com/hotel/us/grand-season-inn-waupaca.html?aid=304142&label=gen173nr-10CBkoggI46AdIM1gEaGyIAQGYATO4ARfIAQzYAQPoAQH4AQGIAgGoAgG4ApeMjsgGwAIB0gIkMjlmODgzOGUtNTk5OC00MjNhLTg3OTUtN2M0MDViOGZmZmU12AIB4AIB&sid=b4a3f7b31a243b80f8ac20db0073a78a&checkin=2025-11-01&checkout=2025-11-05&dist=0&group_adults=2&group_children=0&hapos=1&hpos=1&no_rooms=1&req_adults=2&req_children=0&room1=A%2CA&sb_price_type=total&soh=1&sr_order=popularity&srepoch=1761842376&srpvid=26dd7514751709f0&type=total&ucfs=1&#no_availability_msg,
BOOKING_4,booking,Us,Queen Room with Two Queen Beds and Bath Tub - Mobility Accessible/Non-Smoking,queen beds,Queen,Normal,3.0,6187.0,835.0,7022.0,"['1 room', '185 m²', 'Air conditioning', 'Attached bathroom', 'Flat-screen TV', 'Soundproof', 'Coffee machine', 'Free Wifi', 'Free toiletries', 'Toilet', 'Bathtub or shower', 'Towels', 'Linens', 'Tile/Marble floor', 'High chair', 'Sitting area', 'TV', 'Refrigerator', 'Telephone', 'Ironing facilities', 'Iron', 'Radio', 'Microwave', 'Heating', 'Hairdryer', 'Wake-up service/Alarm clock', 'Carpeted', 'Cable channels', 'Alarm clock', 'Dryer', 'Wireless internet', 'Clothes rack', 'Toilet paper', 'Entire unit wheelchair accessible', 'Single-room AC for guest accommodation']",2025-11-13,2025-11-14,https://www.booking.com/hotel/us/grand-season-inn-waupaca.html?aid=304142&label=gen173nr-10CBkoggI46AdIM1gEaGyIAQGYATO4ARfIAQzYAQPoAQH4AQGIAgGoAgG4ApeMjsgGwAIB0gIkMjlmODgzOGUtNTk5OC00MjNhLTg3OTUtN2M0MDViOGZmZmU12AIB4AIB&sid=b4a3f7b31a243b80f8ac20db0073a78a&checkin=2025-11-01&checkout=2025-11-05&dist=0&group_adults=2&group_children=0&hapos=1&hpos=1&no_rooms=1&req_adults=2&req_children=0&room1=A%2CA&sb_price_type=total&soh=1&sr_order=popularity&srepoch=1761842376&srpvid=26dd7514751709f0&type=total&ucfs=1&#no_availability_msg,
BOOKING_4,booking,Us,King Studio Suite - Non-Smoking,king bed,King,Suite,2.0,6942.0,937.0,7879.0,"['1 room', '350 m²', 'Air conditioning', 'Attached bathroom', 'Flat-screen TV', 'Soundproof', 'Coffee machine', 'Free Wifi', 'Free toiletries', 'Toilet', 'Bathtub or shower', 'Towels', 'Linens', 'Tile/Marble floor', 'High chair', 'Sitting area', 'TV', 'Refrigerator', 'Telephone', 'Ironing facilities', 'Iron', 'Radio', 'Microwave', 'Heating', 'Hairdryer', 'Wake-up service/Alarm clock', 'Carpeted', 'Cable channels', 'Alarm clock', 'Dryer', 'Wireless internet', 'Clothes rack', 'Toilet paper', 'Entire unit wheelchair accessible', 'Single-room AC for guest accommodation']",2025-11-13,2025-11-14,https://www.booking.com/hotel/us/grand-season-inn-waupaca.html?aid=304142&label=gen173nr-10CBkoggI46AdIM1gEaGyIAQGYATO4ARfIAQzYAQPoAQH4AQGIAgGoAgG4ApeMjsgGwAIB0gIkMjlmODgzOGUtNTk5OC00MjNhLTg3OTUtN2M0MDViOGZmZmU12AIB4AIB&sid=b4a3f7b31a243b80f8ac20db0073a78a&checkin=2025-11-01&checkout=2025-11-05&dist=0&group_adults=2&group_children=0&hapos=1&hpos=1&no_rooms=1&req_adults=2&req_children=0&room1=A%2CA&sb_price_type=total&soh=1&sr_order=popularity&srepoch=1761842376&srpvid=26dd7514751709f0&type=total&ucfs=1&#no_availability_msg,
BOOKING_4,booking,Us,One-Bedroom King Suite - Non-Smoking,king bedand,King,Suite,1.0,7319.0,988.0,8307.0,"['1 room', '350 m²', 'Air conditioning', 'Attached bathroom', 'Flat-screen TV', 'Soundproof', 'Coffee machine', 'Free Wifi', 'Free toiletries', 'Toilet', 'Sofa', 'Bathtub or shower', 'Towels', 'Linens', 'Tile/Marble floor', 'High chair', 'Sitting area', 'TV', 'Refrigerator', 'Telephone', 'Ironing facilities', 'Iron', 'Radio', 'Microwave', 'Heating', 'Hairdryer', 'Wake-up service/Alarm clock', 'Carpeted', 'Cable channels', 'Alarm clock', 'Dryer', 'Wireless internet', 'Clothes rack', 'Toilet paper', 'Entire unit wheelchair accessible', 'Single-room AC for guest accommodation']",2025-11-13,2025-11-14,https://www.booking.com/hotel/us/grand-season-inn-waupaca.html?aid=304142&label=gen173nr-10CBkoggI46AdIM1gEaGyIAQGYATO4ARfIAQzYAQPoAQH4AQGIAgGoAgG4ApeMjsgGwAIB0gIkMjlmODgzOGUtNTk5OC00MjNhLTg3OTUtN2M0MDViOGZmZmU12AIB4AIB&sid=b4a3f7b31a243b80f8ac20db0073a78a&checkin=2025-11-01&checkout=2025-11-05&dist=0&group_adults=2&group_children=0&hapos=1&hpos=1&no_rooms=1&req_adults=2&req_children=0&room1=A%2CA&sb_price_type=total&soh=1&sr_order=popularity&srepoch=1761842376&srpvid=26dd7514751709f0&type=total&ucfs=1&#no_availability_msg,
BOOKING_4,booking,Us,Deluxe King Studio Suite - Non-Smoking,queen beds,Queen,Suite,3.0,7696.0,1039.0,8735.0,"['1 room', '350 m²', 'Air conditioning', 'Attached bathroom', 'Flat-screen TV', 'Soundproof', 'Coffee machine', 'Free Wifi', 'Free toiletries', 'Toilet', 'Bathtub or shower', 'Towels', 'Linens', 'Tile/Marble floor', 'High chair', 'Sitting area', 'TV', 'Refrigerator', 'Telephone', 'Ironing facilities', 'Iron', 'Radio', 'Microwave', 'Heating', 'Hairdryer', 'Wake-up service/Alarm clock', 'Carpeted', 'Cable channels', 'Alarm clock', 'Dryer', 'Wireless internet', 'Clothes rack', 'Toilet paper', 'Entire unit wheelchair accessible', 'Single-room AC for guest accommodation']",2025-11-13,2025-11-14,https://www.booking.com/hotel/us/grand-season-inn-waupaca.html?aid=304142&label=gen173nr-10CBkoggI46AdIM1gEaGyIAQGYATO4ARfIAQzYAQPoAQH4AQGIAgGoAgG4ApeMjsgGwAIB0gIkMjlmODgzOGUtNTk5OC00MjNhLTg3OTUtN2M0MDViOGZmZmU12AIB4AIB&sid=b4a3f7b31a243b80f8ac20db0073a78a&checkin=2025-11-01&checkout=2025-11-05&dist=0&group_adults=2&group_children=0&hapos=1&hpos=1&no_rooms=1&req_adults=2&req_children=0&room1=A%2CA&sb_price_type=total&soh=1&sr_order=popularity&srepoch=1761842376&srpvid=26dd7514751709f0&type=total&ucfs=1&#no_availability_msg,
BOOKING_4,booking,Us,Efficiency Queen Room - Non-Smoking,queen bed,Queen,Normal,2.0,9206.0,1243.0,10449.0,"['Entire studio', 'Private kitchen', 'Private bathroom', 'Air conditioning', 'Minibar', 'Free Wifi', 'Free toiletries', 'Kitchen', 'Toilet', 'Sofa', 'Sitting area', 'TV', 'Refrigerator', 'Tea/Coffee maker', 'Iron', 'Microwave', 'Heating', 'Hairdryer', 'Kitchenware', 'Cable channels', 'Wardrobe or closet', 'Oven', 'Stovetop', 'Wireless internet', 'Dining area']",2025-11-13,2025-11-14,https://www.booking.com/hotel/us/grand-season-inn-waupaca.html?aid=304142&label=gen173nr-10CBkoggI46AdIM1gEaGyIAQGYATO4ARfIAQzYAQPoAQH4AQGIAgGoAgG4ApeMjsgGwAIB0gIkMjlmODgzOGUtNTk5OC00MjNhLTg3OTUtN2M0MDViOGZmZmU12AIB4AIB&sid=b4a3f7b31a243b80f8ac20db0073a78a&checkin=2025-11-01&checkout=2025-11-05&dist=0&group_adults=2&group_children=0&hapos=1&hpos=1&no_rooms=1&req_adults=2&req_children=0&room1=A%2CA&sb_price_type=total&soh=1&sr_order=popularity&srepoch=1761842376&srpvid=26dd7514751709f0&type=total&ucfs=1&#no_availability_msg,
BOOKING_4,booking,Us,Queen Room with Two Queen Beds - Non-Smoking,queen beds,Queen,Normal,0.0,10866.0,1467.0,12333.0,"['1 room', '250 m²', 'Air conditioning', 'Attached bathroom', 'Flat-screen TV', 'Soundproof', 'Coffee machine', 'Free Wifi', 'Free toiletries', 'Toilet', 'Bathtub or shower', 'Towels', 'Linens', 'Tile/Marble floor', 'High chair', 'Sitting area', 'TV', 'Refrigerator', 'Telephone', 'Ironing facilities', 'Iron', 'Radio', 'Microwave', 'Heating', 'Hairdryer', 'Wake-up service/Alarm clock', 'Carpeted', 'Cable channels', 'Alarm clock', 'Dryer', 'Wireless internet', 'Clothes rack', 'Toilet paper', 'Entire unit wheelchair accessible', 'Single-room AC for guest accommodation']",2025-11-14,2025-11-15,https://www.booking.com/hotel/us/grand-season-inn-waupaca.html?aid=304142&label=gen173nr-10CBkoggI46AdIM1gEaGyIAQGYATO4ARfIAQzYAQPoAQH4AQGIAgGoAgG4ApeMjsgGwAIB0gIkMjlmODgzOGUtNTk5OC00MjNhLTg3OTUtN2M0MDViOGZmZmU12AIB4AIB&sid=b4a3f7b31a243b80f8ac20db0073a78a&checkin=2025-11-01&checkout=2025-11-05&dist=0&group_adults=2&group_children=0&hapos=1&hpos=1&no_rooms=1&req_adults=2&req_children=0&room1=A%2CA&sb_price_type=total&soh=1&sr_order=popularity&srepoch=1761842376&srpvid=26dd7514751709f0&type=total&ucfs=1&#no_availability_msg,
BOOKING_4,booking,Us,King Room - Non-Smoking,king bed,King,Normal,0.0,10488.0,1416.0,11904.0,"['1 room', '185 m²', 'Air conditioning', 'Attached bathroom', 'Flat-screen TV', 'Soundproof', 'Coffee machine', 'Free Wifi', 'Free toiletries', 'Toilet', 'Bathtub or shower', 'Towels', 'Linens', 'Tile/Marble floor', 'High chair', 'Sitting area', 'TV', 'Refrigerator', 'Telephone', 'Ironing facilities', 'Iron', 'Radio', 'Microwave', 'Heating', 'Hairdryer', 'Wake-up service/Alarm clock', 'Carpeted', 'Cable channels', 'Alarm clock', 'Dryer', 'Wireless internet', 'Clothes rack', 'Toilet paper', 'Entire unit wheelchair accessible', 'Single-room AC for guest accommodation']",2025-11-14,2025-11-15,https://www.booking.com/hotel/us/grand-season-inn-waupaca.html?aid=304142&label=gen173nr-10CBkoggI46AdIM1gEaGyIAQGYATO4ARfIAQzYAQPoAQH4AQGIAgGoAgG4ApeMjsgGwAIB0gIkMjlmODgzOGUtNTk5OC00MjNhLTg3OTUtN2M0MDViOGZmZmU12AIB4AIB&sid=b4a3f7b31a243b80f8ac20db0073a78a&checkin=2025-11-01&checkout=2025-11-05&dist=0&group_adults=2&group_children=0&hapos=1&hpos=1&no_rooms=1&req_adults=2&req_children=0&room1=A%2CA&sb_price_type=total&soh=1&sr_order=popularity&srepoch=1761842376&srpvid=26dd7514751709f0&type=total&ucfs=1&#no_availability_msg,
BOOKING_4,booking,Us,Queen Room - Non-Smoking,sofa bedand,Sofa,Normal,2.0,10488.0,1416.0,11904.0,"['1 room', '185 m²', 'Air conditioning', 'Attached bathroom', 'Flat-screen TV', 'Soundproof', 'Coffee machine', 'Free Wifi', 'Free toiletries', 'Toilet', 'Sofa', 'Bathtub or shower', 'Towels', 'Linens', 'Tile/Marble floor', 'High chair', 'Sitting area', 'TV', 'Refrigerator', 'Telephone', 'Ironing facilities', 'Iron', 'Radio', 'Microwave', 'Heating', 'Hairdryer', 'Wake-up service/Alarm clock', 'Carpeted', 'Cable channels', 'Alarm clock', 'Dryer', 'Wireless internet', 'Clothes rack', 'Toilet paper', 'Entire unit wheelchair accessible', 'Single-room AC for guest accommodation']",2025-11-14,2025-11-15,https://www.booking.com/hotel/us/grand-season-inn-waupaca.html?aid=304142&label=gen173nr-10CBkoggI46AdIM1gEaGyIAQGYATO4ARfIAQzYAQPoAQH4AQGIAgGoAgG4ApeMjsgGwAIB0gIkMjlmODgzOGUtNTk5OC00MjNhLTg3OTUtN2M0MDViOGZmZmU12AIB4AIB&sid=b4a3f7b31a243b80f8ac20db0073a78a&checkin=2025-11-01&checkout=2025-11-05&dist=0&group_adults=2&group_children=0&hapos=1&hpos=1&no_rooms=1&req_adults=2&req_children=0&room1=A%2CA&sb_price_type=total&soh=1&sr_order=popularity&srepoch=1761842376&srpvid=26dd7514751709f0&type=total&ucfs=1&#no_availability_msg,
BOOKING_4,booking,Us,Queen Room with Two Queen Beds and Bath Tub - Mobility Accessible/Non-Smoking,queen beds,Queen,Normal,3.0,10866.0,1467.0,12333.0,"['1 room', '185 m²', 'Air conditioning', 'Attached bathroom', 'Flat-screen TV', 'Soundproof', 'Coffee machine', 'Free Wifi', 'Free toiletries', 'Toilet', 'Bathtub or shower', 'Towels', 'Linens', 'Tile/Marble floor', 'High chair', 'Sitting area', 'TV', 'Refrigerator', 'Telephone', 'Ironing facilities', 'Iron', 'Radio', 'Microwave', 'Heating', 'Hairdryer', 'Wake-up service/Alarm clock', 'Carpeted', 'Cable channels', 'Alarm clock', 'Dryer', 'Wireless internet', 'Clothes rack', 'Toilet paper', 'Entire unit wheelchair accessible', 'Single-room AC for guest accommodation']",2025-11-14,2025-11-15,https://www.booking.com/hotel/us/grand-season-inn-waupaca.html?aid=304142&label=gen173nr-10CBkoggI46AdIM1gEaGyIAQGYATO4ARfIAQzYAQPoAQH4AQGIAgGoAgG4ApeMjsgGwAIB0gIkMjlmODgzOGUtNTk5OC00MjNhLTg3OTUtN2M0MDViOGZmZmU12AIB4AIB&sid=b4a3f7b31a243b80f8ac20db0073a78a&checkin=2025-11-01&checkout=2025-11-05&dist=0&group_adults=2&group_children=0&hapos=1&hpos=1&no_rooms=1&req_adults=2&req_children=0&room1=A%2CA&sb_price_type=total&soh=1&sr_order=popularity&srepoch=1761842376&srpvid=26dd7514751709f0&type=total&ucfs=1&#no_availability_msg,
BOOKING_4,booking,Us,King Studio Suite - Non-Smoking,king bed,King,Suite,2.0,11997.0,1620.0,13617.0,"['1 room', '350 m²', 'Air conditioning', 'Attached bathroom', 'Flat-screen TV', 'Soundproof', 'Coffee machine', 'Free Wifi', 'Free toiletries', 'Toilet', 'Bathtub or shower', 'Towels', 'Linens', 'Tile/Marble floor', 'High chair', 'Sitting area', 'TV', 'Refrigerator', 'Telephone', 'Ironing facilities', 'Iron', 'Radio', 'Microwave', 'Heating', 'Hairdryer', 'Wake-up service/Alarm clock', 'Carpeted', 'Cable channels', 'Alarm clock', 'Dryer', 'Wireless internet', 'Clothes rack', 'Toilet paper', 'Entire unit wheelchair accessible', 'Single-room AC for guest accommodation']",2025-11-14,2025-11-15,https://www.booking.com/hotel/us/grand-season-inn-waupaca.html?aid=304142&label=gen173nr-10CBkoggI46AdIM1gEaGyIAQGYATO4ARfIAQzYAQPoAQH4AQGIAgGoAgG4ApeMjsgGwAIB0gIkMjlmODgzOGUtNTk5OC00MjNhLTg3OTUtN2M0MDViOGZmZmU12AIB4AIB&sid=b4a3f7b31a243b80f8ac20db0073a78a&checkin=2025-11-01&checkout=2025-11-05&dist=0&group_adults=2&group_children=0&hapos=1&hpos=1&no_rooms=1&req_adults=2&req_children=0&room1=A%2CA&sb_price_type=total&soh=1&sr_order=popularity&srepoch=1761842376&srpvid=26dd7514751709f0&type=total&ucfs=1&#no_availability_msg,
BOOKING_4,booking,Us,Deluxe King Studio Suite - Non-Smoking,queen beds,Queen,Suite,3.0,12752.0,1722.0,14474.0,"['1 room', '350 m²', 'Air conditioning', 'Attached bathroom', 'Flat-screen TV', 'Soundproof', 'Coffee machine', 'Free Wifi', 'Free toiletries', 'Toilet', 'Bathtub or shower', 'Towels', 'Linens', 'Tile/Marble floor', 'High chair', 'Sitting area', 'TV', 'Refrigerator', 'Telephone', 'Ironing facilities', 'Iron', 'Radio', 'Microwave', 'Heating', 'Hairdryer', 'Wake-up service/Alarm clock', 'Carpeted', 'Cable channels', 'Alarm clock', 'Dryer', 'Wireless internet', 'Clothes rack', 'Toilet paper', 'Entire unit wheelchair accessible', 'Single-room AC for guest accommodation']",2025-11-14,2025-11-15,https://www.booking.com/hotel/us/grand-season-inn-waupaca.html?aid=304142&label=gen173nr-10CBkoggI46AdIM1gEaGyIAQGYATO4ARfIAQzYAQPoAQH4AQGIAgGoAgG4ApeMjsgGwAIB0gIkMjlmODgzOGUtNTk5OC00MjNhLTg3OTUtN2M0MDViOGZmZmU12AIB4AIB&sid=b4a3f7b31a243b80f8ac20db0073a78a&checkin=2025-11-01&checkout=2025-11-05&dist=0&group_adults=2&group_children=0&hapos=1&hpos=1&no_rooms=1&req_adults=2&req_children=0&room1=A%2CA&sb_price_type=total&soh=1&sr_order=popularity&srepoch=1761842376&srpvid=26dd7514751709f0&type=total&ucfs=1&#no_availability_msg,
BOOKING_4,booking,Us,One-Bedroom King Suite - Non-Smoking,king bedand,King,Suite,1.0,13507.0,1823.0,15330.0,"['1 room', '350 m²', 'Air conditioning', 'Attached bathroom', 'Flat-screen TV', 'Soundproof', 'Coffee machine', 'Free Wifi', 'Free toiletries', 'Toilet', 'Sofa', 'Bathtub or shower', 'Towels', 'Linens', 'Tile/Marble floor', 'High chair', 'Sitting area', 'TV', 'Refrigerator', 'Telephone', 'Ironing facilities', 'Iron', 'Radio', 'Microwave', 'Heating', 'Hairdryer', 'Wake-up service/Alarm clock', 'Carpeted', 'Cable channels', 'Alarm clock', 'Dryer', 'Wireless internet', 'Clothes rack', 'Toilet paper', 'Entire unit wheelchair accessible', 'Single-room AC for guest accommodation']",2025-11-14,2025-11-15,https://www.booking.com/hotel/us/grand-season-inn-waupaca.html?aid=304142&label=gen173nr-10CBkoggI46AdIM1gEaGyIAQGYATO4ARfIAQzYAQPoAQH4AQGIAgGoAgG4ApeMjsgGwAIB0gIkMjlmODgzOGUtNTk5OC00MjNhLTg3OTUtN2M0MDViOGZmZmU12AIB4AIB&sid=b4a3f7b31a243b80f8ac20db0073a78a&checkin=2025-11-01&checkout=2025-11-05&dist=0&group_adults=2&group_children=0&hapos=1&hpos=1&no_rooms=1&req_adults=2&req_children=0&room1=A%2CA&sb_price_type=total&soh=1&sr_order=popularity&srepoch=1761842376&srpvid=26dd7514751709f0&type=total&ucfs=1&#no_availability_msg,
BOOKING_4,booking,Us,Efficiency Queen Room - Non-Smoking,queen bed,Queen,Normal,2.0,13507.0,1823.0,15330.0,"['Entire studio', 'Private kitchen', 'Private bathroom', 'Air conditioning', 'Minibar', 'Free Wifi', 'Free toiletries', 'Kitchen', 'Toilet', 'Sofa', 'Sitting area', 'TV', 'Refrigerator', 'Tea/Coffee maker', 'Iron', 'Microwave', 'Heating', 'Hairdryer', 'Kitchenware', 'Cable channels', 'Wardrobe or closet', 'Oven', 'Stovetop', 'Wireless internet', 'Dining area']",2025-11-14,2025-11-15,https://www.booking.com/hotel/us/grand-season-inn-waupaca.html?aid=304142&label=gen173nr-10CBkoggI46AdIM1gEaGyIAQGYATO4ARfIAQzYAQPoAQH4AQGIAgGoAgG4ApeMjsgGwAIB0gIkMjlmODgzOGUtNTk5OC00MjNhLTg3OTUtN2M0MDViOGZmZmU12AIB4AIB&sid=b4a3f7b31a243b80f8ac20db0073a78a&checkin=2025-11-01&checkout=2025-11-05&dist=0&group_adults=2&group_children=0&hapos=1&hpos=1&no_rooms=1&req_adults=2&req_children=0&room1=A%2CA&sb_price_type=total&soh=1&sr_order=popularity&srepoch=1761842376&srpvid=26dd7514751709f0&type=total&ucfs=1&#no_availability_msg,
BOOKING_4,booking,Ramada by Wyndham Waupaca,Queen Room with Two Queen Beds - Non-Smoking,queen beds,Queen,Normal,0.0,10866.0,1467.0,12333.0,"['1 room', '250 m²', 'Air conditioning', 'Attached bathroom', 'Flat-screen TV', 'Soundproof', 'Coffee machine', 'Free Wifi', 'Free toiletries', 'Toilet', 'Bathtub or shower', 'Towels', 'Linens', 'Tile/Marble floor', 'High chair', 'Sitting area', 'TV', 'Refrigerator', 'Telephone', 'Ironing facilities', 'Iron', 'Radio', 'Microwave', 'Heating', 'Hairdryer', 'Wake-up service/Alarm clock', 'Carpeted', 'Cable channels', 'Alarm clock', 'Dryer', 'Wireless internet', 'Clothes rack', 'Toilet paper', 'Entire unit wheelchair accessible', 'Single-room AC for guest accommodation']",2025-11-15,2025-11-16,https://www.booking.com/hotel/us/grand-season-inn-waupaca.html?aid=304142&label=gen173nr-10CBkoggI46AdIM1gEaGyIAQGYATO4ARfIAQzYAQPoAQH4AQGIAgGoAgG4ApeMjsgGwAIB0gIkMjlmODgzOGUtNTk5OC00MjNhLTg3OTUtN2M0MDViOGZmZmU12AIB4AIB&sid=b4a3f7b31a243b80f8ac20db0073a78a&checkin=2025-11-01&checkout=2025-11-05&dist=0&group_adults=2&group_children=0&hapos=1&hpos=1&no_rooms=1&req_adults=2&req_children=0&room1=A%2CA&sb_price_type=total&soh=1&sr_order=popularity&srepoch=1761842376&srpvid=26dd7514751709f0&type=total&ucfs=1&#no_availability_msg,
BOOKING_4,booking,Ramada by Wyndham Waupaca,King Room - Non-Smoking,king bed,King,Normal,0.0,10488.0,1416.0,11904.0,"['1 room', '185 m²', 'Air conditioning', 'Attached bathroom', 'Flat-screen TV', 'Soundproof', 'Coffee machine', 'Free Wifi', 'Free toiletries', 'Toilet', 'Bathtub or shower', 'Towels', 'Linens', 'Tile/Marble floor', 'High chair', 'Sitting area', 'TV', 'Refrigerator', 'Telephone', 'Ironing facilities', 'Iron', 'Radio', 'Microwave', 'Heating', 'Hairdryer', 'Wake-up service/Alarm clock', 'Carpeted', 'Cable channels', 'Alarm clock', 'Dryer', 'Wireless internet', 'Clothes rack', 'Toilet paper', 'Entire unit wheelchair accessible', 'Single-room AC for guest accommodation']",2025-11-15,2025-11-16,https://www.booking.com/hotel/us/grand-season-inn-waupaca.html?aid=304142&label=gen173nr-10CBkoggI46AdIM1gEaGyIAQGYATO4ARfIAQzYAQPoAQH4AQGIAgGoAgG4ApeMjsgGwAIB0gIkMjlmODgzOGUtNTk5OC00MjNhLTg3OTUtN2M0MDViOGZmZmU12AIB4AIB&sid=b4a3f7b31a243b80f8ac20db0073a78a&checkin=2025-11-01&checkout=2025-11-05&dist=0&group_adults=2&group_children=0&hapos=1&hpos=1&no_rooms=1&req_adults=2&req_children=0&room1=A%2CA&sb_price_type=total&soh=1&sr_order=popularity&srepoch=1761842376&srpvid=26dd7514751709f0&type=total&ucfs=1&#no_availability_msg,
BOOKING_4,booking,Ramada by Wyndham Waupaca,Queen Room - Non-Smoking,sofa bedand,Sofa,Normal,2.0,10488.0,1416.0,11904.0,"['1 room', '185 m²', 'Air conditioning', 'Attached bathroom', 'Flat-screen TV', 'Soundproof', 'Coffee machine', 'Free Wifi', 'Free toiletries', 'Toilet', 'Sofa', 'Bathtub or shower', 'Towels', 'Linens', 'Tile/Marble floor', 'High chair', 'Sitting area', 'TV', 'Refrigerator', 'Telephone', 'Ironing facilities', 'Iron', 'Radio', 'Microwave', 'Heating', 'Hairdryer', 'Wake-up service/Alarm clock', 'Carpeted', 'Cable channels', 'Alarm clock', 'Dryer', 'Wireless internet', 'Clothes rack', 'Toilet paper', 'Entire unit wheelchair accessible', 'Single-room AC for guest accommodation']",2025-11-15,2025-11-16,https://www.booking.com/hotel/us/grand-season-inn-waupaca.html?aid=304142&label=gen173nr-10CBkoggI46AdIM1gEaGyIAQGYATO4ARfIAQzYAQPoAQH4AQGIAgGoAgG4ApeMjsgGwAIB0gIkMjlmODgzOGUtNTk5OC00MjNhLTg3OTUtN2M0MDViOGZmZmU12AIB4AIB&sid=b4a3f7b31a243b80f8ac20db0073a78a&checkin=2025-11-01&checkout=2025-11-05&dist=0&group_adults=2&group_children=0&hapos=1&hpos=1&no_rooms=1&req_adults=2&req_children=0&room1=A%2CA&sb_price_type=total&soh=1&sr_order=popularity&srepoch=1761842376&srpvid=26dd7514751709f0&type=total&ucfs=1&#no_availability_msg,
BOOKING_4,booking,Ramada by Wyndham Waupaca,Queen Room with Two Queen Beds and Bath Tub - Mobility Accessible/Non-Smoking,queen beds,Queen,Normal,3.0,10866.0,1467.0,12333.0,"['1 room', '185 m²', 'Air conditioning', 'Attached bathroom', 'Flat-screen TV', 'Soundproof', 'Coffee machine', 'Free Wifi', 'Free toiletries', 'Toilet', 'Bathtub or shower', 'Towels', 'Linens', 'Tile/Marble floor', 'High chair', 'Sitting area', 'TV', 'Refrigerator', 'Telephone', 'Ironing facilities', 'Iron', 'Radio', 'Microwave', 'Heating', 'Hairdryer', 'Wake-up service/Alarm clock', 'Carpeted', 'Cable channels', 'Alarm clock', 'Dryer', 'Wireless internet', 'Clothes rack', 'Toilet paper', 'Entire unit wheelchair accessible', 'Single-room AC for guest accommodation']",2025-11-15,2025-11-16,https://www.booking.com/hotel/us/grand-season-inn-waupaca.html?aid=304142&label=gen173nr-10CBkoggI46AdIM1gEaGyIAQGYATO4ARfIAQzYAQPoAQH4AQGIAgGoAgG4ApeMjsgGwAIB0gIkMjlmODgzOGUtNTk5OC00MjNhLTg3OTUtN2M0MDViOGZmZmU12AIB4AIB&sid=b4a3f7b31a243b80f8ac20db0073a78a&checkin=2025-11-01&checkout=2025-11-05&dist=0&group_adults=2&group_children=0&hapos=1&hpos=1&no_rooms=1&req_adults=2&req_children=0&room1=A%2CA&sb_price_type=total&soh=1&sr_order=popularity&srepoch=1761842376&srpvid=26dd7514751709f0&type=total&ucfs=1&#no_availability_msg,
BOOKING_4,booking,Ramada by Wyndham Waupaca,King Studio Suite - Non-Smoking,king bed,King,Suite,2.0,11997.0,1620.0,13617.0,"['1 room', '350 m²', 'Air conditioning', 'Attached bathroom', 'Flat-screen TV', 'Soundproof', 'Coffee machine', 'Free Wifi', 'Free toiletries', 'Toilet', 'Bathtub or shower', 'Towels', 'Linens', 'Tile/Marble floor', 'High chair', 'Sitting area', 'TV', 'Refrigerator', 'Telephone', 'Ironing facilities', 'Iron', 'Radio', 'Microwave', 'Heating', 'Hairdryer', 'Wake-up service/Alarm clock', 'Carpeted', 'Cable channels', 'Alarm clock', 'Dryer', 'Wireless internet', 'Clothes rack', 'Toilet paper', 'Entire unit wheelchair accessible', 'Single-room AC for guest accommodation']",2025-11-15,2025-11-16,https://www.booking.com/hotel/us/grand-season-inn-waupaca.html?aid=304142&label=gen173nr-10CBkoggI46AdIM1gEaGyIAQGYATO4ARfIAQzYAQPoAQH4AQGIAgGoAgG4ApeMjsgGwAIB0gIkMjlmODgzOGUtNTk5OC00MjNhLTg3OTUtN2M0MDViOGZmZmU12AIB4AIB&sid=b4a3f7b31a243b80f8ac20db0073a78a&checkin=2025-11-01&checkout=2025-11-05&dist=0&group_adults=2&group_children=0&hapos=1&hpos=1&no_rooms=1&req_adults=2&req_children=0&room1=A%2CA&sb_price_type=total&soh=1&sr_order=popularity&srepoch=1761842376&srpvid=26dd7514751709f0&type=total&ucfs=1&#no_availability_msg,
BOOKING_4,booking,Ramada by Wyndham Waupaca,Deluxe King Studio Suite - Non-Smoking,queen beds,Queen,Suite,3.0,12752.0,1722.0,14474.0,"['1 room', '350 m²', 'Air conditioning', 'Attached bathroom', 'Flat-screen TV', 'Soundproof', 'Coffee machine', 'Free Wifi', 'Free toiletries', 'Toilet', 'Bathtub or shower', 'Towels', 'Linens', 'Tile/Marble floor', 'High chair', 'Sitting area', 'TV', 'Refrigerator', 'Telephone', 'Ironing facilities', 'Iron', 'Radio', 'Microwave', 'Heating', 'Hairdryer', 'Wake-up service/Alarm clock', 'Carpeted', 'Cable channels', 'Alarm clock', 'Dryer', 'Wireless internet', 'Clothes rack', 'Toilet paper', 'Entire unit wheelchair accessible', 'Single-room AC for guest accommodation']",2025-11-15,2025-11-16,https://www.booking.com/hotel/us/grand-season-inn-waupaca.html?aid=304142&label=gen173nr-10CBkoggI46AdIM1gEaGyIAQGYATO4ARfIAQzYAQPoAQH4AQGIAgGoAgG4ApeMjsgGwAIB0gIkMjlmODgzOGUtNTk5OC00MjNhLTg3OTUtN2M0MDViOGZmZmU12AIB4AIB&sid=b4a3f7b31a243b80f8ac20db0073a78a&checkin=2025-11-01&checkout=2025-11-05&dist=0&group_adults=2&group_children=0&hapos=1&hpos=1&no_rooms=1&req_adults=2&req_children=0&room1=A%2CA&sb_price_type=total&soh=1&sr_order=popularity&srepoch=1761842376&srpvid=26dd7514751709f0&type=total&ucfs=1&#no_availability_msg,
BOOKING_4,booking,Ramada by Wyndham Waupaca,One-Bedroom King Suite - Non-Smoking,king bedand,King,Suite,1.0,13507.0,1823.0,15330.0,"['1 room', '350 m²', 'Air conditioning', 'Attached bathroom', 'Flat-screen TV', 'Soundproof', 'Coffee machine', 'Free Wifi', 'Free toiletries', 'Toilet', 'Sofa', 'Bathtub or shower', 'Towels', 'Linens', 'Tile/Marble floor', 'High chair', 'Sitting area', 'TV', 'Refrigerator', 'Telephone', 'Ironing facilities', 'Iron', 'Radio', 'Microwave', 'Heating', 'Hairdryer', 'Wake-up service/Alarm clock', 'Carpeted', 'Cable channels', 'Alarm clock', 'Dryer', 'Wireless internet', 'Clothes rack', 'Toilet paper', 'Entire unit wheelchair accessible', 'Single-room AC for guest accommodation']",2025-11-15,2025-11-16,https://www.booking.com/hotel/us/grand-season-inn-waupaca.html?aid=304142&label=gen173nr-10CBkoggI46AdIM1gEaGyIAQGYATO4ARfIAQzYAQPoAQH4AQGIAgGoAgG4ApeMjsgGwAIB0gIkMjlmODgzOGUtNTk5OC00MjNhLTg3OTUtN2M0MDViOGZmZmU12AIB4AIB&sid=b4a3f7b31a243b80f8ac20db0073a78a&checkin=2025-11-01&checkout=2025-11-05&dist=0&group_adults=2&group_children=0&hapos=1&hpos=1&no_rooms=1&req_adults=2&req_children=0&room1=A%2CA&sb_price_type=total&soh=1&sr_order=popularity&srepoch=1761842376&srpvid=26dd7514751709f0&type=total&ucfs=1&#no_availability_msg,
BOOKING_4,booking,Ramada by Wyndham Waupaca,Efficiency Queen Room - Non-Smoking,queen bed,Queen,Normal,2.0,13507.0,1823.0,15330.0,"['Entire studio', 'Private kitchen', 'Private bathroom', 'Air conditioning', 'Minibar', 'Free Wifi', 'Free toiletries', 'Kitchen', 'Toilet', 'Sofa', 'Sitting area', 'TV', 'Refrigerator', 'Tea/Coffee maker', 'Iron', 'Microwave', 'Heating', 'Hairdryer', 'Kitchenware', 'Cable channels', 'Wardrobe or closet', 'Oven', 'Stovetop', 'Wireless internet', 'Dining area']",2025-11-15,2025-11-16,https://www.booking.com/hotel/us/grand-season-inn-waupaca.html?aid=304142&label=gen173nr-10CBkoggI46AdIM1gEaGyIAQGYATO4ARfIAQzYAQPoAQH4AQGIAgGoAgG4ApeMjsgGwAIB0gIkMjlmODgzOGUtNTk5OC00MjNhLTg3OTUtN2M0MDViOGZmZmU12AIB4AIB&sid=b4a3f7b31a243b80f8ac20db0073a78a&checkin=2025-11-01&checkout=2025-11-05&dist=0&group_adults=2&group_children=0&hapos=1&hpos=1&no_rooms=1&req_adults=2&req_children=0&room1=A%2CA&sb_price_type=total&soh=1&sr_order=popularity&srepoch=1761842376&srpvid=26dd7514751709f0&type=total&ucfs=1&#no_availability_msg,
BOOKING_5,booking,Us,King Room,king bed,King,Normal,0.0,8966.0,1210.0,10176.0,"['1 room', '28 m²', 'Air conditioning', 'Private bathroom', 'Flat-screen TV', 'Coffee machine', 'Free Wifi', 'Free toiletries', 'Toilet', 'Bathtub or shower', 'Desk', 'Telephone', 'Ironing facilities', 'Iron', 'Heating', 'Hairdryer', 'Carpeted', 'Cable channels', 'Alarm clock', 'Hand sanitizer', 'Single-room AC for guest accommodation']",2025-11-03,2025-11-04,https://www.booking.com/hotel/us/la-quinta-stevens-point.html?aid=304142&label=gen173nr-10CBkoggI46AdIM1gEaGyIAQGYATO4ARfIAQzYAQPoAQH4AQGIAgGoAgG4ApeMjsgGwAIB0gIkMjlmODgzOGUtNTk5OC00MjNhLTg3OTUtN2M0MDViOGZmZmU12AIB4AIB&sid=b4a3f7b31a243b80f8ac20db0073a78a&all_sr_blocks=46222902_246071592_2_1_0&checkin=2025-11-01&checkout=2025-11-05&dest_id=462229&dest_type=hotel&dist=0&group_adults=2&group_children=0&hapos=1&highlighted_blocks=46222902_246071592_2_1_0&hpos=1&matching_block_id=46222902_246071592_2_1_0&no_rooms=1&req_adults=2&req_children=0&room1=A%2CA&sb_price_type=total&sr_order=popularity&sr_pri_blocks=46222902_246071592_2_1_0__33120&srepoch=1761842557&srpvid=2fc67572204010eb&type=total&ucfs=1&,
BOOKING_5,booking,Us,Double Room with Two Double Beds,full beds,Other,Normal,0.0,9854.0,1330.0,11184.0,"['1 room', '28 m²', 'Air conditioning', 'Private bathroom', 'Flat-screen TV', 'Coffee machine', 'Free Wifi', 'Free toiletries', 'Toilet', 'Bathtub or shower', 'Desk', 'Telephone', 'Ironing facilities', 'Iron', 'Heating', 'Hairdryer', 'Carpeted', 'Cable channels', 'Alarm clock', 'Single-room AC for guest accommodation', 'Hand sanitizer']",2025-11-03,2025-11-04,https://www.booking.com/hotel/us/la-quinta-stevens-point.html?aid=304142&label=gen173nr-10CBkoggI46AdIM1gEaGyIAQGYATO4ARfIAQzYAQPoAQH4AQGIAgGoAgG4ApeMjsgGwAIB0gIkMjlmODgzOGUtNTk5OC00MjNhLTg3OTUtN2M0MDViOGZmZmU12AIB4AIB&sid=b4a3f7b31a243b80f8ac20db0073a78a&all_sr_blocks=46222902_246071592_2_1_0&checkin=2025-11-01&checkout=2025-11-05&dest_id=462229&dest_type=hotel&dist=0&group_adults=2&group_children=0&hapos=1&highlighted_blocks=46222902_246071592_2_1_0&hpos=1&matching_block_id=46222902_246071592_2_1_0&no_rooms=1&req_adults=2&req_children=0&room1=A%2CA&sb_price_type=total&sr_order=popularity&sr_pri_blocks=46222902_246071592_2_1_0__33120&srepoch=1761842557&srpvid=2fc67572204010eb&type=total&ucfs=1&,
BOOKING_5,booking,Us,Double Room with One Double Bed - Disability Access,full bed,Other,Normal,3.0,8966.0,1210.0,10176.0,"['1 room', '23 m²', 'Air conditioning', 'Private bathroom', 'Flat-screen TV', 'Coffee machine', 'Free Wifi', 'Free toiletries', 'Toilet', 'Bathtub or shower', 'Desk', 'Telephone', 'Ironing facilities', 'Iron', 'Heating', 'Hairdryer', 'Carpeted', 'Cable channels', 'Alarm clock', 'Hand sanitizer', 'Single-room AC for guest accommodation']",2025-11-03,2025-11-04,https://www.booking.com/hotel/us/la-quinta-stevens-point.html?aid=304142&label=gen173nr-10CBkoggI46AdIM1gEaGyIAQGYATO4ARfIAQzYAQPoAQH4AQGIAgGoAgG4ApeMjsgGwAIB0gIkMjlmODgzOGUtNTk5OC00MjNhLTg3OTUtN2M0MDViOGZmZmU12AIB4AIB&sid=b4a3f7b31a243b80f8ac20db0073a78a&all_sr_blocks=46222902_246071592_2_1_0&checkin=2025-11-01&checkout=2025-11-05&dest_id=462229&dest_type=hotel&dist=0&group_adults=2&group_children=0&hapos=1&highlighted_blocks=46222902_246071592_2_1_0&hpos=1&matching_block_id=46222902_246071592_2_1_0&no_rooms=1&req_adults=2&req_children=0&room1=A%2CA&sb_price_type=total&sr_order=popularity&sr_pri_blocks=46222902_246071592_2_1_0__33120&srepoch=1761842557&srpvid=2fc67572204010eb&type=total&ucfs=1&,
BOOKING_5,booking,Us,Executive King Room with Sofa Bed,king bedand,King,Deluxe,4.0,10741.0,1450.0,12191.0,"['1 room', '29 m²', 'Air conditioning', 'Private bathroom', 'Flat-screen TV', 'Coffee machine', 'Free Wifi', 'Free toiletries', 'Toilet', 'Sofa', 'Bathtub or shower', 'Desk', 'Refrigerator', 'Telephone', 'Ironing facilities', 'Iron', 'Microwave', 'Heating', 'Hairdryer', 'Carpeted', 'Cable channels', 'Alarm clock', 'Hand sanitizer', 'Single-room AC for guest accommodation']",2025-11-03,2025-11-04,https://www.booking.com/hotel/us/la-quinta-stevens-point.html?aid=304142&label=gen173nr-10CBkoggI46AdIM1gEaGyIAQGYATO4ARfIAQzYAQPoAQH4AQGIAgGoAgG4ApeMjsgGwAIB0gIkMjlmODgzOGUtNTk5OC00MjNhLTg3OTUtN2M0MDViOGZmZmU12AIB4AIB&sid=b4a3f7b31a243b80f8ac20db0073a78a&all_sr_blocks=46222902_246071592_2_1_0&checkin=2025-11-01&checkout=2025-11-05&dest_id=462229&dest_type=hotel&dist=0&group_adults=2&group_children=0&hapos=1&highlighted_blocks=46222902_246071592_2_1_0&hpos=1&matching_block_id=46222902_246071592_2_1_0&no_rooms=1&req_adults=2&req_children=0&room1=A%2CA&sb_price_type=total&sr_order=popularity&sr_pri_blocks=46222902_246071592_2_1_0__33120&srepoch=1761842557&srpvid=2fc67572204010eb&type=total&ucfs=1&,
BOOKING_5,booking,Us,One-Bedroom King Suite - Non-Smoking,,,Suite,2.0,13404.0,1810.0,15214.0,"['Private suite', '56 m²', 'Air conditioning', 'Private bathroom', 'Free Wifi', 'Toilet', 'Bathtub or shower', 'Telephone', 'Heating', 'Carpeted', 'Alarm clock', 'Sofa bed', 'Hand sanitizer', 'Single-room AC for guest accommodation']",2025-11-03,2025-11-04,https://www.booking.com/hotel/us/la-quinta-stevens-point.html?aid=304142&label=gen173nr-10CBkoggI46AdIM1gEaGyIAQGYATO4ARfIAQzYAQPoAQH4AQGIAgGoAgG4ApeMjsgGwAIB0gIkMjlmODgzOGUtNTk5OC00MjNhLTg3OTUtN2M0MDViOGZmZmU12AIB4AIB&sid=b4a3f7b31a243b80f8ac20db0073a78a&all_sr_blocks=46222902_246071592_2_1_0&checkin=2025-11-01&checkout=2025-11-05&dest_id=462229&dest_type=hotel&dist=0&group_adults=2&group_children=0&hapos=1&highlighted_blocks=46222902_246071592_2_1_0&hpos=1&matching_block_id=46222902_246071592_2_1_0&no_rooms=1&req_adults=2&req_children=0&room1=A%2CA&sb_price_type=total&sr_order=popularity&sr_pri_blocks=46222902_246071592_2_1_0__33120&srepoch=1761842557&srpvid=2fc67572204010eb&type=total&ucfs=1&,
BOOKING_5,booking,La Quinta by Wyndham Stevens Point,King Room,king bed,King,Normal,0.0,8966.0,1210.0,10176.0,"['1 room', '28 m²', 'Air conditioning', 'Private bathroom', 'Flat-screen TV', 'Coffee machine', 'Free Wifi', 'Free toiletries', 'Toilet', 'Bathtub or shower', 'Desk', 'Telephone', 'Ironing facilities', 'Iron', 'Heating', 'Hairdryer', 'Carpeted', 'Cable channels', 'Alarm clock', 'Single-room AC for guest accommodation', 'Hand sanitizer']",2025-11-04,2025-11-05,https://www.booking.com/hotel/us/la-quinta-stevens-point.html?aid=304142&label=gen173nr-10CBkoggI46AdIM1gEaGyIAQGYATO4ARfIAQzYAQPoAQH4AQGIAgGoAgG4ApeMjsgGwAIB0gIkMjlmODgzOGUtNTk5OC00MjNhLTg3OTUtN2M0MDViOGZmZmU12AIB4AIB&sid=b4a3f7b31a243b80f8ac20db0073a78a&all_sr_blocks=46222902_246071592_2_1_0&checkin=2025-11-01&checkout=2025-11-05&dest_id=462229&dest_type=hotel&dist=0&group_adults=2&group_children=0&hapos=1&highlighted_blocks=46222902_246071592_2_1_0&hpos=1&matching_block_id=46222902_246071592_2_1_0&no_rooms=1&req_adults=2&req_children=0&room1=A%2CA&sb_price_type=total&sr_order=popularity&sr_pri_blocks=46222902_246071592_2_1_0__33120&srepoch=1761842557&srpvid=2fc67572204010eb&type=total&ucfs=1&,
BOOKING_5,booking,La Quinta by Wyndham Stevens Point,Double Room with One Double Bed - Disability Access,full bed,Other,Normal,3.0,8966.0,1210.0,10176.0,"['1 room', '23 m²', 'Air conditioning', 'Private bathroom', 'Flat-screen TV', 'Coffee machine', 'Free Wifi', 'Free toiletries', 'Toilet', 'Bathtub or shower', 'Desk', 'Telephone', 'Ironing facilities', 'Iron', 'Heating', 'Hairdryer', 'Carpeted', 'Cable channels', 'Alarm clock', 'Hand sanitizer', 'Single-room AC for guest accommodation']",2025-11-04,2025-11-05,https://www.booking.com/hotel/us/la-quinta-stevens-point.html?aid=304142&label=gen173nr-10CBkoggI46AdIM1gEaGyIAQGYATO4ARfIAQzYAQPoAQH4AQGIAgGoAgG4ApeMjsgGwAIB0gIkMjlmODgzOGUtNTk5OC00MjNhLTg3OTUtN2M0MDViOGZmZmU12AIB4AIB&sid=b4a3f7b31a243b80f8ac20db0073a78a&all_sr_blocks=46222902_246071592_2_1_0&checkin=2025-11-01&checkout=2025-11-05&dest_id=462229&dest_type=hotel&dist=0&group_adults=2&group_children=0&hapos=1&highlighted_blocks=46222902_246071592_2_1_0&hpos=1&matching_block_id=46222902_246071592_2_1_0&no_rooms=1&req_adults=2&req_children=0&room1=A%2CA&sb_price_type=total&sr_order=popularity&sr_pri_blocks=46222902_246071592_2_1_0__33120&srepoch=1761842557&srpvid=2fc67572204010eb&type=total&ucfs=1&,
BOOKING_5,booking,La Quinta by Wyndham Stevens Point,Double Room with Two Double Beds,full beds,Other,Normal,0.0,9854.0,1330.0,11184.0,"['1 room', '28 m²', 'Air conditioning', 'Private bathroom', 'Flat-screen TV', 'Coffee machine', 'Free Wifi', 'Free toiletries', 'Toilet', 'Bathtub or shower', 'Desk', 'Telephone', 'Ironing facilities', 'Iron', 'Heating', 'Hairdryer', 'Carpeted', 'Cable channels', 'Alarm clock', 'Single-room AC for guest accommodation', 'Hand sanitizer']",2025-11-04,2025-11-05,https://www.booking.com/hotel/us/la-quinta-stevens-point.html?aid=304142&label=gen173nr-10CBkoggI46AdIM1gEaGyIAQGYATO4ARfIAQzYAQPoAQH4AQGIAgGoAgG4ApeMjsgGwAIB0gIkMjlmODgzOGUtNTk5OC00MjNhLTg3OTUtN2M0MDViOGZmZmU12AIB4AIB&sid=b4a3f7b31a243b80f8ac20db0073a78a&all_sr_blocks=46222902_246071592_2_1_0&checkin=2025-11-01&checkout=2025-11-05&dest_id=462229&dest_type=hotel&dist=0&group_adults=2&group_children=0&hapos=1&highlighted_blocks=46222902_246071592_2_1_0&hpos=1&matching_block_id=46222902_246071592_2_1_0&no_rooms=1&req_adults=2&req_children=0&room1=A%2CA&sb_price_type=total&sr_order=popularity&sr_pri_blocks=46222902_246071592_2_1_0__33120&srepoch=1761842557&srpvid=2fc67572204010eb&type=total&ucfs=1&,
BOOKING_5,booking,La Quinta by Wyndham Stevens Point,Executive King Room with Sofa Bed,king bedand,King,Deluxe,4.0,10741.0,1450.0,12191.0,"['1 room', '29 m²', 'Air conditioning', 'Private bathroom', 'Flat-screen TV', 'Coffee machine', 'Free Wifi', 'Free toiletries', 'Toilet', 'Sofa', 'Bathtub or shower', 'Desk', 'Refrigerator', 'Telephone', 'Ironing facilities', 'Iron', 'Microwave', 'Heating', 'Hairdryer', 'Carpeted', 'Cable channels', 'Alarm clock', 'Single-room AC for guest accommodation', 'Hand sanitizer']",2025-11-04,2025-11-05,https://www.booking.com/hotel/us/la-quinta-stevens-point.html?aid=304142&label=gen173nr-10CBkoggI46AdIM1gEaGyIAQGYATO4ARfIAQzYAQPoAQH4AQGIAgGoAgG4ApeMjsgGwAIB0gIkMjlmODgzOGUtNTk5OC00MjNhLTg3OTUtN2M0MDViOGZmZmU12AIB4AIB&sid=b4a3f7b31a243b80f8ac20db0073a78a&all_sr_blocks=46222902_246071592_2_1_0&checkin=2025-11-01&checkout=2025-11-05&dest_id=462229&dest_type=hotel&dist=0&group_adults=2&group_children=0&hapos=1&highlighted_blocks=46222902_246071592_2_1_0&hpos=1&matching_block_id=46222902_246071592_2_1_0&no_rooms=1&req_adults=2&req_children=0&room1=A%2CA&sb_price_type=total&sr_order=popularity&sr_pri_blocks=46222902_246071592_2_1_0__33120&srepoch=1761842557&srpvid=2fc67572204010eb&type=total&ucfs=1&,
BOOKING_5,booking,La Quinta by Wyndham Stevens Point,One-Bedroom King Suite - Non-Smoking,,,Suite,2.0,13404.0,1810.0,15214.0,"['Private suite', '56 m²', 'Air conditioning', 'Private bathroom', 'Free Wifi', 'Toilet', 'Bathtub or shower', 'Telephone', 'Heating', 'Carpeted', 'Alarm clock', 'Sofa bed', 'Single-room AC for guest accommodation', 'Hand sanitizer']",2025-11-04,2025-11-05,https://www.booking.com/hotel/us/la-quinta-stevens-point.html?aid=304142&label=gen173nr-10CBkoggI46AdIM1gEaGyIAQGYATO4ARfIAQzYAQPoAQH4AQGIAgGoAgG4ApeMjsgGwAIB0gIkMjlmODgzOGUtNTk5OC00MjNhLTg3OTUtN2M0MDViOGZmZmU12AIB4AIB&sid=b4a3f7b31a243b80f8ac20db0073a78a&all_sr_blocks=46222902_246071592_2_1_0&checkin=2025-11-01&checkout=2025-11-05&dest_id=462229&dest_type=hotel&dist=0&group_adults=2&group_children=0&hapos=1&highlighted_blocks=46222902_246071592_2_1_0&hpos=1&matching_block_id=46222902_246071592_2_1_0&no_rooms=1&req_adults=2&req_children=0&room1=A%2CA&sb_price_type=total&sr_order=popularity&sr_pri_blocks=46222902_246071592_2_1_0__33120&srepoch=1761842557&srpvid=2fc67572204010eb&type=total&ucfs=1&,
BOOKING_5,booking,Us,King Room,king bed,King,Normal,0.0,8522.0,1150.0,9672.0,"['1 room', '28 m²', 'Air conditioning', 'Private bathroom', 'Flat-screen TV', 'Coffee machine', 'Free Wifi', 'Free toiletries', 'Toilet', 'Bathtub or shower', 'Desk', 'Telephone', 'Ironing facilities', 'Iron', 'Heating', 'Hairdryer', 'Carpeted', 'Cable channels', 'Alarm clock', 'Hand sanitizer', 'Single-room AC for guest accommodation']",2025-11-05,2025-11-06,https://www.booking.com/hotel/us/la-quinta-stevens-point.html?aid=304142&label=gen173nr-10CBkoggI46AdIM1gEaGyIAQGYATO4ARfIAQzYAQPoAQH4AQGIAgGoAgG4ApeMjsgGwAIB0gIkMjlmODgzOGUtNTk5OC00MjNhLTg3OTUtN2M0MDViOGZmZmU12AIB4AIB&sid=b4a3f7b31a243b80f8ac20db0073a78a&all_sr_blocks=46222902_246071592_2_1_0&checkin=2025-11-01&checkout=2025-11-05&dest_id=462229&dest_type=hotel&dist=0&group_adults=2&group_children=0&hapos=1&highlighted_blocks=46222902_246071592_2_1_0&hpos=1&matching_block_id=46222902_246071592_2_1_0&no_rooms=1&req_adults=2&req_children=0&room1=A%2CA&sb_price_type=total&sr_order=popularity&sr_pri_blocks=46222902_246071592_2_1_0__33120&srepoch=1761842557&srpvid=2fc67572204010eb&type=total&ucfs=1&,
BOOKING_5,booking,Us,Double Room with One Double Bed - Disability Access,full bed,Other,Normal,3.0,8522.0,1150.0,9672.0,"['1 room', '23 m²', 'Air conditioning', 'Private bathroom', 'Flat-screen TV', 'Coffee machine', 'Free Wifi', 'Free toiletries', 'Toilet', 'Bathtub or shower', 'Desk', 'Telephone', 'Ironing facilities', 'Iron', 'Heating', 'Hairdryer', 'Carpeted', 'Cable channels', 'Alarm clock', 'Single-room AC for guest accommodation', 'Hand sanitizer']",2025-11-05,2025-11-06,https://www.booking.com/hotel/us/la-quinta-stevens-point.html?aid=304142&label=gen173nr-10CBkoggI46AdIM1gEaGyIAQGYATO4ARfIAQzYAQPoAQH4AQGIAgGoAgG4ApeMjsgGwAIB0gIkMjlmODgzOGUtNTk5OC00MjNhLTg3OTUtN2M0MDViOGZmZmU12AIB4AIB&sid=b4a3f7b31a243b80f8ac20db0073a78a&all_sr_blocks=46222902_246071592_2_1_0&checkin=2025-11-01&checkout=2025-11-05&dest_id=462229&dest_type=hotel&dist=0&group_adults=2&group_children=0&hapos=1&highlighted_blocks=46222902_246071592_2_1_0&hpos=1&matching_block_id=46222902_246071592_2_1_0&no_rooms=1&req_adults=2&req_children=0&room1=A%2CA&sb_price_type=total&sr_order=popularity&sr_pri_blocks=46222902_246071592_2_1_0__33120&srepoch=1761842557&srpvid=2fc67572204010eb&type=total&ucfs=1&,
BOOKING_5,booking,Us,Double Room with Two Double Beds,full beds,Other,Normal,0.0,9410.0,1270.0,10680.0,"['1 room', '28 m²', 'Air conditioning', 'Private bathroom', 'Flat-screen TV', 'Coffee machine', 'Free Wifi', 'Free toiletries', 'Toilet', 'Bathtub or shower', 'Desk', 'Telephone', 'Ironing facilities', 'Iron', 'Heating', 'Hairdryer', 'Carpeted', 'Cable channels', 'Alarm clock', 'Single-room AC for guest accommodation', 'Hand sanitizer']",2025-11-05,2025-11-06,https://www.booking.com/hotel/us/la-quinta-stevens-point.html?aid=304142&label=gen173nr-10CBkoggI46AdIM1gEaGyIAQGYATO4ARfIAQzYAQPoAQH4AQGIAgGoAgG4ApeMjsgGwAIB0gIkMjlmODgzOGUtNTk5OC00MjNhLTg3OTUtN2M0MDViOGZmZmU12AIB4AIB&sid=b4a3f7b31a243b80f8ac20db0073a78a&all_sr_blocks=46222902_246071592_2_1_0&checkin=2025-11-01&checkout=2025-11-05&dest_id=462229&dest_type=hotel&dist=0&group_adults=2&group_children=0&hapos=1&highlighted_blocks=46222902_246071592_2_1_0&hpos=1&matching_block_id=46222902_246071592_2_1_0&no_rooms=1&req_adults=2&req_children=0&room1=A%2CA&sb_price_type=total&sr_order=popularity&sr_pri_blocks=46222902_246071592_2_1_0__33120&srepoch=1761842557&srpvid=2fc67572204010eb&type=total&ucfs=1&,
BOOKING_5,booking,Us,Executive King Room with Sofa Bed,king bedand,King,Deluxe,5.0,10297.0,1390.0,11687.0,"['1 room', '29 m²', 'Air conditioning', 'Private bathroom', 'Flat-screen TV', 'Coffee machine', 'Free Wifi', 'Free toiletries', 'Toilet', 'Sofa', 'Bathtub or shower', 'Desk', 'Refrigerator', 'Telephone', 'Ironing facilities', 'Iron', 'Microwave', 'Heating', 'Hairdryer', 'Carpeted', 'Cable channels', 'Alarm clock', 'Single-room AC for guest accommodation', 'Hand sanitizer']",2025-11-05,2025-11-06,https://www.booking.com/hotel/us/la-quinta-stevens-point.html?aid=304142&label=gen173nr-10CBkoggI46AdIM1gEaGyIAQGYATO4ARfIAQzYAQPoAQH4AQGIAgGoAgG4ApeMjsgGwAIB0gIkMjlmODgzOGUtNTk5OC00MjNhLTg3OTUtN2M0MDViOGZmZmU12AIB4AIB&sid=b4a3f7b31a243b80f8ac20db0073a78a&all_sr_blocks=46222902_246071592_2_1_0&checkin=2025-11-01&checkout=2025-11-05&dest_id=462229&dest_type=hotel&dist=0&group_adults=2&group_children=0&hapos=1&highlighted_blocks=46222902_246071592_2_1_0&hpos=1&matching_block_id=46222902_246071592_2_1_0&no_rooms=1&req_adults=2&req_children=0&room1=A%2CA&sb_price_type=total&sr_order=popularity&sr_pri_blocks=46222902_246071592_2_1_0__33120&srepoch=1761842557&srpvid=2fc67572204010eb&type=total&ucfs=1&,
BOOKING_5,booking,Us,One-Bedroom King Suite - Non-Smoking,,,Suite,2.0,12961.0,1750.0,14711.0,"['Private suite', '56 m²', 'Air conditioning', 'Private bathroom', 'Free Wifi', 'Toilet', 'Bathtub or shower', 'Telephone', 'Heating', 'Carpeted', 'Alarm clock', 'Sofa bed', 'Single-room AC for guest accommodation', 'Hand sanitizer']",2025-11-05,2025-11-06,https://www.booking.com/hotel/us/la-quinta-stevens-point.html?aid=304142&label=gen173nr-10CBkoggI46AdIM1gEaGyIAQGYATO4ARfIAQzYAQPoAQH4AQGIAgGoAgG4ApeMjsgGwAIB0gIkMjlmODgzOGUtNTk5OC00MjNhLTg3OTUtN2M0MDViOGZmZmU12AIB4AIB&sid=b4a3f7b31a243b80f8ac20db0073a78a&all_sr_blocks=46222902_246071592_2_1_0&checkin=2025-11-01&checkout=2025-11-05&dest_id=462229&dest_type=hotel&dist=0&group_adults=2&group_children=0&hapos=1&highlighted_blocks=46222902_246071592_2_1_0&hpos=1&matching_block_id=46222902_246071592_2_1_0&no_rooms=1&req_adults=2&req_children=0&room1=A%2CA&sb_price_type=total&sr_order=popularity&sr_pri_blocks=46222902_246071592_2_1_0__33120&srepoch=1761842557&srpvid=2fc67572204010eb&type=total&ucfs=1&,
BOOKING_5,booking,La Quinta by Wyndham Stevens Point,King Room,king bed,King,Normal,0.0,8788.0,1186.0,9974.0,"['1 room', '28 m²', 'Air conditioning', 'Private bathroom', 'Flat-screen TV', 'Coffee machine', 'Free Wifi', 'Free toiletries', 'Toilet', 'Bathtub or shower', 'Desk', 'Telephone', 'Ironing facilities', 'Iron', 'Heating', 'Hairdryer', 'Carpeted', 'Cable channels', 'Alarm clock', 'Hand sanitizer', 'Single-room AC for guest accommodation']",2025-11-06,2025-11-07,https://www.booking.com/hotel/us/la-quinta-stevens-point.html?aid=304142&label=gen173nr-10CBkoggI46AdIM1gEaGyIAQGYATO4ARfIAQzYAQPoAQH4AQGIAgGoAgG4ApeMjsgGwAIB0gIkMjlmODgzOGUtNTk5OC00MjNhLTg3OTUtN2M0MDViOGZmZmU12AIB4AIB&sid=b4a3f7b31a243b80f8ac20db0073a78a&all_sr_blocks=46222902_246071592_2_1_0&checkin=2025-11-01&checkout=2025-11-05&dest_id=462229&dest_type=hotel&dist=0&group_adults=2&group_children=0&hapos=1&highlighted_blocks=46222902_246071592_2_1_0&hpos=1&matching_block_id=46222902_246071592_2_1_0&no_rooms=1&req_adults=2&req_children=0&room1=A%2CA&sb_price_type=total&sr_order=popularity&sr_pri_blocks=46222902_246071592_2_1_0__33120&srepoch=1761842557&srpvid=2fc67572204010eb&type=total&ucfs=1&,
BOOKING_5,booking,La Quinta by Wyndham Stevens Point,Double Room with One Double Bed - Disability Access,full bed,Other,Normal,3.0,8788.0,1186.0,9974.0,"['1 room', '23 m²', 'Air conditioning', 'Private bathroom', 'Flat-screen TV', 'Coffee machine', 'Free Wifi', 'Free toiletries', 'Toilet', 'Bathtub or shower', 'Desk', 'Telephone', 'Ironing facilities', 'Iron', 'Heating', 'Hairdryer', 'Carpeted', 'Cable channels', 'Alarm clock', 'Single-room AC for guest accommodation', 'Hand sanitizer']",2025-11-06,2025-11-07,https://www.booking.com/hotel/us/la-quinta-stevens-point.html?aid=304142&label=gen173nr-10CBkoggI46AdIM1gEaGyIAQGYATO4ARfIAQzYAQPoAQH4AQGIAgGoAgG4ApeMjsgGwAIB0gIkMjlmODgzOGUtNTk5OC00MjNhLTg3OTUtN2M0MDViOGZmZmU12AIB4AIB&sid=b4a3f7b31a243b80f8ac20db0073a78a&all_sr_blocks=46222902_246071592_2_1_0&checkin=2025-11-01&checkout=2025-11-05&dest_id=462229&dest_type=hotel&dist=0&group_adults=2&group_children=0&hapos=1&highlighted_blocks=46222902_246071592_2_1_0&hpos=1&matching_block_id=46222902_246071592_2_1_0&no_rooms=1&req_adults=2&req_children=0&room1=A%2CA&sb_price_type=total&sr_order=popularity&sr_pri_blocks=46222902_246071592_2_1_0__33120&srepoch=1761842557&srpvid=2fc67572204010eb&type=total&ucfs=1&,
BOOKING_5,booking,La Quinta by Wyndham Stevens Point,Double Room with Two Double Beds,full beds,Other,Normal,0.0,9676.0,1306.0,10982.0,"['1 room', '28 m²', 'Air conditioning', 'Private bathroom', 'Flat-screen TV', 'Coffee machine', 'Free Wifi', 'Free toiletries', 'Toilet', 'Bathtub or shower', 'Desk', 'Telephone', 'Ironing facilities', 'Iron', 'Heating', 'Hairdryer', 'Carpeted', 'Cable channels', 'Alarm clock', 'Hand sanitizer', 'Single-room AC for guest accommodation']",2025-11-06,2025-11-07,https://www.booking.com/hotel/us/la-quinta-stevens-point.html?aid=304142&label=gen173nr-10CBkoggI46AdIM1gEaGyIAQGYATO4ARfIAQzYAQPoAQH4AQGIAgGoAgG4ApeMjsgGwAIB0gIkMjlmODgzOGUtNTk5OC00MjNhLTg3OTUtN2M0MDViOGZmZmU12AIB4AIB&sid=b4a3f7b31a243b80f8ac20db0073a78a&all_sr_blocks=46222902_246071592_2_1_0&checkin=2025-11-01&checkout=2025-11-05&dest_id=462229&dest_type=hotel&dist=0&group_adults=2&group_children=0&hapos=1&highlighted_blocks=46222902_246071592_2_1_0&hpos=1&matching_block_id=46222902_246071592_2_1_0&no_rooms=1&req_adults=2&req_children=0&room1=A%2CA&sb_price_type=total&sr_order=popularity&sr_pri_blocks=46222902_246071592_2_1_0__33120&srepoch=1761842557&srpvid=2fc67572204010eb&type=total&ucfs=1&,
BOOKING_5,booking,La Quinta by Wyndham Stevens Point,Executive King Room with Sofa Bed,king bedand,King,Deluxe,5.0,10564.0,1426.0,11990.0,"['1 room', '29 m²', 'Air conditioning', 'Private bathroom', 'Flat-screen TV', 'Coffee machine', 'Free Wifi', 'Free toiletries', 'Toilet', 'Sofa', 'Bathtub or shower', 'Desk', 'Refrigerator', 'Telephone', 'Ironing facilities', 'Iron', 'Microwave', 'Heating', 'Hairdryer', 'Carpeted', 'Cable channels', 'Alarm clock', 'Single-room AC for guest accommodation', 'Hand sanitizer']",2025-11-06,2025-11-07,https://www.booking.com/hotel/us/la-quinta-stevens-point.html?aid=304142&label=gen173nr-10CBkoggI46AdIM1gEaGyIAQGYATO4ARfIAQzYAQPoAQH4AQGIAgGoAgG4ApeMjsgGwAIB0gIkMjlmODgzOGUtNTk5OC00MjNhLTg3OTUtN2M0MDViOGZmZmU12AIB4AIB&sid=b4a3f7b31a243b80f8ac20db0073a78a&all_sr_blocks=46222902_246071592_2_1_0&checkin=2025-11-01&checkout=2025-11-05&dest_id=462229&dest_type=hotel&dist=0&group_adults=2&group_children=0&hapos=1&highlighted_blocks=46222902_246071592_2_1_0&hpos=1&matching_block_id=46222902_246071592_2_1_0&no_rooms=1&req_adults=2&req_children=0&room1=A%2CA&sb_price_type=total&sr_order=popularity&sr_pri_blocks=46222902_246071592_2_1_0__33120&srepoch=1761842557&srpvid=2fc67572204010eb&type=total&ucfs=1&,
BOOKING_5,booking,La Quinta by Wyndham Stevens Point,One-Bedroom King Suite - Non-Smoking,,,Suite,2.0,13227.0,1786.0,15013.0,"['Private suite', '56 m²', 'Air conditioning', 'Private bathroom', 'Free Wifi', 'Toilet', 'Bathtub or shower', 'Telephone', 'Heating', 'Carpeted', 'Alarm clock', 'Sofa bed', 'Hand sanitizer', 'Single-room AC for guest accommodation']",2025-11-06,2025-11-07,https://www.booking.com/hotel/us/la-quinta-stevens-point.html?aid=304142&label=gen173nr-10CBkoggI46AdIM1gEaGyIAQGYATO4ARfIAQzYAQPoAQH4AQGIAgGoAgG4ApeMjsgGwAIB0gIkMjlmODgzOGUtNTk5OC00MjNhLTg3OTUtN2M0MDViOGZmZmU12AIB4AIB&sid=b4a3f7b31a243b80f8ac20db0073a78a&all_sr_blocks=46222902_246071592_2_1_0&checkin=2025-11-01&checkout=2025-11-05&dest_id=462229&dest_type=hotel&dist=0&group_adults=2&group_children=0&hapos=1&highlighted_blocks=46222902_246071592_2_1_0&hpos=1&matching_block_id=46222902_246071592_2_1_0&no_rooms=1&req_adults=2&req_children=0&room1=A%2CA&sb_price_type=total&sr_order=popularity&sr_pri_blocks=46222902_246071592_2_1_0__33120&srepoch=1761842557&srpvid=2fc67572204010eb&type=total&ucfs=1&,
BOOKING_5,booking,La Quinta by Wyndham Stevens Point,King Room,king bed,King,Normal,0.0,10468.0,1413.0,11881.0,"['1 room', '28 m²', 'Air conditioning', 'Private bathroom', 'Flat-screen TV', 'Coffee machine', 'Free Wifi', 'Free toiletries', 'Toilet', 'Bathtub or shower', 'Desk', 'Telephone', 'Ironing facilities', 'Iron', 'Heating', 'Hairdryer', 'Carpeted', 'Cable channels', 'Alarm clock', 'Hand sanitizer', 'Single-room AC for guest accommodation']",2025-11-07,2025-11-08,https://www.booking.com/hotel/us/la-quinta-stevens-point.html?aid=304142&label=gen173nr-10CBkoggI46AdIM1gEaGyIAQGYATO4ARfIAQzYAQPoAQH4AQGIAgGoAgG4ApeMjsgGwAIB0gIkMjlmODgzOGUtNTk5OC00MjNhLTg3OTUtN2M0MDViOGZmZmU12AIB4AIB&sid=b4a3f7b31a243b80f8ac20db0073a78a&all_sr_blocks=46222902_246071592_2_1_0&checkin=2025-11-01&checkout=2025-11-05&dest_id=462229&dest_type=hotel&dist=0&group_adults=2&group_children=0&hapos=1&highlighted_blocks=46222902_246071592_2_1_0&hpos=1&matching_block_id=46222902_246071592_2_1_0&no_rooms=1&req_adults=2&req_children=0&room1=A%2CA&sb_price_type=total&sr_order=popularity&sr_pri_blocks=46222902_246071592_2_1_0__33120&srepoch=1761842557&srpvid=2fc67572204010eb&type=total&ucfs=1&,
BOOKING_5,booking,La Quinta by Wyndham Stevens Point,Double Room with One Double Bed - Disability Access,full bed,Other,Normal,3.0,10468.0,1413.0,11881.0,"['1 room', '23 m²', 'Air conditioning', 'Private bathroom', 'Flat-screen TV', 'Coffee machine', 'Free Wifi', 'Free toiletries', 'Toilet', 'Bathtub or shower', 'Desk', 'Telephone', 'Ironing facilities', 'Iron', 'Heating', 'Hairdryer', 'Carpeted', 'Cable channels', 'Alarm clock', 'Hand sanitizer', 'Single-room AC for guest accommodation']",2025-11-07,2025-11-08,https://www.booking.com/hotel/us/la-quinta-stevens-point.html?aid=304142&label=gen173nr-10CBkoggI46AdIM1gEaGyIAQGYATO4ARfIAQzYAQPoAQH4AQGIAgGoAgG4ApeMjsgGwAIB0gIkMjlmODgzOGUtNTk5OC00MjNhLTg3OTUtN2M0MDViOGZmZmU12AIB4AIB&sid=b4a3f7b31a243b80f8ac20db0073a78a&all_sr_blocks=46222902_246071592_2_1_0&checkin=2025-11-01&checkout=2025-11-05&dest_id=462229&dest_type=hotel&dist=0&group_adults=2&group_children=0&hapos=1&highlighted_blocks=46222902_246071592_2_1_0&hpos=1&matching_block_id=46222902_246071592_2_1_0&no_rooms=1&req_adults=2&req_children=0&room1=A%2CA&sb_price_type=total&sr_order=popularity&sr_pri_blocks=46222902_246071592_2_1_0__33120&srepoch=1761842557&srpvid=2fc67572204010eb&type=total&ucfs=1&,
BOOKING_5,booking,La Quinta by Wyndham Stevens Point,Double Room with Two Double Beds,full beds,Other,Normal,0.0,11562.0,1561.0,13123.0,"['1 room', '28 m²', 'Air conditioning', 'Private bathroom', 'Flat-screen TV', 'Coffee machine', 'Free Wifi', 'Free toiletries', 'Toilet', 'Bathtub or shower', 'Desk', 'Telephone', 'Ironing facilities', 'Iron', 'Heating', 'Hairdryer', 'Carpeted', 'Cable channels', 'Alarm clock', 'Hand sanitizer', 'Single-room AC for guest accommodation']",2025-11-07,2025-11-08,https://www.booking.com/hotel/us/la-quinta-stevens-point.html?aid=304142&label=gen173nr-10CBkoggI46AdIM1gEaGyIAQGYATO4ARfIAQzYAQPoAQH4AQGIAgGoAgG4ApeMjsgGwAIB0gIkMjlmODgzOGUtNTk5OC00MjNhLTg3OTUtN2M0MDViOGZmZmU12AIB4AIB&sid=b4a3f7b31a243b80f8ac20db0073a78a&all_sr_blocks=46222902_246071592_2_1_0&checkin=2025-11-01&checkout=2025-11-05&dest_id=462229&dest_type=hotel&dist=0&group_adults=2&group_children=0&hapos=1&highlighted_blocks=46222902_246071592_2_1_0&hpos=1&matching_block_id=46222902_246071592_2_1_0&no_rooms=1&req_adults=2&req_children=0&room1=A%2CA&sb_price_type=total&sr_order=popularity&sr_pri_blocks=46222902_246071592_2_1_0__33120&srepoch=1761842557&srpvid=2fc67572204010eb&type=total&ucfs=1&,
BOOKING_5,booking,La Quinta by Wyndham Stevens Point,Executive King Room with Sofa Bed,king bedand,King,Deluxe,5.0,12030.0,1624.0,13654.0,"['1 room', '29 m²', 'Air conditioning', 'Private bathroom', 'Flat-screen TV', 'Coffee machine', 'Free Wifi', 'Free toiletries', 'Toilet', 'Sofa', 'Bathtub or shower', 'Desk', 'Refrigerator', 'Telephone', 'Ironing facilities', 'Iron', 'Microwave', 'Heating', 'Hairdryer', 'Carpeted', 'Cable channels', 'Alarm clock', 'Hand sanitizer', 'Single-room AC for guest accommodation']",2025-11-07,2025-11-08,https://www.booking.com/hotel/us/la-quinta-stevens-point.html?aid=304142&label=gen173nr-10CBkoggI46AdIM1gEaGyIAQGYATO4ARfIAQzYAQPoAQH4AQGIAgGoAgG4ApeMjsgGwAIB0gIkMjlmODgzOGUtNTk5OC00MjNhLTg3OTUtN2M0MDViOGZmZmU12AIB4AIB&sid=b4a3f7b31a243b80f8ac20db0073a78a&all_sr_blocks=46222902_246071592_2_1_0&checkin=2025-11-01&checkout=2025-11-05&dest_id=462229&dest_type=hotel&dist=0&group_adults=2&group_children=0&hapos=1&highlighted_blocks=46222902_246071592_2_1_0&hpos=1&matching_block_id=46222902_246071592_2_1_0&no_rooms=1&req_adults=2&req_children=0&room1=A%2CA&sb_price_type=total&sr_order=popularity&sr_pri_blocks=46222902_246071592_2_1_0__33120&srepoch=1761842557&srpvid=2fc67572204010eb&type=total&ucfs=1&,
BOOKING_5,booking,La Quinta by Wyndham Stevens Point,One-Bedroom King Suite - Non-Smoking,,,Suite,2.0,14374.0,1940.0,16314.0,"['Private suite', '56 m²', 'Air conditioning', 'Private bathroom', 'Free Wifi', 'Toilet', 'Bathtub or shower', 'Telephone', 'Heating', 'Carpeted', 'Alarm clock', 'Sofa bed', 'Hand sanitizer', 'Single-room AC for guest accommodation']",2025-11-07,2025-11-08,https://www.booking.com/hotel/us/la-quinta-stevens-point.html?aid=304142&label=gen173nr-10CBkoggI46AdIM1gEaGyIAQGYATO4ARfIAQzYAQPoAQH4AQGIAgGoAgG4ApeMjsgGwAIB0gIkMjlmODgzOGUtNTk5OC00MjNhLTg3OTUtN2M0MDViOGZmZmU12AIB4AIB&sid=b4a3f7b31a243b80f8ac20db0073a78a&all_sr_blocks=46222902_246071592_2_1_0&checkin=2025-11-01&checkout=2025-11-05&dest_id=462229&dest_type=hotel&dist=0&group_adults=2&group_children=0&hapos=1&highlighted_blocks=46222902_246071592_2_1_0&hpos=1&matching_block_id=46222902_246071592_2_1_0&no_rooms=1&req_adults=2&req_children=0&room1=A%2CA&sb_price_type=total&sr_order=popularity&sr_pri_blocks=46222902_246071592_2_1_0__33120&srepoch=1761842557&srpvid=2fc67572204010eb&type=total&ucfs=1&,
BOOKING_5,booking,Us,King Room,king bed,King,Normal,0.0,10468.0,1413.0,11881.0,"['1 room', '28 m²', 'Air conditioning', 'Private bathroom', 'Flat-screen TV', 'Coffee machine', 'Free Wifi', 'Free toiletries', 'Toilet', 'Bathtub or shower', 'Desk', 'Telephone', 'Ironing facilities', 'Iron', 'Heating', 'Hairdryer', 'Carpeted', 'Cable channels', 'Alarm clock', 'Single-room AC for guest accommodation', 'Hand sanitizer']",2025-11-08,2025-11-09,https://www.booking.com/hotel/us/la-quinta-stevens-point.html?aid=304142&label=gen173nr-10CBkoggI46AdIM1gEaGyIAQGYATO4ARfIAQzYAQPoAQH4AQGIAgGoAgG4ApeMjsgGwAIB0gIkMjlmODgzOGUtNTk5OC00MjNhLTg3OTUtN2M0MDViOGZmZmU12AIB4AIB&sid=b4a3f7b31a243b80f8ac20db0073a78a&all_sr_blocks=46222902_246071592_2_1_0&checkin=2025-11-01&checkout=2025-11-05&dest_id=462229&dest_type=hotel&dist=0&group_adults=2&group_children=0&hapos=1&highlighted_blocks=46222902_246071592_2_1_0&hpos=1&matching_block_id=46222902_246071592_2_1_0&no_rooms=1&req_adults=2&req_children=0&room1=A%2CA&sb_price_type=total&sr_order=popularity&sr_pri_blocks=46222902_246071592_2_1_0__33120&srepoch=1761842557&srpvid=2fc67572204010eb&type=total&ucfs=1&,
BOOKING_5,booking,Us,Double Room with One Double Bed - Disability Access,full bed,Other,Normal,3.0,10468.0,1413.0,11881.0,"['1 room', '23 m²', 'Air conditioning', 'Private bathroom', 'Flat-screen TV', 'Coffee machine', 'Free Wifi', 'Free toiletries', 'Toilet', 'Bathtub or shower', 'Desk', 'Telephone', 'Ironing facilities', 'Iron', 'Heating', 'Hairdryer', 'Carpeted', 'Cable channels', 'Alarm clock', 'Single-room AC for guest accommodation', 'Hand sanitizer']",2025-11-08,2025-11-09,https://www.booking.com/hotel/us/la-quinta-stevens-point.html?aid=304142&label=gen173nr-10CBkoggI46AdIM1gEaGyIAQGYATO4ARfIAQzYAQPoAQH4AQGIAgGoAgG4ApeMjsgGwAIB0gIkMjlmODgzOGUtNTk5OC00MjNhLTg3OTUtN2M0MDViOGZmZmU12AIB4AIB&sid=b4a3f7b31a243b80f8ac20db0073a78a&all_sr_blocks=46222902_246071592_2_1_0&checkin=2025-11-01&checkout=2025-11-05&dest_id=462229&dest_type=hotel&dist=0&group_adults=2&group_children=0&hapos=1&highlighted_blocks=46222902_246071592_2_1_0&hpos=1&matching_block_id=46222902_246071592_2_1_0&no_rooms=1&req_adults=2&req_children=0&room1=A%2CA&sb_price_type=total&sr_order=popularity&sr_pri_blocks=46222902_246071592_2_1_0__33120&srepoch=1761842557&srpvid=2fc67572204010eb&type=total&ucfs=1&,
BOOKING_5,booking,Us,Double Room with Two Double Beds,full beds,Other,Normal,0.0,11562.0,1561.0,13123.0,"['1 room', '28 m²', 'Air conditioning', 'Private bathroom', 'Flat-screen TV', 'Coffee machine', 'Free Wifi', 'Free toiletries', 'Toilet', 'Bathtub or shower', 'Desk', 'Telephone', 'Ironing facilities', 'Iron', 'Heating', 'Hairdryer', 'Carpeted', 'Cable channels', 'Alarm clock', 'Hand sanitizer', 'Single-room AC for guest accommodation']",2025-11-08,2025-11-09,https://www.booking.com/hotel/us/la-quinta-stevens-point.html?aid=304142&label=gen173nr-10CBkoggI46AdIM1gEaGyIAQGYATO4ARfIAQzYAQPoAQH4AQGIAgGoAgG4ApeMjsgGwAIB0gIkMjlmODgzOGUtNTk5OC00MjNhLTg3OTUtN2M0MDViOGZmZmU12AIB4AIB&sid=b4a3f7b31a243b80f8ac20db0073a78a&all_sr_blocks=46222902_246071592_2_1_0&checkin=2025-11-01&checkout=2025-11-05&dest_id=462229&dest_type=hotel&dist=0&group_adults=2&group_children=0&hapos=1&highlighted_blocks=46222902_246071592_2_1_0&hpos=1&matching_block_id=46222902_246071592_2_1_0&no_rooms=1&req_adults=2&req_children=0&room1=A%2CA&sb_price_type=total&sr_order=popularity&sr_pri_blocks=46222902_246071592_2_1_0__33120&srepoch=1761842557&srpvid=2fc67572204010eb&type=total&ucfs=1&,
BOOKING_5,booking,Us,Executive King Room with Sofa Bed,king bedand,King,Deluxe,5.0,12030.0,1624.0,13654.0,"['1 room', '29 m²', 'Air conditioning', 'Private bathroom', 'Flat-screen TV', 'Coffee machine', 'Free Wifi', 'Free toiletries', 'Toilet', 'Sofa', 'Bathtub or shower', 'Desk', 'Refrigerator', 'Telephone', 'Ironing facilities', 'Iron', 'Microwave', 'Heating', 'Hairdryer', 'Carpeted', 'Cable channels', 'Alarm clock', 'Hand sanitizer', 'Single-room AC for guest accommodation']",2025-11-08,2025-11-09,https://www.booking.com/hotel/us/la-quinta-stevens-point.html?aid=304142&label=gen173nr-10CBkoggI46AdIM1gEaGyIAQGYATO4ARfIAQzYAQPoAQH4AQGIAgGoAgG4ApeMjsgGwAIB0gIkMjlmODgzOGUtNTk5OC00MjNhLTg3OTUtN2M0MDViOGZmZmU12AIB4AIB&sid=b4a3f7b31a243b80f8ac20db0073a78a&all_sr_blocks=46222902_246071592_2_1_0&checkin=2025-11-01&checkout=2025-11-05&dest_id=462229&dest_type=hotel&dist=0&group_adults=2&group_children=0&hapos=1&highlighted_blocks=46222902_246071592_2_1_0&hpos=1&matching_block_id=46222902_246071592_2_1_0&no_rooms=1&req_adults=2&req_children=0&room1=A%2CA&sb_price_type=total&sr_order=popularity&sr_pri_blocks=46222902_246071592_2_1_0__33120&srepoch=1761842557&srpvid=2fc67572204010eb&type=total&ucfs=1&,
BOOKING_5,booking,Us,One-Bedroom King Suite - Non-Smoking,,,Suite,2.0,14374.0,1940.0,16314.0,"['Private suite', '56 m²', 'Air conditioning', 'Private bathroom', 'Free Wifi', 'Toilet', 'Bathtub or shower', 'Telephone', 'Heating', 'Carpeted', 'Alarm clock', 'Sofa bed', 'Hand sanitizer', 'Single-room AC for guest accommodation']",2025-11-08,2025-11-09,https://www.booking.com/hotel/us/la-quinta-stevens-point.html?aid=304142&label=gen173nr-10CBkoggI46AdIM1gEaGyIAQGYATO4ARfIAQzYAQPoAQH4AQGIAgGoAgG4ApeMjsgGwAIB0gIkMjlmODgzOGUtNTk5OC00MjNhLTg3OTUtN2M0MDViOGZmZmU12AIB4AIB&sid=b4a3f7b31a243b80f8ac20db0073a78a&all_sr_blocks=46222902_246071592_2_1_0&checkin=2025-11-01&checkout=2025-11-05&dest_id=462229&dest_type=hotel&dist=0&group_adults=2&group_children=0&hapos=1&highlighted_blocks=46222902_246071592_2_1_0&hpos=1&matching_block_id=46222902_246071592_2_1_0&no_rooms=1&req_adults=2&req_children=0&room1=A%2CA&sb_price_type=total&sr_order=popularity&sr_pri_blocks=46222902_246071592_2_1_0__33120&srepoch=1761842557&srpvid=2fc67572204010eb&type=total&ucfs=1&,
BOOKING_5,booking,Us,King Room,king bed,King,Normal,0.0,7812.0,1055.0,8867.0,"['1 room', '28 m²', 'Air conditioning', 'Private bathroom', 'Flat-screen TV', 'Coffee machine', 'Free Wifi', 'Free toiletries', 'Toilet', 'Bathtub or shower', 'Desk', 'Telephone', 'Ironing facilities', 'Iron', 'Heating', 'Hairdryer', 'Carpeted', 'Cable channels', 'Alarm clock', 'Single-room AC for guest accommodation', 'Hand sanitizer']",2025-11-09,2025-11-10,https://www.booking.com/hotel/us/la-quinta-stevens-point.html?aid=304142&label=gen173nr-10CBkoggI46AdIM1gEaGyIAQGYATO4ARfIAQzYAQPoAQH4AQGIAgGoAgG4ApeMjsgGwAIB0gIkMjlmODgzOGUtNTk5OC00MjNhLTg3OTUtN2M0MDViOGZmZmU12AIB4AIB&sid=b4a3f7b31a243b80f8ac20db0073a78a&all_sr_blocks=46222902_246071592_2_1_0&checkin=2025-11-01&checkout=2025-11-05&dest_id=462229&dest_type=hotel&dist=0&group_adults=2&group_children=0&hapos=1&highlighted_blocks=46222902_246071592_2_1_0&hpos=1&matching_block_id=46222902_246071592_2_1_0&no_rooms=1&req_adults=2&req_children=0&room1=A%2CA&sb_price_type=total&sr_order=popularity&sr_pri_blocks=46222902_246071592_2_1_0__33120&srepoch=1761842557&srpvid=2fc67572204010eb&type=total&ucfs=1&,
BOOKING_5,booking,Us,Double Room with One Double Bed - Disability Access,full bed,Other,Normal,3.0,7812.0,1055.0,8867.0,"['1 room', '23 m²', 'Air conditioning', 'Private bathroom', 'Flat-screen TV', 'Coffee machine', 'Free Wifi', 'Free toiletries', 'Toilet', 'Bathtub or shower', 'Desk', 'Telephone', 'Ironing facilities', 'Iron', 'Heating', 'Hairdryer', 'Carpeted', 'Cable channels', 'Alarm clock', 'Single-room AC for guest accommodation', 'Hand sanitizer']",2025-11-09,2025-11-10,https://www.booking.com/hotel/us/la-quinta-stevens-point.html?aid=304142&label=gen173nr-10CBkoggI46AdIM1gEaGyIAQGYATO4ARfIAQzYAQPoAQH4AQGIAgGoAgG4ApeMjsgGwAIB0gIkMjlmODgzOGUtNTk5OC00MjNhLTg3OTUtN2M0MDViOGZmZmU12AIB4AIB&sid=b4a3f7b31a243b80f8ac20db0073a78a&all_sr_blocks=46222902_246071592_2_1_0&checkin=2025-11-01&checkout=2025-11-05&dest_id=462229&dest_type=hotel&dist=0&group_adults=2&group_children=0&hapos=1&highlighted_blocks=46222902_246071592_2_1_0&hpos=1&matching_block_id=46222902_246071592_2_1_0&no_rooms=1&req_adults=2&req_children=0&room1=A%2CA&sb_price_type=total&sr_order=popularity&sr_pri_blocks=46222902_246071592_2_1_0__33120&srepoch=1761842557&srpvid=2fc67572204010eb&type=total&ucfs=1&,
BOOKING_5,booking,Us,Double Room with Two Double Beds,full beds,Other,Normal,0.0,8593.0,1160.0,9753.0,"['1 room', '28 m²', 'Air conditioning', 'Private bathroom', 'Flat-screen TV', 'Coffee machine', 'Free Wifi', 'Free toiletries', 'Toilet', 'Bathtub or shower', 'Desk', 'Telephone', 'Ironing facilities', 'Iron', 'Heating', 'Hairdryer', 'Carpeted', 'Cable channels', 'Alarm clock', 'Hand sanitizer', 'Single-room AC for guest accommodation']",2025-11-09,2025-11-10,https://www.booking.com/hotel/us/la-quinta-stevens-point.html?aid=304142&label=gen173nr-10CBkoggI46AdIM1gEaGyIAQGYATO4ARfIAQzYAQPoAQH4AQGIAgGoAgG4ApeMjsgGwAIB0gIkMjlmODgzOGUtNTk5OC00MjNhLTg3OTUtN2M0MDViOGZmZmU12AIB4AIB&sid=b4a3f7b31a243b80f8ac20db0073a78a&all_sr_blocks=46222902_246071592_2_1_0&checkin=2025-11-01&checkout=2025-11-05&dest_id=462229&dest_type=hotel&dist=0&group_adults=2&group_children=0&hapos=1&highlighted_blocks=46222902_246071592_2_1_0&hpos=1&matching_block_id=46222902_246071592_2_1_0&no_rooms=1&req_adults=2&req_children=0&room1=A%2CA&sb_price_type=total&sr_order=popularity&sr_pri_blocks=46222902_246071592_2_1_0__33120&srepoch=1761842557&srpvid=2fc67572204010eb&type=total&ucfs=1&,
BOOKING_5,booking,Us,Executive King Room with Sofa Bed,king bedand,King,Deluxe,5.0,9374.0,1266.0,10640.0,"['1 room', '29 m²', 'Air conditioning', 'Private bathroom', 'Flat-screen TV', 'Coffee machine', 'Free Wifi', 'Free toiletries', 'Toilet', 'Sofa', 'Bathtub or shower', 'Desk', 'Refrigerator', 'Telephone', 'Ironing facilities', 'Iron', 'Microwave', 'Heating', 'Hairdryer', 'Carpeted', 'Cable channels', 'Alarm clock', 'Hand sanitizer', 'Single-room AC for guest accommodation']",2025-11-09,2025-11-10,https://www.booking.com/hotel/us/la-quinta-stevens-point.html?aid=304142&label=gen173nr-10CBkoggI46AdIM1gEaGyIAQGYATO4ARfIAQzYAQPoAQH4AQGIAgGoAgG4ApeMjsgGwAIB0gIkMjlmODgzOGUtNTk5OC00MjNhLTg3OTUtN2M0MDViOGZmZmU12AIB4AIB&sid=b4a3f7b31a243b80f8ac20db0073a78a&all_sr_blocks=46222902_246071592_2_1_0&checkin=2025-11-01&checkout=2025-11-05&dest_id=462229&dest_type=hotel&dist=0&group_adults=2&group_children=0&hapos=1&highlighted_blocks=46222902_246071592_2_1_0&hpos=1&matching_block_id=46222902_246071592_2_1_0&no_rooms=1&req_adults=2&req_children=0&room1=A%2CA&sb_price_type=total&sr_order=popularity&sr_pri_blocks=46222902_246071592_2_1_0__33120&srepoch=1761842557&srpvid=2fc67572204010eb&type=total&ucfs=1&,
BOOKING_5,booking,Us,One-Bedroom King Suite - Non-Smoking,,,Suite,2.0,11718.0,1582.0,13300.0,"['Private suite', '56 m²', 'Air conditioning', 'Private bathroom', 'Free Wifi', 'Toilet', 'Bathtub or shower', 'Telephone', 'Heating', 'Carpeted', 'Alarm clock', 'Sofa bed', 'Hand sanitizer', 'Single-room AC for guest accommodation']",2025-11-09,2025-11-10,https://www.booking.com/hotel/us/la-quinta-stevens-point.html?aid=304142&label=gen173nr-10CBkoggI46AdIM1gEaGyIAQGYATO4ARfIAQzYAQPoAQH4AQGIAgGoAgG4ApeMjsgGwAIB0gIkMjlmODgzOGUtNTk5OC00MjNhLTg3OTUtN2M0MDViOGZmZmU12AIB4AIB&sid=b4a3f7b31a243b80f8ac20db0073a78a&all_sr_blocks=46222902_246071592_2_1_0&checkin=2025-11-01&checkout=2025-11-05&dest_id=462229&dest_type=hotel&dist=0&group_adults=2&group_children=0&hapos=1&highlighted_blocks=46222902_246071592_2_1_0&hpos=1&matching_block_id=46222902_246071592_2_1_0&no_rooms=1&req_adults=2&req_children=0&room1=A%2CA&sb_price_type=total&sr_order=popularity&sr_pri_blocks=46222902_246071592_2_1_0__33120&srepoch=1761842557&srpvid=2fc67572204010eb&type=total&ucfs=1&,
BOOKING_5,booking,La Quinta by Wyndham Stevens Point,King Room,king bed,King,Normal,0.0,7812.0,1055.0,8867.0,"['1 room', '28 m²', 'Air conditioning', 'Private bathroom', 'Flat-screen TV', 'Coffee machine', 'Free Wifi', 'Free toiletries', 'Toilet', 'Bathtub or shower', 'Desk', 'Telephone', 'Ironing facilities', 'Iron', 'Heating', 'Hairdryer', 'Carpeted', 'Cable channels', 'Alarm clock', 'Hand sanitizer', 'Single-room AC for guest accommodation']",2025-11-10,2025-11-11,https://www.booking.com/hotel/us/la-quinta-stevens-point.html?aid=304142&label=gen173nr-10CBkoggI46AdIM1gEaGyIAQGYATO4ARfIAQzYAQPoAQH4AQGIAgGoAgG4ApeMjsgGwAIB0gIkMjlmODgzOGUtNTk5OC00MjNhLTg3OTUtN2M0MDViOGZmZmU12AIB4AIB&sid=b4a3f7b31a243b80f8ac20db0073a78a&all_sr_blocks=46222902_246071592_2_1_0&checkin=2025-11-01&checkout=2025-11-05&dest_id=462229&dest_type=hotel&dist=0&group_adults=2&group_children=0&hapos=1&highlighted_blocks=46222902_246071592_2_1_0&hpos=1&matching_block_id=46222902_246071592_2_1_0&no_rooms=1&req_adults=2&req_children=0&room1=A%2CA&sb_price_type=total&sr_order=popularity&sr_pri_blocks=46222902_246071592_2_1_0__33120&srepoch=1761842557&srpvid=2fc67572204010eb&type=total&ucfs=1&,
BOOKING_5,booking,La Quinta by Wyndham Stevens Point,Double Room with One Double Bed - Disability Access,full bed,Other,Normal,3.0,7812.0,1055.0,8867.0,"['1 room', '23 m²', 'Air conditioning', 'Private bathroom', 'Flat-screen TV', 'Coffee machine', 'Free Wifi', 'Free toiletries', 'Toilet', 'Bathtub or shower', 'Desk', 'Telephone', 'Ironing facilities', 'Iron', 'Heating', 'Hairdryer', 'Carpeted', 'Cable channels', 'Alarm clock', 'Single-room AC for guest accommodation', 'Hand sanitizer']",2025-11-10,2025-11-11,https://www.booking.com/hotel/us/la-quinta-stevens-point.html?aid=304142&label=gen173nr-10CBkoggI46AdIM1gEaGyIAQGYATO4ARfIAQzYAQPoAQH4AQGIAgGoAgG4ApeMjsgGwAIB0gIkMjlmODgzOGUtNTk5OC00MjNhLTg3OTUtN2M0MDViOGZmZmU12AIB4AIB&sid=b4a3f7b31a243b80f8ac20db0073a78a&all_sr_blocks=46222902_246071592_2_1_0&checkin=2025-11-01&checkout=2025-11-05&dest_id=462229&dest_type=hotel&dist=0&group_adults=2&group_children=0&hapos=1&highlighted_blocks=46222902_246071592_2_1_0&hpos=1&matching_block_id=46222902_246071592_2_1_0&no_rooms=1&req_adults=2&req_children=0&room1=A%2CA&sb_price_type=total&sr_order=popularity&sr_pri_blocks=46222902_246071592_2_1_0__33120&srepoch=1761842557&srpvid=2fc67572204010eb&type=total&ucfs=1&,
BOOKING_5,booking,La Quinta by Wyndham Stevens Point,Double Room with Two Double Beds,full beds,Other,Normal,0.0,8593.0,1160.0,9753.0,"['1 room', '28 m²', 'Air conditioning', 'Private bathroom', 'Flat-screen TV', 'Coffee machine', 'Free Wifi', 'Free toiletries', 'Toilet', 'Bathtub or shower', 'Desk', 'Telephone', 'Ironing facilities', 'Iron', 'Heating', 'Hairdryer', 'Carpeted', 'Cable channels', 'Alarm clock', 'Hand sanitizer', 'Single-room AC for guest accommodation']",2025-11-10,2025-11-11,https://www.booking.com/hotel/us/la-quinta-stevens-point.html?aid=304142&label=gen173nr-10CBkoggI46AdIM1gEaGyIAQGYATO4ARfIAQzYAQPoAQH4AQGIAgGoAgG4ApeMjsgGwAIB0gIkMjlmODgzOGUtNTk5OC00MjNhLTg3OTUtN2M0MDViOGZmZmU12AIB4AIB&sid=b4a3f7b31a243b80f8ac20db0073a78a&all_sr_blocks=46222902_246071592_2_1_0&checkin=2025-11-01&checkout=2025-11-05&dest_id=462229&dest_type=hotel&dist=0&group_adults=2&group_children=0&hapos=1&highlighted_blocks=46222902_246071592_2_1_0&hpos=1&matching_block_id=46222902_246071592_2_1_0&no_rooms=1&req_adults=2&req_children=0&room1=A%2CA&sb_price_type=total&sr_order=popularity&sr_pri_blocks=46222902_246071592_2_1_0__33120&srepoch=1761842557&srpvid=2fc67572204010eb&type=total&ucfs=1&,
BOOKING_5,booking,La Quinta by Wyndham Stevens Point,Executive King Room with Sofa Bed,king bedand,King,Deluxe,5.0,9374.0,1266.0,10640.0,"['1 room', '29 m²', 'Air conditioning', 'Private bathroom', 'Flat-screen TV', 'Coffee machine', 'Free Wifi', 'Free toiletries', 'Toilet', 'Sofa', 'Bathtub or shower', 'Desk', 'Refrigerator', 'Telephone', 'Ironing facilities', 'Iron', 'Microwave', 'Heating', 'Hairdryer', 'Carpeted', 'Cable channels', 'Alarm clock', 'Single-room AC for guest accommodation', 'Hand sanitizer']",2025-11-10,2025-11-11,https://www.booking.com/hotel/us/la-quinta-stevens-point.html?aid=304142&label=gen173nr-10CBkoggI46AdIM1gEaGyIAQGYATO4ARfIAQzYAQPoAQH4AQGIAgGoAgG4ApeMjsgGwAIB0gIkMjlmODgzOGUtNTk5OC00MjNhLTg3OTUtN2M0MDViOGZmZmU12AIB4AIB&sid=b4a3f7b31a243b80f8ac20db0073a78a&all_sr_blocks=46222902_246071592_2_1_0&checkin=2025-11-01&checkout=2025-11-05&dest_id=462229&dest_type=hotel&dist=0&group_adults=2&group_children=0&hapos=1&highlighted_blocks=46222902_246071592_2_1_0&hpos=1&matching_block_id=46222902_246071592_2_1_0&no_rooms=1&req_adults=2&req_children=0&room1=A%2CA&sb_price_type=total&sr_order=popularity&sr_pri_blocks=46222902_246071592_2_1_0__33120&srepoch=1761842557&srpvid=2fc67572204010eb&type=total&ucfs=1&,
BOOKING_5,booking,La Quinta by Wyndham Stevens Point,One-Bedroom King Suite - Non-Smoking,,,Suite,2.0,11718.0,1582.0,13300.0,"['Private suite', '56 m²', 'Air conditioning', 'Private bathroom', 'Free Wifi', 'Toilet', 'Bathtub or shower', 'Telephone', 'Heating', 'Carpeted', 'Alarm clock', 'Sofa bed', 'Single-room AC for guest accommodation', 'Hand sanitizer']",2025-11-10,2025-11-11,https://www.booking.com/hotel/us/la-quinta-stevens-point.html?aid=304142&label=gen173nr-10CBkoggI46AdIM1gEaGyIAQGYATO4ARfIAQzYAQPoAQH4AQGIAgGoAgG4ApeMjsgGwAIB0gIkMjlmODgzOGUtNTk5OC00MjNhLTg3OTUtN2M0MDViOGZmZmU12AIB4AIB&sid=b4a3f7b31a243b80f8ac20db0073a78a&all_sr_blocks=46222902_246071592_2_1_0&checkin=2025-11-01&checkout=2025-11-05&dest_id=462229&dest_type=hotel&dist=0&group_adults=2&group_children=0&hapos=1&highlighted_blocks=46222902_246071592_2_1_0&hpos=1&matching_block_id=46222902_246071592_2_1_0&no_rooms=1&req_adults=2&req_children=0&room1=A%2CA&sb_price_type=total&sr_order=popularity&sr_pri_blocks=46222902_246071592_2_1_0__33120&srepoch=1761842557&srpvid=2fc67572204010eb&type=total&ucfs=1&,
BOOKING_5,booking,Us,King Room,king bed,King,Normal,0.0,7656.0,1034.0,8690.0,"['1 room', '28 m²', 'Air conditioning', 'Private bathroom', 'Flat-screen TV', 'Coffee machine', 'Free Wifi', 'Free toiletries', 'Toilet', 'Bathtub or shower', 'Desk', 'Telephone', 'Ironing facilities', 'Iron', 'Heating', 'Hairdryer', 'Carpeted', 'Cable channels', 'Alarm clock', 'Single-room AC for guest accommodation', 'Hand sanitizer']",2025-11-11,2025-11-12,https://www.booking.com/hotel/us/la-quinta-stevens-point.html?aid=304142&label=gen173nr-10CBkoggI46AdIM1gEaGyIAQGYATO4ARfIAQzYAQPoAQH4AQGIAgGoAgG4ApeMjsgGwAIB0gIkMjlmODgzOGUtNTk5OC00MjNhLTg3OTUtN2M0MDViOGZmZmU12AIB4AIB&sid=b4a3f7b31a243b80f8ac20db0073a78a&all_sr_blocks=46222902_246071592_2_1_0&checkin=2025-11-01&checkout=2025-11-05&dest_id=462229&dest_type=hotel&dist=0&group_adults=2&group_children=0&hapos=1&highlighted_blocks=46222902_246071592_2_1_0&hpos=1&matching_block_id=46222902_246071592_2_1_0&no_rooms=1&req_adults=2&req_children=0&room1=A%2CA&sb_price_type=total&sr_order=popularity&sr_pri_blocks=46222902_246071592_2_1_0__33120&srepoch=1761842557&srpvid=2fc67572204010eb&type=total&ucfs=1&,
BOOKING_5,booking,Us,Double Room with One Double Bed - Disability Access,full bed,Other,Normal,3.0,7656.0,1034.0,8690.0,"['1 room', '23 m²', 'Air conditioning', 'Private bathroom', 'Flat-screen TV', 'Coffee machine', 'Free Wifi', 'Free toiletries', 'Toilet', 'Bathtub or shower', 'Desk', 'Telephone', 'Ironing facilities', 'Iron', 'Heating', 'Hairdryer', 'Carpeted', 'Cable channels', 'Alarm clock', 'Hand sanitizer', 'Single-room AC for guest accommodation']",2025-11-11,2025-11-12,https://www.booking.com/hotel/us/la-quinta-stevens-point.html?aid=304142&label=gen173nr-10CBkoggI46AdIM1gEaGyIAQGYATO4ARfIAQzYAQPoAQH4AQGIAgGoAgG4ApeMjsgGwAIB0gIkMjlmODgzOGUtNTk5OC00MjNhLTg3OTUtN2M0MDViOGZmZmU12AIB4AIB&sid=b4a3f7b31a243b80f8ac20db0073a78a&all_sr_blocks=46222902_246071592_2_1_0&checkin=2025-11-01&checkout=2025-11-05&dest_id=462229&dest_type=hotel&dist=0&group_adults=2&group_children=0&hapos=1&highlighted_blocks=46222902_246071592_2_1_0&hpos=1&matching_block_id=46222902_246071592_2_1_0&no_rooms=1&req_adults=2&req_children=0&room1=A%2CA&sb_price_type=total&sr_order=popularity&sr_pri_blocks=46222902_246071592_2_1_0__33120&srepoch=1761842557&srpvid=2fc67572204010eb&type=total&ucfs=1&,
BOOKING_5,booking,Us,Double Room with Two Double Beds,full beds,Other,Normal,0.0,8437.0,1139.0,9576.0,"['1 room', '28 m²', 'Air conditioning', 'Private bathroom', 'Flat-screen TV', 'Coffee machine', 'Free Wifi', 'Free toiletries', 'Toilet', 'Bathtub or shower', 'Desk', 'Telephone', 'Ironing facilities', 'Iron', 'Heating', 'Hairdryer', 'Carpeted', 'Cable channels', 'Alarm clock', 'Single-room AC for guest accommodation', 'Hand sanitizer']",2025-11-11,2025-11-12,https://www.booking.com/hotel/us/la-quinta-stevens-point.html?aid=304142&label=gen173nr-10CBkoggI46AdIM1gEaGyIAQGYATO4ARfIAQzYAQPoAQH4AQGIAgGoAgG4ApeMjsgGwAIB0gIkMjlmODgzOGUtNTk5OC00MjNhLTg3OTUtN2M0MDViOGZmZmU12AIB4AIB&sid=b4a3f7b31a243b80f8ac20db0073a78a&all_sr_blocks=46222902_246071592_2_1_0&checkin=2025-11-01&checkout=2025-11-05&dest_id=462229&dest_type=hotel&dist=0&group_adults=2&group_children=0&hapos=1&highlighted_blocks=46222902_246071592_2_1_0&hpos=1&matching_block_id=46222902_246071592_2_1_0&no_rooms=1&req_adults=2&req_children=0&room1=A%2CA&sb_price_type=total&sr_order=popularity&sr_pri_blocks=46222902_246071592_2_1_0__33120&srepoch=1761842557&srpvid=2fc67572204010eb&type=total&ucfs=1&,
BOOKING_5,booking,Us,Executive King Room with Sofa Bed,king bedand,King,Deluxe,5.0,9218.0,1244.0,10462.0,"['1 room', '29 m²', 'Air conditioning', 'Private bathroom', 'Flat-screen TV', 'Coffee machine', 'Free Wifi', 'Free toiletries', 'Toilet', 'Sofa', 'Bathtub or shower', 'Desk', 'Refrigerator', 'Telephone', 'Ironing facilities', 'Iron', 'Microwave', 'Heating', 'Hairdryer', 'Carpeted', 'Cable channels', 'Alarm clock', 'Hand sanitizer', 'Single-room AC for guest accommodation']",2025-11-11,2025-11-12,https://www.booking.com/hotel/us/la-quinta-stevens-point.html?aid=304142&label=gen173nr-10CBkoggI46AdIM1gEaGyIAQGYATO4ARfIAQzYAQPoAQH4AQGIAgGoAgG4ApeMjsgGwAIB0gIkMjlmODgzOGUtNTk5OC00MjNhLTg3OTUtN2M0MDViOGZmZmU12AIB4AIB&sid=b4a3f7b31a243b80f8ac20db0073a78a&all_sr_blocks=46222902_246071592_2_1_0&checkin=2025-11-01&checkout=2025-11-05&dest_id=462229&dest_type=hotel&dist=0&group_adults=2&group_children=0&hapos=1&highlighted_blocks=46222902_246071592_2_1_0&hpos=1&matching_block_id=46222902_246071592_2_1_0&no_rooms=1&req_adults=2&req_children=0&room1=A%2CA&sb_price_type=total&sr_order=popularity&sr_pri_blocks=46222902_246071592_2_1_0__33120&srepoch=1761842557&srpvid=2fc67572204010eb&type=total&ucfs=1&,
BOOKING_5,booking,Us,One-Bedroom King Suite - Non-Smoking,,,Suite,2.0,11562.0,1561.0,13123.0,"['Private suite', '56 m²', 'Air conditioning', 'Private bathroom', 'Free Wifi', 'Toilet', 'Bathtub or shower', 'Telephone', 'Heating', 'Carpeted', 'Alarm clock', 'Sofa bed', 'Single-room AC for guest accommodation', 'Hand sanitizer']",2025-11-11,2025-11-12,https://www.booking.com/hotel/us/la-quinta-stevens-point.html?aid=304142&label=gen173nr-10CBkoggI46AdIM1gEaGyIAQGYATO4ARfIAQzYAQPoAQH4AQGIAgGoAgG4ApeMjsgGwAIB0gIkMjlmODgzOGUtNTk5OC00MjNhLTg3OTUtN2M0MDViOGZmZmU12AIB4AIB&sid=b4a3f7b31a243b80f8ac20db0073a78a&all_sr_blocks=46222902_246071592_2_1_0&checkin=2025-11-01&checkout=2025-11-05&dest_id=462229&dest_type=hotel&dist=0&group_adults=2&group_children=0&hapos=1&highlighted_blocks=46222902_246071592_2_1_0&hpos=1&matching_block_id=46222902_246071592_2_1_0&no_rooms=1&req_adults=2&req_children=0&room1=A%2CA&sb_price_type=total&sr_order=popularity&sr_pri_blocks=46222902_246071592_2_1_0__33120&srepoch=1761842557&srpvid=2fc67572204010eb&type=total&ucfs=1&,
BOOKING_5,booking,La Quinta by Wyndham Stevens Point,King Room,king bed,King,Normal,0.0,7656.0,1034.0,8690.0,"['1 room', '28 m²', 'Air conditioning', 'Private bathroom', 'Flat-screen TV', 'Coffee machine', 'Free Wifi', 'Free toiletries', 'Toilet', 'Bathtub or shower', 'Desk', 'Telephone', 'Ironing facilities', 'Iron', 'Heating', 'Hairdryer', 'Carpeted', 'Cable channels', 'Alarm clock', 'Single-room AC for guest accommodation', 'Hand sanitizer']",2025-11-12,2025-11-13,https://www.booking.com/hotel/us/la-quinta-stevens-point.html?aid=304142&label=gen173nr-10CBkoggI46AdIM1gEaGyIAQGYATO4ARfIAQzYAQPoAQH4AQGIAgGoAgG4ApeMjsgGwAIB0gIkMjlmODgzOGUtNTk5OC00MjNhLTg3OTUtN2M0MDViOGZmZmU12AIB4AIB&sid=b4a3f7b31a243b80f8ac20db0073a78a&all_sr_blocks=46222902_246071592_2_1_0&checkin=2025-11-01&checkout=2025-11-05&dest_id=462229&dest_type=hotel&dist=0&group_adults=2&group_children=0&hapos=1&highlighted_blocks=46222902_246071592_2_1_0&hpos=1&matching_block_id=46222902_246071592_2_1_0&no_rooms=1&req_adults=2&req_children=0&room1=A%2CA&sb_price_type=total&sr_order=popularity&sr_pri_blocks=46222902_246071592_2_1_0__33120&srepoch=1761842557&srpvid=2fc67572204010eb&type=total&ucfs=1&,
BOOKING_5,booking,La Quinta by Wyndham Stevens Point,Double Room with One Double Bed - Disability Access,full bed,Other,Normal,3.0,7656.0,1034.0,8690.0,"['1 room', '23 m²', 'Air conditioning', 'Private bathroom', 'Flat-screen TV', 'Coffee machine', 'Free Wifi', 'Free toiletries', 'Toilet', 'Bathtub or shower', 'Desk', 'Telephone', 'Ironing facilities', 'Iron', 'Heating', 'Hairdryer', 'Carpeted', 'Cable channels', 'Alarm clock', 'Hand sanitizer', 'Single-room AC for guest accommodation']",2025-11-12,2025-11-13,https://www.booking.com/hotel/us/la-quinta-stevens-point.html?aid=304142&label=gen173nr-10CBkoggI46AdIM1gEaGyIAQGYATO4ARfIAQzYAQPoAQH4AQGIAgGoAgG4ApeMjsgGwAIB0gIkMjlmODgzOGUtNTk5OC00MjNhLTg3OTUtN2M0MDViOGZmZmU12AIB4AIB&sid=b4a3f7b31a243b80f8ac20db0073a78a&all_sr_blocks=46222902_246071592_2_1_0&checkin=2025-11-01&checkout=2025-11-05&dest_id=462229&dest_type=hotel&dist=0&group_adults=2&group_children=0&hapos=1&highlighted_blocks=46222902_246071592_2_1_0&hpos=1&matching_block_id=46222902_246071592_2_1_0&no_rooms=1&req_adults=2&req_children=0&room1=A%2CA&sb_price_type=total&sr_order=popularity&sr_pri_blocks=46222902_246071592_2_1_0__33120&srepoch=1761842557&srpvid=2fc67572204010eb&type=total&ucfs=1&,
BOOKING_5,booking,La Quinta by Wyndham Stevens Point,Double Room with Two Double Beds,full beds,Other,Normal,0.0,8437.0,1139.0,9576.0,"['1 room', '28 m²', 'Air conditioning', 'Private bathroom', 'Flat-screen TV', 'Coffee machine', 'Free Wifi', 'Free toiletries', 'Toilet', 'Bathtub or shower', 'Desk', 'Telephone', 'Ironing facilities', 'Iron', 'Heating', 'Hairdryer', 'Carpeted', 'Cable channels', 'Alarm clock', 'Single-room AC for guest accommodation', 'Hand sanitizer']",2025-11-12,2025-11-13,https://www.booking.com/hotel/us/la-quinta-stevens-point.html?aid=304142&label=gen173nr-10CBkoggI46AdIM1gEaGyIAQGYATO4ARfIAQzYAQPoAQH4AQGIAgGoAgG4ApeMjsgGwAIB0gIkMjlmODgzOGUtNTk5OC00MjNhLTg3OTUtN2M0MDViOGZmZmU12AIB4AIB&sid=b4a3f7b31a243b80f8ac20db0073a78a&all_sr_blocks=46222902_246071592_2_1_0&checkin=2025-11-01&checkout=2025-11-05&dest_id=462229&dest_type=hotel&dist=0&group_adults=2&group_children=0&hapos=1&highlighted_blocks=46222902_246071592_2_1_0&hpos=1&matching_block_id=46222902_246071592_2_1_0&no_rooms=1&req_adults=2&req_children=0&room1=A%2CA&sb_price_type=total&sr_order=popularity&sr_pri_blocks=46222902_246071592_2_1_0__33120&srepoch=1761842557&srpvid=2fc67572204010eb&type=total&ucfs=1&,
BOOKING_5,booking,La Quinta by Wyndham Stevens Point,Executive King Room with Sofa Bed,king bedand,King,Deluxe,5.0,9218.0,1244.0,10462.0,"['1 room', '29 m²', 'Air conditioning', 'Private bathroom', 'Flat-screen TV', 'Coffee machine', 'Free Wifi', 'Free toiletries', 'Toilet', 'Sofa', 'Bathtub or shower', 'Desk', 'Refrigerator', 'Telephone', 'Ironing facilities', 'Iron', 'Microwave', 'Heating', 'Hairdryer', 'Carpeted', 'Cable channels', 'Alarm clock', 'Single-room AC for guest accommodation', 'Hand sanitizer']",2025-11-12,2025-11-13,https://www.booking.com/hotel/us/la-quinta-stevens-point.html?aid=304142&label=gen173nr-10CBkoggI46AdIM1gEaGyIAQGYATO4ARfIAQzYAQPoAQH4AQGIAgGoAgG4ApeMjsgGwAIB0gIkMjlmODgzOGUtNTk5OC00MjNhLTg3OTUtN2M0MDViOGZmZmU12AIB4AIB&sid=b4a3f7b31a243b80f8ac20db0073a78a&all_sr_blocks=46222902_246071592_2_1_0&checkin=2025-11-01&checkout=2025-11-05&dest_id=462229&dest_type=hotel&dist=0&group_adults=2&group_children=0&hapos=1&highlighted_blocks=46222902_246071592_2_1_0&hpos=1&matching_block_id=46222902_246071592_2_1_0&no_rooms=1&req_adults=2&req_children=0&room1=A%2CA&sb_price_type=total&sr_order=popularity&sr_pri_blocks=46222902_246071592_2_1_0__33120&srepoch=1761842557&srpvid=2fc67572204010eb&type=total&ucfs=1&,
BOOKING_5,booking,La Quinta by Wyndham Stevens Point,One-Bedroom King Suite - Non-Smoking,,,Suite,2.0,11562.0,1561.0,13123.0,"['Private suite', '56 m²', 'Air conditioning', 'Private bathroom', 'Free Wifi', 'Toilet', 'Bathtub or shower', 'Telephone', 'Heating', 'Carpeted', 'Alarm clock', 'Sofa bed', 'Single-room AC for guest accommodation', 'Hand sanitizer']",2025-11-12,2025-11-13,https://www.booking.com/hotel/us/la-quinta-stevens-point.html?aid=304142&label=gen173nr-10CBkoggI46AdIM1gEaGyIAQGYATO4ARfIAQzYAQPoAQH4AQGIAgGoAgG4ApeMjsgGwAIB0gIkMjlmODgzOGUtNTk5OC00MjNhLTg3OTUtN2M0MDViOGZmZmU12AIB4AIB&sid=b4a3f7b31a243b80f8ac20db0073a78a&all_sr_blocks=46222902_246071592_2_1_0&checkin=2025-11-01&checkout=2025-11-05&dest_id=462229&dest_type=hotel&dist=0&group_adults=2&group_children=0&hapos=1&highlighted_blocks=46222902_246071592_2_1_0&hpos=1&matching_block_id=46222902_246071592_2_1_0&no_rooms=1&req_adults=2&req_children=0&room1=A%2CA&sb_price_type=total&sr_order=popularity&sr_pri_blocks=46222902_246071592_2_1_0__33120&srepoch=1761842557&srpvid=2fc67572204010eb&type=total&ucfs=1&,
BOOKING_5,booking,Us,King Room,king bed,King,Normal,0.0,7812.0,1055.0,8867.0,"['1 room', '28 m²', 'Air conditioning', 'Private bathroom', 'Flat-screen TV', 'Coffee machine', 'Free Wifi', 'Free toiletries', 'Toilet', 'Bathtub or shower', 'Desk', 'Telephone', 'Ironing facilities', 'Iron', 'Heating', 'Hairdryer', 'Carpeted', 'Cable channels', 'Alarm clock', 'Hand sanitizer', 'Single-room AC for guest accommodation']",2025-11-13,2025-11-14,https://www.booking.com/hotel/us/la-quinta-stevens-point.html?aid=304142&label=gen173nr-10CBkoggI46AdIM1gEaGyIAQGYATO4ARfIAQzYAQPoAQH4AQGIAgGoAgG4ApeMjsgGwAIB0gIkMjlmODgzOGUtNTk5OC00MjNhLTg3OTUtN2M0MDViOGZmZmU12AIB4AIB&sid=b4a3f7b31a243b80f8ac20db0073a78a&all_sr_blocks=46222902_246071592_2_1_0&checkin=2025-11-01&checkout=2025-11-05&dest_id=462229&dest_type=hotel&dist=0&group_adults=2&group_children=0&hapos=1&highlighted_blocks=46222902_246071592_2_1_0&hpos=1&matching_block_id=46222902_246071592_2_1_0&no_rooms=1&req_adults=2&req_children=0&room1=A%2CA&sb_price_type=total&sr_order=popularity&sr_pri_blocks=46222902_246071592_2_1_0__33120&srepoch=1761842557&srpvid=2fc67572204010eb&type=total&ucfs=1&,
BOOKING_5,booking,Us,Double Room with One Double Bed - Disability Access,full bed,Other,Normal,3.0,7812.0,1055.0,8867.0,"['1 room', '23 m²', 'Air conditioning', 'Private bathroom', 'Flat-screen TV', 'Coffee machine', 'Free Wifi', 'Free toiletries', 'Toilet', 'Bathtub or shower', 'Desk', 'Telephone', 'Ironing facilities', 'Iron', 'Heating', 'Hairdryer', 'Carpeted', 'Cable channels', 'Alarm clock', 'Single-room AC for guest accommodation', 'Hand sanitizer']",2025-11-13,2025-11-14,https://www.booking.com/hotel/us/la-quinta-stevens-point.html?aid=304142&label=gen173nr-10CBkoggI46AdIM1gEaGyIAQGYATO4ARfIAQzYAQPoAQH4AQGIAgGoAgG4ApeMjsgGwAIB0gIkMjlmODgzOGUtNTk5OC00MjNhLTg3OTUtN2M0MDViOGZmZmU12AIB4AIB&sid=b4a3f7b31a243b80f8ac20db0073a78a&all_sr_blocks=46222902_246071592_2_1_0&checkin=2025-11-01&checkout=2025-11-05&dest_id=462229&dest_type=hotel&dist=0&group_adults=2&group_children=0&hapos=1&highlighted_blocks=46222902_246071592_2_1_0&hpos=1&matching_block_id=46222902_246071592_2_1_0&no_rooms=1&req_adults=2&req_children=0&room1=A%2CA&sb_price_type=total&sr_order=popularity&sr_pri_blocks=46222902_246071592_2_1_0__33120&srepoch=1761842557&srpvid=2fc67572204010eb&type=total&ucfs=1&,
BOOKING_5,booking,Us,Double Room with Two Double Beds,full beds,Other,Normal,0.0,8593.0,1160.0,9753.0,"['1 room', '28 m²', 'Air conditioning', 'Private bathroom', 'Flat-screen TV', 'Coffee machine', 'Free Wifi', 'Free toiletries', 'Toilet', 'Bathtub or shower', 'Desk', 'Telephone', 'Ironing facilities', 'Iron', 'Heating', 'Hairdryer', 'Carpeted', 'Cable channels', 'Alarm clock', 'Single-room AC for guest accommodation', 'Hand sanitizer']",2025-11-13,2025-11-14,https://www.booking.com/hotel/us/la-quinta-stevens-point.html?aid=304142&label=gen173nr-10CBkoggI46AdIM1gEaGyIAQGYATO4ARfIAQzYAQPoAQH4AQGIAgGoAgG4ApeMjsgGwAIB0gIkMjlmODgzOGUtNTk5OC00MjNhLTg3OTUtN2M0MDViOGZmZmU12AIB4AIB&sid=b4a3f7b31a243b80f8ac20db0073a78a&all_sr_blocks=46222902_246071592_2_1_0&checkin=2025-11-01&checkout=2025-11-05&dest_id=462229&dest_type=hotel&dist=0&group_adults=2&group_children=0&hapos=1&highlighted_blocks=46222902_246071592_2_1_0&hpos=1&matching_block_id=46222902_246071592_2_1_0&no_rooms=1&req_adults=2&req_children=0&room1=A%2CA&sb_price_type=total&sr_order=popularity&sr_pri_blocks=46222902_246071592_2_1_0__33120&srepoch=1761842557&srpvid=2fc67572204010eb&type=total&ucfs=1&,
BOOKING_5,booking,Us,Executive King Room with Sofa Bed,king bedand,King,Deluxe,5.0,9374.0,1266.0,10640.0,"['1 room', '29 m²', 'Air conditioning', 'Private bathroom', 'Flat-screen TV', 'Coffee machine', 'Free Wifi', 'Free toiletries', 'Toilet', 'Sofa', 'Bathtub or shower', 'Desk', 'Refrigerator', 'Telephone', 'Ironing facilities', 'Iron', 'Microwave', 'Heating', 'Hairdryer', 'Carpeted', 'Cable channels', 'Alarm clock', 'Hand sanitizer', 'Single-room AC for guest accommodation']",2025-11-13,2025-11-14,https://www.booking.com/hotel/us/la-quinta-stevens-point.html?aid=304142&label=gen173nr-10CBkoggI46AdIM1gEaGyIAQGYATO4ARfIAQzYAQPoAQH4AQGIAgGoAgG4ApeMjsgGwAIB0gIkMjlmODgzOGUtNTk5OC00MjNhLTg3OTUtN2M0MDViOGZmZmU12AIB4AIB&sid=b4a3f7b31a243b80f8ac20db0073a78a&all_sr_blocks=46222902_246071592_2_1_0&checkin=2025-11-01&checkout=2025-11-05&dest_id=462229&dest_type=hotel&dist=0&group_adults=2&group_children=0&hapos=1&highlighted_blocks=46222902_246071592_2_1_0&hpos=1&matching_block_id=46222902_246071592_2_1_0&no_rooms=1&req_adults=2&req_children=0&room1=A%2CA&sb_price_type=total&sr_order=popularity&sr_pri_blocks=46222902_246071592_2_1_0__33120&srepoch=1761842557&srpvid=2fc67572204010eb&type=total&ucfs=1&,
BOOKING_5,booking,Us,One-Bedroom King Suite - Non-Smoking,,,Suite,2.0,11718.0,1582.0,13300.0,"['Private suite', '56 m²', 'Air conditioning', 'Private bathroom', 'Free Wifi', 'Toilet', 'Bathtub or shower', 'Telephone', 'Heating', 'Carpeted', 'Alarm clock', 'Sofa bed', 'Single-room AC for guest accommodation', 'Hand sanitizer']",2025-11-13,2025-11-14,https://www.booking.com/hotel/us/la-quinta-stevens-point.html?aid=304142&label=gen173nr-10CBkoggI46AdIM1gEaGyIAQGYATO4ARfIAQzYAQPoAQH4AQGIAgGoAgG4ApeMjsgGwAIB0gIkMjlmODgzOGUtNTk5OC00MjNhLTg3OTUtN2M0MDViOGZmZmU12AIB4AIB&sid=b4a3f7b31a243b80f8ac20db0073a78a&all_sr_blocks=46222902_246071592_2_1_0&checkin=2025-11-01&checkout=2025-11-05&dest_id=462229&dest_type=hotel&dist=0&group_adults=2&group_children=0&hapos=1&highlighted_blocks=46222902_246071592_2_1_0&hpos=1&matching_block_id=46222902_246071592_2_1_0&no_rooms=1&req_adults=2&req_children=0&room1=A%2CA&sb_price_type=total&sr_order=popularity&sr_pri_blocks=46222902_246071592_2_1_0__33120&srepoch=1761842557&srpvid=2fc67572204010eb&type=total&ucfs=1&,
BOOKING_5,booking,Us,King Room,king bed,King,Normal,0.0,9921.0,1339.0,11260.0,"['1 room', '28 m²', 'Air conditioning', 'Private bathroom', 'Flat-screen TV', 'Coffee machine', 'Free Wifi', 'Free toiletries', 'Toilet', 'Bathtub or shower', 'Desk', 'Telephone', 'Ironing facilities', 'Iron', 'Heating', 'Hairdryer', 'Carpeted', 'Cable channels', 'Alarm clock', 'Single-room AC for guest accommodation', 'Hand sanitizer']",2025-11-14,2025-11-15,https://www.booking.com/hotel/us/la-quinta-stevens-point.html?aid=304142&label=gen173nr-10CBkoggI46AdIM1gEaGyIAQGYATO4ARfIAQzYAQPoAQH4AQGIAgGoAgG4ApeMjsgGwAIB0gIkMjlmODgzOGUtNTk5OC00MjNhLTg3OTUtN2M0MDViOGZmZmU12AIB4AIB&sid=b4a3f7b31a243b80f8ac20db0073a78a&all_sr_blocks=46222902_246071592_2_1_0&checkin=2025-11-01&checkout=2025-11-05&dest_id=462229&dest_type=hotel&dist=0&group_adults=2&group_children=0&hapos=1&highlighted_blocks=46222902_246071592_2_1_0&hpos=1&matching_block_id=46222902_246071592_2_1_0&no_rooms=1&req_adults=2&req_children=0&room1=A%2CA&sb_price_type=total&sr_order=popularity&sr_pri_blocks=46222902_246071592_2_1_0__33120&srepoch=1761842557&srpvid=2fc67572204010eb&type=total&ucfs=1&,
BOOKING_5,booking,Us,Double Room with One Double Bed - Disability Access,full bed,Other,Normal,3.0,9921.0,1339.0,11260.0,"['1 room', '23 m²', 'Air conditioning', 'Private bathroom', 'Flat-screen TV', 'Coffee machine', 'Free Wifi', 'Free toiletries', 'Toilet', 'Bathtub or shower', 'Desk', 'Telephone', 'Ironing facilities', 'Iron', 'Heating', 'Hairdryer', 'Carpeted', 'Cable channels', 'Alarm clock', 'Hand sanitizer', 'Single-room AC for guest accommodation']",2025-11-14,2025-11-15,https://www.booking.com/hotel/us/la-quinta-stevens-point.html?aid=304142&label=gen173nr-10CBkoggI46AdIM1gEaGyIAQGYATO4ARfIAQzYAQPoAQH4AQGIAgGoAgG4ApeMjsgGwAIB0gIkMjlmODgzOGUtNTk5OC00MjNhLTg3OTUtN2M0MDViOGZmZmU12AIB4AIB&sid=b4a3f7b31a243b80f8ac20db0073a78a&all_sr_blocks=46222902_246071592_2_1_0&checkin=2025-11-01&checkout=2025-11-05&dest_id=462229&dest_type=hotel&dist=0&group_adults=2&group_children=0&hapos=1&highlighted_blocks=46222902_246071592_2_1_0&hpos=1&matching_block_id=46222902_246071592_2_1_0&no_rooms=1&req_adults=2&req_children=0&room1=A%2CA&sb_price_type=total&sr_order=popularity&sr_pri_blocks=46222902_246071592_2_1_0__33120&srepoch=1761842557&srpvid=2fc67572204010eb&type=total&ucfs=1&,
BOOKING_5,booking,Us,Double Room with Two Double Beds,full beds,Other,Normal,0.0,11015.0,1487.0,12502.0,"['1 room', '28 m²', 'Air conditioning', 'Private bathroom', 'Flat-screen TV', 'Coffee machine', 'Free Wifi', 'Free toiletries', 'Toilet', 'Bathtub or shower', 'Desk', 'Telephone', 'Ironing facilities', 'Iron', 'Heating', 'Hairdryer', 'Carpeted', 'Cable channels', 'Alarm clock', 'Hand sanitizer', 'Single-room AC for guest accommodation']",2025-11-14,2025-11-15,https://www.booking.com/hotel/us/la-quinta-stevens-point.html?aid=304142&label=gen173nr-10CBkoggI46AdIM1gEaGyIAQGYATO4ARfIAQzYAQPoAQH4AQGIAgGoAgG4ApeMjsgGwAIB0gIkMjlmODgzOGUtNTk5OC00MjNhLTg3OTUtN2M0MDViOGZmZmU12AIB4AIB&sid=b4a3f7b31a243b80f8ac20db0073a78a&all_sr_blocks=46222902_246071592_2_1_0&checkin=2025-11-01&checkout=2025-11-05&dest_id=462229&dest_type=hotel&dist=0&group_adults=2&group_children=0&hapos=1&highlighted_blocks=46222902_246071592_2_1_0&hpos=1&matching_block_id=46222902_246071592_2_1_0&no_rooms=1&req_adults=2&req_children=0&room1=A%2CA&sb_price_type=total&sr_order=popularity&sr_pri_blocks=46222902_246071592_2_1_0__33120&srepoch=1761842557&srpvid=2fc67572204010eb&type=total&ucfs=1&,
BOOKING_5,booking,Us,Executive King Room with Sofa Bed,king bedand,King,Deluxe,5.0,11483.0,1550.0,13033.0,"['1 room', '29 m²', 'Air conditioning', 'Private bathroom', 'Flat-screen TV', 'Coffee machine', 'Free Wifi', 'Free toiletries', 'Toilet', 'Sofa', 'Bathtub or shower', 'Desk', 'Refrigerator', 'Telephone', 'Ironing facilities', 'Iron', 'Microwave', 'Heating', 'Hairdryer', 'Carpeted', 'Cable channels', 'Alarm clock', 'Hand sanitizer', 'Single-room AC for guest accommodation']",2025-11-14,2025-11-15,https://www.booking.com/hotel/us/la-quinta-stevens-point.html?aid=304142&label=gen173nr-10CBkoggI46AdIM1gEaGyIAQGYATO4ARfIAQzYAQPoAQH4AQGIAgGoAgG4ApeMjsgGwAIB0gIkMjlmODgzOGUtNTk5OC00MjNhLTg3OTUtN2M0MDViOGZmZmU12AIB4AIB&sid=b4a3f7b31a243b80f8ac20db0073a78a&all_sr_blocks=46222902_246071592_2_1_0&checkin=2025-11-01&checkout=2025-11-05&dest_id=462229&dest_type=hotel&dist=0&group_adults=2&group_children=0&hapos=1&highlighted_blocks=46222902_246071592_2_1_0&hpos=1&matching_block_id=46222902_246071592_2_1_0&no_rooms=1&req_adults=2&req_children=0&room1=A%2CA&sb_price_type=total&sr_order=popularity&sr_pri_blocks=46222902_246071592_2_1_0__33120&srepoch=1761842557&srpvid=2fc67572204010eb&type=total&ucfs=1&,
BOOKING_5,booking,Us,One-Bedroom King Suite - Non-Smoking,,,Suite,2.0,13827.0,1867.0,15694.0,"['Private suite', '56 m²', 'Air conditioning', 'Private bathroom', 'Free Wifi', 'Toilet', 'Bathtub or shower', 'Telephone', 'Heating', 'Carpeted', 'Alarm clock', 'Sofa bed', 'Hand sanitizer', 'Single-room AC for guest accommodation']",2025-11-14,2025-11-15,https://www.booking.com/hotel/us/la-quinta-stevens-point.html?aid=304142&label=gen173nr-10CBkoggI46AdIM1gEaGyIAQGYATO4ARfIAQzYAQPoAQH4AQGIAgGoAgG4ApeMjsgGwAIB0gIkMjlmODgzOGUtNTk5OC00MjNhLTg3OTUtN2M0MDViOGZmZmU12AIB4AIB&sid=b4a3f7b31a243b80f8ac20db0073a78a&all_sr_blocks=46222902_246071592_2_1_0&checkin=2025-11-01&checkout=2025-11-05&dest_id=462229&dest_type=hotel&dist=0&group_adults=2&group_children=0&hapos=1&highlighted_blocks=46222902_246071592_2_1_0&hpos=1&matching_block_id=46222902_246071592_2_1_0&no_rooms=1&req_adults=2&req_children=0&room1=A%2CA&sb_price_type=total&sr_order=popularity&sr_pri_blocks=46222902_246071592_2_1_0__33120&srepoch=1761842557&srpvid=2fc67572204010eb&type=total&ucfs=1&,
BOOKING_5,booking,La Quinta by Wyndham Stevens Point,King Room,king bed,King,Normal,0.0,10155.0,1371.0,11526.0,"['1 room', '28 m²', 'Air conditioning', 'Private bathroom', 'Flat-screen TV', 'Coffee machine', 'Free Wifi', 'Free toiletries', 'Toilet', 'Bathtub or shower', 'Desk', 'Telephone', 'Ironing facilities', 'Iron', 'Heating', 'Hairdryer', 'Carpeted', 'Cable channels', 'Alarm clock', 'Single-room AC for guest accommodation', 'Hand sanitizer']",2025-11-15,2025-11-16,https://www.booking.com/hotel/us/la-quinta-stevens-point.html?aid=304142&label=gen173nr-10CBkoggI46AdIM1gEaGyIAQGYATO4ARfIAQzYAQPoAQH4AQGIAgGoAgG4ApeMjsgGwAIB0gIkMjlmODgzOGUtNTk5OC00MjNhLTg3OTUtN2M0MDViOGZmZmU12AIB4AIB&sid=b4a3f7b31a243b80f8ac20db0073a78a&all_sr_blocks=46222902_246071592_2_1_0&checkin=2025-11-01&checkout=2025-11-05&dest_id=462229&dest_type=hotel&dist=0&group_adults=2&group_children=0&hapos=1&highlighted_blocks=46222902_246071592_2_1_0&hpos=1&matching_block_id=46222902_246071592_2_1_0&no_rooms=1&req_adults=2&req_children=0&room1=A%2CA&sb_price_type=total&sr_order=popularity&sr_pri_blocks=46222902_246071592_2_1_0__33120&srepoch=1761842557&srpvid=2fc67572204010eb&type=total&ucfs=1&,
BOOKING_5,booking,La Quinta by Wyndham Stevens Point,Double Room with One Double Bed - Disability Access,full bed,Other,Normal,1.0,10155.0,1371.0,11526.0,"['1 room', '23 m²', 'Air conditioning', 'Private bathroom', 'Flat-screen TV', 'Coffee machine', 'Free Wifi', 'Free toiletries', 'Toilet', 'Bathtub or shower', 'Desk', 'Telephone', 'Ironing facilities', 'Iron', 'Heating', 'Hairdryer', 'Carpeted', 'Cable channels', 'Alarm clock', 'Single-room AC for guest accommodation', 'Hand sanitizer']",2025-11-15,2025-11-16,https://www.booking.com/hotel/us/la-quinta-stevens-point.html?aid=304142&label=gen173nr-10CBkoggI46AdIM1gEaGyIAQGYATO4ARfIAQzYAQPoAQH4AQGIAgGoAgG4ApeMjsgGwAIB0gIkMjlmODgzOGUtNTk5OC00MjNhLTg3OTUtN2M0MDViOGZmZmU12AIB4AIB&sid=b4a3f7b31a243b80f8ac20db0073a78a&all_sr_blocks=46222902_246071592_2_1_0&checkin=2025-11-01&checkout=2025-11-05&dest_id=462229&dest_type=hotel&dist=0&group_adults=2&group_children=0&hapos=1&highlighted_blocks=46222902_246071592_2_1_0&hpos=1&matching_block_id=46222902_246071592_2_1_0&no_rooms=1&req_adults=2&req_children=0&room1=A%2CA&sb_price_type=total&sr_order=popularity&sr_pri_blocks=46222902_246071592_2_1_0__33120&srepoch=1761842557&srpvid=2fc67572204010eb&type=total&ucfs=1&,
BOOKING_5,booking,La Quinta by Wyndham Stevens Point,Double Room with Two Double Beds,full beds,Other,Normal,0.0,11249.0,1519.0,12768.0,"['1 room', '28 m²', 'Air conditioning', 'Private bathroom', 'Flat-screen TV', 'Coffee machine', 'Free Wifi', 'Free toiletries', 'Toilet', 'Bathtub or shower', 'Desk', 'Telephone', 'Ironing facilities', 'Iron', 'Heating', 'Hairdryer', 'Carpeted', 'Cable channels', 'Alarm clock', 'Single-room AC for guest accommodation', 'Hand sanitizer']",2025-11-15,2025-11-16,https://www.booking.com/hotel/us/la-quinta-stevens-point.html?aid=304142&label=gen173nr-10CBkoggI46AdIM1gEaGyIAQGYATO4ARfIAQzYAQPoAQH4AQGIAgGoAgG4ApeMjsgGwAIB0gIkMjlmODgzOGUtNTk5OC00MjNhLTg3OTUtN2M0MDViOGZmZmU12AIB4AIB&sid=b4a3f7b31a243b80f8ac20db0073a78a&all_sr_blocks=46222902_246071592_2_1_0&checkin=2025-11-01&checkout=2025-11-05&dest_id=462229&dest_type=hotel&dist=0&group_adults=2&group_children=0&hapos=1&highlighted_blocks=46222902_246071592_2_1_0&hpos=1&matching_block_id=46222902_246071592_2_1_0&no_rooms=1&req_adults=2&req_children=0&room1=A%2CA&sb_price_type=total&sr_order=popularity&sr_pri_blocks=46222902_246071592_2_1_0__33120&srepoch=1761842557&srpvid=2fc67572204010eb&type=total&ucfs=1&,
BOOKING_5,booking,La Quinta by Wyndham Stevens Point,Executive King Room with Sofa Bed,king bedand,King,Deluxe,5.0,11718.0,1582.0,13300.0,"['1 room', '29 m²', 'Air conditioning', 'Private bathroom', 'Flat-screen TV', 'Coffee machine', 'Free Wifi', 'Free toiletries', 'Toilet', 'Sofa', 'Bathtub or shower', 'Desk', 'Refrigerator', 'Telephone', 'Ironing facilities', 'Iron', 'Microwave', 'Heating', 'Hairdryer', 'Carpeted', 'Cable channels', 'Alarm clock', 'Hand sanitizer', 'Single-room AC for guest accommodation']",2025-11-15,2025-11-16,https://www.booking.com/hotel/us/la-quinta-stevens-point.html?aid=304142&label=gen173nr-10CBkoggI46AdIM1gEaGyIAQGYATO4ARfIAQzYAQPoAQH4AQGIAgGoAgG4ApeMjsgGwAIB0gIkMjlmODgzOGUtNTk5OC00MjNhLTg3OTUtN2M0MDViOGZmZmU12AIB4AIB&sid=b4a3f7b31a243b80f8ac20db0073a78a&all_sr_blocks=46222902_246071592_2_1_0&checkin=2025-11-01&checkout=2025-11-05&dest_id=462229&dest_type=hotel&dist=0&group_adults=2&group_children=0&hapos=1&highlighted_blocks=46222902_246071592_2_1_0&hpos=1&matching_block_id=46222902_246071592_2_1_0&no_rooms=1&req_adults=2&req_children=0&room1=A%2CA&sb_price_type=total&sr_order=popularity&sr_pri_blocks=46222902_246071592_2_1_0__33120&srepoch=1761842557&srpvid=2fc67572204010eb&type=total&ucfs=1&,
BOOKING_5,booking,La Quinta by Wyndham Stevens Point,One-Bedroom King Suite - Non-Smoking,,,Suite,2.0,14061.0,1898.0,15959.0,"['Private suite', '56 m²', 'Air conditioning', 'Private bathroom', 'Free Wifi', 'Toilet', 'Bathtub or shower', 'Telephone', 'Heating', 'Carpeted', 'Alarm clock', 'Sofa bed', 'Hand sanitizer', 'Single-room AC for guest accommodation']",2025-11-15,2025-11-16,https://www.booking.com/hotel/us/la-quinta-stevens-point.html?aid=304142&label=gen173nr-10CBkoggI46AdIM1gEaGyIAQGYATO4ARfIAQzYAQPoAQH4AQGIAgGoAgG4ApeMjsgGwAIB0gIkMjlmODgzOGUtNTk5OC00MjNhLTg3OTUtN2M0MDViOGZmZmU12AIB4AIB&sid=b4a3f7b31a243b80f8ac20db0073a78a&all_sr_blocks=46222902_246071592_2_1_0&checkin=2025-11-01&checkout=2025-11-05&dest_id=462229&dest_type=hotel&dist=0&group_adults=2&group_children=0&hapos=1&highlighted_blocks=46222902_246071592_2_1_0&hpos=1&matching_block_id=46222902_246071592_2_1_0&no_rooms=1&req_adults=2&req_children=0&room1=A%2CA&sb_price_type=total&sr_order=popularity&sr_pri_blocks=46222902_246071592_2_1_0__33120&srepoch=1761842557&srpvid=2fc67572204010eb&type=total&ucfs=1&,
EXPEDIA_1,Expedia.com,Econo Lodge Inn & Suites,"Standard Room, 1 Queen Bed, Non Smoking",Queen Bed,Queen,Normal,,10137.0,1244.0,11381.0,"Free continental breakfast, Free self parking, Sleeps 2, 1 Queen Bed, Reserve now, pay later",2025-11-03,2025-11-04,,https://www.expedia.co.in/High-Level-Hotels-Econo-Lodge-Inn-Suites.h1353803.Hotel-Information?chkin=2025-11-03&chkout=2025-11-04&x_pwa=1&rfrr=HSR&useRewards=true&rm1=a2&selected=EXPEDIA_1&sort=RECOMMENDED&pwa_ts=1762084727320&top_cur=USD
EXPEDIA_1,Expedia.com,Econo Lodge Inn & Suites,"Standard Room, 2 Queen Beds, Non Smoking",Queen Beds,Queen,Normal,,10771.0,1322.0,12093.0,"Free continental breakfast, Free self parking, Sleeps 4, 2 Queen Beds, Reserve now, pay later",2025-11-03,2025-11-04,,https://www.expedia.co.in/High-Level-Hotels-Econo-Lodge-Inn-Suites.h1353803.Hotel-Information?chkin=2025-11-03&chkout=2025-11-04&x_pwa=1&rfrr=HSR&useRewards=true&rm1=a2&selected=EXPEDIA_1&sort=RECOMMENDED&pwa_ts=1762084727320&top_cur=USD
EXPEDIA_1,Expedia.com,Econo Lodge Inn & Suites,"Efficiency, Room, 1 Queen Bed, Non Smoking",Queen Bed,Queen,Normal,5.0,11405.0,1399.0,12804.0,"Free continental breakfast, Free self parking, Sleeps 2, 1 Queen Bed, Reserve now, pay later",2025-11-03,2025-11-04,,https://www.expedia.co.in/High-Level-Hotels-Econo-Lodge-Inn-Suites.h1353803.Hotel-Information?chkin=2025-11-03&chkout=2025-11-04&x_pwa=1&rfrr=HSR&useRewards=true&rm1=a2&selected=EXPEDIA_1&sort=RECOMMENDED&pwa_ts=1762084727320&top_cur=USD
EXPEDIA_1,Expedia.com,Econo Lodge Inn & Suites,"Suite, 1 Queen Bed, Non Smoking",Queen Bed,Queen,Suite,4.0,12672.0,1555.0,14227.0,"Free continental breakfast, Free self parking, Sleeps 2, 1 Queen Bed, Reserve now, pay later",2025-11-03,2025-11-04,,https://www.expedia.co.in/High-Level-Hotels-Econo-Lodge-Inn-Suites.h1353803.Hotel-Information?chkin=2025-11-03&chkout=2025-11-04&x_pwa=1&rfrr=HSR&useRewards=true&rm1=a2&selected=EXPEDIA_1&sort=RECOMMENDED&pwa_ts=1762084727320&top_cur=USD
EXPEDIA_1,Expedia.com,Econo Lodge Inn & Suites,"Standard Room, 1 Queen Bed, Non Smoking",Queen Bed,Queen,Normal,,10137.0,1244.0,11381.0,"Free continental breakfast, Free self parking, Sleeps 2, 1 Queen Bed, Reserve now, pay later",2025-11-04,2025-11-05,,https://www.expedia.co.in/High-Level-Hotels-Econo-Lodge-Inn-Suites.h1353803.Hotel-Information?chkin=2025-11-04&chkout=2025-11-05&x_pwa=1&rfrr=HSR&useRewards=true&rm1=a2&selected=EXPEDIA_1&sort=RECOMMENDED&pwa_ts=1762084779572&top_cur=USD
EXPEDIA_1,Expedia.com,Econo Lodge Inn & Suites,"Standard Room, 2 Queen Beds, Non Smoking",Queen Beds,Queen,Normal,,10771.0,1322.0,12093.0,"Free continental breakfast, Free self parking, Sleeps 4, 2 Queen Beds, Reserve now, pay later",2025-11-04,2025-11-05,,https://www.expedia.co.in/High-Level-Hotels-Econo-Lodge-Inn-Suites.h1353803.Hotel-Information?chkin=2025-11-04&chkout=2025-11-05&x_pwa=1&rfrr=HSR&useRewards=true&rm1=a2&selected=EXPEDIA_1&sort=RECOMMENDED&pwa_ts=1762084779572&top_cur=USD
EXPEDIA_1,Expedia.com,Econo Lodge Inn & Suites,"Efficiency, Room, 1 Queen Bed, Non Smoking",Queen Bed,Queen,Normal,6.0,11405.0,1399.0,12804.0,"Free continental breakfast, Free self parking, Sleeps 2, 1 Queen Bed, Reserve now, pay later",2025-11-04,2025-11-05,,https://www.expedia.co.in/High-Level-Hotels-Econo-Lodge-Inn-Suites.h1353803.Hotel-Information?chkin=2025-11-04&chkout=2025-11-05&x_pwa=1&rfrr=HSR&useRewards=true&rm1=a2&selected=EXPEDIA_1&sort=RECOMMENDED&pwa_ts=1762084779572&top_cur=USD
EXPEDIA_1,Expedia.com,Econo Lodge Inn & Suites,"Suite, 1 Queen Bed, Non Smoking",Queen Bed,Queen,Suite,4.0,12672.0,1555.0,14227.0,"Free continental breakfast, Free self parking, Sleeps 2, 1 Queen Bed, Reserve now, pay later",2025-11-04,2025-11-05,,https://www.expedia.co.in/High-Level-Hotels-Econo-Lodge-Inn-Suites.h1353803.Hotel-Information?chkin=2025-11-04&chkout=2025-11-05&x_pwa=1&rfrr=HSR&useRewards=true&rm1=a2&selected=EXPEDIA_1&sort=RECOMMENDED&pwa_ts=1762084779572&top_cur=USD
EXPEDIA_1,Expedia.com,Econo Lodge Inn & Suites,"Standard Room, 1 Queen Bed, Non Smoking",Queen Bed,Queen,Normal,,10137.0,1244.0,11381.0,"Free continental breakfast, Free self parking, Sleeps 2, 1 Queen Bed, Reserve now, pay later",2025-11-05,2025-11-06,,https://www.expedia.co.in/High-Level-Hotels-Econo-Lodge-Inn-Suites.h1353803.Hotel-Information?chkin=2025-11-05&chkout=2025-11-06&x_pwa=1&rfrr=HSR&useRewards=true&rm1=a2&selected=EXPEDIA_1&sort=RECOMMENDED&pwa_ts=1762084826182&top_cur=USD
EXPEDIA_1,Expedia.com,Econo Lodge Inn & Suites,"Standard Room, 2 Queen Beds, Non Smoking",Queen Beds,Queen,Normal,,10771.0,1322.0,12093.0,"Free continental breakfast, Free self parking, Sleeps 4, 2 Queen Beds, Reserve now, pay later",2025-11-05,2025-11-06,,https://www.expedia.co.in/High-Level-Hotels-Econo-Lodge-Inn-Suites.h1353803.Hotel-Information?chkin=2025-11-05&chkout=2025-11-06&x_pwa=1&rfrr=HSR&useRewards=true&rm1=a2&selected=EXPEDIA_1&sort=RECOMMENDED&pwa_ts=1762084826182&top_cur=USD
EXPEDIA_1,Expedia.com,Econo Lodge Inn & Suites,"Efficiency, Room, 1 Queen Bed, Non Smoking",Queen Bed,Queen,Normal,5.0,11405.0,1399.0,12804.0,"Free continental breakfast, Free self parking, Sleeps 2, 1 Queen Bed, Reserve now, pay later",2025-11-05,2025-11-06,,https://www.expedia.co.in/High-Level-Hotels-Econo-Lodge-Inn-Suites.h1353803.Hotel-Information?chkin=2025-11-05&chkout=2025-11-06&x_pwa=1&rfrr=HSR&useRewards=true&rm1=a2&selected=EXPEDIA_1&sort=RECOMMENDED&pwa_ts=1762084826182&top_cur=USD
EXPEDIA_1,Expedia.com,Econo Lodge Inn & Suites,"Suite, 1 Queen Bed, Non Smoking",Queen Bed,Queen,Suite,4.0,12672.0,1555.0,14227.0,"Free continental breakfast, Free self parking, Sleeps 2, 1 Queen Bed, Reserve now, pay later",2025-11-05,2025-11-06,,https://www.expedia.co.in/High-Level-Hotels-Econo-Lodge-Inn-Suites.h1353803.Hotel-Information?chkin=2025-11-05&chkout=2025-11-06&x_pwa=1&rfrr=HSR&useRewards=true&rm1=a2&selected=EXPEDIA_1&sort=RECOMMENDED&pwa_ts=1762084826182&top_cur=USD
EXPEDIA_1,Expedia.com,Econo Lodge Inn & Suites,"Standard Room, 1 Queen Bed, Non Smoking",Queen Bed,Queen,Normal,,10137.0,1244.0,11381.0,"Free continental breakfast, Free self parking, Sleeps 2, 1 Queen Bed, Reserve now, pay later",2025-11-06,2025-11-07,,https://www.expedia.co.in/High-Level-Hotels-Econo-Lodge-Inn-Suites.h1353803.Hotel-Information?chkin=2025-11-06&chkout=2025-11-07&x_pwa=1&rfrr=HSR&useRewards=true&rm1=a2&selected=EXPEDIA_1&sort=RECOMMENDED&pwa_ts=1762084868377&top_cur=USD
EXPEDIA_1,Expedia.com,Econo Lodge Inn & Suites,"Standard Room, 2 Queen Beds, Non Smoking",Queen Beds,Queen,Normal,,10771.0,1322.0,12093.0,"Free continental breakfast, Free self parking, Sleeps 4, 2 Queen Beds, Reserve now, pay later",2025-11-06,2025-11-07,,https://www.expedia.co.in/High-Level-Hotels-Econo-Lodge-Inn-Suites.h1353803.Hotel-Information?chkin=2025-11-06&chkout=2025-11-07&x_pwa=1&rfrr=HSR&useRewards=true&rm1=a2&selected=EXPEDIA_1&sort=RECOMMENDED&pwa_ts=1762084868377&top_cur=USD
EXPEDIA_1,Expedia.com,Econo Lodge Inn & Suites,"Efficiency, Room, 1 Queen Bed, Non Smoking",Queen Bed,Queen,Normal,5.0,11405.0,1399.0,12804.0,"Free continental breakfast, Free self parking, Sleeps 2, 1 Queen Bed, Reserve now, pay later",2025-11-06,2025-11-07,,https://www.expedia.co.in/High-Level-Hotels-Econo-Lodge-Inn-Suites.h1353803.Hotel-Information?chkin=2025-11-06&chkout=2025-11-07&x_pwa=1&rfrr=HSR&useRewards=true&rm1=a2&selected=EXPEDIA_1&sort=RECOMMENDED&pwa_ts=1762084868377&top_cur=USD
EXPEDIA_1,Expedia.com,Econo Lodge Inn & Suites,"Suite, 1 Queen Bed, Non Smoking",Queen Bed,Queen,Suite,4.0,12672.0,1555.0,14227.0,"Free continental breakfast, Free self parking, Sleeps 2, 1 Queen Bed, Reserve now, pay later",2025-11-06,2025-11-07,,https://www.expedia.co.in/High-Level-Hotels-Econo-Lodge-Inn-Suites.h1353803.Hotel-Information?chkin=2025-11-06&chkout=2025-11-07&x_pwa=1&rfrr=HSR&useRewards=true&rm1=a2&selected=EXPEDIA_1&sort=RECOMMENDED&pwa_ts=1762084868377&top_cur=USD
EXPEDIA_1,Expedia.com,Econo Lodge Inn & Suites,"Standard Room, 1 Queen Bed, Non Smoking",Queen Bed,Queen,Normal,,9504.0,1166.0,10670.0,"Free continental breakfast, Free self parking, Sleeps 2, 1 Queen Bed, Reserve now, pay later",2025-11-07,2025-11-08,,https://www.expedia.co.in/High-Level-Hotels-Econo-Lodge-Inn-Suites.h1353803.Hotel-Information?chkin=2025-11-07&chkout=2025-11-08&x_pwa=1&rfrr=HSR&useRewards=true&rm1=a2&selected=EXPEDIA_1&sort=RECOMMENDED&pwa_ts=1762084915145&top_cur=USD
EXPEDIA_1,Expedia.com,Econo Lodge Inn & Suites,"Standard Room, 2 Queen Beds, Non Smoking",Queen Beds,Queen,Normal,,10137.0,1244.0,11381.0,"Free continental breakfast, Free self parking, Sleeps 4, 2 Queen Beds, Reserve now, pay later",2025-11-07,2025-11-08,,https://www.expedia.co.in/High-Level-Hotels-Econo-Lodge-Inn-Suites.h1353803.Hotel-Information?chkin=2025-11-07&chkout=2025-11-08&x_pwa=1&rfrr=HSR&useRewards=true&rm1=a2&selected=EXPEDIA_1&sort=RECOMMENDED&pwa_ts=1762084915145&top_cur=USD
EXPEDIA_1,Expedia.com,Econo Lodge Inn & Suites,"Efficiency, Room, 1 Queen Bed, Non Smoking",Queen Bed,Queen,Normal,5.0,10771.0,1322.0,12093.0,"Free continental breakfast, Free self parking, Sleeps 2, 1 Queen Bed, Reserve now, pay later",2025-11-07,2025-11-08,,https://www.expedia.co.in/High-Level-Hotels-Econo-Lodge-Inn-Suites.h1353803.Hotel-Information?chkin=2025-11-07&chkout=2025-11-08&x_pwa=1&rfrr=HSR&useRewards=true&rm1=a2&selected=EXPEDIA_1&sort=RECOMMENDED&pwa_ts=1762084915145&top_cur=USD
EXPEDIA_1,Expedia.com,Econo Lodge Inn & Suites,"Suite, 1 Queen Bed, Non Smoking",Queen Bed,Queen,Suite,4.0,12038.0,1477.0,13515.0,"Free continental breakfast, Free self parking, Sleeps 2, 1 Queen Bed, Reserve now, pay later",2025-11-07,2025-11-08,,https://www.expedia.co.in/High-Level-Hotels-Econo-Lodge-Inn-Suites.h1353803.Hotel-Information?chkin=2025-11-07&chkout=2025-11-08&x_pwa=1&rfrr=HSR&useRewards=true&rm1=a2&selected=EXPEDIA_1&sort=RECOMMENDED&pwa_ts=1762084915145&top_cur=USD
EXPEDIA_1,Expedia.com,Econo Lodge Inn & Suites,"Standard Room, 1 Queen Bed, Non Smoking",Queen Bed,Queen,Normal,,9504.0,1166.0,10670.0,"Free continental breakfast, Free self parking, Sleeps 2, 1 Queen Bed, Reserve now, pay later",2025-11-08,2025-11-09,,https://www.expedia.co.in/High-Level-Hotels-Econo-Lodge-Inn-Suites.h1353803.Hotel-Information?chkin=2025-11-08&chkout=2025-11-09&x_pwa=1&rfrr=HSR&useRewards=true&rm1=a2&selected=EXPEDIA_1&sort=RECOMMENDED&pwa_ts=1762084958837&top_cur=USD
EXPEDIA_1,Expedia.com,Econo Lodge Inn & Suites,"Standard Room, 2 Queen Beds, Non Smoking",Queen Beds,Queen,Normal,,10137.0,1244.0,11381.0,"Free continental breakfast, Free self parking, Sleeps 4, 2 Queen Beds, Reserve now, pay later",2025-11-08,2025-11-09,,https://www.expedia.co.in/High-Level-Hotels-Econo-Lodge-Inn-Suites.h1353803.Hotel-Information?chkin=2025-11-08&chkout=2025-11-09&x_pwa=1&rfrr=HSR&useRewards=true&rm1=a2&selected=EXPEDIA_1&sort=RECOMMENDED&pwa_ts=1762084958837&top_cur=USD
EXPEDIA_1,Expedia.com,Econo Lodge Inn & Suites,"Efficiency, Room, 1 Queen Bed, Non Smoking",Queen Bed,Queen,Normal,6.0,10771.0,1322.0,12093.0,"Free continental breakfast, Free self parking, Sleeps 2, 1 Queen Bed, Reserve now, pay later",2025-11-08,2025-11-09,,https://www.expedia.co.in/High-Level-Hotels-Econo-Lodge-Inn-Suites.h1353803.Hotel-Information?chkin=2025-11-08&chkout=2025-11-09&x_pwa=1&rfrr=HSR&useRewards=true&rm1=a2&selected=EXPEDIA_1&sort=RECOMMENDED&pwa_ts=1762084958837&top_cur=USD
EXPEDIA_1,Expedia.com,Econo Lodge Inn & Suites,"Suite, 1 Queen Bed, Non Smoking",Queen Bed,Queen,Suite,4.0,12038.0,1477.0,13515.0,"Free continental breakfast, Free self parking, Sleeps 2, 1 Queen Bed, Reserve now, pay later",2025-11-08,2025-11-09,,https://www.expedia.co.in/High-Level-Hotels-Econo-Lodge-Inn-Suites.h1353803.Hotel-Information?chkin=2025-11-08&chkout=2025-11-09&x_pwa=1&rfrr=HSR&useRewards=true&rm1=a2&selected=EXPEDIA_1&sort=RECOMMENDED&pwa_ts=1762084958837&top_cur=USD
EXPEDIA_1,Expedia.com,Econo Lodge Inn & Suites,"Standard Room, 1 Queen Bed, Non Smoking",Queen Bed,Queen,Normal,,9504.0,1166.0,10670.0,"Free continental breakfast, Free self parking, Sleeps 2, 1 Queen Bed, Reserve now, pay later",2025-11-09,2025-11-10,,https://www.expedia.co.in/High-Level-Hotels-Econo-Lodge-Inn-Suites.h1353803.Hotel-Information?chkin=2025-11-09&chkout=2025-11-10&x_pwa=1&rfrr=HSR&useRewards=true&rm1=a2&selected=EXPEDIA_1&sort=RECOMMENDED&pwa_ts=1762085005720&top_cur=USD
EXPEDIA_1,Expedia.com,Econo Lodge Inn & Suites,"Standard Room, 2 Queen Beds, Non Smoking",Queen Beds,Queen,Normal,,10137.0,1244.0,11381.0,"Free continental breakfast, Free self parking, Sleeps 4, 2 Queen Beds, Reserve now, pay later",2025-11-09,2025-11-10,,https://www.expedia.co.in/High-Level-Hotels-Econo-Lodge-Inn-Suites.h1353803.Hotel-Information?chkin=2025-11-09&chkout=2025-11-10&x_pwa=1&rfrr=HSR&useRewards=true&rm1=a2&selected=EXPEDIA_1&sort=RECOMMENDED&pwa_ts=1762085005720&top_cur=USD
EXPEDIA_1,Expedia.com,Econo Lodge Inn & Suites,"Efficiency, Room, 1 Queen Bed, Non Smoking",Queen Bed,Queen,Normal,6.0,10771.0,1322.0,12093.0,"Free continental breakfast, Free self parking, Sleeps 2, 1 Queen Bed, Reserve now, pay later",2025-11-09,2025-11-10,,https://www.expedia.co.in/High-Level-Hotels-Econo-Lodge-Inn-Suites.h1353803.Hotel-Information?chkin=2025-11-09&chkout=2025-11-10&x_pwa=1&rfrr=HSR&useRewards=true&rm1=a2&selected=EXPEDIA_1&sort=RECOMMENDED&pwa_ts=1762085005720&top_cur=USD
EXPEDIA_1,Expedia.com,Econo Lodge Inn & Suites,"Suite, 1 Queen Bed, Non Smoking",Queen Bed,Queen,Suite,4.0,12038.0,1477.0,13515.0,"Free continental breakfast, Free self parking, Sleeps 2, 1 Queen Bed, Reserve now, pay later",2025-11-09,2025-11-10,,https://www.expedia.co.in/High-Level-Hotels-Econo-Lodge-Inn-Suites.h1353803.Hotel-Information?chkin=2025-11-09&chkout=2025-11-10&x_pwa=1&rfrr=HSR&useRewards=true&rm1=a2&selected=EXPEDIA_1&sort=RECOMMENDED&pwa_ts=1762085005720&top_cur=USD
EXPEDIA_1,Expedia.com,Econo Lodge Inn & Suites,"Standard Room, 1 Queen Bed, Non Smoking",Queen Bed,Queen,Normal,,9504.0,1166.0,10670.0,"Free continental breakfast, Free self parking, Sleeps 2, 1 Queen Bed, Reserve now, pay later",2025-11-10,2025-11-11,,https://www.expedia.co.in/High-Level-Hotels-Econo-Lodge-Inn-Suites.h1353803.Hotel-Information?chkin=2025-11-10&chkout=2025-11-11&x_pwa=1&rfrr=HSR&useRewards=true&rm1=a2&selected=EXPEDIA_1&sort=RECOMMENDED&pwa_ts=1762085046778&top_cur=USD
EXPEDIA_1,Expedia.com,Econo Lodge Inn & Suites,"Standard Room, 2 Queen Beds, Non Smoking",Queen Beds,Queen,Normal,,10137.0,1244.0,11381.0,"Free continental breakfast, Free self parking, Sleeps 4, 2 Queen Beds, Reserve now, pay later",2025-11-10,2025-11-11,,https://www.expedia.co.in/High-Level-Hotels-Econo-Lodge-Inn-Suites.h1353803.Hotel-Information?chkin=2025-11-10&chkout=2025-11-11&x_pwa=1&rfrr=HSR&useRewards=true&rm1=a2&selected=EXPEDIA_1&sort=RECOMMENDED&pwa_ts=1762085046778&top_cur=USD
EXPEDIA_1,Expedia.com,Econo Lodge Inn & Suites,"Efficiency, Room, 1 Queen Bed, Non Smoking",Queen Bed,Queen,Normal,6.0,10771.0,1322.0,12093.0,"Free continental breakfast, Free self parking, Sleeps 2, 1 Queen Bed, Reserve now, pay later",2025-11-10,2025-11-11,,https://www.expedia.co.in/High-Level-Hotels-Econo-Lodge-Inn-Suites.h1353803.Hotel-Information?chkin=2025-11-10&chkout=2025-11-11&x_pwa=1&rfrr=HSR&useRewards=true&rm1=a2&selected=EXPEDIA_1&sort=RECOMMENDED&pwa_ts=1762085046778&top_cur=USD
EXPEDIA_1,Expedia.com,Econo Lodge Inn & Suites,"Suite, 1 Queen Bed, Non Smoking",Queen Bed,Queen,Suite,4.0,12038.0,1477.0,13515.0,"Free continental breakfast, Free self parking, Sleeps 2, 1 Queen Bed, Reserve now, pay later",2025-11-10,2025-11-11,,https://www.expedia.co.in/High-Level-Hotels-Econo-Lodge-Inn-Suites.h1353803.Hotel-Information?chkin=2025-11-10&chkout=2025-11-11&x_pwa=1&rfrr=HSR&useRewards=true&rm1=a2&selected=EXPEDIA_1&sort=RECOMMENDED&pwa_ts=1762085046778&top_cur=USD
EXPEDIA_1,Expedia.com,Econo Lodge Inn & Suites,"Standard Room, 1 Queen Bed, Non Smoking",Queen Bed,Queen,Normal,,9504.0,1166.0,10670.0,"Free continental breakfast, Free self parking, Sleeps 2, 1 Queen Bed, Reserve now, pay later",2025-11-11,2025-11-12,,https://www.expedia.co.in/High-Level-Hotels-Econo-Lodge-Inn-Suites.h1353803.Hotel-Information?chkin=2025-11-11&chkout=2025-11-12&x_pwa=1&rfrr=HSR&useRewards=true&rm1=a2&selected=EXPEDIA_1&sort=RECOMMENDED&pwa_ts=1762085089612&top_cur=USD
EXPEDIA_1,Expedia.com,Econo Lodge Inn & Suites,"Standard Room, 2 Queen Beds, Non Smoking",Queen Beds,Queen,Normal,,10137.0,1244.0,11381.0,"Free continental breakfast, Free self parking, Sleeps 4, 2 Queen Beds, Reserve now, pay later",2025-11-11,2025-11-12,,https://www.expedia.co.in/High-Level-Hotels-Econo-Lodge-Inn-Suites.h1353803.Hotel-Information?chkin=2025-11-11&chkout=2025-11-12&x_pwa=1&rfrr=HSR&useRewards=true&rm1=a2&selected=EXPEDIA_1&sort=RECOMMENDED&pwa_ts=1762085089612&top_cur=USD
EXPEDIA_1,Expedia.com,Econo Lodge Inn & Suites,"Efficiency, Room, 1 Queen Bed, Non Smoking",Queen Bed,Queen,Normal,6.0,10771.0,1322.0,12093.0,"Free continental breakfast, Free self parking, Sleeps 2, 1 Queen Bed, Reserve now, pay later",2025-11-11,2025-11-12,,https://www.expedia.co.in/High-Level-Hotels-Econo-Lodge-Inn-Suites.h1353803.Hotel-Information?chkin=2025-11-11&chkout=2025-11-12&x_pwa=1&rfrr=HSR&useRewards=true&rm1=a2&selected=EXPEDIA_1&sort=RECOMMENDED&pwa_ts=1762085089612&top_cur=USD
EXPEDIA_1,Expedia.com,Econo Lodge Inn & Suites,"Suite, 1 Queen Bed, Non Smoking",Queen Bed,Queen,Suite,4.0,12038.0,1477.0,13515.0,"Free continental breakfast, Free self parking, Sleeps 2, 1 Queen Bed, Reserve now, pay later",2025-11-11,2025-11-12,,https://www.expedia.co.in/High-Level-Hotels-Econo-Lodge-Inn-Suites.h1353803.Hotel-Information?chkin=2025-11-11&chkout=2025-11-12&x_pwa=1&rfrr=HSR&useRewards=true&rm1=a2&selected=EXPEDIA_1&sort=RECOMMENDED&pwa_ts=1762085089612&top_cur=USD
EXPEDIA_1,Expedia.com,Econo Lodge Inn & Suites,"Standard Room, 1 Queen Bed, Non Smoking",Queen Bed,Queen,Normal,,10137.0,1244.0,11381.0,"Free continental breakfast, Free self parking, Sleeps 2, 1 Queen Bed, Reserve now, pay later",2025-11-12,2025-11-13,,https://www.expedia.co.in/High-Level-Hotels-Econo-Lodge-Inn-Suites.h1353803.Hotel-Information?chkin=2025-11-12&chkout=2025-11-13&x_pwa=1&rfrr=HSR&useRewards=true&rm1=a2&selected=EXPEDIA_1&sort=RECOMMENDED&pwa_ts=1762085135993&top_cur=USD
EXPEDIA_1,Expedia.com,Econo Lodge Inn & Suites,"Standard Room, 2 Queen Beds, Non Smoking",Queen Beds,Queen,Normal,,10771.0,1322.0,12093.0,"Free continental breakfast, Free self parking, Sleeps 4, 2 Queen Beds, Reserve now, pay later",2025-11-12,2025-11-13,,https://www.expedia.co.in/High-Level-Hotels-Econo-Lodge-Inn-Suites.h1353803.Hotel-Information?chkin=2025-11-12&chkout=2025-11-13&x_pwa=1&rfrr=HSR&useRewards=true&rm1=a2&selected=EXPEDIA_1&sort=RECOMMENDED&pwa_ts=1762085135993&top_cur=USD
EXPEDIA_1,Expedia.com,Econo Lodge Inn & Suites,"Efficiency, Room, 1 Queen Bed, Non Smoking",Queen Bed,Queen,Normal,6.0,11405.0,1399.0,12804.0,"Free continental breakfast, Free self parking, Sleeps 2, 1 Queen Bed, Reserve now, pay later",2025-11-12,2025-11-13,,https://www.expedia.co.in/High-Level-Hotels-Econo-Lodge-Inn-Suites.h1353803.Hotel-Information?chkin=2025-11-12&chkout=2025-11-13&x_pwa=1&rfrr=HSR&useRewards=true&rm1=a2&selected=EXPEDIA_1&sort=RECOMMENDED&pwa_ts=1762085135993&top_cur=USD
EXPEDIA_1,Expedia.com,Econo Lodge Inn & Suites,"Suite, 1 Queen Bed, Non Smoking",Queen Bed,Queen,Suite,5.0,12672.0,1555.0,14227.0,"Free continental breakfast, Free self parking, Sleeps 2, 1 Queen Bed, Reserve now, pay later",2025-11-12,2025-11-13,,https://www.expedia.co.in/High-Level-Hotels-Econo-Lodge-Inn-Suites.h1353803.Hotel-Information?chkin=2025-11-12&chkout=2025-11-13&x_pwa=1&rfrr=HSR&useRewards=true&rm1=a2&selected=EXPEDIA_1&sort=RECOMMENDED&pwa_ts=1762085135993&top_cur=USD
EXPEDIA_1,Expedia.com,Econo Lodge Inn & Suites,"Standard Room, 1 Queen Bed, Non Smoking",Queen Bed,Queen,Normal,,10137.0,1244.0,11381.0,"Free continental breakfast, Free self parking, Sleeps 2, 1 Queen Bed, Reserve now, pay later",2025-11-13,2025-11-14,,https://www.expedia.co.in/High-Level-Hotels-Econo-Lodge-Inn-Suites.h1353803.Hotel-Information?chkin=2025-11-13&chkout=2025-11-14&x_pwa=1&rfrr=HSR&useRewards=true&rm1=a2&selected=EXPEDIA_1&sort=RECOMMENDED&pwa_ts=1762085176895&top_cur=USD
EXPEDIA_1,Expedia.com,Econo Lodge Inn & Suites,"Standard Room, 2 Queen Beds, Non Smoking",Queen Beds,Queen,Normal,,10771.0,1322.0,12093.0,"Free continental breakfast, Free self parking, Sleeps 4, 2 Queen Beds, Reserve now, pay later",2025-11-13,2025-11-14,,https://www.expedia.co.in/High-Level-Hotels-Econo-Lodge-Inn-Suites.h1353803.Hotel-Information?chkin=2025-11-13&chkout=2025-11-14&x_pwa=1&rfrr=HSR&useRewards=true&rm1=a2&selected=EXPEDIA_1&sort=RECOMMENDED&pwa_ts=1762085176895&top_cur=USD
EXPEDIA_1,Expedia.com,Econo Lodge Inn & Suites,"Efficiency, Room, 1 Queen Bed, Non Smoking",Queen Bed,Queen,Normal,6.0,11405.0,1399.0,12804.0,"Free continental breakfast, Free self parking, Sleeps 2, 1 Queen Bed, Reserve now, pay later",2025-11-13,2025-11-14,,https://www.expedia.co.in/High-Level-Hotels-Econo-Lodge-Inn-Suites.h1353803.Hotel-Information?chkin=2025-11-13&chkout=2025-11-14&x_pwa=1&rfrr=HSR&useRewards=true&rm1=a2&selected=EXPEDIA_1&sort=RECOMMENDED&pwa_ts=1762085176895&top_cur=USD
EXPEDIA_1,Expedia.com,Econo Lodge Inn & Suites,"Suite, 1 Queen Bed, Non Smoking",Queen Bed,Queen,Suite,5.0,12672.0,1555.0,14227.0,"Free continental breakfast, Free self parking, Sleeps 2, 1 Queen Bed, Reserve now, pay later",2025-11-13,2025-11-14,,https://www.expedia.co.in/High-Level-Hotels-Econo-Lodge-Inn-Suites.h1353803.Hotel-Information?chkin=2025-11-13&chkout=2025-11-14&x_pwa=1&rfrr=HSR&useRewards=true&rm1=a2&selected=EXPEDIA_1&sort=RECOMMENDED&pwa_ts=1762085176895&top_cur=USD
EXPEDIA_1,Expedia.com,Econo Lodge Inn & Suites,"Standard Room, 1 Queen Bed, Non Smoking",Queen Bed,Queen,Normal,,9504.0,1166.0,10670.0,"Free continental breakfast, Free self parking, Sleeps 2, 1 Queen Bed, Reserve now, pay later",2025-11-14,2025-11-15,,https://www.expedia.co.in/High-Level-Hotels-Econo-Lodge-Inn-Suites.h1353803.Hotel-Information?chkin=2025-11-14&chkout=2025-11-15&x_pwa=1&rfrr=HSR&useRewards=true&rm1=a2&selected=EXPEDIA_1&sort=RECOMMENDED&pwa_ts=1762085221340&top_cur=USD
EXPEDIA_1,Expedia.com,Econo Lodge Inn & Suites,"Standard Room, 2 Queen Beds, Non Smoking",Queen Beds,Queen,Normal,,10137.0,1244.0,11381.0,"Free continental breakfast, Free self parking, Sleeps 4, 2 Queen Beds, Reserve now, pay later",2025-11-14,2025-11-15,,https://www.expedia.co.in/High-Level-Hotels-Econo-Lodge-Inn-Suites.h1353803.Hotel-Information?chkin=2025-11-14&chkout=2025-11-15&x_pwa=1&rfrr=HSR&useRewards=true&rm1=a2&selected=EXPEDIA_1&sort=RECOMMENDED&pwa_ts=1762085221340&top_cur=USD
EXPEDIA_1,Expedia.com,Econo Lodge Inn & Suites,"Efficiency, Room, 1 Queen Bed, Non Smoking",Queen Bed,Queen,Normal,6.0,10771.0,1322.0,12093.0,"Free continental breakfast, Free self parking, Sleeps 2, 1 Queen Bed, Reserve now, pay later",2025-11-14,2025-11-15,,https://www.expedia.co.in/High-Level-Hotels-Econo-Lodge-Inn-Suites.h1353803.Hotel-Information?chkin=2025-11-14&chkout=2025-11-15&x_pwa=1&rfrr=HSR&useRewards=true&rm1=a2&selected=EXPEDIA_1&sort=RECOMMENDED&pwa_ts=1762085221340&top_cur=USD
EXPEDIA_1,Expedia.com,Econo Lodge Inn & Suites,"Suite, 1 Queen Bed, Non Smoking",Queen Bed,Queen,Suite,5.0,12038.0,1477.0,13515.0,"Free continental breakfast, Free self parking, Sleeps 2, 1 Queen Bed, Reserve now, pay later",2025-11-14,2025-11-15,,https://www.expedia.co.in/High-Level-Hotels-Econo-Lodge-Inn-Suites.h1353803.Hotel-Information?chkin=2025-11-14&chkout=2025-11-15&x_pwa=1&rfrr=HSR&useRewards=true&rm1=a2&selected=EXPEDIA_1&sort=RECOMMENDED&pwa_ts=1762085221340&top_cur=USD
EXPEDIA_1,Expedia.com,Econo Lodge Inn & Suites,"Standard Room, 1 Queen Bed, Non Smoking",Queen Bed,Queen,Normal,,9504.0,1166.0,10670.0,"Free continental breakfast, Free self parking, Sleeps 2, 1 Queen Bed, Reserve now, pay later",2025-11-15,2025-11-16,,https://www.expedia.co.in/High-Level-Hotels-Econo-Lodge-Inn-Suites.h1353803.Hotel-Information?chkin=2025-11-15&chkout=2025-11-16&x_pwa=1&rfrr=HSR&useRewards=true&rm1=a2&selected=EXPEDIA_1&sort=RECOMMENDED&pwa_ts=1762085263231&top_cur=USD
EXPEDIA_1,Expedia.com,Econo Lodge Inn & Suites,"Standard Room, 2 Queen Beds, Non Smoking",Queen Beds,Queen,Normal,,10137.0,1244.0,11381.0,"Free continental breakfast, Free self parking, Sleeps 4, 2 Queen Beds, Reserve now, pay later",2025-11-15,2025-11-16,,https://www.expedia.co.in/High-Level-Hotels-Econo-Lodge-Inn-Suites.h1353803.Hotel-Information?chkin=2025-11-15&chkout=2025-11-16&x_pwa=1&rfrr=HSR&useRewards=true&rm1=a2&selected=EXPEDIA_1&sort=RECOMMENDED&pwa_ts=1762085263231&top_cur=USD
EXPEDIA_1,Expedia.com,Econo Lodge Inn & Suites,"Efficiency, Room, 1 Queen Bed, Non Smoking",Queen Bed,Queen,Normal,6.0,10771.0,1322.0,12093.0,"Free continental breakfast, Free self parking, Sleeps 2, 1 Queen Bed, Reserve now, pay later",2025-11-15,2025-11-16,,https://www.expedia.co.in/High-Level-Hotels-Econo-Lodge-Inn-Suites.h1353803.Hotel-Information?chkin=2025-11-15&chkout=2025-11-16&x_pwa=1&rfrr=HSR&useRewards=true&rm1=a2&selected=EXPEDIA_1&sort=RECOMMENDED&pwa_ts=1762085263231&top_cur=USD
EXPEDIA_1,Expedia.com,Econo Lodge Inn & Suites,"Suite, 1 Queen Bed, Non Smoking",Queen Bed,Queen,Suite,5.0,12038.0,1477.0,13515.0,"Free continental breakfast, Free self parking, Sleeps 2, 1 Queen Bed, Reserve now, pay later",2025-11-15,2025-11-16,,https://www.expedia.co.in/High-Level-Hotels-Econo-Lodge-Inn-Suites.h1353803.Hotel-Information?chkin=2025-11-15&chkout=2025-11-16&x_pwa=1&rfrr=HSR&useRewards=true&rm1=a2&selected=EXPEDIA_1&sort=RECOMMENDED&pwa_ts=1762085263231&top_cur=USD
EXPEDIA_2,Expedia.com,Best Western Plover-Stevens Point Hotel & Conference Center,"Standard Room, 1 King Bed, Non Smoking, Refrigerator & Microwave",King Bed,King,Normal,,7989.0,1078.0,9067.0,"Free breakfast, Free self parking, Sleeps 2, 1 King Bed, Reserve now, pay later, Free WiFi",2025-11-03,2025-11-04,,https://www.expedia.co.in/Stevens-Point-Hotels-Best-Western-Plover-Stevens-Point-Hotel-Conference-Center.h4327852.Hotel-Information?chkin=2025-11-03&chkout=2025-11-04&x_pwa=1&rfrr=HSR&useRewards=true&rm1=a2&selected=EXPEDIA_2&sort=RECOMMENDED&pwa_ts=1762085307257&top_cur=USD
EXPEDIA_2,Expedia.com,Best Western Plover-Stevens Point Hotel & Conference Center,"Standard Room, 1 King Bed, Accessible, Refrigerator & Microwave",King Bed,King,Normal,2.0,7989.0,1078.0,9067.0,"Free breakfast, Free self parking, Sleeps 2, 1 King Bed, Reserve now, pay later, Free WiFi",2025-11-03,2025-11-04,,https://www.expedia.co.in/Stevens-Point-Hotels-Best-Western-Plover-Stevens-Point-Hotel-Conference-Center.h4327852.Hotel-Information?chkin=2025-11-03&chkout=2025-11-04&x_pwa=1&rfrr=HSR&useRewards=true&rm1=a2&selected=EXPEDIA_2&sort=RECOMMENDED&pwa_ts=1762085307257&top_cur=USD
EXPEDIA_2,Expedia.com,Best Western Plover-Stevens Point Hotel & Conference Center,"Standard Room, 2 Queen Beds, Non Smoking, Refrigerator & Microwave",Queen Beds,Queen,Normal,,8876.0,1199.0,10075.0,"Free breakfast, Free self parking, Sleeps 4, 2 Queen Beds, Reserve now, pay later, Free WiFi",2025-11-03,2025-11-04,,https://www.expedia.co.in/Stevens-Point-Hotels-Best-Western-Plover-Stevens-Point-Hotel-Conference-Center.h4327852.Hotel-Information?chkin=2025-11-03&chkout=2025-11-04&x_pwa=1&rfrr=HSR&useRewards=true&rm1=a2&selected=EXPEDIA_2&sort=RECOMMENDED&pwa_ts=1762085307257&top_cur=USD
EXPEDIA_2,Expedia.com,Best Western Plover-Stevens Point Hotel & Conference Center,"Suite, 1 King Bed, Non Smoking, Jetted Tub",King Bed,King,Suite,4.0,9764.0,1318.0,11082.0,"Free breakfast, Free self parking, Sleeps 2, 1 King Bed, Reserve now, pay later, Free WiFi",2025-11-03,2025-11-04,,https://www.expedia.co.in/Stevens-Point-Hotels-Best-Western-Plover-Stevens-Point-Hotel-Conference-Center.h4327852.Hotel-Information?chkin=2025-11-03&chkout=2025-11-04&x_pwa=1&rfrr=HSR&useRewards=true&rm1=a2&selected=EXPEDIA_2&sort=RECOMMENDED&pwa_ts=1762085307257&top_cur=USD
EXPEDIA_2,Expedia.com,Best Western Plover-Stevens Point Hotel & Conference Center,"Family Suite, 1 King Bed, Non Smoking, Refrigerator & Microwave (with Sofabed)",King Bed,King,Suite,2.0,11096.0,1497.0,12593.0,"Free breakfast, Free self parking, Sleeps 4, 1 King Bed, Reserve now, pay later, Free WiFi",2025-11-03,2025-11-04,,https://www.expedia.co.in/Stevens-Point-Hotels-Best-Western-Plover-Stevens-Point-Hotel-Conference-Center.h4327852.Hotel-Information?chkin=2025-11-03&chkout=2025-11-04&x_pwa=1&rfrr=HSR&useRewards=true&rm1=a2&selected=EXPEDIA_2&sort=RECOMMENDED&pwa_ts=1762085307257&top_cur=USD
EXPEDIA_2,Expedia.com,Best Western Plover-Stevens Point Hotel & Conference Center,"Suite, 2 Queen Beds, Non Smoking, Refrigerator & Microwave (with Sofabed)",Queen Beds,Queen,Suite,1.0,11096.0,1497.0,12593.0,"Free breakfast, Free self parking, Sleeps 6, 2 Queen Beds, Reserve now, pay later, Free WiFi",2025-11-03,2025-11-04,,https://www.expedia.co.in/Stevens-Point-Hotels-Best-Western-Plover-Stevens-Point-Hotel-Conference-Center.h4327852.Hotel-Information?chkin=2025-11-03&chkout=2025-11-04&x_pwa=1&rfrr=HSR&useRewards=true&rm1=a2&selected=EXPEDIA_2&sort=RECOMMENDED&pwa_ts=1762085307257&top_cur=USD
EXPEDIA_2,Expedia.com,Best Western Plover-Stevens Point Hotel & Conference Center,"Family Suite, 2 Queen Beds, Non Smoking, Refrigerator & Microwave (with Sofabed)",Queen Beds,Queen,Suite,2.0,12427.0,1678.0,14105.0,"Free breakfast, Free self parking, Sleeps 6, 2 Queen Beds, Reserve now, pay later, Free WiFi",2025-11-03,2025-11-04,,https://www.expedia.co.in/Stevens-Point-Hotels-Best-Western-Plover-Stevens-Point-Hotel-Conference-Center.h4327852.Hotel-Information?chkin=2025-11-03&chkout=2025-11-04&x_pwa=1&rfrr=HSR&useRewards=true&rm1=a2&selected=EXPEDIA_2&sort=RECOMMENDED&pwa_ts=1762085307257&top_cur=USD
EXPEDIA_2,Expedia.com,Best Western Plover-Stevens Point Hotel & Conference Center,"Suite, 2 Queen Beds, Non Smoking, Refrigerator & Microwave",Queen Beds,Queen,Suite,2.0,12871.0,1737.0,14608.0,"Free breakfast, Free self parking, Sleeps 6, 2 Queen Beds, Reserve now, pay later, Free WiFi",2025-11-03,2025-11-04,,https://www.expedia.co.in/Stevens-Point-Hotels-Best-Western-Plover-Stevens-Point-Hotel-Conference-Center.h4327852.Hotel-Information?chkin=2025-11-03&chkout=2025-11-04&x_pwa=1&rfrr=HSR&useRewards=true&rm1=a2&selected=EXPEDIA_2&sort=RECOMMENDED&pwa_ts=1762085307257&top_cur=USD
EXPEDIA_2,Expedia.com,Best Western Plover-Stevens Point Hotel & Conference Center,"Standard Room, 1 King Bed, Non Smoking, Refrigerator & Microwave",King Bed,King,Normal,,7989.0,1078.0,9067.0,"Free breakfast, Free self parking, Sleeps 2, 1 King Bed, Reserve now, pay later, Free WiFi",2025-11-04,2025-11-05,,https://www.expedia.co.in/Stevens-Point-Hotels-Best-Western-Plover-Stevens-Point-Hotel-Conference-Center.h4327852.Hotel-Information?chkin=2025-11-04&chkout=2025-11-05&x_pwa=1&rfrr=HSR&useRewards=true&rm1=a2&selected=EXPEDIA_2&sort=RECOMMENDED&pwa_ts=1762085353800&top_cur=USD
EXPEDIA_2,Expedia.com,Best Western Plover-Stevens Point Hotel & Conference Center,"Standard Room, 1 King Bed, Accessible, Refrigerator & Microwave",King Bed,King,Normal,2.0,7989.0,1078.0,9067.0,"Free breakfast, Free self parking, Sleeps 2, 1 King Bed, Reserve now, pay later, Free WiFi",2025-11-04,2025-11-05,,https://www.expedia.co.in/Stevens-Point-Hotels-Best-Western-Plover-Stevens-Point-Hotel-Conference-Center.h4327852.Hotel-Information?chkin=2025-11-04&chkout=2025-11-05&x_pwa=1&rfrr=HSR&useRewards=true&rm1=a2&selected=EXPEDIA_2&sort=RECOMMENDED&pwa_ts=1762085353800&top_cur=USD
EXPEDIA_2,Expedia.com,Best Western Plover-Stevens Point Hotel & Conference Center,"Standard Room, 2 Queen Beds, Non Smoking, Refrigerator & Microwave",Queen Beds,Queen,Normal,,8876.0,1199.0,10075.0,"Free breakfast, Free self parking, Sleeps 4, 2 Queen Beds, Reserve now, pay later, Free WiFi",2025-11-04,2025-11-05,,https://www.expedia.co.in/Stevens-Point-Hotels-Best-Western-Plover-Stevens-Point-Hotel-Conference-Center.h4327852.Hotel-Information?chkin=2025-11-04&chkout=2025-11-05&x_pwa=1&rfrr=HSR&useRewards=true&rm1=a2&selected=EXPEDIA_2&sort=RECOMMENDED&pwa_ts=1762085353800&top_cur=USD
EXPEDIA_2,Expedia.com,Best Western Plover-Stevens Point Hotel & Conference Center,"Suite, 1 King Bed, Non Smoking, Jetted Tub",King Bed,King,Suite,3.0,9764.0,1318.0,11082.0,"Free breakfast, Free self parking, Sleeps 2, 1 King Bed, Reserve now, pay later, Free WiFi",2025-11-04,2025-11-05,,https://www.expedia.co.in/Stevens-Point-Hotels-Best-Western-Plover-Stevens-Point-Hotel-Conference-Center.h4327852.Hotel-Information?chkin=2025-11-04&chkout=2025-11-05&x_pwa=1&rfrr=HSR&useRewards=true&rm1=a2&selected=EXPEDIA_2&sort=RECOMMENDED&pwa_ts=1762085353800&top_cur=USD
EXPEDIA_2,Expedia.com,Best Western Plover-Stevens Point Hotel & Conference Center,"Family Suite, 1 King Bed, Non Smoking, Refrigerator & Microwave (with Sofabed)",King Bed,King,Suite,2.0,11096.0,1497.0,12593.0,"Free breakfast, Free self parking, Sleeps 4, 1 King Bed, Reserve now, pay later, Free WiFi",2025-11-04,2025-11-05,,https://www.expedia.co.in/Stevens-Point-Hotels-Best-Western-Plover-Stevens-Point-Hotel-Conference-Center.h4327852.Hotel-Information?chkin=2025-11-04&chkout=2025-11-05&x_pwa=1&rfrr=HSR&useRewards=true&rm1=a2&selected=EXPEDIA_2&sort=RECOMMENDED&pwa_ts=1762085353800&top_cur=USD
EXPEDIA_2,Expedia.com,Best Western Plover-Stevens Point Hotel & Conference Center,"Suite, 2 Queen Beds, Non Smoking, Refrigerator & Microwave (with Sofabed)",Queen Beds,Queen,Suite,1.0,11096.0,1497.0,12593.0,"Free breakfast, Free self parking, Sleeps 6, 2 Queen Beds, Reserve now, pay later, Free WiFi",2025-11-04,2025-11-05,,https://www.expedia.co.in/Stevens-Point-Hotels-Best-Western-Plover-Stevens-Point-Hotel-Conference-Center.h4327852.Hotel-Information?chkin=2025-11-04&chkout=2025-11-05&x_pwa=1&rfrr=HSR&useRewards=true&rm1=a2&selected=EXPEDIA_2&sort=RECOMMENDED&pwa_ts=1762085353800&top_cur=USD
EXPEDIA_2,Expedia.com,Best Western Plover-Stevens Point Hotel & Conference Center,"Family Suite, 2 Queen Beds, Non Smoking, Refrigerator & Microwave (with Sofabed)",Queen Beds,Queen,Suite,2.0,12427.0,1678.0,14105.0,"Free breakfast, Free self parking, Sleeps 6, 2 Queen Beds, Reserve now, pay later, Free WiFi",2025-11-04,2025-11-05,,https://www.expedia.co.in/Stevens-Point-Hotels-Best-Western-Plover-Stevens-Point-Hotel-Conference-Center.h4327852.Hotel-Information?chkin=2025-11-04&chkout=2025-11-05&x_pwa=1&rfrr=HSR&useRewards=true&rm1=a2&selected=EXPEDIA_2&sort=RECOMMENDED&pwa_ts=1762085353800&top_cur=USD
EXPEDIA_2,Expedia.com,Best Western Plover-Stevens Point Hotel & Conference Center,"Suite, 2 Queen Beds, Non Smoking, Refrigerator & Microwave",Queen Beds,Queen,Suite,2.0,12871.0,1737.0,14608.0,"Free breakfast, Free self parking, Sleeps 6, 2 Queen Beds, Reserve now, pay later, Free WiFi",2025-11-04,2025-11-05,,https://www.expedia.co.in/Stevens-Point-Hotels-Best-Western-Plover-Stevens-Point-Hotel-Conference-Center.h4327852.Hotel-Information?chkin=2025-11-04&chkout=2025-11-05&x_pwa=1&rfrr=HSR&useRewards=true&rm1=a2&selected=EXPEDIA_2&sort=RECOMMENDED&pwa_ts=1762085353800&top_cur=USD
EXPEDIA_2,Expedia.com,Best Western Plover-Stevens Point Hotel & Conference Center,"Standard Room, 1 King Bed, Non Smoking, Refrigerator & Microwave",King Bed,King,Normal,,7989.0,1078.0,9067.0,"Free breakfast, Free self parking, Sleeps 2, 1 King Bed, Reserve now, pay later, Free WiFi",2025-11-05,2025-11-06,,https://www.expedia.co.in/Stevens-Point-Hotels-Best-Western-Plover-Stevens-Point-Hotel-Conference-Center.h4327852.Hotel-Information?chkin=2025-11-05&chkout=2025-11-06&x_pwa=1&rfrr=HSR&useRewards=true&rm1=a2&selected=EXPEDIA_2&sort=RECOMMENDED&pwa_ts=1762085394808&top_cur=USD
EXPEDIA_2,Expedia.com,Best Western Plover-Stevens Point Hotel & Conference Center,"Standard Room, 1 King Bed, Accessible, Refrigerator & Microwave",King Bed,King,Normal,2.0,7989.0,1078.0,9067.0,"Free breakfast, Free self parking, Sleeps 2, 1 King Bed, Reserve now, pay later, Free WiFi",2025-11-05,2025-11-06,,https://www.expedia.co.in/Stevens-Point-Hotels-Best-Western-Plover-Stevens-Point-Hotel-Conference-Center.h4327852.Hotel-Information?chkin=2025-11-05&chkout=2025-11-06&x_pwa=1&rfrr=HSR&useRewards=true&rm1=a2&selected=EXPEDIA_2&sort=RECOMMENDED&pwa_ts=1762085394808&top_cur=USD
EXPEDIA_2,Expedia.com,Best Western Plover-Stevens Point Hotel & Conference Center,"Standard Room, 2 Queen Beds, Non Smoking, Refrigerator & Microwave",Queen Beds,Queen,Normal,,8876.0,1199.0,10075.0,"Free breakfast, Free self parking, Sleeps 4, 2 Queen Beds, Reserve now, pay later, Free WiFi",2025-11-05,2025-11-06,,https://www.expedia.co.in/Stevens-Point-Hotels-Best-Western-Plover-Stevens-Point-Hotel-Conference-Center.h4327852.Hotel-Information?chkin=2025-11-05&chkout=2025-11-06&x_pwa=1&rfrr=HSR&useRewards=true&rm1=a2&selected=EXPEDIA_2&sort=RECOMMENDED&pwa_ts=1762085394808&top_cur=USD
EXPEDIA_2,Expedia.com,Best Western Plover-Stevens Point Hotel & Conference Center,"Suite, 1 King Bed, Non Smoking, Jetted Tub",King Bed,King,Suite,4.0,9764.0,1318.0,11082.0,"Free breakfast, Free self parking, Sleeps 2, 1 King Bed, Reserve now, pay later, Free WiFi",2025-11-05,2025-11-06,,https://www.expedia.co.in/Stevens-Point-Hotels-Best-Western-Plover-Stevens-Point-Hotel-Conference-Center.h4327852.Hotel-Information?chkin=2025-11-05&chkout=2025-11-06&x_pwa=1&rfrr=HSR&useRewards=true&rm1=a2&selected=EXPEDIA_2&sort=RECOMMENDED&pwa_ts=1762085394808&top_cur=USD
EXPEDIA_2,Expedia.com,Best Western Plover-Stevens Point Hotel & Conference Center,"Family Suite, 1 King Bed, Non Smoking, Refrigerator & Microwave (with Sofabed)",King Bed,King,Suite,2.0,11096.0,1497.0,12593.0,"Free breakfast, Free self parking, Sleeps 4, 1 King Bed, Reserve now, pay later, Free WiFi",2025-11-05,2025-11-06,,https://www.expedia.co.in/Stevens-Point-Hotels-Best-Western-Plover-Stevens-Point-Hotel-Conference-Center.h4327852.Hotel-Information?chkin=2025-11-05&chkout=2025-11-06&x_pwa=1&rfrr=HSR&useRewards=true&rm1=a2&selected=EXPEDIA_2&sort=RECOMMENDED&pwa_ts=1762085394808&top_cur=USD
EXPEDIA_2,Expedia.com,Best Western Plover-Stevens Point Hotel & Conference Center,"Suite, 2 Queen Beds, Non Smoking, Refrigerator & Microwave (with Sofabed)",Queen Beds,Queen,Suite,1.0,11096.0,1497.0,12593.0,"Free breakfast, Free self parking, Sleeps 6, 2 Queen Beds, Reserve now, pay later, Free WiFi",2025-11-05,2025-11-06,,https://www.expedia.co.in/Stevens-Point-Hotels-Best-Western-Plover-Stevens-Point-Hotel-Conference-Center.h4327852.Hotel-Information?chkin=2025-11-05&chkout=2025-11-06&x_pwa=1&rfrr=HSR&useRewards=true&rm1=a2&selected=EXPEDIA_2&sort=RECOMMENDED&pwa_ts=1762085394808&top_cur=USD
EXPEDIA_2,Expedia.com,Best Western Plover-Stevens Point Hotel & Conference Center,"Family Suite, 2 Queen Beds, Non Smoking, Refrigerator & Microwave (with Sofabed)",Queen Beds,Queen,Suite,2.0,12427.0,1678.0,14105.0,"Free breakfast, Free self parking, Sleeps 6, 2 Queen Beds, Reserve now, pay later, Free WiFi",2025-11-05,2025-11-06,,https://www.expedia.co.in/Stevens-Point-Hotels-Best-Western-Plover-Stevens-Point-Hotel-Conference-Center.h4327852.Hotel-Information?chkin=2025-11-05&chkout=2025-11-06&x_pwa=1&rfrr=HSR&useRewards=true&rm1=a2&selected=EXPEDIA_2&sort=RECOMMENDED&pwa_ts=1762085394808&top_cur=USD
EXPEDIA_2,Expedia.com,Best Western Plover-Stevens Point Hotel & Conference Center,"Suite, 2 Queen Beds, Non Smoking, Refrigerator & Microwave",Queen Beds,Queen,Suite,2.0,12871.0,1737.0,14608.0,"Free breakfast, Free self parking, Sleeps 6, 2 Queen Beds, Reserve now, pay later, Free WiFi",2025-11-05,2025-11-06,,https://www.expedia.co.in/Stevens-Point-Hotels-Best-Western-Plover-Stevens-Point-Hotel-Conference-Center.h4327852.Hotel-Information?chkin=2025-11-05&chkout=2025-11-06&x_pwa=1&rfrr=HSR&useRewards=true&rm1=a2&selected=EXPEDIA_2&sort=RECOMMENDED&pwa_ts=1762085394808&top_cur=USD
EXPEDIA_2,Expedia.com,Best Western Plover-Stevens Point Hotel & Conference Center,"Standard Room, 1 King Bed, Non Smoking, Refrigerator & Microwave",King Bed,King,Normal,,7989.0,1078.0,9067.0,"Free breakfast, Free self parking, Sleeps 2, 1 King Bed, Reserve now, pay later, Free WiFi",2025-11-06,2025-11-07,,https://www.expedia.co.in/Stevens-Point-Hotels-Best-Western-Plover-Stevens-Point-Hotel-Conference-Center.h4327852.Hotel-Information?chkin=2025-11-06&chkout=2025-11-07&x_pwa=1&rfrr=HSR&useRewards=true&rm1=a2&selected=EXPEDIA_2&sort=RECOMMENDED&pwa_ts=1762085436804&top_cur=USD
EXPEDIA_2,Expedia.com,Best Western Plover-Stevens Point Hotel & Conference Center,"Standard Room, 1 King Bed, Accessible, Refrigerator & Microwave",King Bed,King,Normal,2.0,7989.0,1078.0,9067.0,"Free breakfast, Free self parking, Sleeps 2, 1 King Bed, Reserve now, pay later, Free WiFi",2025-11-06,2025-11-07,,https://www.expedia.co.in/Stevens-Point-Hotels-Best-Western-Plover-Stevens-Point-Hotel-Conference-Center.h4327852.Hotel-Information?chkin=2025-11-06&chkout=2025-11-07&x_pwa=1&rfrr=HSR&useRewards=true&rm1=a2&selected=EXPEDIA_2&sort=RECOMMENDED&pwa_ts=1762085436804&top_cur=USD
EXPEDIA_2,Expedia.com,Best Western Plover-Stevens Point Hotel & Conference Center,"Standard Room, 2 Queen Beds, Non Smoking, Refrigerator & Microwave",Queen Beds,Queen,Normal,,8876.0,1199.0,10075.0,"Free breakfast, Free self parking, Sleeps 4, 2 Queen Beds, Reserve now, pay later, Free WiFi",2025-11-06,2025-11-07,,https://www.expedia.co.in/Stevens-Point-Hotels-Best-Western-Plover-Stevens-Point-Hotel-Conference-Center.h4327852.Hotel-Information?chkin=2025-11-06&chkout=2025-11-07&x_pwa=1&rfrr=HSR&useRewards=true&rm1=a2&selected=EXPEDIA_2&sort=RECOMMENDED&pwa_ts=1762085436804&top_cur=USD
EXPEDIA_2,Expedia.com,Best Western Plover-Stevens Point Hotel & Conference Center,"Suite, 1 King Bed, Non Smoking, Jetted Tub",King Bed,King,Suite,4.0,9764.0,1318.0,11082.0,"Free breakfast, Free self parking, Sleeps 2, 1 King Bed, Reserve now, pay later, Free WiFi",2025-11-06,2025-11-07,,https://www.expedia.co.in/Stevens-Point-Hotels-Best-Western-Plover-Stevens-Point-Hotel-Conference-Center.h4327852.Hotel-Information?chkin=2025-11-06&chkout=2025-11-07&x_pwa=1&rfrr=HSR&useRewards=true&rm1=a2&selected=EXPEDIA_2&sort=RECOMMENDED&pwa_ts=1762085436804&top_cur=USD
EXPEDIA_2,Expedia.com,Best Western Plover-Stevens Point Hotel & Conference Center,"Family Suite, 1 King Bed, Non Smoking, Refrigerator & Microwave (with Sofabed)",King Bed,King,Suite,2.0,11096.0,1497.0,12593.0,"Free breakfast, Free self parking, Sleeps 4, 1 King Bed, Reserve now, pay later, Free WiFi",2025-11-06,2025-11-07,,https://www.expedia.co.in/Stevens-Point-Hotels-Best-Western-Plover-Stevens-Point-Hotel-Conference-Center.h4327852.Hotel-Information?chkin=2025-11-06&chkout=2025-11-07&x_pwa=1&rfrr=HSR&useRewards=true&rm1=a2&selected=EXPEDIA_2&sort=RECOMMENDED&pwa_ts=1762085436804&top_cur=USD
EXPEDIA_2,Expedia.com,Best Western Plover-Stevens Point Hotel & Conference Center,"Suite, 2 Queen Beds, Non Smoking, Refrigerator & Microwave (with Sofabed)",Queen Beds,Queen,Suite,1.0,11096.0,1497.0,12593.0,"Free breakfast, Free self parking, Sleeps 6, 2 Queen Beds, Reserve now, pay later, Free WiFi",2025-11-06,2025-11-07,,https://www.expedia.co.in/Stevens-Point-Hotels-Best-Western-Plover-Stevens-Point-Hotel-Conference-Center.h4327852.Hotel-Information?chkin=2025-11-06&chkout=2025-11-07&x_pwa=1&rfrr=HSR&useRewards=true&rm1=a2&selected=EXPEDIA_2&sort=RECOMMENDED&pwa_ts=1762085436804&top_cur=USD
EXPEDIA_2,Expedia.com,Best Western Plover-Stevens Point Hotel & Conference Center,"Family Suite, 2 Queen Beds, Non Smoking, Refrigerator & Microwave (with Sofabed)",Queen Beds,Queen,Suite,2.0,12427.0,1678.0,14105.0,"Free breakfast, Free self parking, Sleeps 6, 2 Queen Beds, Reserve now, pay later, Free WiFi",2025-11-06,2025-11-07,,https://www.expedia.co.in/Stevens-Point-Hotels-Best-Western-Plover-Stevens-Point-Hotel-Conference-Center.h4327852.Hotel-Information?chkin=2025-11-06&chkout=2025-11-07&x_pwa=1&rfrr=HSR&useRewards=true&rm1=a2&selected=EXPEDIA_2&sort=RECOMMENDED&pwa_ts=1762085436804&top_cur=USD
EXPEDIA_2,Expedia.com,Best Western Plover-Stevens Point Hotel & Conference Center,"Suite, 2 Queen Beds, Non Smoking, Refrigerator & Microwave",Queen Beds,Queen,Suite,2.0,12871.0,1737.0,14608.0,"Free breakfast, Free self parking, Sleeps 6, 2 Queen Beds, Reserve now, pay later, Free WiFi",2025-11-06,2025-11-07,,https://www.expedia.co.in/Stevens-Point-Hotels-Best-Western-Plover-Stevens-Point-Hotel-Conference-Center.h4327852.Hotel-Information?chkin=2025-11-06&chkout=2025-11-07&x_pwa=1&rfrr=HSR&useRewards=true&rm1=a2&selected=EXPEDIA_2&sort=RECOMMENDED&pwa_ts=1762085436804&top_cur=USD
EXPEDIA_2,Expedia.com,Best Western Plover-Stevens Point Hotel & Conference Center,"Standard Room, 1 King Bed, Accessible, Refrigerator & Microwave",King Bed,King,Normal,2.0,7989.0,1078.0,9067.0,"Free breakfast, Free self parking, Sleeps 2, 1 King Bed, Reserve now, pay later, Free WiFi",2025-11-07,2025-11-08,,https://www.expedia.co.in/Stevens-Point-Hotels-Best-Western-Plover-Stevens-Point-Hotel-Conference-Center.h4327852.Hotel-Information?chkin=2025-11-07&chkout=2025-11-08&x_pwa=1&rfrr=HSR&useRewards=true&rm1=a2&selected=EXPEDIA_2&sort=RECOMMENDED&pwa_ts=1762085479055&top_cur=USD
EXPEDIA_2,Expedia.com,Best Western Plover-Stevens Point Hotel & Conference Center,"Suite, 1 King Bed, Non Smoking, Jetted Tub",King Bed,King,Suite,3.0,9764.0,1318.0,11082.0,"Free breakfast, Free self parking, Sleeps 2, 1 King Bed, Reserve now, pay later, Free WiFi",2025-11-07,2025-11-08,,https://www.expedia.co.in/Stevens-Point-Hotels-Best-Western-Plover-Stevens-Point-Hotel-Conference-Center.h4327852.Hotel-Information?chkin=2025-11-07&chkout=2025-11-08&x_pwa=1&rfrr=HSR&useRewards=true&rm1=a2&selected=EXPEDIA_2&sort=RECOMMENDED&pwa_ts=1762085479055&top_cur=USD
EXPEDIA_2,Expedia.com,Best Western Plover-Stevens Point Hotel & Conference Center,"Standard Room, 1 King Bed, Non Smoking, Refrigerator & Microwave",King Bed,King,Normal,,9765.0,1318.0,11083.0,"Free breakfast, Free self parking, Sleeps 2, 1 King Bed, Reserve now, pay later, Free WiFi",2025-11-07,2025-11-08,,https://www.expedia.co.in/Stevens-Point-Hotels-Best-Western-Plover-Stevens-Point-Hotel-Conference-Center.h4327852.Hotel-Information?chkin=2025-11-07&chkout=2025-11-08&x_pwa=1&rfrr=HSR&useRewards=true&rm1=a2&selected=EXPEDIA_2&sort=RECOMMENDED&pwa_ts=1762085479055&top_cur=USD
EXPEDIA_2,Expedia.com,Best Western Plover-Stevens Point Hotel & Conference Center,"Standard Room, 2 Queen Beds, Non Smoking, Refrigerator & Microwave",Queen Beds,Queen,Normal,,9765.0,1318.0,11083.0,"Free breakfast, Free self parking, Sleeps 4, 2 Queen Beds, Reserve now, pay later, Free WiFi",2025-11-07,2025-11-08,,https://www.expedia.co.in/Stevens-Point-Hotels-Best-Western-Plover-Stevens-Point-Hotel-Conference-Center.h4327852.Hotel-Information?chkin=2025-11-07&chkout=2025-11-08&x_pwa=1&rfrr=HSR&useRewards=true&rm1=a2&selected=EXPEDIA_2&sort=RECOMMENDED&pwa_ts=1762085479055&top_cur=USD
EXPEDIA_2,Expedia.com,Best Western Plover-Stevens Point Hotel & Conference Center,"Family Suite, 2 Queen Beds, Non Smoking, Refrigerator & Microwave (with Sofabed)",Queen Beds,Queen,Suite,1.0,11540.0,1558.0,13098.0,"Free breakfast, Free self parking, Sleeps 6, 2 Queen Beds, Reserve now, pay later, Free WiFi",2025-11-07,2025-11-08,,https://www.expedia.co.in/Stevens-Point-Hotels-Best-Western-Plover-Stevens-Point-Hotel-Conference-Center.h4327852.Hotel-Information?chkin=2025-11-07&chkout=2025-11-08&x_pwa=1&rfrr=HSR&useRewards=true&rm1=a2&selected=EXPEDIA_2&sort=RECOMMENDED&pwa_ts=1762085479055&top_cur=USD
EXPEDIA_2,Expedia.com,Best Western Plover-Stevens Point Hotel & Conference Center,"Family Suite, 1 King Bed, Non Smoking, Refrigerator & Microwave (with Sofabed)",King Bed,King,Suite,2.0,11540.0,1558.0,13098.0,"Free breakfast, Free self parking, Sleeps 4, 1 King Bed, Reserve now, pay later, Free WiFi",2025-11-07,2025-11-08,,https://www.expedia.co.in/Stevens-Point-Hotels-Best-Western-Plover-Stevens-Point-Hotel-Conference-Center.h4327852.Hotel-Information?chkin=2025-11-07&chkout=2025-11-08&x_pwa=1&rfrr=HSR&useRewards=true&rm1=a2&selected=EXPEDIA_2&sort=RECOMMENDED&pwa_ts=1762085479055&top_cur=USD
EXPEDIA_2,Expedia.com,Best Western Plover-Stevens Point Hotel & Conference Center,"Suite, 2 Queen Beds, Non Smoking, Refrigerator & Microwave (with Sofabed)",Queen Beds,Queen,Suite,1.0,11540.0,1558.0,13098.0,"Free breakfast, Free self parking, Sleeps 6, 2 Queen Beds, Reserve now, pay later, Free WiFi",2025-11-07,2025-11-08,,https://www.expedia.co.in/Stevens-Point-Hotels-Best-Western-Plover-Stevens-Point-Hotel-Conference-Center.h4327852.Hotel-Information?chkin=2025-11-07&chkout=2025-11-08&x_pwa=1&rfrr=HSR&useRewards=true&rm1=a2&selected=EXPEDIA_2&sort=RECOMMENDED&pwa_ts=1762085479055&top_cur=USD
EXPEDIA_2,Expedia.com,Best Western Plover-Stevens Point Hotel & Conference Center,"Standard Room, 1 King Bed, Accessible, Refrigerator & Microwave",King Bed,King,Normal,2.0,7989.0,1078.0,9067.0,"Free breakfast, Free self parking, Sleeps 2, 1 King Bed, Reserve now, pay later, Free WiFi",2025-11-08,2025-11-09,,https://www.expedia.co.in/Stevens-Point-Hotels-Best-Western-Plover-Stevens-Point-Hotel-Conference-Center.h4327852.Hotel-Information?chkin=2025-11-08&chkout=2025-11-09&x_pwa=1&rfrr=HSR&useRewards=true&rm1=a2&selected=EXPEDIA_2&sort=RECOMMENDED&pwa_ts=1762085522937&top_cur=USD
EXPEDIA_2,Expedia.com,Best Western Plover-Stevens Point Hotel & Conference Center,"Suite, 1 King Bed, Non Smoking, Jetted Tub",King Bed,King,Suite,3.0,9764.0,1318.0,11082.0,"Free breakfast, Free self parking, Sleeps 2, 1 King Bed, Reserve now, pay later, Free WiFi",2025-11-08,2025-11-09,,https://www.expedia.co.in/Stevens-Point-Hotels-Best-Western-Plover-Stevens-Point-Hotel-Conference-Center.h4327852.Hotel-Information?chkin=2025-11-08&chkout=2025-11-09&x_pwa=1&rfrr=HSR&useRewards=true&rm1=a2&selected=EXPEDIA_2&sort=RECOMMENDED&pwa_ts=1762085522937&top_cur=USD
EXPEDIA_2,Expedia.com,Best Western Plover-Stevens Point Hotel & Conference Center,"Standard Room, 1 King Bed, Non Smoking, Refrigerator & Microwave",King Bed,King,Normal,,9765.0,1318.0,11083.0,"Free breakfast, Free self parking, Sleeps 2, 1 King Bed, Reserve now, pay later, Free WiFi",2025-11-08,2025-11-09,,https://www.expedia.co.in/Stevens-Point-Hotels-Best-Western-Plover-Stevens-Point-Hotel-Conference-Center.h4327852.Hotel-Information?chkin=2025-11-08&chkout=2025-11-09&x_pwa=1&rfrr=HSR&useRewards=true&rm1=a2&selected=EXPEDIA_2&sort=RECOMMENDED&pwa_ts=1762085522937&top_cur=USD
EXPEDIA_2,Expedia.com,Best Western Plover-Stevens Point Hotel & Conference Center,"Standard Room, 2 Queen Beds, Non Smoking, Refrigerator & Microwave",Queen Beds,Queen,Normal,,9765.0,1318.0,11083.0,"Free breakfast, Free self parking, Sleeps 4, 2 Queen Beds, Reserve now, pay later, Free WiFi",2025-11-08,2025-11-09,,https://www.expedia.co.in/Stevens-Point-Hotels-Best-Western-Plover-Stevens-Point-Hotel-Conference-Center.h4327852.Hotel-Information?chkin=2025-11-08&chkout=2025-11-09&x_pwa=1&rfrr=HSR&useRewards=true&rm1=a2&selected=EXPEDIA_2&sort=RECOMMENDED&pwa_ts=1762085522937&top_cur=USD
EXPEDIA_2,Expedia.com,Best Western Plover-Stevens Point Hotel & Conference Center,"Family Suite, 1 King Bed, Non Smoking, Refrigerator & Microwave (with Sofabed)",King Bed,King,Suite,2.0,11540.0,1558.0,13098.0,"Free breakfast, Free self parking, Sleeps 4, 1 King Bed, Reserve now, pay later, Free WiFi",2025-11-08,2025-11-09,,https://www.expedia.co.in/Stevens-Point-Hotels-Best-Western-Plover-Stevens-Point-Hotel-Conference-Center.h4327852.Hotel-Information?chkin=2025-11-08&chkout=2025-11-09&x_pwa=1&rfrr=HSR&useRewards=true&rm1=a2&selected=EXPEDIA_2&sort=RECOMMENDED&pwa_ts=1762085522937&top_cur=USD
EXPEDIA_2,Expedia.com,Best Western Plover-Stevens Point Hotel & Conference Center,"Suite, 2 Queen Beds, Non Smoking, Refrigerator & Microwave (with Sofabed)",Queen Beds,Queen,Suite,1.0,11540.0,1558.0,13098.0,"Free breakfast, Free self parking, Sleeps 6, 2 Queen Beds, Reserve now, pay later, Free WiFi",2025-11-08,2025-11-09,,https://www.expedia.co.in/Stevens-Point-Hotels-Best-Western-Plover-Stevens-Point-Hotel-Conference-Center.h4327852.Hotel-Information?chkin=2025-11-08&chkout=2025-11-09&x_pwa=1&rfrr=HSR&useRewards=true&rm1=a2&selected=EXPEDIA_2&sort=RECOMMENDED&pwa_ts=1762085522937&top_cur=USD
EXPEDIA_2,Expedia.com,Best Western Plover-Stevens Point Hotel & Conference Center,"Standard Room, 1 King Bed, Non Smoking, Refrigerator & Microwave",King Bed,King,Normal,,7989.0,1078.0,9067.0,"Free breakfast, Free self parking, Sleeps 2, 1 King Bed, Reserve now, pay later, Free WiFi",2025-11-09,2025-11-10,,https://www.expedia.co.in/Stevens-Point-Hotels-Best-Western-Plover-Stevens-Point-Hotel-Conference-Center.h4327852.Hotel-Information?chkin=2025-11-09&chkout=2025-11-10&x_pwa=1&rfrr=HSR&useRewards=true&rm1=a2&selected=EXPEDIA_2&sort=RECOMMENDED&pwa_ts=1762085564578&top_cur=USD
EXPEDIA_2,Expedia.com,Best Western Plover-Stevens Point Hotel & Conference Center,"Standard Room, 1 King Bed, Accessible, Refrigerator & Microwave",King Bed,King,Normal,2.0,7989.0,1078.0,9067.0,"Free breakfast, Free self parking, Sleeps 2, 1 King Bed, Reserve now, pay later, Free WiFi",2025-11-09,2025-11-10,,https://www.expedia.co.in/Stevens-Point-Hotels-Best-Western-Plover-Stevens-Point-Hotel-Conference-Center.h4327852.Hotel-Information?chkin=2025-11-09&chkout=2025-11-10&x_pwa=1&rfrr=HSR&useRewards=true&rm1=a2&selected=EXPEDIA_2&sort=RECOMMENDED&pwa_ts=1762085564578&top_cur=USD
EXPEDIA_2,Expedia.com,Best Western Plover-Stevens Point Hotel & Conference Center,"Standard Room, 2 Queen Beds, Non Smoking, Refrigerator & Microwave",Queen Beds,Queen,Normal,,8876.0,1199.0,10075.0,"Free breakfast, Free self parking, Sleeps 4, 2 Queen Beds, Reserve now, pay later, Free WiFi",2025-11-09,2025-11-10,,https://www.expedia.co.in/Stevens-Point-Hotels-Best-Western-Plover-Stevens-Point-Hotel-Conference-Center.h4327852.Hotel-Information?chkin=2025-11-09&chkout=2025-11-10&x_pwa=1&rfrr=HSR&useRewards=true&rm1=a2&selected=EXPEDIA_2&sort=RECOMMENDED&pwa_ts=1762085564578&top_cur=USD
EXPEDIA_2,Expedia.com,Best Western Plover-Stevens Point Hotel & Conference Center,"Suite, 1 King Bed, Non Smoking, Jetted Tub",King Bed,King,Suite,4.0,9764.0,1318.0,11082.0,"Free breakfast, Free self parking, Sleeps 2, 1 King Bed, Reserve now, pay later, Free WiFi",2025-11-09,2025-11-10,,https://www.expedia.co.in/Stevens-Point-Hotels-Best-Western-Plover-Stevens-Point-Hotel-Conference-Center.h4327852.Hotel-Information?chkin=2025-11-09&chkout=2025-11-10&x_pwa=1&rfrr=HSR&useRewards=true&rm1=a2&selected=EXPEDIA_2&sort=RECOMMENDED&pwa_ts=1762085564578&top_cur=USD
EXPEDIA_2,Expedia.com,Best Western Plover-Stevens Point Hotel & Conference Center,"Family Suite, 1 King Bed, Non Smoking, Refrigerator & Microwave (with Sofabed)",King Bed,King,Suite,2.0,11096.0,1497.0,12593.0,"Free breakfast, Free self parking, Sleeps 4, 1 King Bed, Reserve now, pay later, Free WiFi",2025-11-09,2025-11-10,,https://www.expedia.co.in/Stevens-Point-Hotels-Best-Western-Plover-Stevens-Point-Hotel-Conference-Center.h4327852.Hotel-Information?chkin=2025-11-09&chkout=2025-11-10&x_pwa=1&rfrr=HSR&useRewards=true&rm1=a2&selected=EXPEDIA_2&sort=RECOMMENDED&pwa_ts=1762085564578&top_cur=USD
EXPEDIA_2,Expedia.com,Best Western Plover-Stevens Point Hotel & Conference Center,"Suite, 2 Queen Beds, Non Smoking, Refrigerator & Microwave (with Sofabed)",Queen Beds,Queen,Suite,1.0,11096.0,1497.0,12593.0,"Free breakfast, Free self parking, Sleeps 6, 2 Queen Beds, Reserve now, pay later, Free WiFi",2025-11-09,2025-11-10,,https://www.expedia.co.in/Stevens-Point-Hotels-Best-Western-Plover-Stevens-Point-Hotel-Conference-Center.h4327852.Hotel-Information?chkin=2025-11-09&chkout=2025-11-10&x_pwa=1&rfrr=HSR&useRewards=true&rm1=a2&selected=EXPEDIA_2&sort=RECOMMENDED&pwa_ts=1762085564578&top_cur=USD
EXPEDIA_2,Expedia.com,Best Western Plover-Stevens Point Hotel & Conference Center,"Family Suite, 2 Queen Beds, Non Smoking, Refrigerator & Microwave (with Sofabed)",Queen Beds,Queen,Suite,2.0,12427.0,1678.0,14105.0,"Free breakfast, Free self parking, Sleeps 6, 2 Queen Beds, Reserve now, pay later, Free WiFi",2025-11-09,2025-11-10,,https://www.expedia.co.in/Stevens-Point-Hotels-Best-Western-Plover-Stevens-Point-Hotel-Conference-Center.h4327852.Hotel-Information?chkin=2025-11-09&chkout=2025-11-10&x_pwa=1&rfrr=HSR&useRewards=true&rm1=a2&selected=EXPEDIA_2&sort=RECOMMENDED&pwa_ts=1762085564578&top_cur=USD
EXPEDIA_2,Expedia.com,Best Western Plover-Stevens Point Hotel & Conference Center,"Suite, 2 Queen Beds, Non Smoking, Refrigerator & Microwave",Queen Beds,Queen,Suite,2.0,12871.0,1737.0,14608.0,"Free breakfast, Free self parking, Sleeps 6, 2 Queen Beds, Reserve now, pay later, Free WiFi",2025-11-09,2025-11-10,,https://www.expedia.co.in/Stevens-Point-Hotels-Best-Western-Plover-Stevens-Point-Hotel-Conference-Center.h4327852.Hotel-Information?chkin=2025-11-09&chkout=2025-11-10&x_pwa=1&rfrr=HSR&useRewards=true&rm1=a2&selected=EXPEDIA_2&sort=RECOMMENDED&pwa_ts=1762085564578&top_cur=USD
EXPEDIA_2,Expedia.com,Best Western Plover-Stevens Point Hotel & Conference Center,"Standard Room, 1 King Bed, Non Smoking, Refrigerator & Microwave",King Bed,King,Normal,,7989.0,1078.0,9067.0,"Free breakfast, Free self parking, Sleeps 2, 1 King Bed, Reserve now, pay later, Free WiFi",2025-11-10,2025-11-11,,https://www.expedia.co.in/Stevens-Point-Hotels-Best-Western-Plover-Stevens-Point-Hotel-Conference-Center.h4327852.Hotel-Information?chkin=2025-11-10&chkout=2025-11-11&x_pwa=1&rfrr=HSR&useRewards=true&rm1=a2&selected=EXPEDIA_2&sort=RECOMMENDED&pwa_ts=1762085611071&top_cur=USD
EXPEDIA_2,Expedia.com,Best Western Plover-Stevens Point Hotel & Conference Center,"Standard Room, 1 King Bed, Accessible, Refrigerator & Microwave",King Bed,King,Normal,2.0,7989.0,1078.0,9067.0,"Free breakfast, Free self parking, Sleeps 2, 1 King Bed, Reserve now, pay later, Free WiFi",2025-11-10,2025-11-11,,https://www.expedia.co.in/Stevens-Point-Hotels-Best-Western-Plover-Stevens-Point-Hotel-Conference-Center.h4327852.Hotel-Information?chkin=2025-11-10&chkout=2025-11-11&x_pwa=1&rfrr=HSR&useRewards=true&rm1=a2&selected=EXPEDIA_2&sort=RECOMMENDED&pwa_ts=1762085611071&top_cur=USD
EXPEDIA_2,Expedia.com,Best Western Plover-Stevens Point Hotel & Conference Center,"Standard Room, 2 Queen Beds, Non Smoking, Refrigerator & Microwave",Queen Beds,Queen,Normal,,8876.0,1199.0,10075.0,"Free breakfast, Free self parking, Sleeps 4, 2 Queen Beds, Reserve now, pay later, Free WiFi",2025-11-10,2025-11-11,,https://www.expedia.co.in/Stevens-Point-Hotels-Best-Western-Plover-Stevens-Point-Hotel-Conference-Center.h4327852.Hotel-Information?chkin=2025-11-10&chkout=2025-11-11&x_pwa=1&rfrr=HSR&useRewards=true&rm1=a2&selected=EXPEDIA_2&sort=RECOMMENDED&pwa_ts=1762085611071&top_cur=USD
EXPEDIA_2,Expedia.com,Best Western Plover-Stevens Point Hotel & Conference Center,"Suite, 1 King Bed, Non Smoking, Jetted Tub",King Bed,King,Suite,4.0,9764.0,1318.0,11082.0,"Free breakfast, Free self parking, Sleeps 2, 1 King Bed, Reserve now, pay later, Free WiFi",2025-11-10,2025-11-11,,https://www.expedia.co.in/Stevens-Point-Hotels-Best-Western-Plover-Stevens-Point-Hotel-Conference-Center.h4327852.Hotel-Information?chkin=2025-11-10&chkout=2025-11-11&x_pwa=1&rfrr=HSR&useRewards=true&rm1=a2&selected=EXPEDIA_2&sort=RECOMMENDED&pwa_ts=1762085611071&top_cur=USD
EXPEDIA_2,Expedia.com,Best Western Plover-Stevens Point Hotel & Conference Center,"Family Suite, 1 King Bed, Non Smoking, Refrigerator & Microwave (with Sofabed)",King Bed,King,Suite,2.0,11096.0,1497.0,12593.0,"Free breakfast, Free self parking, Sleeps 4, 1 King Bed, Reserve now, pay later, Free WiFi",2025-11-10,2025-11-11,,https://www.expedia.co.in/Stevens-Point-Hotels-Best-Western-Plover-Stevens-Point-Hotel-Conference-Center.h4327852.Hotel-Information?chkin=2025-11-10&chkout=2025-11-11&x_pwa=1&rfrr=HSR&useRewards=true&rm1=a2&selected=EXPEDIA_2&sort=RECOMMENDED&pwa_ts=1762085611071&top_cur=USD
EXPEDIA_2,Expedia.com,Best Western Plover-Stevens Point Hotel & Conference Center,"Suite, 2 Queen Beds, Non Smoking, Refrigerator & Microwave (with Sofabed)",Queen Beds,Queen,Suite,1.0,11096.0,1497.0,12593.0,"Free breakfast, Free self parking, Sleeps 6, 2 Queen Beds, Reserve now, pay later, Free WiFi",2025-11-10,2025-11-11,,https://www.expedia.co.in/Stevens-Point-Hotels-Best-Western-Plover-Stevens-Point-Hotel-Conference-Center.h4327852.Hotel-Information?chkin=2025-11-10&chkout=2025-11-11&x_pwa=1&rfrr=HSR&useRewards=true&rm1=a2&selected=EXPEDIA_2&sort=RECOMMENDED&pwa_ts=1762085611071&top_cur=USD
EXPEDIA_2,Expedia.com,Best Western Plover-Stevens Point Hotel & Conference Center,"Family Suite, 2 Queen Beds, Non Smoking, Refrigerator & Microwave (with Sofabed)",Queen Beds,Queen,Suite,2.0,12427.0,1678.0,14105.0,"Free breakfast, Free self parking, Sleeps 6, 2 Queen Beds, Reserve now, pay later, Free WiFi",2025-11-10,2025-11-11,,https://www.expedia.co.in/Stevens-Point-Hotels-Best-Western-Plover-Stevens-Point-Hotel-Conference-Center.h4327852.Hotel-Information?chkin=2025-11-10&chkout=2025-11-11&x_pwa=1&rfrr=HSR&useRewards=true&rm1=a2&selected=EXPEDIA_2&sort=RECOMMENDED&pwa_ts=1762085611071&top_cur=USD
EXPEDIA_2,Expedia.com,Best Western Plover-Stevens Point Hotel & Conference Center,"Suite, 2 Queen Beds, Non Smoking, Refrigerator & Microwave",Queen Beds,Queen,Suite,2.0,12871.0,1737.0,14608.0,"Free breakfast, Free self parking, Sleeps 6, 2 Queen Beds, Reserve now, pay later, Free WiFi",2025-11-10,2025-11-11,,https://www.expedia.co.in/Stevens-Point-Hotels-Best-Western-Plover-Stevens-Point-Hotel-Conference-Center.h4327852.Hotel-Information?chkin=2025-11-10&chkout=2025-11-11&x_pwa=1&rfrr=HSR&useRewards=true&rm1=a2&selected=EXPEDIA_2&sort=RECOMMENDED&pwa_ts=1762085611071&top_cur=USD
EXPEDIA_2,Expedia.com,Best Western Plover-Stevens Point Hotel & Conference Center,"Standard Room, 1 King Bed, Non Smoking, Refrigerator & Microwave",King Bed,King,Normal,,7989.0,1078.0,9067.0,"Free breakfast, Free self parking, Sleeps 2, 1 King Bed, Reserve now, pay later, Free WiFi",2025-11-11,2025-11-12,,https://www.expedia.co.in/Stevens-Point-Hotels-Best-Western-Plover-Stevens-Point-Hotel-Conference-Center.h4327852.Hotel-Information?chkin=2025-11-11&chkout=2025-11-12&x_pwa=1&rfrr=HSR&useRewards=true&rm1=a2&selected=EXPEDIA_2&sort=RECOMMENDED&pwa_ts=1762085657226&top_cur=USD
EXPEDIA_2,Expedia.com,Best Western Plover-Stevens Point Hotel & Conference Center,"Standard Room, 1 King Bed, Accessible, Refrigerator & Microwave",King Bed,King,Normal,2.0,7989.0,1078.0,9067.0,"Free breakfast, Free self parking, Sleeps 2, 1 King Bed, Reserve now, pay later, Free WiFi",2025-11-11,2025-11-12,,https://www.expedia.co.in/Stevens-Point-Hotels-Best-Western-Plover-Stevens-Point-Hotel-Conference-Center.h4327852.Hotel-Information?chkin=2025-11-11&chkout=2025-11-12&x_pwa=1&rfrr=HSR&useRewards=true&rm1=a2&selected=EXPEDIA_2&sort=RECOMMENDED&pwa_ts=1762085657226&top_cur=USD
EXPEDIA_2,Expedia.com,Best Western Plover-Stevens Point Hotel & Conference Center,"Standard Room, 2 Queen Beds, Non Smoking, Refrigerator & Microwave",Queen Beds,Queen,Normal,,8876.0,1199.0,10075.0,"Free breakfast, Free self parking, Sleeps 4, 2 Queen Beds, Reserve now, pay later, Free WiFi",2025-11-11,2025-11-12,,https://www.expedia.co.in/Stevens-Point-Hotels-Best-Western-Plover-Stevens-Point-Hotel-Conference-Center.h4327852.Hotel-Information?chkin=2025-11-11&chkout=2025-11-12&x_pwa=1&rfrr=HSR&useRewards=true&rm1=a2&selected=EXPEDIA_2&sort=RECOMMENDED&pwa_ts=1762085657226&top_cur=USD
EXPEDIA_2,Expedia.com,Best Western Plover-Stevens Point Hotel & Conference Center,"Suite, 1 King Bed, Non Smoking, Jetted Tub",King Bed,King,Suite,4.0,9764.0,1318.0,11082.0,"Free breakfast, Free self parking, Sleeps 2, 1 King Bed, Reserve now, pay later, Free WiFi",2025-11-11,2025-11-12,,https://www.expedia.co.in/Stevens-Point-Hotels-Best-Western-Plover-Stevens-Point-Hotel-Conference-Center.h4327852.Hotel-Information?chkin=2025-11-11&chkout=2025-11-12&x_pwa=1&rfrr=HSR&useRewards=true&rm1=a2&selected=EXPEDIA_2&sort=RECOMMENDED&pwa_ts=1762085657226&top_cur=USD
EXPEDIA_2,Expedia.com,Best Western Plover-Stevens Point Hotel & Conference Center,"Family Suite, 1 King Bed, Non Smoking, Refrigerator & Microwave (with Sofabed)",King Bed,King,Suite,2.0,11096.0,1497.0,12593.0,"Free breakfast, Free self parking, Sleeps 4, 1 King Bed, Reserve now, pay later, Free WiFi",2025-11-11,2025-11-12,,https://www.expedia.co.in/Stevens-Point-Hotels-Best-Western-Plover-Stevens-Point-Hotel-Conference-Center.h4327852.Hotel-Information?chkin=2025-11-11&chkout=2025-11-12&x_pwa=1&rfrr=HSR&useRewards=true&rm1=a2&selected=EXPEDIA_2&sort=RECOMMENDED&pwa_ts=1762085657226&top_cur=USD
EXPEDIA_2,Expedia.com,Best Western Plover-Stevens Point Hotel & Conference Center,"Suite, 2 Queen Beds, Non Smoking, Refrigerator & Microwave (with Sofabed)",Queen Beds,Queen,Suite,1.0,11096.0,1497.0,12593.0,"Free breakfast, Free self parking, Sleeps 6, 2 Queen Beds, Reserve now, pay later, Free WiFi",2025-11-11,2025-11-12,,https://www.expedia.co.in/Stevens-Point-Hotels-Best-Western-Plover-Stevens-Point-Hotel-Conference-Center.h4327852.Hotel-Information?chkin=2025-11-11&chkout=2025-11-12&x_pwa=1&rfrr=HSR&useRewards=true&rm1=a2&selected=EXPEDIA_2&sort=RECOMMENDED&pwa_ts=1762085657226&top_cur=USD
EXPEDIA_2,Expedia.com,Best Western Plover-Stevens Point Hotel & Conference Center,"Family Suite, 2 Queen Beds, Non Smoking, Refrigerator & Microwave (with Sofabed)",Queen Beds,Queen,Suite,2.0,12427.0,1678.0,14105.0,"Free breakfast, Free self parking, Sleeps 6, 2 Queen Beds, Reserve now, pay later, Free WiFi",2025-11-11,2025-11-12,,https://www.expedia.co.in/Stevens-Point-Hotels-Best-Western-Plover-Stevens-Point-Hotel-Conference-Center.h4327852.Hotel-Information?chkin=2025-11-11&chkout=2025-11-12&x_pwa=1&rfrr=HSR&useRewards=true&rm1=a2&selected=EXPEDIA_2&sort=RECOMMENDED&pwa_ts=1762085657226&top_cur=USD
EXPEDIA_2,Expedia.com,Best Western Plover-Stevens Point Hotel & Conference Center,"Suite, 2 Queen Beds, Non Smoking, Refrigerator & Microwave",Queen Beds,Queen,Suite,2.0,12871.0,1737.0,14608.0,"Free breakfast, Free self parking, Sleeps 6, 2 Queen Beds, Reserve now, pay later, Free WiFi",2025-11-11,2025-11-12,,https://www.expedia.co.in/Stevens-Point-Hotels-Best-Western-Plover-Stevens-Point-Hotel-Conference-Center.h4327852.Hotel-Information?chkin=2025-11-11&chkout=2025-11-12&x_pwa=1&rfrr=HSR&useRewards=true&rm1=a2&selected=EXPEDIA_2&sort=RECOMMENDED&pwa_ts=1762085657226&top_cur=USD
EXPEDIA_2,Expedia.com,Best Western Plover-Stevens Point Hotel & Conference Center,"Standard Room, 1 King Bed, Non Smoking, Refrigerator & Microwave",King Bed,King,Normal,,7349.0,993.0,8342.0,"Free breakfast, Free self parking, Sleeps 2, 1 King Bed, Free WiFi",2025-11-12,2025-11-13,,https://www.expedia.co.in/Stevens-Point-Hotels-Best-Western-Plover-Stevens-Point-Hotel-Conference-Center.h4327852.Hotel-Information?chkin=2025-11-12&chkout=2025-11-13&x_pwa=1&rfrr=HSR&useRewards=true&rm1=a2&selected=EXPEDIA_2&sort=RECOMMENDED&pwa_ts=1762085700522&top_cur=USD
EXPEDIA_2,Expedia.com,Best Western Plover-Stevens Point Hotel & Conference Center,"Standard Room, 2 Queen Beds, Non Smoking, Refrigerator & Microwave",Queen Beds,Queen,Normal,,8166.0,1102.0,9268.0,"Free breakfast, Free self parking, Sleeps 4, 2 Queen Beds, Free WiFi",2025-11-12,2025-11-13,,https://www.expedia.co.in/Stevens-Point-Hotels-Best-Western-Plover-Stevens-Point-Hotel-Conference-Center.h4327852.Hotel-Information?chkin=2025-11-12&chkout=2025-11-13&x_pwa=1&rfrr=HSR&useRewards=true&rm1=a2&selected=EXPEDIA_2&sort=RECOMMENDED&pwa_ts=1762085700522&top_cur=USD
EXPEDIA_2,Expedia.com,Best Western Plover-Stevens Point Hotel & Conference Center,"Standard Room, 1 King Bed, Accessible, Refrigerator & Microwave",King Bed,King,Normal,2.0,7349.0,993.0,8342.0,"Free breakfast, Free self parking, Sleeps 2, 1 King Bed, Free WiFi",2025-11-12,2025-11-13,,https://www.expedia.co.in/Stevens-Point-Hotels-Best-Western-Plover-Stevens-Point-Hotel-Conference-Center.h4327852.Hotel-Information?chkin=2025-11-12&chkout=2025-11-13&x_pwa=1&rfrr=HSR&useRewards=true&rm1=a2&selected=EXPEDIA_2&sort=RECOMMENDED&pwa_ts=1762085700522&top_cur=USD
EXPEDIA_2,Expedia.com,Best Western Plover-Stevens Point Hotel & Conference Center,"Suite, 1 King Bed, Non Smoking, Jetted Tub",King Bed,King,Suite,3.0,8983.0,1212.0,10195.0,"Free breakfast, Free self parking, Sleeps 2, 1 King Bed, Free WiFi",2025-11-12,2025-11-13,,https://www.expedia.co.in/Stevens-Point-Hotels-Best-Western-Plover-Stevens-Point-Hotel-Conference-Center.h4327852.Hotel-Information?chkin=2025-11-12&chkout=2025-11-13&x_pwa=1&rfrr=HSR&useRewards=true&rm1=a2&selected=EXPEDIA_2&sort=RECOMMENDED&pwa_ts=1762085700522&top_cur=USD
EXPEDIA_2,Expedia.com,Best Western Plover-Stevens Point Hotel & Conference Center,"Family Suite, 1 King Bed, Non Smoking, Refrigerator & Microwave (with Sofabed)",King Bed,King,Suite,2.0,10208.0,1378.0,11586.0,"Free breakfast, Free self parking, Sleeps 4, 1 King Bed, Free WiFi",2025-11-12,2025-11-13,,https://www.expedia.co.in/Stevens-Point-Hotels-Best-Western-Plover-Stevens-Point-Hotel-Conference-Center.h4327852.Hotel-Information?chkin=2025-11-12&chkout=2025-11-13&x_pwa=1&rfrr=HSR&useRewards=true&rm1=a2&selected=EXPEDIA_2&sort=RECOMMENDED&pwa_ts=1762085700522&top_cur=USD
EXPEDIA_2,Expedia.com,Best Western Plover-Stevens Point Hotel & Conference Center,"Suite, 2 Queen Beds, Non Smoking, Refrigerator & Microwave (with Sofabed)",Queen Beds,Queen,Suite,1.0,11096.0,1497.0,12593.0,"Free breakfast, Free self parking, Sleeps 6, 2 Queen Beds, Free WiFi",2025-11-12,2025-11-13,,https://www.expedia.co.in/Stevens-Point-Hotels-Best-Western-Plover-Stevens-Point-Hotel-Conference-Center.h4327852.Hotel-Information?chkin=2025-11-12&chkout=2025-11-13&x_pwa=1&rfrr=HSR&useRewards=true&rm1=a2&selected=EXPEDIA_2&sort=RECOMMENDED&pwa_ts=1762085700522&top_cur=USD
EXPEDIA_2,Expedia.com,Best Western Plover-Stevens Point Hotel & Conference Center,"Family Suite, 2 Queen Beds, Non Smoking, Refrigerator & Microwave (with Sofabed)",Queen Beds,Queen,Suite,2.0,11433.0,1543.0,12976.0,"Free breakfast, Free self parking, Sleeps 6, 2 Queen Beds, Free WiFi",2025-11-12,2025-11-13,,https://www.expedia.co.in/Stevens-Point-Hotels-Best-Western-Plover-Stevens-Point-Hotel-Conference-Center.h4327852.Hotel-Information?chkin=2025-11-12&chkout=2025-11-13&x_pwa=1&rfrr=HSR&useRewards=true&rm1=a2&selected=EXPEDIA_2&sort=RECOMMENDED&pwa_ts=1762085700522&top_cur=USD
EXPEDIA_2,Expedia.com,Best Western Plover-Stevens Point Hotel & Conference Center,"Suite, 2 Queen Beds, Non Smoking, Refrigerator & Microwave",Queen Beds,Queen,Suite,2.0,11841.0,1599.0,13440.0,"Free breakfast, Free self parking, Sleeps 6, 2 Queen Beds, Free WiFi",2025-11-12,2025-11-13,,https://www.expedia.co.in/Stevens-Point-Hotels-Best-Western-Plover-Stevens-Point-Hotel-Conference-Center.h4327852.Hotel-Information?chkin=2025-11-12&chkout=2025-11-13&x_pwa=1&rfrr=HSR&useRewards=true&rm1=a2&selected=EXPEDIA_2&sort=RECOMMENDED&pwa_ts=1762085700522&top_cur=USD
EXPEDIA_2,Expedia.com,Best Western Plover-Stevens Point Hotel & Conference Center,"Standard Room, 1 King Bed, Non Smoking, Refrigerator & Microwave",King Bed,King,Normal,,7349.0,993.0,8342.0,"Free breakfast, Free self parking, Sleeps 2, 1 King Bed, Free WiFi",2025-11-13,2025-11-14,,https://www.expedia.co.in/Stevens-Point-Hotels-Best-Western-Plover-Stevens-Point-Hotel-Conference-Center.h4327852.Hotel-Information?chkin=2025-11-13&chkout=2025-11-14&x_pwa=1&rfrr=HSR&useRewards=true&rm1=a2&selected=EXPEDIA_2&sort=RECOMMENDED&pwa_ts=1762085743623&top_cur=USD
EXPEDIA_2,Expedia.com,Best Western Plover-Stevens Point Hotel & Conference Center,"Standard Room, 2 Queen Beds, Non Smoking, Refrigerator & Microwave",Queen Beds,Queen,Normal,,8166.0,1102.0,9268.0,"Free breakfast, Free self parking, Sleeps 4, 2 Queen Beds, Free WiFi",2025-11-13,2025-11-14,,https://www.expedia.co.in/Stevens-Point-Hotels-Best-Western-Plover-Stevens-Point-Hotel-Conference-Center.h4327852.Hotel-Information?chkin=2025-11-13&chkout=2025-11-14&x_pwa=1&rfrr=HSR&useRewards=true&rm1=a2&selected=EXPEDIA_2&sort=RECOMMENDED&pwa_ts=1762085743623&top_cur=USD
EXPEDIA_2,Expedia.com,Best Western Plover-Stevens Point Hotel & Conference Center,"Standard Room, 1 King Bed, Accessible, Refrigerator & Microwave",King Bed,King,Normal,2.0,7349.0,993.0,8342.0,"Free breakfast, Free self parking, Sleeps 2, 1 King Bed, Free WiFi",2025-11-13,2025-11-14,,https://www.expedia.co.in/Stevens-Point-Hotels-Best-Western-Plover-Stevens-Point-Hotel-Conference-Center.h4327852.Hotel-Information?chkin=2025-11-13&chkout=2025-11-14&x_pwa=1&rfrr=HSR&useRewards=true&rm1=a2&selected=EXPEDIA_2&sort=RECOMMENDED&pwa_ts=1762085743623&top_cur=USD
EXPEDIA_2,Expedia.com,Best Western Plover-Stevens Point Hotel & Conference Center,"Suite, 1 King Bed, Non Smoking, Jetted Tub",King Bed,King,Suite,4.0,8983.0,1212.0,10195.0,"Free breakfast, Free self parking, Sleeps 2, 1 King Bed, Free WiFi",2025-11-13,2025-11-14,,https://www.expedia.co.in/Stevens-Point-Hotels-Best-Western-Plover-Stevens-Point-Hotel-Conference-Center.h4327852.Hotel-Information?chkin=2025-11-13&chkout=2025-11-14&x_pwa=1&rfrr=HSR&useRewards=true&rm1=a2&selected=EXPEDIA_2&sort=RECOMMENDED&pwa_ts=1762085743623&top_cur=USD
EXPEDIA_2,Expedia.com,Best Western Plover-Stevens Point Hotel & Conference Center,"Family Suite, 1 King Bed, Non Smoking, Refrigerator & Microwave (with Sofabed)",King Bed,King,Suite,2.0,10208.0,1378.0,11586.0,"Free breakfast, Free self parking, Sleeps 4, 1 King Bed, Free WiFi",2025-11-13,2025-11-14,,https://www.expedia.co.in/Stevens-Point-Hotels-Best-Western-Plover-Stevens-Point-Hotel-Conference-Center.h4327852.Hotel-Information?chkin=2025-11-13&chkout=2025-11-14&x_pwa=1&rfrr=HSR&useRewards=true&rm1=a2&selected=EXPEDIA_2&sort=RECOMMENDED&pwa_ts=1762085743623&top_cur=USD
EXPEDIA_2,Expedia.com,Best Western Plover-Stevens Point Hotel & Conference Center,"Suite, 2 Queen Beds, Non Smoking, Refrigerator & Microwave (with Sofabed)",Queen Beds,Queen,Suite,1.0,11096.0,1497.0,12593.0,"Free breakfast, Free self parking, Sleeps 6, 2 Queen Beds, Free WiFi",2025-11-13,2025-11-14,,https://www.expedia.co.in/Stevens-Point-Hotels-Best-Western-Plover-Stevens-Point-Hotel-Conference-Center.h4327852.Hotel-Information?chkin=2025-11-13&chkout=2025-11-14&x_pwa=1&rfrr=HSR&useRewards=true&rm1=a2&selected=EXPEDIA_2&sort=RECOMMENDED&pwa_ts=1762085743623&top_cur=USD
EXPEDIA_2,Expedia.com,Best Western Plover-Stevens Point Hotel & Conference Center,"Family Suite, 2 Queen Beds, Non Smoking, Refrigerator & Microwave (with Sofabed)",Queen Beds,Queen,Suite,2.0,11433.0,1543.0,12976.0,"Free breakfast, Free self parking, Sleeps 6, 2 Queen Beds, Free WiFi",2025-11-13,2025-11-14,,https://www.expedia.co.in/Stevens-Point-Hotels-Best-Western-Plover-Stevens-Point-Hotel-Conference-Center.h4327852.Hotel-Information?chkin=2025-11-13&chkout=2025-11-14&x_pwa=1&rfrr=HSR&useRewards=true&rm1=a2&selected=EXPEDIA_2&sort=RECOMMENDED&pwa_ts=1762085743623&top_cur=USD
EXPEDIA_2,Expedia.com,Best Western Plover-Stevens Point Hotel & Conference Center,"Suite, 2 Queen Beds, Non Smoking, Refrigerator & Microwave",Queen Beds,Queen,Suite,2.0,11841.0,1599.0,13440.0,"Free breakfast, Free self parking, Sleeps 6, 2 Queen Beds, Free WiFi",2025-11-13,2025-11-14,,https://www.expedia.co.in/Stevens-Point-Hotels-Best-Western-Plover-Stevens-Point-Hotel-Conference-Center.h4327852.Hotel-Information?chkin=2025-11-13&chkout=2025-11-14&x_pwa=1&rfrr=HSR&useRewards=true&rm1=a2&selected=EXPEDIA_2&sort=RECOMMENDED&pwa_ts=1762085743623&top_cur=USD
EXPEDIA_2,Expedia.com,Best Western Plover-Stevens Point Hotel & Conference Center,"Standard Room, 1 King Bed, Accessible, Refrigerator & Microwave",King Bed,King,Normal,2.0,7349.0,993.0,8342.0,"Free breakfast, Free self parking, Sleeps 2, 1 King Bed, Free WiFi",2025-11-14,2025-11-15,,https://www.expedia.co.in/Stevens-Point-Hotels-Best-Western-Plover-Stevens-Point-Hotel-Conference-Center.h4327852.Hotel-Information?chkin=2025-11-14&chkout=2025-11-15&x_pwa=1&rfrr=HSR&useRewards=true&rm1=a2&selected=EXPEDIA_2&sort=RECOMMENDED&pwa_ts=1762085790138&top_cur=USD
EXPEDIA_2,Expedia.com,Best Western Plover-Stevens Point Hotel & Conference Center,"Standard Room, 1 King Bed, Non Smoking, Refrigerator & Microwave",King Bed,King,Normal,,8984.0,1212.0,10196.0,"Free breakfast, Free self parking, Sleeps 2, 1 King Bed, Free WiFi",2025-11-14,2025-11-15,,https://www.expedia.co.in/Stevens-Point-Hotels-Best-Western-Plover-Stevens-Point-Hotel-Conference-Center.h4327852.Hotel-Information?chkin=2025-11-14&chkout=2025-11-15&x_pwa=1&rfrr=HSR&useRewards=true&rm1=a2&selected=EXPEDIA_2&sort=RECOMMENDED&pwa_ts=1762085790138&top_cur=USD
EXPEDIA_2,Expedia.com,Best Western Plover-Stevens Point Hotel & Conference Center,"Suite, 1 King Bed, Non Smoking, Jetted Tub",King Bed,King,Suite,4.0,8983.0,1212.0,10195.0,"Free breakfast, Free self parking, Sleeps 2, 1 King Bed, Free WiFi",2025-11-14,2025-11-15,,https://www.expedia.co.in/Stevens-Point-Hotels-Best-Western-Plover-Stevens-Point-Hotel-Conference-Center.h4327852.Hotel-Information?chkin=2025-11-14&chkout=2025-11-15&x_pwa=1&rfrr=HSR&useRewards=true&rm1=a2&selected=EXPEDIA_2&sort=RECOMMENDED&pwa_ts=1762085790138&top_cur=USD
EXPEDIA_2,Expedia.com,Best Western Plover-Stevens Point Hotel & Conference Center,"Suite, 2 Queen Beds, Non Smoking, Refrigerator & Microwave",Queen Beds,Queen,Suite,2.0,8983.0,1212.0,10195.0,"Free breakfast, Free self parking, Sleeps 6, 2 Queen Beds, Free WiFi",2025-11-14,2025-11-15,,https://www.expedia.co.in/Stevens-Point-Hotels-Best-Western-Plover-Stevens-Point-Hotel-Conference-Center.h4327852.Hotel-Information?chkin=2025-11-14&chkout=2025-11-15&x_pwa=1&rfrr=HSR&useRewards=true&rm1=a2&selected=EXPEDIA_2&sort=RECOMMENDED&pwa_ts=1762085790138&top_cur=USD
EXPEDIA_2,Expedia.com,Best Western Plover-Stevens Point Hotel & Conference Center,"Standard Room, 2 Queen Beds, Non Smoking, Refrigerator & Microwave",Queen Beds,Queen,Normal,,8984.0,1212.0,10196.0,"Free breakfast, Free self parking, Sleeps 4, 2 Queen Beds, Free WiFi",2025-11-14,2025-11-15,,https://www.expedia.co.in/Stevens-Point-Hotels-Best-Western-Plover-Stevens-Point-Hotel-Conference-Center.h4327852.Hotel-Information?chkin=2025-11-14&chkout=2025-11-15&x_pwa=1&rfrr=HSR&useRewards=true&rm1=a2&selected=EXPEDIA_2&sort=RECOMMENDED&pwa_ts=1762085790138&top_cur=USD
EXPEDIA_2,Expedia.com,Best Western Plover-Stevens Point Hotel & Conference Center,"Family Suite, 2 Queen Beds, Non Smoking, Refrigerator & Microwave (with Sofabed)",Queen Beds,Queen,Suite,2.0,10617.0,1433.0,12050.0,"Free breakfast, Free self parking, Sleeps 6, 2 Queen Beds, Free WiFi",2025-11-14,2025-11-15,,https://www.expedia.co.in/Stevens-Point-Hotels-Best-Western-Plover-Stevens-Point-Hotel-Conference-Center.h4327852.Hotel-Information?chkin=2025-11-14&chkout=2025-11-15&x_pwa=1&rfrr=HSR&useRewards=true&rm1=a2&selected=EXPEDIA_2&sort=RECOMMENDED&pwa_ts=1762085790138&top_cur=USD
EXPEDIA_2,Expedia.com,Best Western Plover-Stevens Point Hotel & Conference Center,"Family Suite, 1 King Bed, Non Smoking, Refrigerator & Microwave (with Sofabed)",King Bed,King,Suite,2.0,10617.0,1433.0,12050.0,"Free breakfast, Free self parking, Sleeps 4, 1 King Bed, Free WiFi",2025-11-14,2025-11-15,,https://www.expedia.co.in/Stevens-Point-Hotels-Best-Western-Plover-Stevens-Point-Hotel-Conference-Center.h4327852.Hotel-Information?chkin=2025-11-14&chkout=2025-11-15&x_pwa=1&rfrr=HSR&useRewards=true&rm1=a2&selected=EXPEDIA_2&sort=RECOMMENDED&pwa_ts=1762085790138&top_cur=USD
EXPEDIA_2,Expedia.com,Best Western Plover-Stevens Point Hotel & Conference Center,"Suite, 2 Queen Beds, Non Smoking, Refrigerator & Microwave (with Sofabed)",Queen Beds,Queen,Suite,1.0,11540.0,1558.0,13098.0,"Free breakfast, Free self parking, Sleeps 6, 2 Queen Beds, Free WiFi",2025-11-14,2025-11-15,,https://www.expedia.co.in/Stevens-Point-Hotels-Best-Western-Plover-Stevens-Point-Hotel-Conference-Center.h4327852.Hotel-Information?chkin=2025-11-14&chkout=2025-11-15&x_pwa=1&rfrr=HSR&useRewards=true&rm1=a2&selected=EXPEDIA_2&sort=RECOMMENDED&pwa_ts=1762085790138&top_cur=USD
EXPEDIA_2,Expedia.com,Best Western Plover-Stevens Point Hotel & Conference Center,"Standard Room, 1 King Bed, Accessible, Refrigerator & Microwave",King Bed,King,Normal,2.0,7349.0,993.0,8342.0,"Free breakfast, Free self parking, Sleeps 2, 1 King Bed, Free WiFi",2025-11-15,2025-11-16,,https://www.expedia.co.in/Stevens-Point-Hotels-Best-Western-Plover-Stevens-Point-Hotel-Conference-Center.h4327852.Hotel-Information?chkin=2025-11-15&chkout=2025-11-16&x_pwa=1&rfrr=HSR&useRewards=true&rm1=a2&selected=EXPEDIA_2&sort=RECOMMENDED&pwa_ts=1762085835691&top_cur=USD
EXPEDIA_2,Expedia.com,Best Western Plover-Stevens Point Hotel & Conference Center,"Standard Room, 1 King Bed, Non Smoking, Refrigerator & Microwave",King Bed,King,Normal,,8984.0,1212.0,10196.0,"Free breakfast, Free self parking, Sleeps 2, 1 King Bed, Free WiFi",2025-11-15,2025-11-16,,https://www.expedia.co.in/Stevens-Point-Hotels-Best-Western-Plover-Stevens-Point-Hotel-Conference-Center.h4327852.Hotel-Information?chkin=2025-11-15&chkout=2025-11-16&x_pwa=1&rfrr=HSR&useRewards=true&rm1=a2&selected=EXPEDIA_2&sort=RECOMMENDED&pwa_ts=1762085835691&top_cur=USD
EXPEDIA_2,Expedia.com,Best Western Plover-Stevens Point Hotel & Conference Center,"Suite, 1 King Bed, Non Smoking, Jetted Tub",King Bed,King,Suite,4.0,8983.0,1212.0,10195.0,"Free breakfast, Free self parking, Sleeps 2, 1 King Bed, Free WiFi",2025-11-15,2025-11-16,,https://www.expedia.co.in/Stevens-Point-Hotels-Best-Western-Plover-Stevens-Point-Hotel-Conference-Center.h4327852.Hotel-Information?chkin=2025-11-15&chkout=2025-11-16&x_pwa=1&rfrr=HSR&useRewards=true&rm1=a2&selected=EXPEDIA_2&sort=RECOMMENDED&pwa_ts=1762085835691&top_cur=USD
EXPEDIA_2,Expedia.com,Best Western Plover-Stevens Point Hotel & Conference Center,"Suite, 2 Queen Beds, Non Smoking, Refrigerator & Microwave",Queen Beds,Queen,Suite,2.0,8983.0,1212.0,10195.0,"Free breakfast, Free self parking, Sleeps 6, 2 Queen Beds, Free WiFi",2025-11-15,2025-11-16,,https://www.expedia.co.in/Stevens-Point-Hotels-Best-Western-Plover-Stevens-Point-Hotel-Conference-Center.h4327852.Hotel-Information?chkin=2025-11-15&chkout=2025-11-16&x_pwa=1&rfrr=HSR&useRewards=true&rm1=a2&selected=EXPEDIA_2&sort=RECOMMENDED&pwa_ts=1762085835691&top_cur=USD
EXPEDIA_2,Expedia.com,Best Western Plover-Stevens Point Hotel & Conference Center,"Standard Room, 2 Queen Beds, Non Smoking, Refrigerator & Microwave",Queen Beds,Queen,Normal,,8984.0,1212.0,10196.0,"Free breakfast, Free self parking, Sleeps 4, 2 Queen Beds, Free WiFi",2025-11-15,2025-11-16,,https://www.expedia.co.in/Stevens-Point-Hotels-Best-Western-Plover-Stevens-Point-Hotel-Conference-Center.h4327852.Hotel-Information?chkin=2025-11-15&chkout=2025-11-16&x_pwa=1&rfrr=HSR&useRewards=true&rm1=a2&selected=EXPEDIA_2&sort=RECOMMENDED&pwa_ts=1762085835691&top_cur=USD
EXPEDIA_2,Expedia.com,Best Western Plover-Stevens Point Hotel & Conference Center,"Family Suite, 2 Queen Beds, Non Smoking, Refrigerator & Microwave (with Sofabed)",Queen Beds,Queen,Suite,2.0,10617.0,1433.0,12050.0,"Free breakfast, Free self parking, Sleeps 6, 2 Queen Beds, Free WiFi",2025-11-15,2025-11-16,,https://www.expedia.co.in/Stevens-Point-Hotels-Best-Western-Plover-Stevens-Point-Hotel-Conference-Center.h4327852.Hotel-Information?chkin=2025-11-15&chkout=2025-11-16&x_pwa=1&rfrr=HSR&useRewards=true&rm1=a2&selected=EXPEDIA_2&sort=RECOMMENDED&pwa_ts=1762085835691&top_cur=USD
EXPEDIA_2,Expedia.com,Best Western Plover-Stevens Point Hotel & Conference Center,"Family Suite, 1 King Bed, Non Smoking, Refrigerator & Microwave (with Sofabed)",King Bed,King,Suite,2.0,10617.0,1433.0,12050.0,"Free breakfast, Free self parking, Sleeps 4, 1 King Bed, Free WiFi",2025-11-15,2025-11-16,,https://www.expedia.co.in/Stevens-Point-Hotels-Best-Western-Plover-Stevens-Point-Hotel-Conference-Center.h4327852.Hotel-Information?chkin=2025-11-15&chkout=2025-11-16&x_pwa=1&rfrr=HSR&useRewards=true&rm1=a2&selected=EXPEDIA_2&sort=RECOMMENDED&pwa_ts=1762085835691&top_cur=USD
EXPEDIA_2,Expedia.com,Best Western Plover-Stevens Point Hotel & Conference Center,"Suite, 2 Queen Beds, Non Smoking, Refrigerator & Microwave (with Sofabed)",Queen Beds,Queen,Suite,1.0,11540.0,1558.0,13098.0,"Free breakfast, Free self parking, Sleeps 6, 2 Queen Beds, Free WiFi",2025-11-15,2025-11-16,,https://www.expedia.co.in/Stevens-Point-Hotels-Best-Western-Plover-Stevens-Point-Hotel-Conference-Center.h4327852.Hotel-Information?chkin=2025-11-15&chkout=2025-11-16&x_pwa=1&rfrr=HSR&useRewards=true&rm1=a2&selected=EXPEDIA_2&sort=RECOMMENDED&pwa_ts=1762085835691&top_cur=USD
EXPEDIA_3,Expedia.com,Comfort Suites at Par 4 Resort,"Suite, 2 Queen Beds, Non Smoking",Queen Beds,Queen,Suite,,12579.0,1699.0,14278.0,"452 sq ft, Sleeps 6, 2 Queen Beds, Reserve now, pay later, Free wired internet, Golf view",2025-11-03,2025-11-04,,https://www.expedia.co.in/Stevens-Point-Hotels-Comfort-Suites-At-Par-4-Resort.h1085058.Hotel-Information?chkin=2025-11-03&chkout=2025-11-04&x_pwa=1&rfrr=HSR&useRewards=true&rm1=a2&selected=EXPEDIA_3&sort=RECOMMENDED&pwa_ts=1762085881027&top_cur=USD
EXPEDIA_3,Expedia.com,Comfort Suites at Par 4 Resort,"Suite, Multiple Beds, Accessible, Non Smoking",Queen Beds and 1 Double Sofa Bed,Queen,Suite,1.0,12579.0,1699.0,14278.0,"Sleeps 6, 2 Queen Beds and 1 Double Sofa Bed, Reserve now, pay later, Free wired internet, Golf view",2025-11-03,2025-11-04,,https://www.expedia.co.in/Stevens-Point-Hotels-Comfort-Suites-At-Par-4-Resort.h1085058.Hotel-Information?chkin=2025-11-03&chkout=2025-11-04&x_pwa=1&rfrr=HSR&useRewards=true&rm1=a2&selected=EXPEDIA_3&sort=RECOMMENDED&pwa_ts=1762085881027&top_cur=USD
EXPEDIA_3,Expedia.com,Comfort Suites at Par 4 Resort,"Suite, 1 King Bed, Accessible, Non Smoking",King Bed,King,Suite,4.0,14354.0,1938.0,16292.0,"452 sq ft, Sleeps 4, 1 King Bed, Reserve now, pay later, Free wired internet, Golf view",2025-11-03,2025-11-04,,https://www.expedia.co.in/Stevens-Point-Hotels-Comfort-Suites-At-Par-4-Resort.h1085058.Hotel-Information?chkin=2025-11-03&chkout=2025-11-04&x_pwa=1&rfrr=HSR&useRewards=true&rm1=a2&selected=EXPEDIA_3&sort=RECOMMENDED&pwa_ts=1762085881027&top_cur=USD
EXPEDIA_3,Expedia.com,Comfort Suites at Par 4 Resort,"Suite, Non Smoking",King Bed OR 1 Double Sofa Bed,King,Suite,4.0,14354.0,1938.0,16292.0,"450 sq ft, Sleeps 4, 1 King Bed OR 1 Double Sofa Bed, Reserve now, pay later, Free wired internet, Golf view",2025-11-03,2025-11-04,,https://www.expedia.co.in/Stevens-Point-Hotels-Comfort-Suites-At-Par-4-Resort.h1085058.Hotel-Information?chkin=2025-11-03&chkout=2025-11-04&x_pwa=1&rfrr=HSR&useRewards=true&rm1=a2&selected=EXPEDIA_3&sort=RECOMMENDED&pwa_ts=1762085881027&top_cur=USD
EXPEDIA_3,Expedia.com,Comfort Suites at Par 4 Resort,"Suite, 1 King Bed with Sofa bed, Non Smoking, Hot Tub",King Bed and 1 Double Sofa Bed,King,Suite,7.0,15242.0,2059.0,17301.0,"452 sq ft, Sleeps 2, 1 King Bed and 1 Double Sofa Bed, Reserve now, pay later, Free wired internet, Golf view",2025-11-03,2025-11-04,,https://www.expedia.co.in/Stevens-Point-Hotels-Comfort-Suites-At-Par-4-Resort.h1085058.Hotel-Information?chkin=2025-11-03&chkout=2025-11-04&x_pwa=1&rfrr=HSR&useRewards=true&rm1=a2&selected=EXPEDIA_3&sort=RECOMMENDED&pwa_ts=1762085881027&top_cur=USD
EXPEDIA_3,Expedia.com,Comfort Suites at Par 4 Resort,"Suite, 1 King Bed with Sofa bed, Non Smoking",King Bed and 1 Double Sofa Bed,King,Suite,7.0,15242.0,2059.0,17301.0,"452 sq ft, Sleeps 2, 1 King Bed and 1 Double Sofa Bed, Reserve now, pay later, Free wired internet, Golf view",2025-11-03,2025-11-04,,https://www.expedia.co.in/Stevens-Point-Hotels-Comfort-Suites-At-Par-4-Resort.h1085058.Hotel-Information?chkin=2025-11-03&chkout=2025-11-04&x_pwa=1&rfrr=HSR&useRewards=true&rm1=a2&selected=EXPEDIA_3&sort=RECOMMENDED&pwa_ts=1762085881027&top_cur=USD
EXPEDIA_3,Expedia.com,Comfort Suites at Par 4 Resort,"Suite, 2 Queen Beds, Non Smoking",Queen Beds,Queen,Suite,,12974.0,1751.0,14725.0,"452 sq ft, Sleeps 6, 2 Queen Beds, Reserve now, pay later, Free wired internet, Golf view",2025-11-04,2025-11-05,,https://www.expedia.co.in/Stevens-Point-Hotels-Comfort-Suites-At-Par-4-Resort.h1085058.Hotel-Information?chkin=2025-11-04&chkout=2025-11-05&x_pwa=1&rfrr=HSR&useRewards=true&rm1=a2&selected=EXPEDIA_3&sort=RECOMMENDED&pwa_ts=1762085924974&top_cur=USD
EXPEDIA_3,Expedia.com,Comfort Suites at Par 4 Resort,"Suite, Multiple Beds, Accessible, Non Smoking",Queen Beds and 1 Double Sofa Bed,Queen,Suite,1.0,12974.0,1751.0,14725.0,"Sleeps 6, 2 Queen Beds and 1 Double Sofa Bed, Reserve now, pay later, Free wired internet, Golf view",2025-11-04,2025-11-05,,https://www.expedia.co.in/Stevens-Point-Hotels-Comfort-Suites-At-Par-4-Resort.h1085058.Hotel-Information?chkin=2025-11-04&chkout=2025-11-05&x_pwa=1&rfrr=HSR&useRewards=true&rm1=a2&selected=EXPEDIA_3&sort=RECOMMENDED&pwa_ts=1762085924974&top_cur=USD
EXPEDIA_3,Expedia.com,Comfort Suites at Par 4 Resort,"Suite, 1 King Bed, Accessible, Non Smoking",King Bed,King,Suite,4.0,14749.0,1991.0,16740.0,"452 sq ft, Sleeps 4, 1 King Bed, Reserve now, pay later, Free wired internet, Golf view",2025-11-04,2025-11-05,,https://www.expedia.co.in/Stevens-Point-Hotels-Comfort-Suites-At-Par-4-Resort.h1085058.Hotel-Information?chkin=2025-11-04&chkout=2025-11-05&x_pwa=1&rfrr=HSR&useRewards=true&rm1=a2&selected=EXPEDIA_3&sort=RECOMMENDED&pwa_ts=1762085924974&top_cur=USD
EXPEDIA_3,Expedia.com,Comfort Suites at Par 4 Resort,"Suite, Non Smoking",King Bed OR 1 Double Sofa Bed,King,Suite,5.0,14749.0,1991.0,16740.0,"450 sq ft, Sleeps 4, 1 King Bed OR 1 Double Sofa Bed, Reserve now, pay later, Free wired internet, Golf view",2025-11-04,2025-11-05,,https://www.expedia.co.in/Stevens-Point-Hotels-Comfort-Suites-At-Par-4-Resort.h1085058.Hotel-Information?chkin=2025-11-04&chkout=2025-11-05&x_pwa=1&rfrr=HSR&useRewards=true&rm1=a2&selected=EXPEDIA_3&sort=RECOMMENDED&pwa_ts=1762085924974&top_cur=USD
EXPEDIA_3,Expedia.com,Comfort Suites at Par 4 Resort,"Suite, 1 King Bed with Sofa bed, Non Smoking",King Bed and 1 Double Sofa Bed,King,Suite,7.0,15637.0,2111.0,17748.0,"452 sq ft, Sleeps 2, 1 King Bed and 1 Double Sofa Bed, Reserve now, pay later, Free wired internet, Golf view",2025-11-04,2025-11-05,,https://www.expedia.co.in/Stevens-Point-Hotels-Comfort-Suites-At-Par-4-Resort.h1085058.Hotel-Information?chkin=2025-11-04&chkout=2025-11-05&x_pwa=1&rfrr=HSR&useRewards=true&rm1=a2&selected=EXPEDIA_3&sort=RECOMMENDED&pwa_ts=1762085924974&top_cur=USD
EXPEDIA_3,Expedia.com,Comfort Suites at Par 4 Resort,"Suite, 1 King Bed with Sofa bed, Non Smoking, Hot Tub",King Bed and 1 Double Sofa Bed,King,Suite,7.0,15637.0,2111.0,17748.0,"452 sq ft, Sleeps 2, 1 King Bed and 1 Double Sofa Bed, Reserve now, pay later, Free wired internet, Golf view",2025-11-04,2025-11-05,,https://www.expedia.co.in/Stevens-Point-Hotels-Comfort-Suites-At-Par-4-Resort.h1085058.Hotel-Information?chkin=2025-11-04&chkout=2025-11-05&x_pwa=1&rfrr=HSR&useRewards=true&rm1=a2&selected=EXPEDIA_3&sort=RECOMMENDED&pwa_ts=1762085924974&top_cur=USD
EXPEDIA_3,Expedia.com,Comfort Suites at Par 4 Resort,"Suite, 2 Queen Beds, Non Smoking",Queen Beds,Queen,Suite,,11329.0,1529.0,12858.0,"452 sq ft, Sleeps 6, 2 Queen Beds, Free wired internet, Golf view",2025-11-05,2025-11-06,,https://www.expedia.co.in/Stevens-Point-Hotels-Comfort-Suites-At-Par-4-Resort.h1085058.Hotel-Information?chkin=2025-11-05&chkout=2025-11-06&x_pwa=1&rfrr=HSR&useRewards=true&rm1=a2&selected=EXPEDIA_3&sort=RECOMMENDED&pwa_ts=1762085969785&top_cur=USD
EXPEDIA_3,Expedia.com,Comfort Suites at Par 4 Resort,"Suite, 1 King Bed, Accessible, Non Smoking",King Bed,King,Suite,3.0,12927.0,1745.0,14672.0,"452 sq ft, Sleeps 4, 1 King Bed, Free wired internet, Golf view",2025-11-05,2025-11-06,,https://www.expedia.co.in/Stevens-Point-Hotels-Comfort-Suites-At-Par-4-Resort.h1085058.Hotel-Information?chkin=2025-11-05&chkout=2025-11-06&x_pwa=1&rfrr=HSR&useRewards=true&rm1=a2&selected=EXPEDIA_3&sort=RECOMMENDED&pwa_ts=1762085969785&top_cur=USD
EXPEDIA_3,Expedia.com,Comfort Suites at Par 4 Resort,"Suite, Multiple Beds, Accessible, Non Smoking",Queen Beds and 1 Double Sofa Bed,Queen,Suite,1.0,11329.0,1529.0,12858.0,"Sleeps 6, 2 Queen Beds and 1 Double Sofa Bed, Free wired internet, Golf view",2025-11-05,2025-11-06,,https://www.expedia.co.in/Stevens-Point-Hotels-Comfort-Suites-At-Par-4-Resort.h1085058.Hotel-Information?chkin=2025-11-05&chkout=2025-11-06&x_pwa=1&rfrr=HSR&useRewards=true&rm1=a2&selected=EXPEDIA_3&sort=RECOMMENDED&pwa_ts=1762085969785&top_cur=USD
EXPEDIA_3,Expedia.com,Comfort Suites at Par 4 Resort,"Suite, Non Smoking",King Bed OR 1 Double Sofa Bed,King,Suite,8.0,12927.0,1745.0,14672.0,"450 sq ft, Sleeps 4, 1 King Bed OR 1 Double Sofa Bed, Free wired internet, Golf view",2025-11-05,2025-11-06,,https://www.expedia.co.in/Stevens-Point-Hotels-Comfort-Suites-At-Par-4-Resort.h1085058.Hotel-Information?chkin=2025-11-05&chkout=2025-11-06&x_pwa=1&rfrr=HSR&useRewards=true&rm1=a2&selected=EXPEDIA_3&sort=RECOMMENDED&pwa_ts=1762085969785&top_cur=USD
EXPEDIA_3,Expedia.com,Comfort Suites at Par 4 Resort,"2 Queen Beds, Suite, Nonsmoking, Accessible",,Other,Suite,1.0,12153.0,1641.0,13794.0,"430 sq ft, Breakfast included, Free wired internet",2025-11-05,2025-11-06,,https://www.expedia.co.in/Stevens-Point-Hotels-Comfort-Suites-At-Par-4-Resort.h1085058.Hotel-Information?chkin=2025-11-05&chkout=2025-11-06&x_pwa=1&rfrr=HSR&useRewards=true&rm1=a2&selected=EXPEDIA_3&sort=RECOMMENDED&pwa_ts=1762085969785&top_cur=USD
EXPEDIA_3,Expedia.com,Comfort Suites at Par 4 Resort,"Suite, 1 King Bed with Sofa bed, Non Smoking",King Bed and 1 Double Sofa Bed,King,Suite,7.0,13726.0,1853.0,15579.0,"452 sq ft, Sleeps 2, 1 King Bed and 1 Double Sofa Bed, Free wired internet, Golf view",2025-11-05,2025-11-06,,https://www.expedia.co.in/Stevens-Point-Hotels-Comfort-Suites-At-Par-4-Resort.h1085058.Hotel-Information?chkin=2025-11-05&chkout=2025-11-06&x_pwa=1&rfrr=HSR&useRewards=true&rm1=a2&selected=EXPEDIA_3&sort=RECOMMENDED&pwa_ts=1762085969785&top_cur=USD
EXPEDIA_3,Expedia.com,Comfort Suites at Par 4 Resort,"Suite, 1 King Bed with Sofa bed, Non Smoking, Hot Tub",King Bed and 1 Double Sofa Bed,King,Suite,6.0,13726.0,1853.0,15579.0,"452 sq ft, Sleeps 2, 1 King Bed and 1 Double Sofa Bed, Free wired internet, Golf view",2025-11-05,2025-11-06,,https://www.expedia.co.in/Stevens-Point-Hotels-Comfort-Suites-At-Par-4-Resort.h1085058.Hotel-Information?chkin=2025-11-05&chkout=2025-11-06&x_pwa=1&rfrr=HSR&useRewards=true&rm1=a2&selected=EXPEDIA_3&sort=RECOMMENDED&pwa_ts=1762085969785&top_cur=USD
EXPEDIA_3,Expedia.com,Comfort Suites at Par 4 Resort,"Suite, 2 Queen Beds, Non Smoking",Queen Beds,Queen,Suite,,10479.0,1414.0,11893.0,"452 sq ft, Sleeps 6, 2 Queen Beds, Free wired internet, Golf view",2025-11-06,2025-11-07,,https://www.expedia.co.in/Stevens-Point-Hotels-Comfort-Suites-At-Par-4-Resort.h1085058.Hotel-Information?chkin=2025-11-06&chkout=2025-11-07&x_pwa=1&rfrr=HSR&useRewards=true&rm1=a2&selected=EXPEDIA_3&sort=RECOMMENDED&pwa_ts=1762086014925&top_cur=USD
EXPEDIA_3,Expedia.com,Comfort Suites at Par 4 Resort,"Suite, 1 King Bed, Accessible, Non Smoking",King Bed,King,Suite,3.0,12076.0,1631.0,13707.0,"452 sq ft, Sleeps 4, 1 King Bed, Free wired internet, Golf view",2025-11-06,2025-11-07,,https://www.expedia.co.in/Stevens-Point-Hotels-Comfort-Suites-At-Par-4-Resort.h1085058.Hotel-Information?chkin=2025-11-06&chkout=2025-11-07&x_pwa=1&rfrr=HSR&useRewards=true&rm1=a2&selected=EXPEDIA_3&sort=RECOMMENDED&pwa_ts=1762086014925&top_cur=USD
EXPEDIA_3,Expedia.com,Comfort Suites at Par 4 Resort,"2 Queen Beds, Suite, Nonsmoking, Accessible",,Other,Suite,1.0,11240.0,1517.0,12757.0,"430 sq ft, Breakfast included, Free wired internet",2025-11-06,2025-11-07,,https://www.expedia.co.in/Stevens-Point-Hotels-Comfort-Suites-At-Par-4-Resort.h1085058.Hotel-Information?chkin=2025-11-06&chkout=2025-11-07&x_pwa=1&rfrr=HSR&useRewards=true&rm1=a2&selected=EXPEDIA_3&sort=RECOMMENDED&pwa_ts=1762086014925&top_cur=USD
EXPEDIA_3,Expedia.com,Comfort Suites at Par 4 Resort,"Suite, Multiple Beds, Accessible, Non Smoking",Queen Beds and 1 Double Sofa Bed,Queen,Suite,1.0,10479.0,1414.0,11893.0,"Sleeps 6, 2 Queen Beds and 1 Double Sofa Bed, Free wired internet, Golf view",2025-11-06,2025-11-07,,https://www.expedia.co.in/Stevens-Point-Hotels-Comfort-Suites-At-Par-4-Resort.h1085058.Hotel-Information?chkin=2025-11-06&chkout=2025-11-07&x_pwa=1&rfrr=HSR&useRewards=true&rm1=a2&selected=EXPEDIA_3&sort=RECOMMENDED&pwa_ts=1762086014925&top_cur=USD
EXPEDIA_3,Expedia.com,Comfort Suites at Par 4 Resort,"Suite, Non Smoking",King Bed OR 1 Double Sofa Bed,King,Suite,,12076.0,1631.0,13707.0,"450 sq ft, Sleeps 4, 1 King Bed OR 1 Double Sofa Bed, Free wired internet, Golf view",2025-11-06,2025-11-07,,https://www.expedia.co.in/Stevens-Point-Hotels-Comfort-Suites-At-Par-4-Resort.h1085058.Hotel-Information?chkin=2025-11-06&chkout=2025-11-07&x_pwa=1&rfrr=HSR&useRewards=true&rm1=a2&selected=EXPEDIA_3&sort=RECOMMENDED&pwa_ts=1762086014925&top_cur=USD
EXPEDIA_3,Expedia.com,Comfort Suites at Par 4 Resort,"Suite, 1 King Bed with Sofa bed, Non Smoking",King Bed and 1 Double Sofa Bed,King,Suite,7.0,12875.0,1739.0,14614.0,"452 sq ft, Sleeps 2, 1 King Bed and 1 Double Sofa Bed, Free wired internet, Golf view",2025-11-06,2025-11-07,,https://www.expedia.co.in/Stevens-Point-Hotels-Comfort-Suites-At-Par-4-Resort.h1085058.Hotel-Information?chkin=2025-11-06&chkout=2025-11-07&x_pwa=1&rfrr=HSR&useRewards=true&rm1=a2&selected=EXPEDIA_3&sort=RECOMMENDED&pwa_ts=1762086014925&top_cur=USD
EXPEDIA_3,Expedia.com,Comfort Suites at Par 4 Resort,"Suite, 1 King Bed with Sofa bed, Non Smoking, Hot Tub",King Bed and 1 Double Sofa Bed,King,Suite,6.0,12875.0,1739.0,14614.0,"452 sq ft, Sleeps 2, 1 King Bed and 1 Double Sofa Bed, Free wired internet, Golf view",2025-11-06,2025-11-07,,https://www.expedia.co.in/Stevens-Point-Hotels-Comfort-Suites-At-Par-4-Resort.h1085058.Hotel-Information?chkin=2025-11-06&chkout=2025-11-07&x_pwa=1&rfrr=HSR&useRewards=true&rm1=a2&selected=EXPEDIA_3&sort=RECOMMENDED&pwa_ts=1762086014925&top_cur=USD
EXPEDIA_3,Expedia.com,Comfort Suites at Par 4 Resort,"Suite, 2 Queen Beds, Non Smoking",Queen Beds,Queen,Suite,,12995.0,1755.0,14750.0,"452 sq ft, Sleeps 6, 2 Queen Beds, Free wired internet, Golf view",2025-11-07,2025-11-08,,https://www.expedia.co.in/Stevens-Point-Hotels-Comfort-Suites-At-Par-4-Resort.h1085058.Hotel-Information?chkin=2025-11-07&chkout=2025-11-08&x_pwa=1&rfrr=HSR&useRewards=true&rm1=a2&selected=EXPEDIA_3&sort=RECOMMENDED&pwa_ts=1762086060156&top_cur=USD
EXPEDIA_3,Expedia.com,Comfort Suites at Par 4 Resort,"Suite, 1 King Bed, Accessible, Non Smoking",King Bed,King,Suite,4.0,13155.0,1776.0,14931.0,"452 sq ft, Sleeps 4, 1 King Bed, Free wired internet, Golf view",2025-11-07,2025-11-08,,https://www.expedia.co.in/Stevens-Point-Hotels-Comfort-Suites-At-Par-4-Resort.h1085058.Hotel-Information?chkin=2025-11-07&chkout=2025-11-08&x_pwa=1&rfrr=HSR&useRewards=true&rm1=a2&selected=EXPEDIA_3&sort=RECOMMENDED&pwa_ts=1762086060156&top_cur=USD
EXPEDIA_3,Expedia.com,Comfort Suites at Par 4 Resort,"Suite, 1 King Bed with Sofa bed, Non Smoking, Hot Tub",King Bed and 1 Double Sofa Bed,King,Suite,6.0,13794.0,1862.0,15656.0,"452 sq ft, Sleeps 2, 1 King Bed and 1 Double Sofa Bed, Free wired internet, Golf view",2025-11-07,2025-11-08,,https://www.expedia.co.in/Stevens-Point-Hotels-Comfort-Suites-At-Par-4-Resort.h1085058.Hotel-Information?chkin=2025-11-07&chkout=2025-11-08&x_pwa=1&rfrr=HSR&useRewards=true&rm1=a2&selected=EXPEDIA_3&sort=RECOMMENDED&pwa_ts=1762086060156&top_cur=USD
EXPEDIA_3,Expedia.com,Comfort Suites at Par 4 Resort,"Suite, Non Smoking",King Bed OR 1 Double Sofa Bed,King,Suite,,13155.0,1776.0,14931.0,"450 sq ft, Sleeps 4, 1 King Bed OR 1 Double Sofa Bed, Free wired internet, Golf view",2025-11-07,2025-11-08,,https://www.expedia.co.in/Stevens-Point-Hotels-Comfort-Suites-At-Par-4-Resort.h1085058.Hotel-Information?chkin=2025-11-07&chkout=2025-11-08&x_pwa=1&rfrr=HSR&useRewards=true&rm1=a2&selected=EXPEDIA_3&sort=RECOMMENDED&pwa_ts=1762086060156&top_cur=USD
EXPEDIA_3,Expedia.com,Comfort Suites at Par 4 Resort,"Suite, 1 King Bed with Sofa bed, Non Smoking",King Bed and 1 Double Sofa Bed,King,Suite,6.0,13794.0,1862.0,15656.0,"452 sq ft, Sleeps 2, 1 King Bed and 1 Double Sofa Bed, Free wired internet, Golf view",2025-11-07,2025-11-08,,https://www.expedia.co.in/Stevens-Point-Hotels-Comfort-Suites-At-Par-4-Resort.h1085058.Hotel-Information?chkin=2025-11-07&chkout=2025-11-08&x_pwa=1&rfrr=HSR&useRewards=true&rm1=a2&selected=EXPEDIA_3&sort=RECOMMENDED&pwa_ts=1762086060156&top_cur=USD
EXPEDIA_3,Expedia.com,Comfort Suites at Par 4 Resort,"Suite, Multiple Beds, Accessible, Non Smoking",Queen Beds and 1 Double Sofa Bed,Queen,Suite,1.0,12995.0,1755.0,14750.0,"Sleeps 6, 2 Queen Beds and 1 Double Sofa Bed, Free wired internet, Golf view",2025-11-07,2025-11-08,,https://www.expedia.co.in/Stevens-Point-Hotels-Comfort-Suites-At-Par-4-Resort.h1085058.Hotel-Information?chkin=2025-11-07&chkout=2025-11-08&x_pwa=1&rfrr=HSR&useRewards=true&rm1=a2&selected=EXPEDIA_3&sort=RECOMMENDED&pwa_ts=1762086060156&top_cur=USD
EXPEDIA_3,Expedia.com,Comfort Suites at Par 4 Resort,"Suite, 2 Queen Beds, Non Smoking",Queen Beds,Queen,Suite,,13278.0,1793.0,15071.0,"452 sq ft, Sleeps 6, 2 Queen Beds, Free wired internet, Golf view",2025-11-08,2025-11-09,,https://www.expedia.co.in/Stevens-Point-Hotels-Comfort-Suites-At-Par-4-Resort.h1085058.Hotel-Information?chkin=2025-11-08&chkout=2025-11-09&x_pwa=1&rfrr=HSR&useRewards=true&rm1=a2&selected=EXPEDIA_3&sort=RECOMMENDED&pwa_ts=1762086105421&top_cur=USD
EXPEDIA_3,Expedia.com,Comfort Suites at Par 4 Resort,"Suite, 1 King Bed, Accessible, Non Smoking",King Bed,King,Suite,4.0,13438.0,1814.0,15252.0,"452 sq ft, Sleeps 4, 1 King Bed, Free wired internet, Golf view",2025-11-08,2025-11-09,,https://www.expedia.co.in/Stevens-Point-Hotels-Comfort-Suites-At-Par-4-Resort.h1085058.Hotel-Information?chkin=2025-11-08&chkout=2025-11-09&x_pwa=1&rfrr=HSR&useRewards=true&rm1=a2&selected=EXPEDIA_3&sort=RECOMMENDED&pwa_ts=1762086105421&top_cur=USD
EXPEDIA_3,Expedia.com,Comfort Suites at Par 4 Resort,"Suite, 1 King Bed with Sofa bed, Non Smoking, Hot Tub",King Bed and 1 Double Sofa Bed,King,Suite,2.0,14077.0,1901.0,15978.0,"452 sq ft, Sleeps 2, 1 King Bed and 1 Double Sofa Bed, Free wired internet, Golf view",2025-11-08,2025-11-09,,https://www.expedia.co.in/Stevens-Point-Hotels-Comfort-Suites-At-Par-4-Resort.h1085058.Hotel-Information?chkin=2025-11-08&chkout=2025-11-09&x_pwa=1&rfrr=HSR&useRewards=true&rm1=a2&selected=EXPEDIA_3&sort=RECOMMENDED&pwa_ts=1762086105421&top_cur=USD
EXPEDIA_3,Expedia.com,Comfort Suites at Par 4 Resort,"Suite, Non Smoking",King Bed OR 1 Double Sofa Bed,King,Suite,,13438.0,1814.0,15252.0,"450 sq ft, Sleeps 4, 1 King Bed OR 1 Double Sofa Bed, Free wired internet, Golf view",2025-11-08,2025-11-09,,https://www.expedia.co.in/Stevens-Point-Hotels-Comfort-Suites-At-Par-4-Resort.h1085058.Hotel-Information?chkin=2025-11-08&chkout=2025-11-09&x_pwa=1&rfrr=HSR&useRewards=true&rm1=a2&selected=EXPEDIA_3&sort=RECOMMENDED&pwa_ts=1762086105421&top_cur=USD
EXPEDIA_3,Expedia.com,Comfort Suites at Par 4 Resort,"Suite, 1 King Bed with Sofa bed, Non Smoking",King Bed and 1 Double Sofa Bed,King,Suite,6.0,14077.0,1901.0,15978.0,"452 sq ft, Sleeps 2, 1 King Bed and 1 Double Sofa Bed, Free wired internet, Golf view",2025-11-08,2025-11-09,,https://www.expedia.co.in/Stevens-Point-Hotels-Comfort-Suites-At-Par-4-Resort.h1085058.Hotel-Information?chkin=2025-11-08&chkout=2025-11-09&x_pwa=1&rfrr=HSR&useRewards=true&rm1=a2&selected=EXPEDIA_3&sort=RECOMMENDED&pwa_ts=1762086105421&top_cur=USD
EXPEDIA_3,Expedia.com,Comfort Suites at Par 4 Resort,"Suite, Multiple Beds, Accessible, Non Smoking",Queen Beds and 1 Double Sofa Bed,Queen,Suite,1.0,13278.0,1793.0,15071.0,"Sleeps 6, 2 Queen Beds and 1 Double Sofa Bed, Free wired internet, Golf view",2025-11-08,2025-11-09,,https://www.expedia.co.in/Stevens-Point-Hotels-Comfort-Suites-At-Par-4-Resort.h1085058.Hotel-Information?chkin=2025-11-08&chkout=2025-11-09&x_pwa=1&rfrr=HSR&useRewards=true&rm1=a2&selected=EXPEDIA_3&sort=RECOMMENDED&pwa_ts=1762086105421&top_cur=USD
EXPEDIA_3,Expedia.com,Comfort Suites at Par 4 Resort,"Suite, 2 Queen Beds, Non Smoking",Queen Beds,Queen,Suite,,11279.0,1523.0,12802.0,"452 sq ft, Sleeps 6, 2 Queen Beds, Free wired internet, Golf view",2025-11-09,2025-11-10,,https://www.expedia.co.in/Stevens-Point-Hotels-Comfort-Suites-At-Par-4-Resort.h1085058.Hotel-Information?chkin=2025-11-09&chkout=2025-11-10&x_pwa=1&rfrr=HSR&useRewards=true&rm1=a2&selected=EXPEDIA_3&sort=RECOMMENDED&pwa_ts=1762086150390&top_cur=USD
EXPEDIA_3,Expedia.com,Comfort Suites at Par 4 Resort,"Suite, 1 King Bed, Accessible, Non Smoking",King Bed,King,Suite,3.0,12788.0,1727.0,14515.0,"452 sq ft, Sleeps 4, 1 King Bed, Free wired internet, Golf view",2025-11-09,2025-11-10,,https://www.expedia.co.in/Stevens-Point-Hotels-Comfort-Suites-At-Par-4-Resort.h1085058.Hotel-Information?chkin=2025-11-09&chkout=2025-11-10&x_pwa=1&rfrr=HSR&useRewards=true&rm1=a2&selected=EXPEDIA_3&sort=RECOMMENDED&pwa_ts=1762086150390&top_cur=USD
EXPEDIA_3,Expedia.com,Comfort Suites at Par 4 Resort,"Suite, Non Smoking",King Bed OR 1 Double Sofa Bed,King,Suite,8.0,12788.0,1727.0,14515.0,"450 sq ft, Sleeps 4, 1 King Bed OR 1 Double Sofa Bed, Free wired internet, Golf view",2025-11-09,2025-11-10,,https://www.expedia.co.in/Stevens-Point-Hotels-Comfort-Suites-At-Par-4-Resort.h1085058.Hotel-Information?chkin=2025-11-09&chkout=2025-11-10&x_pwa=1&rfrr=HSR&useRewards=true&rm1=a2&selected=EXPEDIA_3&sort=RECOMMENDED&pwa_ts=1762086150390&top_cur=USD
EXPEDIA_3,Expedia.com,Comfort Suites at Par 4 Resort,"Suite, Multiple Beds, Accessible, Non Smoking",Queen Beds and 1 Double Sofa Bed,Queen,Suite,1.0,11279.0,1523.0,12802.0,"Sleeps 6, 2 Queen Beds and 1 Double Sofa Bed, Free wired internet, Golf view",2025-11-09,2025-11-10,,https://www.expedia.co.in/Stevens-Point-Hotels-Comfort-Suites-At-Par-4-Resort.h1085058.Hotel-Information?chkin=2025-11-09&chkout=2025-11-10&x_pwa=1&rfrr=HSR&useRewards=true&rm1=a2&selected=EXPEDIA_3&sort=RECOMMENDED&pwa_ts=1762086150390&top_cur=USD
EXPEDIA_3,Expedia.com,Comfort Suites at Par 4 Resort,"Suite, 1 King Bed with Sofa bed, Non Smoking, Hot Tub",King Bed and 1 Double Sofa Bed,King,Suite,4.0,13543.0,1828.0,15371.0,"452 sq ft, Sleeps 2, 1 King Bed and 1 Double Sofa Bed, Free wired internet, Golf view",2025-11-09,2025-11-10,,https://www.expedia.co.in/Stevens-Point-Hotels-Comfort-Suites-At-Par-4-Resort.h1085058.Hotel-Information?chkin=2025-11-09&chkout=2025-11-10&x_pwa=1&rfrr=HSR&useRewards=true&rm1=a2&selected=EXPEDIA_3&sort=RECOMMENDED&pwa_ts=1762086150390&top_cur=USD
EXPEDIA_3,Expedia.com,Comfort Suites at Par 4 Resort,"Suite, 1 King Bed with Sofa bed, Non Smoking",King Bed and 1 Double Sofa Bed,King,Suite,6.0,13543.0,1828.0,15371.0,"452 sq ft, Sleeps 2, 1 King Bed and 1 Double Sofa Bed, Free wired internet, Golf view",2025-11-09,2025-11-10,,https://www.expedia.co.in/Stevens-Point-Hotels-Comfort-Suites-At-Par-4-Resort.h1085058.Hotel-Information?chkin=2025-11-09&chkout=2025-11-10&x_pwa=1&rfrr=HSR&useRewards=true&rm1=a2&selected=EXPEDIA_3&sort=RECOMMENDED&pwa_ts=1762086150390&top_cur=USD
EXPEDIA_3,Expedia.com,Comfort Suites at Par 4 Resort,"Suite, 2 Queen Beds, Non Smoking",Queen Beds,Queen,Suite,,11734.0,1584.0,13318.0,"452 sq ft, Sleeps 6, 2 Queen Beds, Free wired internet, Golf view",2025-11-10,2025-11-11,,https://www.expedia.co.in/Stevens-Point-Hotels-Comfort-Suites-At-Par-4-Resort.h1085058.Hotel-Information?chkin=2025-11-10&chkout=2025-11-11&x_pwa=1&rfrr=HSR&useRewards=true&rm1=a2&selected=EXPEDIA_3&sort=RECOMMENDED&pwa_ts=1762086194030&top_cur=USD
EXPEDIA_3,Expedia.com,Comfort Suites at Par 4 Resort,"Suite, 1 King Bed, Accessible, Non Smoking",King Bed,King,Suite,3.0,13243.0,1788.0,15031.0,"452 sq ft, Sleeps 4, 1 King Bed, Free wired internet, Golf view",2025-11-10,2025-11-11,,https://www.expedia.co.in/Stevens-Point-Hotels-Comfort-Suites-At-Par-4-Resort.h1085058.Hotel-Information?chkin=2025-11-10&chkout=2025-11-11&x_pwa=1&rfrr=HSR&useRewards=true&rm1=a2&selected=EXPEDIA_3&sort=RECOMMENDED&pwa_ts=1762086194030&top_cur=USD
EXPEDIA_3,Expedia.com,Comfort Suites at Par 4 Resort,"Suite, Non Smoking",King Bed OR 1 Double Sofa Bed,King,Suite,6.0,13243.0,1788.0,15031.0,"450 sq ft, Sleeps 4, 1 King Bed OR 1 Double Sofa Bed, Free wired internet, Golf view",2025-11-10,2025-11-11,,https://www.expedia.co.in/Stevens-Point-Hotels-Comfort-Suites-At-Par-4-Resort.h1085058.Hotel-Information?chkin=2025-11-10&chkout=2025-11-11&x_pwa=1&rfrr=HSR&useRewards=true&rm1=a2&selected=EXPEDIA_3&sort=RECOMMENDED&pwa_ts=1762086194030&top_cur=USD
EXPEDIA_3,Expedia.com,Comfort Suites at Par 4 Resort,"Suite, Multiple Beds, Accessible, Non Smoking",Queen Beds and 1 Double Sofa Bed,Queen,Suite,1.0,11734.0,1584.0,13318.0,"Sleeps 6, 2 Queen Beds and 1 Double Sofa Bed, Free wired internet, Golf view",2025-11-10,2025-11-11,,https://www.expedia.co.in/Stevens-Point-Hotels-Comfort-Suites-At-Par-4-Resort.h1085058.Hotel-Information?chkin=2025-11-10&chkout=2025-11-11&x_pwa=1&rfrr=HSR&useRewards=true&rm1=a2&selected=EXPEDIA_3&sort=RECOMMENDED&pwa_ts=1762086194030&top_cur=USD
EXPEDIA_3,Expedia.com,Comfort Suites at Par 4 Resort,"Suite, 1 King Bed with Sofa bed, Non Smoking, Hot Tub",King Bed and 1 Double Sofa Bed,King,Suite,5.0,13997.0,1890.0,15887.0,"452 sq ft, Sleeps 2, 1 King Bed and 1 Double Sofa Bed, Free wired internet, Golf view",2025-11-10,2025-11-11,,https://www.expedia.co.in/Stevens-Point-Hotels-Comfort-Suites-At-Par-4-Resort.h1085058.Hotel-Information?chkin=2025-11-10&chkout=2025-11-11&x_pwa=1&rfrr=HSR&useRewards=true&rm1=a2&selected=EXPEDIA_3&sort=RECOMMENDED&pwa_ts=1762086194030&top_cur=USD
EXPEDIA_3,Expedia.com,Comfort Suites at Par 4 Resort,"Suite, 1 King Bed with Sofa bed, Non Smoking",King Bed and 1 Double Sofa Bed,King,Suite,6.0,13997.0,1890.0,15887.0,"452 sq ft, Sleeps 2, 1 King Bed and 1 Double Sofa Bed, Free wired internet, Golf view",2025-11-10,2025-11-11,,https://www.expedia.co.in/Stevens-Point-Hotels-Comfort-Suites-At-Par-4-Resort.h1085058.Hotel-Information?chkin=2025-11-10&chkout=2025-11-11&x_pwa=1&rfrr=HSR&useRewards=true&rm1=a2&selected=EXPEDIA_3&sort=RECOMMENDED&pwa_ts=1762086194030&top_cur=USD
EXPEDIA_3,Expedia.com,Comfort Suites at Par 4 Resort,"Suite, 2 Queen Beds, Non Smoking",Queen Beds,Queen,Suite,,11657.0,1573.0,13230.0,"452 sq ft, Sleeps 6, 2 Queen Beds, Free wired internet, Golf view",2025-11-11,2025-11-12,,https://www.expedia.co.in/Stevens-Point-Hotels-Comfort-Suites-At-Par-4-Resort.h1085058.Hotel-Information?chkin=2025-11-11&chkout=2025-11-12&x_pwa=1&rfrr=HSR&useRewards=true&rm1=a2&selected=EXPEDIA_3&sort=RECOMMENDED&pwa_ts=1762086239545&top_cur=USD
EXPEDIA_3,Expedia.com,Comfort Suites at Par 4 Resort,"Suite, 1 King Bed, Accessible, Non Smoking",King Bed,King,Suite,2.0,13166.0,1777.0,14943.0,"452 sq ft, Sleeps 4, 1 King Bed, Free wired internet, Golf view",2025-11-11,2025-11-12,,https://www.expedia.co.in/Stevens-Point-Hotels-Comfort-Suites-At-Par-4-Resort.h1085058.Hotel-Information?chkin=2025-11-11&chkout=2025-11-12&x_pwa=1&rfrr=HSR&useRewards=true&rm1=a2&selected=EXPEDIA_3&sort=RECOMMENDED&pwa_ts=1762086239545&top_cur=USD
EXPEDIA_3,Expedia.com,Comfort Suites at Par 4 Resort,"Suite, Non Smoking",King Bed OR 1 Double Sofa Bed,King,Suite,6.0,13166.0,1777.0,14943.0,"450 sq ft, Sleeps 4, 1 King Bed OR 1 Double Sofa Bed, Free wired internet, Golf view",2025-11-11,2025-11-12,,https://www.expedia.co.in/Stevens-Point-Hotels-Comfort-Suites-At-Par-4-Resort.h1085058.Hotel-Information?chkin=2025-11-11&chkout=2025-11-12&x_pwa=1&rfrr=HSR&useRewards=true&rm1=a2&selected=EXPEDIA_3&sort=RECOMMENDED&pwa_ts=1762086239545&top_cur=USD
EXPEDIA_3,Expedia.com,Comfort Suites at Par 4 Resort,"Suite, Multiple Beds, Accessible, Non Smoking",Queen Beds and 1 Double Sofa Bed,Queen,Suite,1.0,11657.0,1573.0,13230.0,"Sleeps 6, 2 Queen Beds and 1 Double Sofa Bed, Free wired internet, Golf view",2025-11-11,2025-11-12,,https://www.expedia.co.in/Stevens-Point-Hotels-Comfort-Suites-At-Par-4-Resort.h1085058.Hotel-Information?chkin=2025-11-11&chkout=2025-11-12&x_pwa=1&rfrr=HSR&useRewards=true&rm1=a2&selected=EXPEDIA_3&sort=RECOMMENDED&pwa_ts=1762086239545&top_cur=USD
EXPEDIA_3,Expedia.com,Comfort Suites at Par 4 Resort,"Suite, 1 King Bed with Sofa bed, Non Smoking, Hot Tub",King Bed and 1 Double Sofa Bed,King,Suite,5.0,13920.0,1879.0,15799.0,"452 sq ft, Sleeps 2, 1 King Bed and 1 Double Sofa Bed, Free wired internet, Golf view",2025-11-11,2025-11-12,,https://www.expedia.co.in/Stevens-Point-Hotels-Comfort-Suites-At-Par-4-Resort.h1085058.Hotel-Information?chkin=2025-11-11&chkout=2025-11-12&x_pwa=1&rfrr=HSR&useRewards=true&rm1=a2&selected=EXPEDIA_3&sort=RECOMMENDED&pwa_ts=1762086239545&top_cur=USD
EXPEDIA_3,Expedia.com,Comfort Suites at Par 4 Resort,"Suite, 1 King Bed with Sofa bed, Non Smoking",King Bed and 1 Double Sofa Bed,King,Suite,6.0,13920.0,1879.0,15799.0,"452 sq ft, Sleeps 2, 1 King Bed and 1 Double Sofa Bed, Free wired internet, Golf view",2025-11-11,2025-11-12,,https://www.expedia.co.in/Stevens-Point-Hotels-Comfort-Suites-At-Par-4-Resort.h1085058.Hotel-Information?chkin=2025-11-11&chkout=2025-11-12&x_pwa=1&rfrr=HSR&useRewards=true&rm1=a2&selected=EXPEDIA_3&sort=RECOMMENDED&pwa_ts=1762086239545&top_cur=USD
EXPEDIA_3,Expedia.com,Comfort Suites at Par 4 Resort,"Suite, 2 Queen Beds, Non Smoking",Queen Beds,Queen,Suite,,11657.0,1573.0,13230.0,"452 sq ft, Sleeps 6, 2 Queen Beds, Free wired internet, Golf view",2025-11-12,2025-11-13,,https://www.expedia.co.in/Stevens-Point-Hotels-Comfort-Suites-At-Par-4-Resort.h1085058.Hotel-Information?chkin=2025-11-12&chkout=2025-11-13&x_pwa=1&rfrr=HSR&useRewards=true&rm1=a2&selected=EXPEDIA_3&sort=RECOMMENDED&pwa_ts=1762086287182&top_cur=USD
EXPEDIA_3,Expedia.com,Comfort Suites at Par 4 Resort,"Suite, 1 King Bed, Accessible, Non Smoking",King Bed,King,Suite,3.0,13166.0,1777.0,14943.0,"452 sq ft, Sleeps 4, 1 King Bed, Free wired internet, Golf view",2025-11-12,2025-11-13,,https://www.expedia.co.in/Stevens-Point-Hotels-Comfort-Suites-At-Par-4-Resort.h1085058.Hotel-Information?chkin=2025-11-12&chkout=2025-11-13&x_pwa=1&rfrr=HSR&useRewards=true&rm1=a2&selected=EXPEDIA_3&sort=RECOMMENDED&pwa_ts=1762086287182&top_cur=USD
EXPEDIA_3,Expedia.com,Comfort Suites at Par 4 Resort,"Suite, Non Smoking",King Bed OR 1 Double Sofa Bed,King,Suite,6.0,13166.0,1777.0,14943.0,"450 sq ft, Sleeps 4, 1 King Bed OR 1 Double Sofa Bed, Free wired internet, Golf view",2025-11-12,2025-11-13,,https://www.expedia.co.in/Stevens-Point-Hotels-Comfort-Suites-At-Par-4-Resort.h1085058.Hotel-Information?chkin=2025-11-12&chkout=2025-11-13&x_pwa=1&rfrr=HSR&useRewards=true&rm1=a2&selected=EXPEDIA_3&sort=RECOMMENDED&pwa_ts=1762086287182&top_cur=USD
EXPEDIA_3,Expedia.com,Comfort Suites at Par 4 Resort,"Suite, Multiple Beds, Accessible, Non Smoking",Queen Beds and 1 Double Sofa Bed,Queen,Suite,1.0,11657.0,1573.0,13230.0,"Sleeps 6, 2 Queen Beds and 1 Double Sofa Bed, Free wired internet, Golf view",2025-11-12,2025-11-13,,https://www.expedia.co.in/Stevens-Point-Hotels-Comfort-Suites-At-Par-4-Resort.h1085058.Hotel-Information?chkin=2025-11-12&chkout=2025-11-13&x_pwa=1&rfrr=HSR&useRewards=true&rm1=a2&selected=EXPEDIA_3&sort=RECOMMENDED&pwa_ts=1762086287182&top_cur=USD
EXPEDIA_3,Expedia.com,Comfort Suites at Par 4 Resort,"Suite, 1 King Bed with Sofa bed, Non Smoking, Hot Tub",King Bed and 1 Double Sofa Bed,King,Suite,5.0,13920.0,1879.0,15799.0,"452 sq ft, Sleeps 2, 1 King Bed and 1 Double Sofa Bed, Free wired internet, Golf view",2025-11-12,2025-11-13,,https://www.expedia.co.in/Stevens-Point-Hotels-Comfort-Suites-At-Par-4-Resort.h1085058.Hotel-Information?chkin=2025-11-12&chkout=2025-11-13&x_pwa=1&rfrr=HSR&useRewards=true&rm1=a2&selected=EXPEDIA_3&sort=RECOMMENDED&pwa_ts=1762086287182&top_cur=USD
EXPEDIA_3,Expedia.com,Comfort Suites at Par 4 Resort,"Suite, 1 King Bed with Sofa bed, Non Smoking",King Bed and 1 Double Sofa Bed,King,Suite,6.0,13920.0,1879.0,15799.0,"452 sq ft, Sleeps 2, 1 King Bed and 1 Double Sofa Bed, Free wired internet, Golf view",2025-11-12,2025-11-13,,https://www.expedia.co.in/Stevens-Point-Hotels-Comfort-Suites-At-Par-4-Resort.h1085058.Hotel-Information?chkin=2025-11-12&chkout=2025-11-13&x_pwa=1&rfrr=HSR&useRewards=true&rm1=a2&selected=EXPEDIA_3&sort=RECOMMENDED&pwa_ts=1762086287182&top_cur=USD
EXPEDIA_3,Expedia.com,Comfort Suites at Par 4 Resort,"Suite, 2 Queen Beds, Non Smoking",Queen Beds,Queen,Suite,,11204.0,1512.0,12716.0,"452 sq ft, Sleeps 6, 2 Queen Beds, Free wired internet, Golf view",2025-11-13,2025-11-14,,https://www.expedia.co.in/Stevens-Point-Hotels-Comfort-Suites-At-Par-4-Resort.h1085058.Hotel-Information?chkin=2025-11-13&chkout=2025-11-14&x_pwa=1&rfrr=HSR&useRewards=true&rm1=a2&selected=EXPEDIA_3&sort=RECOMMENDED&pwa_ts=1762086331930&top_cur=USD
EXPEDIA_3,Expedia.com,Comfort Suites at Par 4 Resort,"Suite, 1 King Bed, Accessible, Non Smoking",King Bed,King,Suite,3.0,12713.0,1716.0,14429.0,"452 sq ft, Sleeps 4, 1 King Bed, Free wired internet, Golf view",2025-11-13,2025-11-14,,https://www.expedia.co.in/Stevens-Point-Hotels-Comfort-Suites-At-Par-4-Resort.h1085058.Hotel-Information?chkin=2025-11-13&chkout=2025-11-14&x_pwa=1&rfrr=HSR&useRewards=true&rm1=a2&selected=EXPEDIA_3&sort=RECOMMENDED&pwa_ts=1762086331930&top_cur=USD
EXPEDIA_3,Expedia.com,Comfort Suites at Par 4 Resort,"Suite, Non Smoking",King Bed OR 1 Double Sofa Bed,King,Suite,,12713.0,1716.0,14429.0,"450 sq ft, Sleeps 4, 1 King Bed OR 1 Double Sofa Bed, Free wired internet, Golf view",2025-11-13,2025-11-14,,https://www.expedia.co.in/Stevens-Point-Hotels-Comfort-Suites-At-Par-4-Resort.h1085058.Hotel-Information?chkin=2025-11-13&chkout=2025-11-14&x_pwa=1&rfrr=HSR&useRewards=true&rm1=a2&selected=EXPEDIA_3&sort=RECOMMENDED&pwa_ts=1762086331930&top_cur=USD
EXPEDIA_3,Expedia.com,Comfort Suites at Par 4 Resort,"Suite, Multiple Beds, Accessible, Non Smoking",Queen Beds and 1 Double Sofa Bed,Queen,Suite,1.0,11204.0,1512.0,12716.0,"Sleeps 6, 2 Queen Beds and 1 Double Sofa Bed, Free wired internet, Golf view",2025-11-13,2025-11-14,,https://www.expedia.co.in/Stevens-Point-Hotels-Comfort-Suites-At-Par-4-Resort.h1085058.Hotel-Information?chkin=2025-11-13&chkout=2025-11-14&x_pwa=1&rfrr=HSR&useRewards=true&rm1=a2&selected=EXPEDIA_3&sort=RECOMMENDED&pwa_ts=1762086331930&top_cur=USD
EXPEDIA_3,Expedia.com,Comfort Suites at Par 4 Resort,"Suite, 1 King Bed with Sofa bed, Non Smoking, Hot Tub",King Bed and 1 Double Sofa Bed,King,Suite,5.0,13467.0,1819.0,15286.0,"452 sq ft, Sleeps 2, 1 King Bed and 1 Double Sofa Bed, Free wired internet, Golf view",2025-11-13,2025-11-14,,https://www.expedia.co.in/Stevens-Point-Hotels-Comfort-Suites-At-Par-4-Resort.h1085058.Hotel-Information?chkin=2025-11-13&chkout=2025-11-14&x_pwa=1&rfrr=HSR&useRewards=true&rm1=a2&selected=EXPEDIA_3&sort=RECOMMENDED&pwa_ts=1762086331930&top_cur=USD
EXPEDIA_3,Expedia.com,Comfort Suites at Par 4 Resort,"Suite, 1 King Bed with Sofa bed, Non Smoking",King Bed and 1 Double Sofa Bed,King,Suite,6.0,13467.0,1819.0,15286.0,"452 sq ft, Sleeps 2, 1 King Bed and 1 Double Sofa Bed, Free wired internet, Golf view",2025-11-13,2025-11-14,,https://www.expedia.co.in/Stevens-Point-Hotels-Comfort-Suites-At-Par-4-Resort.h1085058.Hotel-Information?chkin=2025-11-13&chkout=2025-11-14&x_pwa=1&rfrr=HSR&useRewards=true&rm1=a2&selected=EXPEDIA_3&sort=RECOMMENDED&pwa_ts=1762086331930&top_cur=USD
EXPEDIA_3,Expedia.com,Comfort Suites at Par 4 Resort,"Suite, 2 Queen Beds, Non Smoking",Queen Beds,Queen,Suite,,12526.0,1691.0,14217.0,"452 sq ft, Sleeps 6, 2 Queen Beds, Free wired internet, Golf view",2025-11-14,2025-11-15,,https://www.expedia.co.in/Stevens-Point-Hotels-Comfort-Suites-At-Par-4-Resort.h1085058.Hotel-Information?chkin=2025-11-14&chkout=2025-11-15&x_pwa=1&rfrr=HSR&useRewards=true&rm1=a2&selected=EXPEDIA_3&sort=RECOMMENDED&pwa_ts=1762086378438&top_cur=USD
EXPEDIA_3,Expedia.com,Comfort Suites at Par 4 Resort,"Suite, 1 King Bed, Accessible, Non Smoking",King Bed,King,Suite,4.0,12677.0,1711.0,14388.0,"452 sq ft, Sleeps 4, 1 King Bed, Free wired internet, Golf view",2025-11-14,2025-11-15,,https://www.expedia.co.in/Stevens-Point-Hotels-Comfort-Suites-At-Par-4-Resort.h1085058.Hotel-Information?chkin=2025-11-14&chkout=2025-11-15&x_pwa=1&rfrr=HSR&useRewards=true&rm1=a2&selected=EXPEDIA_3&sort=RECOMMENDED&pwa_ts=1762086378438&top_cur=USD
EXPEDIA_3,Expedia.com,Comfort Suites at Par 4 Resort,"Suite, 1 King Bed with Sofa bed, Non Smoking, Hot Tub",King Bed and 1 Double Sofa Bed,King,Suite,5.0,13280.0,1793.0,15073.0,"452 sq ft, Sleeps 2, 1 King Bed and 1 Double Sofa Bed, Free wired internet, Golf view",2025-11-14,2025-11-15,,https://www.expedia.co.in/Stevens-Point-Hotels-Comfort-Suites-At-Par-4-Resort.h1085058.Hotel-Information?chkin=2025-11-14&chkout=2025-11-15&x_pwa=1&rfrr=HSR&useRewards=true&rm1=a2&selected=EXPEDIA_3&sort=RECOMMENDED&pwa_ts=1762086378438&top_cur=USD
EXPEDIA_3,Expedia.com,Comfort Suites at Par 4 Resort,"Suite, Non Smoking",King Bed OR 1 Double Sofa Bed,King,Suite,,12677.0,1711.0,14388.0,"450 sq ft, Sleeps 4, 1 King Bed OR 1 Double Sofa Bed, Free wired internet, Golf view",2025-11-14,2025-11-15,,https://www.expedia.co.in/Stevens-Point-Hotels-Comfort-Suites-At-Par-4-Resort.h1085058.Hotel-Information?chkin=2025-11-14&chkout=2025-11-15&x_pwa=1&rfrr=HSR&useRewards=true&rm1=a2&selected=EXPEDIA_3&sort=RECOMMENDED&pwa_ts=1762086378438&top_cur=USD
EXPEDIA_3,Expedia.com,Comfort Suites at Par 4 Resort,"Suite, 1 King Bed with Sofa bed, Non Smoking",King Bed and 1 Double Sofa Bed,King,Suite,7.0,13280.0,1793.0,15073.0,"452 sq ft, Sleeps 2, 1 King Bed and 1 Double Sofa Bed, Free wired internet, Golf view",2025-11-14,2025-11-15,,https://www.expedia.co.in/Stevens-Point-Hotels-Comfort-Suites-At-Par-4-Resort.h1085058.Hotel-Information?chkin=2025-11-14&chkout=2025-11-15&x_pwa=1&rfrr=HSR&useRewards=true&rm1=a2&selected=EXPEDIA_3&sort=RECOMMENDED&pwa_ts=1762086378438&top_cur=USD
EXPEDIA_3,Expedia.com,Comfort Suites at Par 4 Resort,"Suite, Multiple Beds, Accessible, Non Smoking",Queen Beds and 1 Double Sofa Bed,Queen,Suite,1.0,12526.0,1691.0,14217.0,"Sleeps 6, 2 Queen Beds and 1 Double Sofa Bed, Free wired internet, Golf view",2025-11-14,2025-11-15,,https://www.expedia.co.in/Stevens-Point-Hotels-Comfort-Suites-At-Par-4-Resort.h1085058.Hotel-Information?chkin=2025-11-14&chkout=2025-11-15&x_pwa=1&rfrr=HSR&useRewards=true&rm1=a2&selected=EXPEDIA_3&sort=RECOMMENDED&pwa_ts=1762086378438&top_cur=USD
EXPEDIA_3,Expedia.com,Comfort Suites at Par 4 Resort,"Suite, 2 Queen Beds, Non Smoking",Queen Beds,Queen,Suite,,12534.0,1692.0,14226.0,"452 sq ft, Sleeps 6, 2 Queen Beds, Free wired internet, Golf view",2025-11-15,2025-11-16,,https://www.expedia.co.in/Stevens-Point-Hotels-Comfort-Suites-At-Par-4-Resort.h1085058.Hotel-Information?chkin=2025-11-15&chkout=2025-11-16&x_pwa=1&rfrr=HSR&useRewards=true&rm1=a2&selected=EXPEDIA_3&sort=RECOMMENDED&pwa_ts=1762086425766&top_cur=USD
EXPEDIA_3,Expedia.com,Comfort Suites at Par 4 Resort,"Suite, 1 King Bed, Accessible, Non Smoking",King Bed,King,Suite,4.0,12685.0,1712.0,14397.0,"452 sq ft, Sleeps 4, 1 King Bed, Free wired internet, Golf view",2025-11-15,2025-11-16,,https://www.expedia.co.in/Stevens-Point-Hotels-Comfort-Suites-At-Par-4-Resort.h1085058.Hotel-Information?chkin=2025-11-15&chkout=2025-11-16&x_pwa=1&rfrr=HSR&useRewards=true&rm1=a2&selected=EXPEDIA_3&sort=RECOMMENDED&pwa_ts=1762086425766&top_cur=USD
EXPEDIA_3,Expedia.com,Comfort Suites at Par 4 Resort,"Suite, 1 King Bed with Sofa bed, Non Smoking, Hot Tub",King Bed and 1 Double Sofa Bed,King,Suite,6.0,13288.0,1794.0,15082.0,"452 sq ft, Sleeps 2, 1 King Bed and 1 Double Sofa Bed, Free wired internet, Golf view",2025-11-15,2025-11-16,,https://www.expedia.co.in/Stevens-Point-Hotels-Comfort-Suites-At-Par-4-Resort.h1085058.Hotel-Information?chkin=2025-11-15&chkout=2025-11-16&x_pwa=1&rfrr=HSR&useRewards=true&rm1=a2&selected=EXPEDIA_3&sort=RECOMMENDED&pwa_ts=1762086425766&top_cur=USD
EXPEDIA_3,Expedia.com,Comfort Suites at Par 4 Resort,"Suite, Non Smoking",King Bed OR 1 Double Sofa Bed,King,Suite,,12685.0,1712.0,14397.0,"450 sq ft, Sleeps 4, 1 King Bed OR 1 Double Sofa Bed, Free wired internet, Golf view",2025-11-15,2025-11-16,,https://www.expedia.co.in/Stevens-Point-Hotels-Comfort-Suites-At-Par-4-Resort.h1085058.Hotel-Information?chkin=2025-11-15&chkout=2025-11-16&x_pwa=1&rfrr=HSR&useRewards=true&rm1=a2&selected=EXPEDIA_3&sort=RECOMMENDED&pwa_ts=1762086425766&top_cur=USD
EXPEDIA_3,Expedia.com,Comfort Suites at Par 4 Resort,"Suite, 1 King Bed with Sofa bed, Non Smoking",King Bed and 1 Double Sofa Bed,King,Suite,7.0,13288.0,1794.0,15082.0,"452 sq ft, Sleeps 2, 1 King Bed and 1 Double Sofa Bed, Free wired internet, Golf view",2025-11-15,2025-11-16,,https://www.expedia.co.in/Stevens-Point-Hotels-Comfort-Suites-At-Par-4-Resort.h1085058.Hotel-Information?chkin=2025-11-15&chkout=2025-11-16&x_pwa=1&rfrr=HSR&useRewards=true&rm1=a2&selected=EXPEDIA_3&sort=RECOMMENDED&pwa_ts=1762086425766&top_cur=USD
EXPEDIA_3,Expedia.com,Comfort Suites at Par 4 Resort,"Suite, Multiple Beds, Accessible, Non Smoking",Queen Beds and 1 Double Sofa Bed,Queen,Suite,1.0,12534.0,1692.0,14226.0,"Sleeps 6, 2 Queen Beds and 1 Double Sofa Bed, Free wired internet, Golf view",2025-11-15,2025-11-16,,https://www.expedia.co.in/Stevens-Point-Hotels-Comfort-Suites-At-Par-4-Resort.h1085058.Hotel-Information?chkin=2025-11-15&chkout=2025-11-16&x_pwa=1&rfrr=HSR&useRewards=true&rm1=a2&selected=EXPEDIA_3&sort=RECOMMENDED&pwa_ts=1762086425766&top_cur=USD
EXPEDIA_4,Expedia.com,Ramada by Wyndham Waupaca,"Room, 1 King Bed, Non Smoking",King Bed,King,Normal,7.0,6631.0,896.0,7527.0,"Free breakfast, Free self parking, Sleeps 2, 1 King Bed, Reserve now, pay later, High-speed internet access",2025-11-03,2025-11-04,,https://www.expedia.co.in/Stevens-Point-Hotels-Ramada-By-Wyndham-Waupaca.h7695.Hotel-Information?chkin=2025-11-03&chkout=2025-11-04&x_pwa=1&rfrr=HSR&useRewards=true&rm1=a2&selected=EXPEDIA_4&sort=RECOMMENDED&pwa_ts=1762086472897&top_cur=USD
EXPEDIA_4,Expedia.com,Ramada by Wyndham Waupaca,"Room, 2 Queen Beds, Accessible, Non Smoking (Tub with Grab Bars)",Queen Beds,Queen,Normal,8.0,6631.0,896.0,7527.0,"Free breakfast, Free self parking, Sleeps 4, 2 Queen Beds, Reserve now, pay later, High-speed internet access",2025-11-03,2025-11-04,,https://www.expedia.co.in/Stevens-Point-Hotels-Ramada-By-Wyndham-Waupaca.h7695.Hotel-Information?chkin=2025-11-03&chkout=2025-11-04&x_pwa=1&rfrr=HSR&useRewards=true&rm1=a2&selected=EXPEDIA_4&sort=RECOMMENDED&pwa_ts=1762086472897&top_cur=USD
EXPEDIA_4,Expedia.com,Ramada by Wyndham Waupaca,"Room, 1 Queen Bed, Non Smoking",Queen Bed,Queen,Normal,1.0,6631.0,896.0,7527.0,"Free breakfast, Free self parking, Sleeps 4, 1 Queen Bed, Reserve now, pay later, High-speed internet access",2025-11-03,2025-11-04,,https://www.expedia.co.in/Stevens-Point-Hotels-Ramada-By-Wyndham-Waupaca.h7695.Hotel-Information?chkin=2025-11-03&chkout=2025-11-04&x_pwa=1&rfrr=HSR&useRewards=true&rm1=a2&selected=EXPEDIA_4&sort=RECOMMENDED&pwa_ts=1762086472897&top_cur=USD
EXPEDIA_4,Expedia.com,Ramada by Wyndham Waupaca,"Room, 2 Queen Beds, Non Smoking",Queen Beds,Queen,Normal,,6631.0,896.0,7527.0,"Free breakfast, Free self parking, Sleeps 4, 2 Queen Beds, Reserve now, pay later, High-speed internet access",2025-11-03,2025-11-04,,https://www.expedia.co.in/Stevens-Point-Hotels-Ramada-By-Wyndham-Waupaca.h7695.Hotel-Information?chkin=2025-11-03&chkout=2025-11-04&x_pwa=1&rfrr=HSR&useRewards=true&rm1=a2&selected=EXPEDIA_4&sort=RECOMMENDED&pwa_ts=1762086472897&top_cur=USD
EXPEDIA_4,Expedia.com,Ramada by Wyndham Waupaca,"Studio Suite, 1 King Bed, Non Smoking",King Bed,King,Suite,2.0,7430.0,1004.0,8434.0,"Free breakfast, Free self parking, Sleeps 2, 1 King Bed, Reserve now, pay later, High-speed internet access",2025-11-03,2025-11-04,,https://www.expedia.co.in/Stevens-Point-Hotels-Ramada-By-Wyndham-Waupaca.h7695.Hotel-Information?chkin=2025-11-03&chkout=2025-11-04&x_pwa=1&rfrr=HSR&useRewards=true&rm1=a2&selected=EXPEDIA_4&sort=RECOMMENDED&pwa_ts=1762086472897&top_cur=USD
EXPEDIA_4,Expedia.com,Ramada by Wyndham Waupaca,"Suite, 1 Bedroom, Non Smoking (1 King Bed)",King Bed,King,Suite,2.0,7830.0,1057.0,8887.0,"Free breakfast, Free self parking, Sleeps 4, 1 King Bed, Reserve now, pay later, High-speed internet access",2025-11-03,2025-11-04,,https://www.expedia.co.in/Stevens-Point-Hotels-Ramada-By-Wyndham-Waupaca.h7695.Hotel-Information?chkin=2025-11-03&chkout=2025-11-04&x_pwa=1&rfrr=HSR&useRewards=true&rm1=a2&selected=EXPEDIA_4&sort=RECOMMENDED&pwa_ts=1762086472897&top_cur=USD
EXPEDIA_4,Expedia.com,Ramada by Wyndham Waupaca,"Deluxe Studio Suite, 1 King Bed, Non Smoking",King Bed,King,Suite,3.0,8229.0,1111.0,9340.0,"Free breakfast, Free self parking, Sleeps 4, 1 King Bed, Reserve now, pay later, High-speed internet access",2025-11-03,2025-11-04,,https://www.expedia.co.in/Stevens-Point-Hotels-Ramada-By-Wyndham-Waupaca.h7695.Hotel-Information?chkin=2025-11-03&chkout=2025-11-04&x_pwa=1&rfrr=HSR&useRewards=true&rm1=a2&selected=EXPEDIA_4&sort=RECOMMENDED&pwa_ts=1762086472897&top_cur=USD
EXPEDIA_4,Expedia.com,Ramada by Wyndham Waupaca,"Room, 1 Queen Bed, Non Smoking (Efficiency)",Queen Bed,Queen,Normal,2.0,9827.0,1327.0,11154.0,"Free breakfast, Free self parking, Sleeps 4, 1 Queen Bed, Reserve now, pay later, High-speed internet access",2025-11-03,2025-11-04,,https://www.expedia.co.in/Stevens-Point-Hotels-Ramada-By-Wyndham-Waupaca.h7695.Hotel-Information?chkin=2025-11-03&chkout=2025-11-04&x_pwa=1&rfrr=HSR&useRewards=true&rm1=a2&selected=EXPEDIA_4&sort=RECOMMENDED&pwa_ts=1762086472897&top_cur=USD
EXPEDIA_4,Expedia.com,Ramada by Wyndham Waupaca,"Room, 1 King Bed, Non Smoking",King Bed,King,Normal,8.0,6791.0,917.0,7708.0,"Free breakfast, Free self parking, Sleeps 2, 1 King Bed, Reserve now, pay later, High-speed internet access",2025-11-04,2025-11-05,,https://www.expedia.co.in/Stevens-Point-Hotels-Ramada-By-Wyndham-Waupaca.h7695.Hotel-Information?chkin=2025-11-04&chkout=2025-11-05&x_pwa=1&rfrr=HSR&useRewards=true&rm1=a2&selected=EXPEDIA_4&sort=RECOMMENDED&pwa_ts=1762086519658&top_cur=USD
EXPEDIA_4,Expedia.com,Ramada by Wyndham Waupaca,"Room, 2 Queen Beds, Accessible, Non Smoking (Tub with Grab Bars)",Queen Beds,Queen,Normal,8.0,6791.0,917.0,7708.0,"Free breakfast, Free self parking, Sleeps 4, 2 Queen Beds, Reserve now, pay later, High-speed internet access",2025-11-04,2025-11-05,,https://www.expedia.co.in/Stevens-Point-Hotels-Ramada-By-Wyndham-Waupaca.h7695.Hotel-Information?chkin=2025-11-04&chkout=2025-11-05&x_pwa=1&rfrr=HSR&useRewards=true&rm1=a2&selected=EXPEDIA_4&sort=RECOMMENDED&pwa_ts=1762086519658&top_cur=USD
EXPEDIA_4,Expedia.com,Ramada by Wyndham Waupaca,"Room, 1 Queen Bed, Non Smoking",Queen Bed,Queen,Normal,1.0,6791.0,917.0,7708.0,"Free breakfast, Free self parking, Sleeps 4, 1 Queen Bed, Reserve now, pay later, High-speed internet access",2025-11-04,2025-11-05,,https://www.expedia.co.in/Stevens-Point-Hotels-Ramada-By-Wyndham-Waupaca.h7695.Hotel-Information?chkin=2025-11-04&chkout=2025-11-05&x_pwa=1&rfrr=HSR&useRewards=true&rm1=a2&selected=EXPEDIA_4&sort=RECOMMENDED&pwa_ts=1762086519658&top_cur=USD
EXPEDIA_4,Expedia.com,Ramada by Wyndham Waupaca,"Room, 2 Queen Beds, Non Smoking",Queen Beds,Queen,Normal,,6791.0,917.0,7708.0,"Free breakfast, Free self parking, Sleeps 4, 2 Queen Beds, Reserve now, pay later, High-speed internet access",2025-11-04,2025-11-05,,https://www.expedia.co.in/Stevens-Point-Hotels-Ramada-By-Wyndham-Waupaca.h7695.Hotel-Information?chkin=2025-11-04&chkout=2025-11-05&x_pwa=1&rfrr=HSR&useRewards=true&rm1=a2&selected=EXPEDIA_4&sort=RECOMMENDED&pwa_ts=1762086519658&top_cur=USD
EXPEDIA_4,Expedia.com,Ramada by Wyndham Waupaca,"Studio Suite, 1 King Bed, Non Smoking",King Bed,King,Suite,2.0,7590.0,1025.0,8615.0,"Free breakfast, Free self parking, Sleeps 2, 1 King Bed, Reserve now, pay later, High-speed internet access",2025-11-04,2025-11-05,,https://www.expedia.co.in/Stevens-Point-Hotels-Ramada-By-Wyndham-Waupaca.h7695.Hotel-Information?chkin=2025-11-04&chkout=2025-11-05&x_pwa=1&rfrr=HSR&useRewards=true&rm1=a2&selected=EXPEDIA_4&sort=RECOMMENDED&pwa_ts=1762086519658&top_cur=USD
EXPEDIA_4,Expedia.com,Ramada by Wyndham Waupaca,"Suite, 1 Bedroom, Non Smoking (1 King Bed)",King Bed,King,Suite,2.0,7989.0,1079.0,9068.0,"Free breakfast, Free self parking, Sleeps 4, 1 King Bed, Reserve now, pay later, High-speed internet access",2025-11-04,2025-11-05,,https://www.expedia.co.in/Stevens-Point-Hotels-Ramada-By-Wyndham-Waupaca.h7695.Hotel-Information?chkin=2025-11-04&chkout=2025-11-05&x_pwa=1&rfrr=HSR&useRewards=true&rm1=a2&selected=EXPEDIA_4&sort=RECOMMENDED&pwa_ts=1762086519658&top_cur=USD
EXPEDIA_4,Expedia.com,Ramada by Wyndham Waupaca,"Deluxe Studio Suite, 1 King Bed, Non Smoking",King Bed,King,Suite,3.0,8389.0,1133.0,9522.0,"Free breakfast, Free self parking, Sleeps 4, 1 King Bed, Reserve now, pay later, High-speed internet access",2025-11-04,2025-11-05,,https://www.expedia.co.in/Stevens-Point-Hotels-Ramada-By-Wyndham-Waupaca.h7695.Hotel-Information?chkin=2025-11-04&chkout=2025-11-05&x_pwa=1&rfrr=HSR&useRewards=true&rm1=a2&selected=EXPEDIA_4&sort=RECOMMENDED&pwa_ts=1762086519658&top_cur=USD
EXPEDIA_4,Expedia.com,Ramada by Wyndham Waupaca,"Room, 1 Queen Bed, Non Smoking (Efficiency)",Queen Bed,Queen,Normal,2.0,9987.0,1348.0,11335.0,"Free breakfast, Free self parking, Sleeps 4, 1 Queen Bed, Reserve now, pay later, High-speed internet access",2025-11-04,2025-11-05,,https://www.expedia.co.in/Stevens-Point-Hotels-Ramada-By-Wyndham-Waupaca.h7695.Hotel-Information?chkin=2025-11-04&chkout=2025-11-05&x_pwa=1&rfrr=HSR&useRewards=true&rm1=a2&selected=EXPEDIA_4&sort=RECOMMENDED&pwa_ts=1762086519658&top_cur=USD
